{"type": "FeatureCollection", "features": [{"type": "Feature", "properties": {"segment_id": "osm-1807247763-13720090021-0", "length_m": 33.08773013414899, "canonical_time": "15:00", "exposure_value": 1.0, "temperature_proxy_c": 42.0, "normalized_temperature_factor": 1.0, "source_type": "derived", "source_reference": "Cached geometric shade snapshot and configured prototype temperature curve", "observed_or_estimated": "ESTIMATED", "modelled_or_interpolated": "MODELLED", "timestamp": "2026-05-15T15:00:00+05:30", "assumptions_version": "2026-10-09-prompt-5a-interventions", "computation_mode": "geometric", "shade_fraction": 0.0, "direct_exposure_fraction": 1.0}, "geometry": {"type": "LineString", "coordinates": [[75.8585841, 22.717975599999992], [75.8584669, 22.718254]]}}, {"type": "Feature", "properties": {"segment_id": "osm-1807247763-2025111077-0", "length_m": 85.87014519881586, "canonical_time": "15:00", "exposure_value": 1.0, "temperature_proxy_c": 42.0, "normalized_temperature_factor": 1.0, "source_type": "derived", "source_reference": "Cached geometric shade snapshot and configured prototype temperature curve", "observed_or_estimated": "ESTIMATED", "modelled_or_interpolated": "MODELLED", "timestamp": "2026-05-15T15:00:00+05:30", "assumptions_version": "2026-10-09-prompt-5a-interventions", "computation_mode": "geometric", "shade_fraction": 0.0, "direct_exposure_fraction": 1.0}, "geometry": {"type": "LineString", "coordinates": [[75.8585841, 22.717975599999992], [75.8591601, 22.7180551], [75.8592201, 22.7180634], [75.8594116, 22.718086399999997]]}}, {"type": "Feature", "properties": {"segment_id": "osm-1807247763-2025111041-0", "length_m": 34.58059412768449, "canonical_time": "15:00", "exposure_value": 1.0, "temperature_proxy_c": 42.0, "normalized_temperature_factor": 1.0, "source_type": "derived", "source_reference": "Cached geometric shade snapshot and configured prototype temperature curve", "observed_or_estimated": "ESTIMATED", "modelled_or_interpolated": "MODELLED", "timestamp": "2026-05-15T15:00:00+05:30", "assumptions_version": "2026-10-09-prompt-5a-interventions", "computation_mode": "geometric", "shade_fraction": 0.0, "direct_exposure_fraction": 1.0}, "geometry": {"type": "LineString", "coordinates": [[75.8585841, 22.717975599999992], [75.8585848, 22.717905], [75.8585701, 22.717777400000003], [75.8585289, 22.7176706]]}}, {"type": "Feature", "properties": {"segment_id": "osm-2025019748-2025019765-0", "length_m": 27.945787119283153, "canonical_time": "15:00", "exposure_value": 1.0, "temperature_proxy_c": 42.0, "normalized_temperature_factor": 1.0, "source_type": "derived", "source_reference": "Cached geometric shade snapshot and configured prototype temperature curve", "observed_or_estimated": "ESTIMATED", "modelled_or_interpolated": "MODELLED", "timestamp": "2026-05-15T15:00:00+05:30", "assumptions_version": "2026-10-09-prompt-5a-interventions", "computation_mode": "geometric", "shade_fraction": 0.0, "direct_exposure_fraction": 1.0}, "geometry": {"type": "LineString", "coordinates": [[75.8565897, 22.713301900000005], [75.8565992, 22.71337359999999], [75.856599, 22.713442599999993], [75.8565692, 22.713550300000005]]}}, {"type": "Feature", "properties": {"segment_id": "osm-2025019765-2025019779-0", "length_m": 53.01593281724173, "canonical_time": "15:00", "exposure_value": 1.0, "temperature_proxy_c": 42.0, "normalized_temperature_factor": 1.0, "source_type": "derived", "source_reference": "Cached geometric shade snapshot and configured prototype temperature curve", "observed_or_estimated": "ESTIMATED", "modelled_or_interpolated": "MODELLED", "timestamp": "2026-05-15T15:00:00+05:30", "assumptions_version": "2026-10-09-prompt-5a-interventions", "computation_mode": "geometric", "shade_fraction": 0.0, "direct_exposure_fraction": 1.0}, "geometry": {"type": "LineString", "coordinates": [[75.8565692, 22.713550300000005], [75.8564639, 22.71368], [75.8563338, 22.713798200000006], [75.8562009, 22.713879300000002]]}}, {"type": "Feature", "properties": {"segment_id": "osm-2025019765-2025019748-0", "length_m": 27.945787119283157, "canonical_time": "15:00", "exposure_value": 1.0, "temperature_proxy_c": 42.0, "normalized_temperature_factor": 1.0, "source_type": "derived", "source_reference": "Cached geometric shade snapshot and configured prototype temperature curve", "observed_or_estimated": "ESTIMATED", "modelled_or_interpolated": "MODELLED", "timestamp": "2026-05-15T15:00:00+05:30", "assumptions_version": "2026-10-09-prompt-5a-interventions", "computation_mode": "geometric", "shade_fraction": 0.0, "direct_exposure_fraction": 1.0}, "geometry": {"type": "LineString", "coordinates": [[75.8565692, 22.713550300000005], [75.856599, 22.713442599999993], [75.8565992, 22.71337359999999], [75.8565897, 22.713301900000005]]}}, {"type": "Feature", "properties": {"segment_id": "osm-2025019765-2025019775-0", "length_m": 25.66463860800033, "canonical_time": "15:00", "exposure_value": 1.0, "temperature_proxy_c": 42.0, "normalized_temperature_factor": 1.0, "source_type": "derived", "source_reference": "Cached geometric shade snapshot and configured prototype temperature curve", "observed_or_estimated": "ESTIMATED", "modelled_or_interpolated": "MODELLED", "timestamp": "2026-05-15T15:00:00+05:30", "assumptions_version": "2026-10-09-prompt-5a-interventions", "computation_mode": "geometric", "shade_fraction": 0.0, "direct_exposure_fraction": 1.0}, "geometry": {"type": "LineString", "coordinates": [[75.8565692, 22.713550300000005], [75.8565867, 22.7136923], [75.8565872, 22.7137812]]}}, {"type": "Feature", "properties": {"segment_id": "osm-2025019775-2025019791-0", "length_m": 25.252245589890236, "canonical_time": "15:00", "exposure_value": 1.0, "temperature_proxy_c": 42.0, "normalized_temperature_factor": 1.0, "source_type": "derived", "source_reference": "Cached geometric shade snapshot and configured prototype temperature curve", "observed_or_estimated": "ESTIMATED", "modelled_or_interpolated": "MODELLED", "timestamp": "2026-05-15T15:00:00+05:30", "assumptions_version": "2026-10-09-prompt-5a-interventions", "computation_mode": "geometric", "shade_fraction": 0.0, "direct_exposure_fraction": 1.0}, "geometry": {"type": "LineString", "coordinates": [[75.8565872, 22.7137812], [75.85658640000001, 22.7140093]]}}, {"type": "Feature", "properties": {"segment_id": "osm-2025019775-2027131406-0", "length_m": 69.7932764794284, "canonical_time": "15:00", "exposure_value": 1.0, "temperature_proxy_c": 42.0, "normalized_temperature_factor": 1.0, "source_type": "derived", "source_reference": "Cached geometric shade snapshot and configured prototype temperature curve", "observed_or_estimated": "ESTIMATED", "modelled_or_interpolated": "MODELLED", "timestamp": "2026-05-15T15:00:00+05:30", "assumptions_version": "2026-10-09-prompt-5a-interventions", "computation_mode": "geometric", "shade_fraction": 0.0, "direct_exposure_fraction": 1.0}, "geometry": {"type": "LineString", "coordinates": [[75.8565872, 22.7137812], [75.8567833, 22.713791500000003], [75.8571582, 22.7137991], [75.8572662, 22.713794]]}}, {"type": "Feature", "properties": {"segment_id": "osm-2025019775-2025019765-0", "length_m": 25.66463860800033, "canonical_time": "15:00", "exposure_value": 1.0, "temperature_proxy_c": 42.0, "normalized_temperature_factor": 1.0, "source_type": "derived", "source_reference": "Cached geometric shade snapshot and configured prototype temperature curve", "observed_or_estimated": "ESTIMATED", "modelled_or_interpolated": "MODELLED", "timestamp": "2026-05-15T15:00:00+05:30", "assumptions_version": "2026-10-09-prompt-5a-interventions", "computation_mode": "geometric", "shade_fraction": 0.0, "direct_exposure_fraction": 1.0}, "geometry": {"type": "LineString", "coordinates": [[75.8565872, 22.7137812], [75.8565867, 22.7136923], [75.8565692, 22.713550300000005]]}}, {"type": "Feature", "properties": {"segment_id": "osm-2025019779-2025019792-0", "length_m": 18.894733264123328, "canonical_time": "15:00", "exposure_value": 1.0, "temperature_proxy_c": 42.0, "normalized_temperature_factor": 1.0, "source_type": "derived", "source_reference": "Cached geometric shade snapshot and configured prototype temperature curve", "observed_or_estimated": "ESTIMATED", "modelled_or_interpolated": "MODELLED", "timestamp": "2026-05-15T15:00:00+05:30", "assumptions_version": "2026-10-09-prompt-5a-interventions", "computation_mode": "geometric", "shade_fraction": 0.0, "direct_exposure_fraction": 1.0}, "geometry": {"type": "LineString", "coordinates": [[75.8562009, 22.713879300000002], [75.8563584, 22.7139675]]}}, {"type": "Feature", "properties": {"segment_id": "osm-2025019779-2025019765-0", "length_m": 53.01593281724173, "canonical_time": "15:00", "exposure_value": 1.0, "temperature_proxy_c": 42.0, "normalized_temperature_factor": 1.0, "source_type": "derived", "source_reference": "Cached geometric shade snapshot and configured prototype temperature curve", "observed_or_estimated": "ESTIMATED", "modelled_or_interpolated": "MODELLED", "timestamp": "2026-05-15T15:00:00+05:30", "assumptions_version": "2026-10-09-prompt-5a-interventions", "computation_mode": "geometric", "shade_fraction": 0.0, "direct_exposure_fraction": 1.0}, "geometry": {"type": "LineString", "coordinates": [[75.8562009, 22.713879300000002], [75.8563338, 22.713798200000006], [75.8564639, 22.71368], [75.8565692, 22.713550300000005]]}}, {"type": "Feature", "properties": {"segment_id": "osm-2025019779-2025019820-0", "length_m": 160.57748272166353, "canonical_time": "15:00", "exposure_value": 1.0, "temperature_proxy_c": 42.0, "normalized_temperature_factor": 1.0, "source_type": "derived", "source_reference": "Cached geometric shade snapshot and configured prototype temperature curve", "observed_or_estimated": "ESTIMATED", "modelled_or_interpolated": "MODELLED", "timestamp": "2026-05-15T15:00:00+05:30", "assumptions_version": "2026-10-09-prompt-5a-interventions", "computation_mode": "geometric", "shade_fraction": 0.0, "direct_exposure_fraction": 1.0}, "geometry": {"type": "LineString", "coordinates": [[75.8562009, 22.713879300000002], [75.8560268, 22.71391399999999], [75.8549446, 22.7144777], [75.8548436, 22.7145733]]}}, {"type": "Feature", "properties": {"segment_id": "osm-2025019791-2025019775-0", "length_m": 25.252245589890236, "canonical_time": "15:00", "exposure_value": 1.0, "temperature_proxy_c": 42.0, "normalized_temperature_factor": 1.0, "source_type": "derived", "source_reference": "Cached geometric shade snapshot and configured prototype temperature curve", "observed_or_estimated": "ESTIMATED", "modelled_or_interpolated": "MODELLED", "timestamp": "2026-05-15T15:00:00+05:30", "assumptions_version": "2026-10-09-prompt-5a-interventions", "computation_mode": "geometric", "shade_fraction": 0.0, "direct_exposure_fraction": 1.0}, "geometry": {"type": "LineString", "coordinates": [[75.85658640000001, 22.7140093], [75.8565872, 22.7137812]]}}, {"type": "Feature", "properties": {"segment_id": "osm-2025019791-2025019792-0", "length_m": 23.869818765663148, "canonical_time": "15:00", "exposure_value": 1.0, "temperature_proxy_c": 42.0, "normalized_temperature_factor": 1.0, "source_type": "derived", "source_reference": "Cached geometric shade snapshot and configured prototype temperature curve", "observed_or_estimated": "ESTIMATED", "modelled_or_interpolated": "MODELLED", "timestamp": "2026-05-15T15:00:00+05:30", "assumptions_version": "2026-10-09-prompt-5a-interventions", "computation_mode": "geometric", "shade_fraction": 0.0, "direct_exposure_fraction": 1.0}, "geometry": {"type": "LineString", "coordinates": [[75.85658640000001, 22.7140093], [75.8563584, 22.7139675]]}}, {"type": "Feature", "properties": {"segment_id": "osm-2025019791-2025110932-0", "length_m": 119.94555532143525, "canonical_time": "15:00", "exposure_value": 0.8358693877601352, "temperature_proxy_c": 42.0, "normalized_temperature_factor": 1.0, "source_type": "derived", "source_reference": "Cached geometric shade snapshot and configured prototype temperature curve", "observed_or_estimated": "ESTIMATED", "modelled_or_interpolated": "MODELLED", "timestamp": "2026-05-15T15:00:00+05:30", "assumptions_version": "2026-10-09-prompt-5a-interventions", "computation_mode": "geometric", "shade_fraction": 0.16413061223986478, "direct_exposure_fraction": 0.8358693877601352}, "geometry": {"type": "LineString", "coordinates": [[75.85658640000001, 22.7140093], [75.8566251, 22.71420149999999], [75.856659, 22.714711699999995], [75.8566025, 22.715084799999996]]}}, {"type": "Feature", "properties": {"segment_id": "osm-2025019792-2025019791-0", "length_m": 23.869818765663148, "canonical_time": "15:00", "exposure_value": 1.0, "temperature_proxy_c": 42.0, "normalized_temperature_factor": 1.0, "source_type": "derived", "source_reference": "Cached geometric shade snapshot and configured prototype temperature curve", "observed_or_estimated": "ESTIMATED", "modelled_or_interpolated": "MODELLED", "timestamp": "2026-05-15T15:00:00+05:30", "assumptions_version": "2026-10-09-prompt-5a-interventions", "computation_mode": "geometric", "shade_fraction": 0.0, "direct_exposure_fraction": 1.0}, "geometry": {"type": "LineString", "coordinates": [[75.8563584, 22.7139675], [75.85658640000001, 22.7140093]]}}, {"type": "Feature", "properties": {"segment_id": "osm-2025019792-2025019779-0", "length_m": 18.894733264123328, "canonical_time": "15:00", "exposure_value": 1.0, "temperature_proxy_c": 42.0, "normalized_temperature_factor": 1.0, "source_type": "derived", "source_reference": "Cached geometric shade snapshot and configured prototype temperature curve", "observed_or_estimated": "ESTIMATED", "modelled_or_interpolated": "MODELLED", "timestamp": "2026-05-15T15:00:00+05:30", "assumptions_version": "2026-10-09-prompt-5a-interventions", "computation_mode": "geometric", "shade_fraction": 0.0, "direct_exposure_fraction": 1.0}, "geometry": {"type": "LineString", "coordinates": [[75.8563584, 22.7139675], [75.8562009, 22.713879300000002]]}}, {"type": "Feature", "properties": {"segment_id": "osm-2025019792-2027131456-0", "length_m": 178.18312246944294, "canonical_time": "15:00", "exposure_value": 0.7075861246246322, "temperature_proxy_c": 42.0, "normalized_temperature_factor": 1.0, "source_type": "derived", "source_reference": "Cached geometric shade snapshot and configured prototype temperature curve", "observed_or_estimated": "ESTIMATED", "modelled_or_interpolated": "MODELLED", "timestamp": "2026-05-15T15:00:00+05:30", "assumptions_version": "2026-10-09-prompt-5a-interventions", "computation_mode": "geometric", "shade_fraction": 0.2924138753753678, "direct_exposure_fraction": 0.7075861246246322}, "geometry": {"type": "LineString", "coordinates": [[75.8563584, 22.7139675], [75.8561919, 22.714092899999997], [75.8548821, 22.714809200000005]]}}, {"type": "Feature", "properties": {"segment_id": "osm-2025019820-2025019779-0", "length_m": 160.57748272166353, "canonical_time": "15:00", "exposure_value": 1.0, "temperature_proxy_c": 42.0, "normalized_temperature_factor": 1.0, "source_type": "derived", "source_reference": "Cached geometric shade snapshot and configured prototype temperature curve", "observed_or_estimated": "ESTIMATED", "modelled_or_interpolated": "MODELLED", "timestamp": "2026-05-15T15:00:00+05:30", "assumptions_version": "2026-10-09-prompt-5a-interventions", "computation_mode": "geometric", "shade_fraction": 0.0, "direct_exposure_fraction": 1.0}, "geometry": {"type": "LineString", "coordinates": [[75.8548436, 22.7145733], [75.8549446, 22.7144777], [75.8560268, 22.71391399999999], [75.8562009, 22.713879300000002]]}}, {"type": "Feature", "properties": {"segment_id": "osm-2025019820-2027032511-0", "length_m": 52.33148708792346, "canonical_time": "15:00", "exposure_value": 1.0, "temperature_proxy_c": 42.0, "normalized_temperature_factor": 1.0, "source_type": "derived", "source_reference": "Cached geometric shade snapshot and configured prototype temperature curve", "observed_or_estimated": "ESTIMATED", "modelled_or_interpolated": "MODELLED", "timestamp": "2026-05-15T15:00:00+05:30", "assumptions_version": "2026-10-09-prompt-5a-interventions", "computation_mode": "geometric", "shade_fraction": 0.0, "direct_exposure_fraction": 1.0}, "geometry": {"type": "LineString", "coordinates": [[75.8548436, 22.7145733], [75.8547646, 22.714391800000005], [75.8546563, 22.7141337]]}}, {"type": "Feature", "properties": {"segment_id": "osm-2025019820-2027156359-0", "length_m": 125.35912765404764, "canonical_time": "15:00", "exposure_value": 1.0, "temperature_proxy_c": 42.0, "normalized_temperature_factor": 1.0, "source_type": "derived", "source_reference": "Cached geometric shade snapshot and configured prototype temperature curve", "observed_or_estimated": "ESTIMATED", "modelled_or_interpolated": "MODELLED", "timestamp": "2026-05-15T15:00:00+05:30", "assumptions_version": "2026-10-09-prompt-5a-interventions", "computation_mode": "geometric", "shade_fraction": 0.0, "direct_exposure_fraction": 1.0}, "geometry": {"type": "LineString", "coordinates": [[75.8548436, 22.7145733], [75.8547185, 22.714567799999987], [75.8542483, 22.714620599999993], [75.8537543, 22.7146018], [75.8536272, 22.7145955]]}}, {"type": "Feature", "properties": {"segment_id": "osm-2025019820-2027131456-0", "length_m": 29.848252360095394, "canonical_time": "15:00", "exposure_value": 1.0, "temperature_proxy_c": 42.0, "normalized_temperature_factor": 1.0, "source_type": "derived", "source_reference": "Cached geometric shade snapshot and configured prototype temperature curve", "observed_or_estimated": "ESTIMATED", "modelled_or_interpolated": "MODELLED", "timestamp": "2026-05-15T15:00:00+05:30", "assumptions_version": "2026-10-09-prompt-5a-interventions", "computation_mode": "geometric", "shade_fraction": 0.0, "direct_exposure_fraction": 1.0}, "geometry": {"type": "LineString", "coordinates": [[75.8548436, 22.7145733], [75.8548044, 22.7146338], [75.854812, 22.7147035], [75.854827, 22.7147594], [75.8548821, 22.714809200000005]]}}, {"type": "Feature", "properties": {"segment_id": "osm-2025019820-2027131456-1", "length_m": 28.3297252389263, "canonical_time": "15:00", "exposure_value": 1.0, "temperature_proxy_c": 42.0, "normalized_temperature_factor": 1.0, "source_type": "derived", "source_reference": "Cached geometric shade snapshot and configured prototype temperature curve", "observed_or_estimated": "ESTIMATED", "modelled_or_interpolated": "MODELLED", "timestamp": "2026-05-15T15:00:00+05:30", "assumptions_version": "2026-10-09-prompt-5a-interventions", "computation_mode": "geometric", "shade_fraction": 0.0, "direct_exposure_fraction": 1.0}, "geometry": {"type": "LineString", "coordinates": [[75.8548436, 22.7145733], [75.8548912, 22.714625299999994], [75.8548988, 22.714695799999994], [75.8549038, 22.7147479], [75.8548821, 22.714809200000005]]}}, {"type": "Feature", "properties": {"segment_id": "osm-2025019935-9523323012-0", "length_m": 5.289406819948061, "canonical_time": "15:00", "exposure_value": 1.0, "temperature_proxy_c": 42.0, "normalized_temperature_factor": 1.0, "source_type": "derived", "source_reference": "Cached geometric shade snapshot and configured prototype temperature curve", "observed_or_estimated": "ESTIMATED", "modelled_or_interpolated": "MODELLED", "timestamp": "2026-05-15T15:00:00+05:30", "assumptions_version": "2026-10-09-prompt-5a-interventions", "computation_mode": "geometric", "shade_fraction": 0.0, "direct_exposure_fraction": 1.0}, "geometry": {"type": "LineString", "coordinates": [[75.8580248, 22.7164761], [75.8580069, 22.716431299999993]]}}, {"type": "Feature", "properties": {"segment_id": "osm-2025019935-11153056522-0", "length_m": 164.7085400145531, "canonical_time": "15:00", "exposure_value": 1.0, "temperature_proxy_c": 42.0, "normalized_temperature_factor": 1.0, "source_type": "derived", "source_reference": "Cached geometric shade snapshot and configured prototype temperature curve", "observed_or_estimated": "ESTIMATED", "modelled_or_interpolated": "MODELLED", "timestamp": "2026-05-15T15:00:00+05:30", "assumptions_version": "2026-10-09-prompt-5a-interventions", "computation_mode": "geometric", "shade_fraction": 0.0, "direct_exposure_fraction": 1.0}, "geometry": {"type": "LineString", "coordinates": [[75.8580248, 22.7164761], [75.8585682, 22.716427799999995], [75.8588469, 22.716435600000004], [75.8590176, 22.716445199999992], [75.859503, 22.7164661], [75.8595568, 22.71647009999999], [75.8596157, 22.7164384]]}}, {"type": "Feature", "properties": {"segment_id": "osm-2025019935-2025019943-0", "length_m": 37.018522292088086, "canonical_time": "15:00", "exposure_value": 1.0, "temperature_proxy_c": 42.0, "normalized_temperature_factor": 1.0, "source_type": "derived", "source_reference": "Cached geometric shade snapshot and configured prototype temperature curve", "observed_or_estimated": "ESTIMATED", "modelled_or_interpolated": "MODELLED", "timestamp": "2026-05-15T15:00:00+05:30", "assumptions_version": "2026-10-09-prompt-5a-interventions", "computation_mode": "geometric", "shade_fraction": 0.0, "direct_exposure_fraction": 1.0}, "geometry": {"type": "LineString", "coordinates": [[75.8580248, 22.7164761], [75.8579624, 22.7164811], [75.8576651, 22.716497199999992]]}}, {"type": "Feature", "properties": {"segment_id": "osm-2025019935-2025110993-0", "length_m": 51.340114736634646, "canonical_time": "15:00", "exposure_value": 1.0, "temperature_proxy_c": 42.0, "normalized_temperature_factor": 1.0, "source_type": "derived", "source_reference": "Cached geometric shade snapshot and configured prototype temperature curve", "observed_or_estimated": "ESTIMATED", "modelled_or_interpolated": "MODELLED", "timestamp": "2026-05-15T15:00:00+05:30", "assumptions_version": "2026-10-09-prompt-5a-interventions", "computation_mode": "geometric", "shade_fraction": 0.0, "direct_exposure_fraction": 1.0}, "geometry": {"type": "LineString", "coordinates": [[75.8580248, 22.7164761], [75.858171, 22.716844800000008], [75.8581831, 22.716914799999998]]}}, {"type": "Feature", "properties": {"segment_id": "osm-2025019937-2027156534-0", "length_m": 42.07312905040892, "canonical_time": "15:00", "exposure_value": 1.0, "temperature_proxy_c": 42.0, "normalized_temperature_factor": 1.0, "source_type": "derived", "source_reference": "Cached geometric shade snapshot and configured prototype temperature curve", "observed_or_estimated": "ESTIMATED", "modelled_or_interpolated": "MODELLED", "timestamp": "2026-05-15T15:00:00+05:30", "assumptions_version": "2026-10-09-prompt-5a-interventions", "computation_mode": "geometric", "shade_fraction": 0.0, "direct_exposure_fraction": 1.0}, "geometry": {"type": "LineString", "coordinates": [[75.85502400000001, 22.716367600000005], [75.8546216, 22.716296399999994]]}}, {"type": "Feature", "properties": {"segment_id": "osm-2025019937-9523322987-0", "length_m": 40.34589257845364, "canonical_time": "15:00", "exposure_value": 1.0, "temperature_proxy_c": 42.0, "normalized_temperature_factor": 1.0, "source_type": "derived", "source_reference": "Cached geometric shade snapshot and configured prototype temperature curve", "observed_or_estimated": "ESTIMATED", "modelled_or_interpolated": "MODELLED", "timestamp": "2026-05-15T15:00:00+05:30", "assumptions_version": "2026-10-09-prompt-5a-interventions", "computation_mode": "geometric", "shade_fraction": 0.0, "direct_exposure_fraction": 1.0}, "geometry": {"type": "LineString", "coordinates": [[75.85502400000001, 22.716367600000005], [75.855117, 22.716401099999995], [75.8554088, 22.716426399999985]]}}, {"type": "Feature", "properties": {"segment_id": "osm-2025019937-9523322989-0", "length_m": 39.09054266614313, "canonical_time": "15:00", "exposure_value": 1.0, "temperature_proxy_c": 42.0, "normalized_temperature_factor": 1.0, "source_type": "derived", "source_reference": "Cached geometric shade snapshot and configured prototype temperature curve", "observed_or_estimated": "ESTIMATED", "modelled_or_interpolated": "MODELLED", "timestamp": "2026-05-15T15:00:00+05:30", "assumptions_version": "2026-10-09-prompt-5a-interventions", "computation_mode": "geometric", "shade_fraction": 0.0, "direct_exposure_fraction": 1.0}, "geometry": {"type": "LineString", "coordinates": [[75.85502400000001, 22.716367600000005], [75.8551241, 22.7163618], [75.8554037, 22.716380400000006]]}}, {"type": "Feature", "properties": {"segment_id": "osm-2025019941-9523322985-0", "length_m": 33.07235873975501, "canonical_time": "15:00", "exposure_value": 1.0, "temperature_proxy_c": 42.0, "normalized_temperature_factor": 1.0, "source_type": "derived", "source_reference": "Cached geometric shade snapshot and configured prototype temperature curve", "observed_or_estimated": "ESTIMATED", "modelled_or_interpolated": "MODELLED", "timestamp": "2026-05-15T15:00:00+05:30", "assumptions_version": "2026-10-09-prompt-5a-interventions", "computation_mode": "geometric", "shade_fraction": 0.0, "direct_exposure_fraction": 1.0}, "geometry": {"type": "LineString", "coordinates": [[75.8565036, 22.716447699999996], [75.8561842, 22.716409699999986]]}}, {"type": "Feature", "properties": {"segment_id": "osm-2025019941-2025110981-0", "length_m": 61.758078049191475, "canonical_time": "15:00", "exposure_value": 0.7808883499787642, "temperature_proxy_c": 42.0, "normalized_temperature_factor": 1.0, "source_type": "derived", "source_reference": "Cached geometric shade snapshot and configured prototype temperature curve", "observed_or_estimated": "ESTIMATED", "modelled_or_interpolated": "MODELLED", "timestamp": "2026-05-15T15:00:00+05:30", "assumptions_version": "2026-10-09-prompt-5a-interventions", "computation_mode": "geometric", "shade_fraction": 0.21911165002123573, "direct_exposure_fraction": 0.7808883499787642}, "geometry": {"type": "LineString", "coordinates": [[75.8565036, 22.716447699999996], [75.8564812, 22.716667899999994], [75.8568435, 22.7166874]]}}, {"type": "Feature", "properties": {"segment_id": "osm-2025019941-2025019943-0", "length_m": 119.43803758061524, "canonical_time": "15:00", "exposure_value": 1.0, "temperature_proxy_c": 42.0, "normalized_temperature_factor": 1.0, "source_type": "derived", "source_reference": "Cached geometric shade snapshot and configured prototype temperature curve", "observed_or_estimated": "ESTIMATED", "modelled_or_interpolated": "MODELLED", "timestamp": "2026-05-15T15:00:00+05:30", "assumptions_version": "2026-10-09-prompt-5a-interventions", "computation_mode": "geometric", "shade_fraction": 0.0, "direct_exposure_fraction": 1.0}, "geometry": {"type": "LineString", "coordinates": [[75.8565036, 22.716447699999996], [75.8570931, 22.7164793], [75.8573819, 22.716482799999994], [75.8576651, 22.716497199999992]]}}, {"type": "Feature", "properties": {"segment_id": "osm-2025019943-2025110981-0", "length_m": 105.90723860998281, "canonical_time": "15:00", "exposure_value": 0.8503113503452587, "temperature_proxy_c": 42.0, "normalized_temperature_factor": 1.0, "source_type": "derived", "source_reference": "Cached geometric shade snapshot and configured prototype temperature curve", "observed_or_estimated": "ESTIMATED", "modelled_or_interpolated": "MODELLED", "timestamp": "2026-05-15T15:00:00+05:30", "assumptions_version": "2026-10-09-prompt-5a-interventions", "computation_mode": "geometric", "shade_fraction": 0.14968864965474127, "direct_exposure_fraction": 0.8503113503452587}, "geometry": {"type": "LineString", "coordinates": [[75.8576651, 22.716497199999992], [75.8576332, 22.716718600000007], [75.8568435, 22.7166874]]}}, {"type": "Feature", "properties": {"segment_id": "osm-2025019943-2025019935-0", "length_m": 37.018522292088086, "canonical_time": "15:00", "exposure_value": 1.0, "temperature_proxy_c": 42.0, "normalized_temperature_factor": 1.0, "source_type": "derived", "source_reference": "Cached geometric shade snapshot and configured prototype temperature curve", "observed_or_estimated": "ESTIMATED", "modelled_or_interpolated": "MODELLED", "timestamp": "2026-05-15T15:00:00+05:30", "assumptions_version": "2026-10-09-prompt-5a-interventions", "computation_mode": "geometric", "shade_fraction": 0.0, "direct_exposure_fraction": 1.0}, "geometry": {"type": "LineString", "coordinates": [[75.8576651, 22.716497199999992], [75.8579624, 22.7164811], [75.8580248, 22.7164761]]}}, {"type": "Feature", "properties": {"segment_id": "osm-2025019943-2025019941-0", "length_m": 119.43803758061523, "canonical_time": "15:00", "exposure_value": 1.0, "temperature_proxy_c": 42.0, "normalized_temperature_factor": 1.0, "source_type": "derived", "source_reference": "Cached geometric shade snapshot and configured prototype temperature curve", "observed_or_estimated": "ESTIMATED", "modelled_or_interpolated": "MODELLED", "timestamp": "2026-05-15T15:00:00+05:30", "assumptions_version": "2026-10-09-prompt-5a-interventions", "computation_mode": "geometric", "shade_fraction": 0.0, "direct_exposure_fraction": 1.0}, "geometry": {"type": "LineString", "coordinates": [[75.8576651, 22.716497199999992], [75.8573819, 22.716482799999994], [75.8570931, 22.7164793], [75.8565036, 22.716447699999996]]}}, {"type": "Feature", "properties": {"segment_id": "osm-2025020003-3734496685-0", "length_m": 10.935980575244917, "canonical_time": "15:00", "exposure_value": 1.0, "temperature_proxy_c": 42.0, "normalized_temperature_factor": 1.0, "source_type": "derived", "source_reference": "Cached geometric shade snapshot and configured prototype temperature curve", "observed_or_estimated": "ESTIMATED", "modelled_or_interpolated": "MODELLED", "timestamp": "2026-05-15T15:00:00+05:30", "assumptions_version": "2026-10-09-prompt-5a-interventions", "computation_mode": "geometric", "shade_fraction": 0.0, "direct_exposure_fraction": 1.0}, "geometry": {"type": "LineString", "coordinates": [[75.8511287, 22.717937599999992], [75.851159, 22.7180323]]}}, {"type": "Feature", "properties": {"segment_id": "osm-2025020003-6611316218-0", "length_m": 143.11853270615273, "canonical_time": "15:00", "exposure_value": 0.552234055484508, "temperature_proxy_c": 42.0, "normalized_temperature_factor": 1.0, "source_type": "derived", "source_reference": "Cached geometric shade snapshot and configured prototype temperature curve", "observed_or_estimated": "ESTIMATED", "modelled_or_interpolated": "MODELLED", "timestamp": "2026-05-15T15:00:00+05:30", "assumptions_version": "2026-10-09-prompt-5a-interventions", "computation_mode": "geometric", "shade_fraction": 0.44776594451549206, "direct_exposure_fraction": 0.552234055484508}, "geometry": {"type": "LineString", "coordinates": [[75.8511287, 22.717937599999992], [75.8510792, 22.7178883], [75.8510559, 22.717808400000003], [75.851043, 22.717598299999995], [75.851037, 22.717218], [75.8510191, 22.7166664]]}}, {"type": "Feature", "properties": {"segment_id": "osm-2025020003-3734496680-0", "length_m": 98.3927514501522, "canonical_time": "15:00", "exposure_value": 1.0, "temperature_proxy_c": 42.0, "normalized_temperature_factor": 1.0, "source_type": "derived", "source_reference": "Cached geometric shade snapshot and configured prototype temperature curve", "observed_or_estimated": "ESTIMATED", "modelled_or_interpolated": "MODELLED", "timestamp": "2026-05-15T15:00:00+05:30", "assumptions_version": "2026-10-09-prompt-5a-interventions", "computation_mode": "geometric", "shade_fraction": 0.0, "direct_exposure_fraction": 1.0}, "geometry": {"type": "LineString", "coordinates": [[75.8511287, 22.717937599999992], [75.8513458, 22.7178984], [75.8520809, 22.717945600000004]]}}, {"type": "Feature", "properties": {"segment_id": "osm-2025020019-9523322983-0", "length_m": 23.356019349666404, "canonical_time": "15:00", "exposure_value": 1.0, "temperature_proxy_c": 42.0, "normalized_temperature_factor": 1.0, "source_type": "derived", "source_reference": "Cached geometric shade snapshot and configured prototype temperature curve", "observed_or_estimated": "ESTIMATED", "modelled_or_interpolated": "MODELLED", "timestamp": "2026-05-15T15:00:00+05:30", "assumptions_version": "2026-10-09-prompt-5a-interventions", "computation_mode": "geometric", "shade_fraction": 0.0, "direct_exposure_fraction": 1.0}, "geometry": {"type": "LineString", "coordinates": [[75.85557, 22.7181452], [75.8555792, 22.717934399999997]]}}, {"type": "Feature", "properties": {"segment_id": "osm-2025020019-2025020021-0", "length_m": 19.51909731638122, "canonical_time": "15:00", "exposure_value": 1.0, "temperature_proxy_c": 42.0, "normalized_temperature_factor": 1.0, "source_type": "derived", "source_reference": "Cached geometric shade snapshot and configured prototype temperature curve", "observed_or_estimated": "ESTIMATED", "modelled_or_interpolated": "MODELLED", "timestamp": "2026-05-15T15:00:00+05:30", "assumptions_version": "2026-10-09-prompt-5a-interventions", "computation_mode": "geometric", "shade_fraction": 0.0, "direct_exposure_fraction": 1.0}, "geometry": {"type": "LineString", "coordinates": [[75.85557, 22.7181452], [75.8554789, 22.7181508], [75.8554029, 22.71820930000001]]}}, {"type": "Feature", "properties": {"segment_id": "osm-2025020019-8461059601-0", "length_m": 32.64849986587634, "canonical_time": "15:00", "exposure_value": 1.0, "temperature_proxy_c": 42.0, "normalized_temperature_factor": 1.0, "source_type": "derived", "source_reference": "Cached geometric shade snapshot and configured prototype temperature curve", "observed_or_estimated": "ESTIMATED", "modelled_or_interpolated": "MODELLED", "timestamp": "2026-05-15T15:00:00+05:30", "assumptions_version": "2026-10-09-prompt-5a-interventions", "computation_mode": "geometric", "shade_fraction": 0.0, "direct_exposure_fraction": 1.0}, "geometry": {"type": "LineString", "coordinates": [[75.85557, 22.7181452], [75.8556232, 22.718168000000002], [75.8558428, 22.718295900000005]]}}, {"type": "Feature", "properties": {"segment_id": "osm-2025020021-2025020055-0", "length_m": 68.68641329209972, "canonical_time": "15:00", "exposure_value": 1.0, "temperature_proxy_c": 42.0, "normalized_temperature_factor": 1.0, "source_type": "derived", "source_reference": "Cached geometric shade snapshot and configured prototype temperature curve", "observed_or_estimated": "ESTIMATED", "modelled_or_interpolated": "MODELLED", "timestamp": "2026-05-15T15:00:00+05:30", "assumptions_version": "2026-10-09-prompt-5a-interventions", "computation_mode": "geometric", "shade_fraction": 0.0, "direct_exposure_fraction": 1.0}, "geometry": {"type": "LineString", "coordinates": [[75.8554029, 22.71820930000001], [75.8553681, 22.7182687], [75.8553533, 22.718366399999997], [75.855352, 22.7184542], [75.8553641, 22.7186113], [75.8553788, 22.71872760000001], [75.855415, 22.71881299999999]]}}, {"type": "Feature", "properties": {"segment_id": "osm-2025020021-2025020019-0", "length_m": 19.51909731638122, "canonical_time": "15:00", "exposure_value": 1.0, "temperature_proxy_c": 42.0, "normalized_temperature_factor": 1.0, "source_type": "derived", "source_reference": "Cached geometric shade snapshot and configured prototype temperature curve", "observed_or_estimated": "ESTIMATED", "modelled_or_interpolated": "MODELLED", "timestamp": "2026-05-15T15:00:00+05:30", "assumptions_version": "2026-10-09-prompt-5a-interventions", "computation_mode": "geometric", "shade_fraction": 0.0, "direct_exposure_fraction": 1.0}, "geometry": {"type": "LineString", "coordinates": [[75.8554029, 22.71820930000001], [75.8554789, 22.7181508], [75.85557, 22.7181452]]}}, {"type": "Feature", "properties": {"segment_id": "osm-2025020021-3734496686-0", "length_m": 140.40221853402363, "canonical_time": "15:00", "exposure_value": 1.0, "temperature_proxy_c": 42.0, "normalized_temperature_factor": 1.0, "source_type": "derived", "source_reference": "Cached geometric shade snapshot and configured prototype temperature curve", "observed_or_estimated": "ESTIMATED", "modelled_or_interpolated": "MODELLED", "timestamp": "2026-05-15T15:00:00+05:30", "assumptions_version": "2026-10-09-prompt-5a-interventions", "computation_mode": "geometric", "shade_fraction": 0.0, "direct_exposure_fraction": 1.0}, "geometry": {"type": "LineString", "coordinates": [[75.8554029, 22.71820930000001], [75.8553029, 22.7181106], [75.8551934, 22.7180706], [75.8542752, 22.718073399999994], [75.8540906, 22.7180599]]}}, {"type": "Feature", "properties": {"segment_id": "osm-2025020055-2025020057-0", "length_m": 9.458971017261707, "canonical_time": "15:00", "exposure_value": 1.0, "temperature_proxy_c": 42.0, "normalized_temperature_factor": 1.0, "source_type": "derived", "source_reference": "Cached geometric shade snapshot and configured prototype temperature curve", "observed_or_estimated": "ESTIMATED", "modelled_or_interpolated": "MODELLED", "timestamp": "2026-05-15T15:00:00+05:30", "assumptions_version": "2026-10-09-prompt-5a-interventions", "computation_mode": "geometric", "shade_fraction": 0.0, "direct_exposure_fraction": 1.0}, "geometry": {"type": "LineString", "coordinates": [[75.855415, 22.71881299999999], [75.8553232, 22.7188199]]}}, {"type": "Feature", "properties": {"segment_id": "osm-2025020055-2025111132-0", "length_m": 32.32487256802033, "canonical_time": "15:00", "exposure_value": 1.0, "temperature_proxy_c": 42.0, "normalized_temperature_factor": 1.0, "source_type": "derived", "source_reference": "Cached geometric shade snapshot and configured prototype temperature curve", "observed_or_estimated": "ESTIMATED", "modelled_or_interpolated": "MODELLED", "timestamp": "2026-05-15T15:00:00+05:30", "assumptions_version": "2026-10-09-prompt-5a-interventions", "computation_mode": "geometric", "shade_fraction": 0.0, "direct_exposure_fraction": 1.0}, "geometry": {"type": "LineString", "coordinates": [[75.855415, 22.71881299999999], [75.8554687, 22.718845099999992], [75.8554968, 22.718852599999995], [75.8556644, 22.718887600000002], [75.8557141, 22.7188909]]}}, {"type": "Feature", "properties": {"segment_id": "osm-2025020055-2025020021-0", "length_m": 68.68641329209972, "canonical_time": "15:00", "exposure_value": 1.0, "temperature_proxy_c": 42.0, "normalized_temperature_factor": 1.0, "source_type": "derived", "source_reference": "Cached geometric shade snapshot and configured prototype temperature curve", "observed_or_estimated": "ESTIMATED", "modelled_or_interpolated": "MODELLED", "timestamp": "2026-05-15T15:00:00+05:30", "assumptions_version": "2026-10-09-prompt-5a-interventions", "computation_mode": "geometric", "shade_fraction": 0.0, "direct_exposure_fraction": 1.0}, "geometry": {"type": "LineString", "coordinates": [[75.855415, 22.71881299999999], [75.8553788, 22.71872760000001], [75.8553641, 22.7186113], [75.855352, 22.7184542], [75.8553533, 22.718366399999997], [75.8553681, 22.7182687], [75.8554029, 22.71820930000001]]}}, {"type": "Feature", "properties": {"segment_id": "osm-2025020057-2025020055-0", "length_m": 9.458971017261707, "canonical_time": "15:00", "exposure_value": 1.0, "temperature_proxy_c": 42.0, "normalized_temperature_factor": 1.0, "source_type": "derived", "source_reference": "Cached geometric shade snapshot and configured prototype temperature curve", "observed_or_estimated": "ESTIMATED", "modelled_or_interpolated": "MODELLED", "timestamp": "2026-05-15T15:00:00+05:30", "assumptions_version": "2026-10-09-prompt-5a-interventions", "computation_mode": "geometric", "shade_fraction": 0.0, "direct_exposure_fraction": 1.0}, "geometry": {"type": "LineString", "coordinates": [[75.8553232, 22.7188199], [75.855415, 22.71881299999999]]}}, {"type": "Feature", "properties": {"segment_id": "osm-2025020057-3734496702-0", "length_m": 41.382508169192874, "canonical_time": "15:00", "exposure_value": 1.0, "temperature_proxy_c": 42.0, "normalized_temperature_factor": 1.0, "source_type": "derived", "source_reference": "Cached geometric shade snapshot and configured prototype temperature curve", "observed_or_estimated": "ESTIMATED", "modelled_or_interpolated": "MODELLED", "timestamp": "2026-05-15T15:00:00+05:30", "assumptions_version": "2026-10-09-prompt-5a-interventions", "computation_mode": "geometric", "shade_fraction": 0.0, "direct_exposure_fraction": 1.0}, "geometry": {"type": "LineString", "coordinates": [[75.8553232, 22.7188199], [75.8549209, 22.7188409]]}}, {"type": "Feature", "properties": {"segment_id": "osm-2025020057-3734496723-0", "length_m": 82.57003697592934, "canonical_time": "15:00", "exposure_value": 1.0, "temperature_proxy_c": 42.0, "normalized_temperature_factor": 1.0, "source_type": "derived", "source_reference": "Cached geometric shade snapshot and configured prototype temperature curve", "observed_or_estimated": "ESTIMATED", "modelled_or_interpolated": "MODELLED", "timestamp": "2026-05-15T15:00:00+05:30", "assumptions_version": "2026-10-09-prompt-5a-interventions", "computation_mode": "geometric", "shade_fraction": 0.0, "direct_exposure_fraction": 1.0}, "geometry": {"type": "LineString", "coordinates": [[75.8553232, 22.7188199], [75.8553439, 22.7195655]]}}, {"type": "Feature", "properties": {"segment_id": "osm-2025020058-2025111137-0", "length_m": 32.91652656075929, "canonical_time": "15:00", "exposure_value": 1.0, "temperature_proxy_c": 42.0, "normalized_temperature_factor": 1.0, "source_type": "derived", "source_reference": "Cached geometric shade snapshot and configured prototype temperature curve", "observed_or_estimated": "ESTIMATED", "modelled_or_interpolated": "MODELLED", "timestamp": "2026-05-15T15:00:00+05:30", "assumptions_version": "2026-10-09-prompt-5a-interventions", "computation_mode": "geometric", "shade_fraction": 0.0, "direct_exposure_fraction": 1.0}, "geometry": {"type": "LineString", "coordinates": [[75.8558247, 22.7188501], [75.8561067, 22.7189914]]}}, {"type": "Feature", "properties": {"segment_id": "osm-2025020058-8461059601-0", "length_m": 62.81290576833748, "canonical_time": "15:00", "exposure_value": 1.0, "temperature_proxy_c": 42.0, "normalized_temperature_factor": 1.0, "source_type": "derived", "source_reference": "Cached geometric shade snapshot and configured prototype temperature curve", "observed_or_estimated": "ESTIMATED", "modelled_or_interpolated": "MODELLED", "timestamp": "2026-05-15T15:00:00+05:30", "assumptions_version": "2026-10-09-prompt-5a-interventions", "computation_mode": "geometric", "shade_fraction": 0.0, "direct_exposure_fraction": 1.0}, "geometry": {"type": "LineString", "coordinates": [[75.8558247, 22.7188501], [75.8558321, 22.718826599999993], [75.85586830000001, 22.7187437], [75.8558777, 22.7186781], [75.8558817, 22.718440600000008], [75.85586830000001, 22.7183627], [75.8558428, 22.718295900000005]]}}, {"type": "Feature", "properties": {"segment_id": "osm-2025020058-2025111132-0", "length_m": 12.624050488228187, "canonical_time": "15:00", "exposure_value": 1.0, "temperature_proxy_c": 42.0, "normalized_temperature_factor": 1.0, "source_type": "derived", "source_reference": "Cached geometric shade snapshot and configured prototype temperature curve", "observed_or_estimated": "ESTIMATED", "modelled_or_interpolated": "MODELLED", "timestamp": "2026-05-15T15:00:00+05:30", "assumptions_version": "2026-10-09-prompt-5a-interventions", "computation_mode": "geometric", "shade_fraction": 0.0, "direct_exposure_fraction": 1.0}, "geometry": {"type": "LineString", "coordinates": [[75.8558247, 22.7188501], [75.8557865, 22.718879199999996], [75.8557141, 22.7188909]]}}, {"type": "Feature", "properties": {"segment_id": "osm-2025020069-8461125292-0", "length_m": 29.321185635213848, "canonical_time": "15:00", "exposure_value": 1.0, "temperature_proxy_c": 42.0, "normalized_temperature_factor": 1.0, "source_type": "derived", "source_reference": "Cached geometric shade snapshot and configured prototype temperature curve", "observed_or_estimated": "ESTIMATED", "modelled_or_interpolated": "MODELLED", "timestamp": "2026-05-15T15:00:00+05:30", "assumptions_version": "2026-10-09-prompt-5a-interventions", "computation_mode": "geometric", "shade_fraction": 0.0, "direct_exposure_fraction": 1.0}, "geometry": {"type": "LineString", "coordinates": [[75.859207, 22.718886200000007], [75.8589669, 22.7190295]]}}, {"type": "Feature", "properties": {"segment_id": "osm-2025020069-9526164258-0", "length_m": 12.678551935726505, "canonical_time": "15:00", "exposure_value": 1.0, "temperature_proxy_c": 42.0, "normalized_temperature_factor": 1.0, "source_type": "derived", "source_reference": "Cached geometric shade snapshot and configured prototype temperature curve", "observed_or_estimated": "ESTIMATED", "modelled_or_interpolated": "MODELLED", "timestamp": "2026-05-15T15:00:00+05:30", "assumptions_version": "2026-10-09-prompt-5a-interventions", "computation_mode": "geometric", "shade_fraction": 0.0, "direct_exposure_fraction": 1.0}, "geometry": {"type": "LineString", "coordinates": [[75.859207, 22.718886200000007], [75.8590843, 22.718873600000006]]}}, {"type": "Feature", "properties": {"segment_id": "osm-2025020069-2025111095-0", "length_m": 61.10699725476255, "canonical_time": "15:00", "exposure_value": 1.0, "temperature_proxy_c": 42.0, "normalized_temperature_factor": 1.0, "source_type": "derived", "source_reference": "Cached geometric shade snapshot and configured prototype temperature curve", "observed_or_estimated": "ESTIMATED", "modelled_or_interpolated": "MODELLED", "timestamp": "2026-05-15T15:00:00+05:30", "assumptions_version": "2026-10-09-prompt-5a-interventions", "computation_mode": "geometric", "shade_fraction": 0.0, "direct_exposure_fraction": 1.0}, "geometry": {"type": "LineString", "coordinates": [[75.859207, 22.718886200000007], [75.8592568, 22.7188365], [75.8592866, 22.718779199999997], [75.8593047, 22.7187279], [75.8594098, 22.718459800000005], [75.8594424, 22.7183844]]}}, {"type": "Feature", "properties": {"segment_id": "osm-2025020078-3734496707-0", "length_m": 23.01582300193119, "canonical_time": "15:00", "exposure_value": 1.0, "temperature_proxy_c": 42.0, "normalized_temperature_factor": 1.0, "source_type": "derived", "source_reference": "Cached geometric shade snapshot and configured prototype temperature curve", "observed_or_estimated": "ESTIMATED", "modelled_or_interpolated": "MODELLED", "timestamp": "2026-05-15T15:00:00+05:30", "assumptions_version": "2026-10-09-prompt-5a-interventions", "computation_mode": "geometric", "shade_fraction": 0.0, "direct_exposure_fraction": 1.0}, "geometry": {"type": "LineString", "coordinates": [[75.8510731, 22.719129999999993], [75.8508491, 22.719136299999988]]}}, {"type": "Feature", "properties": {"segment_id": "osm-2025020078-3734496685-0", "length_m": 121.8420606191732, "canonical_time": "15:00", "exposure_value": 1.0, "temperature_proxy_c": 42.0, "normalized_temperature_factor": 1.0, "source_type": "derived", "source_reference": "Cached geometric shade snapshot and configured prototype temperature curve", "observed_or_estimated": "ESTIMATED", "modelled_or_interpolated": "MODELLED", "timestamp": "2026-05-15T15:00:00+05:30", "assumptions_version": "2026-10-09-prompt-5a-interventions", "computation_mode": "geometric", "shade_fraction": 0.0, "direct_exposure_fraction": 1.0}, "geometry": {"type": "LineString", "coordinates": [[75.8510731, 22.719129999999993], [75.851159, 22.7180323]]}}, {"type": "Feature", "properties": {"segment_id": "osm-2025020078-3734496706-0", "length_m": 109.46878225506524, "canonical_time": "15:00", "exposure_value": 1.0, "temperature_proxy_c": 42.0, "normalized_temperature_factor": 1.0, "source_type": "derived", "source_reference": "Cached geometric shade snapshot and configured prototype temperature curve", "observed_or_estimated": "ESTIMATED", "modelled_or_interpolated": "MODELLED", "timestamp": "2026-05-15T15:00:00+05:30", "assumptions_version": "2026-10-09-prompt-5a-interventions", "computation_mode": "geometric", "shade_fraction": 0.0, "direct_exposure_fraction": 1.0}, "geometry": {"type": "LineString", "coordinates": [[75.8510731, 22.719129999999993], [75.8517821, 22.719104699999995], [75.8521384, 22.719098499999994]]}}, {"type": "Feature", "properties": {"segment_id": "osm-2025020078-3734496839-0", "length_m": 66.52832980112417, "canonical_time": "15:00", "exposure_value": 0.6939111417636374, "temperature_proxy_c": 42.0, "normalized_temperature_factor": 1.0, "source_type": "derived", "source_reference": "Cached geometric shade snapshot and configured prototype temperature curve", "observed_or_estimated": "ESTIMATED", "modelled_or_interpolated": "MODELLED", "timestamp": "2026-05-15T15:00:00+05:30", "assumptions_version": "2026-10-09-prompt-5a-interventions", "computation_mode": "geometric", "shade_fraction": 0.3060888582363625, "direct_exposure_fraction": 0.6939111417636374}, "geometry": {"type": "LineString", "coordinates": [[75.8510731, 22.719129999999993], [75.8510656, 22.7192811], [75.8510602, 22.719428399999995], [75.851018, 22.7195845], [75.8509629, 22.71971630000001]]}}, {"type": "Feature", "properties": {"segment_id": "osm-2025020116-8460513407-0", "length_m": 26.803993387972945, "canonical_time": "15:00", "exposure_value": 1.0, "temperature_proxy_c": 42.0, "normalized_temperature_factor": 1.0, "source_type": "derived", "source_reference": "Cached geometric shade snapshot and configured prototype temperature curve", "observed_or_estimated": "ESTIMATED", "modelled_or_interpolated": "MODELLED", "timestamp": "2026-05-15T15:00:00+05:30", "assumptions_version": "2026-10-09-prompt-5a-interventions", "computation_mode": "geometric", "shade_fraction": 0.0, "direct_exposure_fraction": 1.0}, "geometry": {"type": "LineString", "coordinates": [[75.8588112, 22.719886199999994], [75.8590704, 22.7199145]]}}, {"type": "Feature", "properties": {"segment_id": "osm-2025020116-8461125324-0", "length_m": 21.79043624884235, "canonical_time": "15:00", "exposure_value": 1.0, "temperature_proxy_c": 42.0, "normalized_temperature_factor": 1.0, "source_type": "derived", "source_reference": "Cached geometric shade snapshot and configured prototype temperature curve", "observed_or_estimated": "ESTIMATED", "modelled_or_interpolated": "MODELLED", "timestamp": "2026-05-15T15:00:00+05:30", "assumptions_version": "2026-10-09-prompt-5a-interventions", "computation_mode": "geometric", "shade_fraction": 0.0, "direct_exposure_fraction": 1.0}, "geometry": {"type": "LineString", "coordinates": [[75.8588112, 22.719886199999994], [75.8586033, 22.71984689999999]]}}, {"type": "Feature", "properties": {"segment_id": "osm-2025020116-7010384308-0", "length_m": 43.98748471800382, "canonical_time": "15:00", "exposure_value": 1.0, "temperature_proxy_c": 42.0, "normalized_temperature_factor": 1.0, "source_type": "derived", "source_reference": "Cached geometric shade snapshot and configured prototype temperature curve", "observed_or_estimated": "ESTIMATED", "modelled_or_interpolated": "MODELLED", "timestamp": "2026-05-15T15:00:00+05:30", "assumptions_version": "2026-10-09-prompt-5a-interventions", "computation_mode": "geometric", "shade_fraction": 0.0, "direct_exposure_fraction": 1.0}, "geometry": {"type": "LineString", "coordinates": [[75.8588112, 22.719886199999994], [75.8587651, 22.719807599999996], [75.8587383, 22.7197234], [75.8587195, 22.7196282], [75.8587012, 22.7195061]]}}, {"type": "Feature", "properties": {"segment_id": "osm-2025020163-2025111319-0", "length_m": 11.009184997764821, "canonical_time": "15:00", "exposure_value": 1.0, "temperature_proxy_c": 42.0, "normalized_temperature_factor": 1.0, "source_type": "derived", "source_reference": "Cached geometric shade snapshot and configured prototype temperature curve", "observed_or_estimated": "ESTIMATED", "modelled_or_interpolated": "MODELLED", "timestamp": "2026-05-15T15:00:00+05:30", "assumptions_version": "2026-10-09-prompt-5a-interventions", "computation_mode": "geometric", "shade_fraction": 0.0, "direct_exposure_fraction": 1.0}, "geometry": {"type": "LineString", "coordinates": [[75.8588415, 22.7216891], [75.8589484, 22.721681700000005]]}}, {"type": "Feature", "properties": {"segment_id": "osm-2025020163-8461125318-0", "length_m": 92.8822537045861, "canonical_time": "15:00", "exposure_value": 1.0, "temperature_proxy_c": 42.0, "normalized_temperature_factor": 1.0, "source_type": "derived", "source_reference": "Cached geometric shade snapshot and configured prototype temperature curve", "observed_or_estimated": "ESTIMATED", "modelled_or_interpolated": "MODELLED", "timestamp": "2026-05-15T15:00:00+05:30", "assumptions_version": "2026-10-09-prompt-5a-interventions", "computation_mode": "geometric", "shade_fraction": 0.0, "direct_exposure_fraction": 1.0}, "geometry": {"type": "LineString", "coordinates": [[75.8588415, 22.7216891], [75.85875440000001, 22.7215493], [75.85870740000001, 22.721465199999994], [75.8586538, 22.721352599999992], [75.8586109, 22.72120909999999], [75.8585465, 22.7210211], [75.8585224, 22.72090979999999]]}}, {"type": "Feature", "properties": {"segment_id": "osm-2025110922-2027131426-0", "length_m": 38.7440410469487, "canonical_time": "15:00", "exposure_value": 1.0, "temperature_proxy_c": 42.0, "normalized_temperature_factor": 1.0, "source_type": "derived", "source_reference": "Cached geometric shade snapshot and configured prototype temperature curve", "observed_or_estimated": "ESTIMATED", "modelled_or_interpolated": "MODELLED", "timestamp": "2026-05-15T15:00:00+05:30", "assumptions_version": "2026-10-09-prompt-5a-interventions", "computation_mode": "geometric", "shade_fraction": 0.0, "direct_exposure_fraction": 1.0}, "geometry": {"type": "LineString", "coordinates": [[75.8577703, 22.713716099999992], [75.8577821, 22.714065899999994]]}}, {"type": "Feature", "properties": {"segment_id": "osm-2025110922-2027131406-0", "length_m": 52.92122520882901, "canonical_time": "15:00", "exposure_value": 1.0, "temperature_proxy_c": 42.0, "normalized_temperature_factor": 1.0, "source_type": "derived", "source_reference": "Cached geometric shade snapshot and configured prototype temperature curve", "observed_or_estimated": "ESTIMATED", "modelled_or_interpolated": "MODELLED", "timestamp": "2026-05-15T15:00:00+05:30", "assumptions_version": "2026-10-09-prompt-5a-interventions", "computation_mode": "geometric", "shade_fraction": 0.0, "direct_exposure_fraction": 1.0}, "geometry": {"type": "LineString", "coordinates": [[75.8577703, 22.713716099999992], [75.8575514, 22.713780699999997], [75.8572662, 22.713794]]}}, {"type": "Feature", "properties": {"segment_id": "osm-2025110922-8461121384-0", "length_m": 50.14433774484731, "canonical_time": "15:00", "exposure_value": 1.0, "temperature_proxy_c": 42.0, "normalized_temperature_factor": 1.0, "source_type": "derived", "source_reference": "Cached geometric shade snapshot and configured prototype temperature curve", "observed_or_estimated": "ESTIMATED", "modelled_or_interpolated": "MODELLED", "timestamp": "2026-05-15T15:00:00+05:30", "assumptions_version": "2026-10-09-prompt-5a-interventions", "computation_mode": "geometric", "shade_fraction": 0.0, "direct_exposure_fraction": 1.0}, "geometry": {"type": "LineString", "coordinates": [[75.8577703, 22.713716099999992], [75.8578831, 22.713682800000004], [75.8582104, 22.713523]]}}, {"type": "Feature", "properties": {"segment_id": "osm-2025110932-8460772828-0", "length_m": 18.175340161303797, "canonical_time": "15:00", "exposure_value": 1.0, "temperature_proxy_c": 42.0, "normalized_temperature_factor": 1.0, "source_type": "derived", "source_reference": "Cached geometric shade snapshot and configured prototype temperature curve", "observed_or_estimated": "ESTIMATED", "modelled_or_interpolated": "MODELLED", "timestamp": "2026-05-15T15:00:00+05:30", "assumptions_version": "2026-10-09-prompt-5a-interventions", "computation_mode": "geometric", "shade_fraction": 0.0, "direct_exposure_fraction": 1.0}, "geometry": {"type": "LineString", "coordinates": [[75.8566025, 22.715084799999996], [75.8565451, 22.71524009999999]]}}, {"type": "Feature", "properties": {"segment_id": "osm-2025110932-2027131489-0", "length_m": 36.59785675659787, "canonical_time": "15:00", "exposure_value": 1.0, "temperature_proxy_c": 42.0, "normalized_temperature_factor": 1.0, "source_type": "derived", "source_reference": "Cached geometric shade snapshot and configured prototype temperature curve", "observed_or_estimated": "ESTIMATED", "modelled_or_interpolated": "MODELLED", "timestamp": "2026-05-15T15:00:00+05:30", "assumptions_version": "2026-10-09-prompt-5a-interventions", "computation_mode": "geometric", "shade_fraction": 0.0, "direct_exposure_fraction": 1.0}, "geometry": {"type": "LineString", "coordinates": [[75.8566025, 22.715084799999996], [75.8569371, 22.715198499999996]]}}, {"type": "Feature", "properties": {"segment_id": "osm-2025110932-2025019791-0", "length_m": 119.94555532143524, "canonical_time": "15:00", "exposure_value": 0.8358693877601352, "temperature_proxy_c": 42.0, "normalized_temperature_factor": 1.0, "source_type": "derived", "source_reference": "Cached geometric shade snapshot and configured prototype temperature curve", "observed_or_estimated": "ESTIMATED", "modelled_or_interpolated": "MODELLED", "timestamp": "2026-05-15T15:00:00+05:30", "assumptions_version": "2026-10-09-prompt-5a-interventions", "computation_mode": "geometric", "shade_fraction": 0.1641306122398648, "direct_exposure_fraction": 0.8358693877601352}, "geometry": {"type": "LineString", "coordinates": [[75.8566025, 22.715084799999996], [75.856659, 22.714711699999995], [75.8566251, 22.71420149999999], [75.85658640000001, 22.7140093]]}}, {"type": "Feature", "properties": {"segment_id": "osm-2025110981-8461150029-0", "length_m": 57.651476785067935, "canonical_time": "15:00", "exposure_value": 0.6490277237798577, "temperature_proxy_c": 42.0, "normalized_temperature_factor": 1.0, "source_type": "derived", "source_reference": "Cached geometric shade snapshot and configured prototype temperature curve", "observed_or_estimated": "ESTIMATED", "modelled_or_interpolated": "MODELLED", "timestamp": "2026-05-15T15:00:00+05:30", "assumptions_version": "2026-10-09-prompt-5a-interventions", "computation_mode": "geometric", "shade_fraction": 0.35097227622014227, "direct_exposure_fraction": 0.6490277237798577}, "geometry": {"type": "LineString", "coordinates": [[75.8568435, 22.7166874], [75.856789, 22.7172057]]}}, {"type": "Feature", "properties": {"segment_id": "osm-2025110981-2025019943-0", "length_m": 105.90723860998281, "canonical_time": "15:00", "exposure_value": 0.8503113503452587, "temperature_proxy_c": 42.0, "normalized_temperature_factor": 1.0, "source_type": "derived", "source_reference": "Cached geometric shade snapshot and configured prototype temperature curve", "observed_or_estimated": "ESTIMATED", "modelled_or_interpolated": "MODELLED", "timestamp": "2026-05-15T15:00:00+05:30", "assumptions_version": "2026-10-09-prompt-5a-interventions", "computation_mode": "geometric", "shade_fraction": 0.14968864965474127, "direct_exposure_fraction": 0.8503113503452587}, "geometry": {"type": "LineString", "coordinates": [[75.8568435, 22.7166874], [75.8576332, 22.716718600000007], [75.8576651, 22.716497199999992]]}}, {"type": "Feature", "properties": {"segment_id": "osm-2025110981-2025019941-0", "length_m": 61.758078049191475, "canonical_time": "15:00", "exposure_value": 0.7808883499787643, "temperature_proxy_c": 42.0, "normalized_temperature_factor": 1.0, "source_type": "derived", "source_reference": "Cached geometric shade snapshot and configured prototype temperature curve", "observed_or_estimated": "ESTIMATED", "modelled_or_interpolated": "MODELLED", "timestamp": "2026-05-15T15:00:00+05:30", "assumptions_version": "2026-10-09-prompt-5a-interventions", "computation_mode": "geometric", "shade_fraction": 0.2191116500212357, "direct_exposure_fraction": 0.7808883499787643}, "geometry": {"type": "LineString", "coordinates": [[75.8568435, 22.7166874], [75.8564812, 22.716667899999994], [75.8565036, 22.716447699999996]]}}, {"type": "Feature", "properties": {"segment_id": "osm-2025110993-8477820369-0", "length_m": 96.10542893678664, "canonical_time": "15:00", "exposure_value": 1.0, "temperature_proxy_c": 42.0, "normalized_temperature_factor": 1.0, "source_type": "derived", "source_reference": "Cached geometric shade snapshot and configured prototype temperature curve", "observed_or_estimated": "ESTIMATED", "modelled_or_interpolated": "MODELLED", "timestamp": "2026-05-15T15:00:00+05:30", "assumptions_version": "2026-10-09-prompt-5a-interventions", "computation_mode": "geometric", "shade_fraction": 0.0, "direct_exposure_fraction": 1.0}, "geometry": {"type": "LineString", "coordinates": [[75.8581831, 22.716914799999998], [75.8586659, 22.71699200000001], [75.8587906, 22.7170143], [75.8588268, 22.7170279], [75.8588482, 22.717048899999995], [75.8588563, 22.7170762], [75.8588174, 22.71727529999999]]}}, {"type": "Feature", "properties": {"segment_id": "osm-2025110993-2025111027-0", "length_m": 60.7252946002347, "canonical_time": "15:00", "exposure_value": 1.0, "temperature_proxy_c": 42.0, "normalized_temperature_factor": 1.0, "source_type": "derived", "source_reference": "Cached geometric shade snapshot and configured prototype temperature curve", "observed_or_estimated": "ESTIMATED", "modelled_or_interpolated": "MODELLED", "timestamp": "2026-05-15T15:00:00+05:30", "assumptions_version": "2026-10-09-prompt-5a-interventions", "computation_mode": "geometric", "shade_fraction": 0.0, "direct_exposure_fraction": 1.0}, "geometry": {"type": "LineString", "coordinates": [[75.8581831, 22.716914799999998], [75.8581844, 22.71699569999999], [75.8581603, 22.717082299999998], [75.8580192, 22.717437099999994]]}}, {"type": "Feature", "properties": {"segment_id": "osm-2025110993-2025019935-0", "length_m": 51.340114736634646, "canonical_time": "15:00", "exposure_value": 1.0, "temperature_proxy_c": 42.0, "normalized_temperature_factor": 1.0, "source_type": "derived", "source_reference": "Cached geometric shade snapshot and configured prototype temperature curve", "observed_or_estimated": "ESTIMATED", "modelled_or_interpolated": "MODELLED", "timestamp": "2026-05-15T15:00:00+05:30", "assumptions_version": "2026-10-09-prompt-5a-interventions", "computation_mode": "geometric", "shade_fraction": 0.0, "direct_exposure_fraction": 1.0}, "geometry": {"type": "LineString", "coordinates": [[75.8581831, 22.716914799999998], [75.858171, 22.716844800000008], [75.8580248, 22.7164761]]}}, {"type": "Feature", "properties": {"segment_id": "osm-2025111019-2025111022-0", "length_m": 76.25143899237304, "canonical_time": "15:00", "exposure_value": 0.9931140802185763, "temperature_proxy_c": 42.0, "normalized_temperature_factor": 1.0, "source_type": "derived", "source_reference": "Cached geometric shade snapshot and configured prototype temperature curve", "observed_or_estimated": "ESTIMATED", "modelled_or_interpolated": "MODELLED", "timestamp": "2026-05-15T15:00:00+05:30", "assumptions_version": "2026-10-09-prompt-5a-interventions", "computation_mode": "geometric", "shade_fraction": 0.006885919781423693, "direct_exposure_fraction": 0.9931140802185763}, "geometry": {"type": "LineString", "coordinates": [[75.8560344, 22.717306100000005], [75.8567766, 22.717323700000012]]}}, {"type": "Feature", "properties": {"segment_id": "osm-2025111019-2025111085-0", "length_m": 105.92275012556834, "canonical_time": "15:00", "exposure_value": 0.1909990007294342, "temperature_proxy_c": 42.0, "normalized_temperature_factor": 1.0, "source_type": "derived", "source_reference": "Cached geometric shade snapshot and configured prototype temperature curve", "observed_or_estimated": "ESTIMATED", "modelled_or_interpolated": "MODELLED", "timestamp": "2026-05-15T15:00:00+05:30", "assumptions_version": "2026-10-09-prompt-5a-interventions", "computation_mode": "geometric", "shade_fraction": 0.8090009992705658, "direct_exposure_fraction": 0.1909990007294342}, "geometry": {"type": "LineString", "coordinates": [[75.8560344, 22.717306100000005], [75.85593460000001, 22.718258399999996]]}}, {"type": "Feature", "properties": {"segment_id": "osm-2025111019-8474365287-0", "length_m": 47.314049873156115, "canonical_time": "15:00", "exposure_value": 0.6636858734578397, "temperature_proxy_c": 42.0, "normalized_temperature_factor": 1.0, "source_type": "derived", "source_reference": "Cached geometric shade snapshot and configured prototype temperature curve", "observed_or_estimated": "ESTIMATED", "modelled_or_interpolated": "MODELLED", "timestamp": "2026-05-15T15:00:00+05:30", "assumptions_version": "2026-10-09-prompt-5a-interventions", "computation_mode": "geometric", "shade_fraction": 0.3363141265421603, "direct_exposure_fraction": 0.6636858734578397}, "geometry": {"type": "LineString", "coordinates": [[75.8560344, 22.717306100000005], [75.8560755, 22.7169502], [75.8560907, 22.7168822]]}}, {"type": "Feature", "properties": {"segment_id": "osm-2025111022-8461150029-0", "length_m": 13.125281992276546, "canonical_time": "15:00", "exposure_value": 1.0, "temperature_proxy_c": 42.0, "normalized_temperature_factor": 1.0, "source_type": "derived", "source_reference": "Cached geometric shade snapshot and configured prototype temperature curve", "observed_or_estimated": "ESTIMATED", "modelled_or_interpolated": "MODELLED", "timestamp": "2026-05-15T15:00:00+05:30", "assumptions_version": "2026-10-09-prompt-5a-interventions", "computation_mode": "geometric", "shade_fraction": 0.0, "direct_exposure_fraction": 1.0}, "geometry": {"type": "LineString", "coordinates": [[75.8567766, 22.717323700000012], [75.856789, 22.7172057]]}}, {"type": "Feature", "properties": {"segment_id": "osm-2025111022-2025111019-0", "length_m": 76.25143899237304, "canonical_time": "15:00", "exposure_value": 0.9931140802185763, "temperature_proxy_c": 42.0, "normalized_temperature_factor": 1.0, "source_type": "derived", "source_reference": "Cached geometric shade snapshot and configured prototype temperature curve", "observed_or_estimated": "ESTIMATED", "modelled_or_interpolated": "MODELLED", "timestamp": "2026-05-15T15:00:00+05:30", "assumptions_version": "2026-10-09-prompt-5a-interventions", "computation_mode": "geometric", "shade_fraction": 0.006885919781423693, "direct_exposure_fraction": 0.9931140802185763}, "geometry": {"type": "LineString", "coordinates": [[75.8567766, 22.717323700000012], [75.8560344, 22.717306100000005]]}}, {"type": "Feature", "properties": {"segment_id": "osm-2025111022-2025111070-0", "length_m": 86.73186965555857, "canonical_time": "15:00", "exposure_value": 0.7491874006632766, "temperature_proxy_c": 42.0, "normalized_temperature_factor": 1.0, "source_type": "derived", "source_reference": "Cached geometric shade snapshot and configured prototype temperature curve", "observed_or_estimated": "ESTIMATED", "modelled_or_interpolated": "MODELLED", "timestamp": "2026-05-15T15:00:00+05:30", "assumptions_version": "2026-10-09-prompt-5a-interventions", "computation_mode": "geometric", "shade_fraction": 0.25081259933672334, "direct_exposure_fraction": 0.7491874006632766}, "geometry": {"type": "LineString", "coordinates": [[75.8567766, 22.717323700000012], [75.8568807, 22.7177305], [75.8570123, 22.718048099999994], [75.8570338, 22.7180633]]}}, {"type": "Feature", "properties": {"segment_id": "osm-2025111027-2025111033-0", "length_m": 38.520458502117876, "canonical_time": "15:00", "exposure_value": 1.0, "temperature_proxy_c": 42.0, "normalized_temperature_factor": 1.0, "source_type": "derived", "source_reference": "Cached geometric shade snapshot and configured prototype temperature curve", "observed_or_estimated": "ESTIMATED", "modelled_or_interpolated": "MODELLED", "timestamp": "2026-05-15T15:00:00+05:30", "assumptions_version": "2026-10-09-prompt-5a-interventions", "computation_mode": "geometric", "shade_fraction": 0.0, "direct_exposure_fraction": 1.0}, "geometry": {"type": "LineString", "coordinates": [[75.8580192, 22.717437099999994], [75.8583805, 22.717530499999995]]}}, {"type": "Feature", "properties": {"segment_id": "osm-2025111027-2025111048-0", "length_m": 32.36576618541515, "canonical_time": "15:00", "exposure_value": 1.0, "temperature_proxy_c": 42.0, "normalized_temperature_factor": 1.0, "source_type": "derived", "source_reference": "Cached geometric shade snapshot and configured prototype temperature curve", "observed_or_estimated": "ESTIMATED", "modelled_or_interpolated": "MODELLED", "timestamp": "2026-05-15T15:00:00+05:30", "assumptions_version": "2026-10-09-prompt-5a-interventions", "computation_mode": "geometric", "shade_fraction": 0.0, "direct_exposure_fraction": 1.0}, "geometry": {"type": "LineString", "coordinates": [[75.8580192, 22.717437099999994], [75.8579311, 22.717717799999992]]}}, {"type": "Feature", "properties": {"segment_id": "osm-2025111027-2025110993-0", "length_m": 60.7252946002347, "canonical_time": "15:00", "exposure_value": 1.0, "temperature_proxy_c": 42.0, "normalized_temperature_factor": 1.0, "source_type": "derived", "source_reference": "Cached geometric shade snapshot and configured prototype temperature curve", "observed_or_estimated": "ESTIMATED", "modelled_or_interpolated": "MODELLED", "timestamp": "2026-05-15T15:00:00+05:30", "assumptions_version": "2026-10-09-prompt-5a-interventions", "computation_mode": "geometric", "shade_fraction": 0.0, "direct_exposure_fraction": 1.0}, "geometry": {"type": "LineString", "coordinates": [[75.8580192, 22.717437099999994], [75.8581603, 22.717082299999998], [75.8581844, 22.71699569999999], [75.8581831, 22.716914799999998]]}}, {"type": "Feature", "properties": {"segment_id": "osm-2025111033-2025111027-0", "length_m": 38.520458502117876, "canonical_time": "15:00", "exposure_value": 1.0, "temperature_proxy_c": 42.0, "normalized_temperature_factor": 1.0, "source_type": "derived", "source_reference": "Cached geometric shade snapshot and configured prototype temperature curve", "observed_or_estimated": "ESTIMATED", "modelled_or_interpolated": "MODELLED", "timestamp": "2026-05-15T15:00:00+05:30", "assumptions_version": "2026-10-09-prompt-5a-interventions", "computation_mode": "geometric", "shade_fraction": 0.0, "direct_exposure_fraction": 1.0}, "geometry": {"type": "LineString", "coordinates": [[75.8583805, 22.717530499999995], [75.8580192, 22.717437099999994]]}}, {"type": "Feature", "properties": {"segment_id": "osm-2025111040-2025111048-0", "length_m": 17.576324318410204, "canonical_time": "15:00", "exposure_value": 1.0, "temperature_proxy_c": 42.0, "normalized_temperature_factor": 1.0, "source_type": "derived", "source_reference": "Cached geometric shade snapshot and configured prototype temperature curve", "observed_or_estimated": "ESTIMATED", "modelled_or_interpolated": "MODELLED", "timestamp": "2026-05-15T15:00:00+05:30", "assumptions_version": "2026-10-09-prompt-5a-interventions", "computation_mode": "geometric", "shade_fraction": 0.0, "direct_exposure_fraction": 1.0}, "geometry": {"type": "LineString", "coordinates": [[75.8577686, 22.717668], [75.8579311, 22.717717799999992]]}}, {"type": "Feature", "properties": {"segment_id": "osm-2025111040-2025111070-0", "length_m": 88.08565910306282, "canonical_time": "15:00", "exposure_value": 0.7341534620265064, "temperature_proxy_c": 42.0, "normalized_temperature_factor": 1.0, "source_type": "derived", "source_reference": "Cached geometric shade snapshot and configured prototype temperature curve", "observed_or_estimated": "ESTIMATED", "modelled_or_interpolated": "MODELLED", "timestamp": "2026-05-15T15:00:00+05:30", "assumptions_version": "2026-10-09-prompt-5a-interventions", "computation_mode": "geometric", "shade_fraction": 0.2658465379734935, "direct_exposure_fraction": 0.7341534620265064}, "geometry": {"type": "LineString", "coordinates": [[75.8577686, 22.717668], [75.8576501, 22.71776], [75.8574112, 22.717923099999993], [75.8570338, 22.7180633]]}}, {"type": "Feature", "properties": {"segment_id": "osm-2025111040-8461150029-0", "length_m": 125.32476644396613, "canonical_time": "15:00", "exposure_value": 0.7238356897659807, "temperature_proxy_c": 42.0, "normalized_temperature_factor": 1.0, "source_type": "derived", "source_reference": "Cached geometric shade snapshot and configured prototype temperature curve", "observed_or_estimated": "ESTIMATED", "modelled_or_interpolated": "MODELLED", "timestamp": "2026-05-15T15:00:00+05:30", "assumptions_version": "2026-10-09-prompt-5a-interventions", "computation_mode": "geometric", "shade_fraction": 0.27616431023401933, "direct_exposure_fraction": 0.7238356897659807}, "geometry": {"type": "LineString", "coordinates": [[75.8577686, 22.717668], [75.8577244, 22.717624199999996], [75.85768550000002, 22.717603100000005], [75.8576754, 22.7175951], [75.8576386, 22.717581500000005], [75.8575775, 22.717574099999997], [75.8575299, 22.7175735], [75.8574924, 22.71757649999999], [75.85746690000002, 22.717568499999995], [75.8574454, 22.717533199999988], [75.8573838, 22.717384199999994], [75.857361, 22.717334700000002], [75.8573288, 22.717307499999993], [75.8572483, 22.7172926], [75.857133, 22.717295099999994], [75.8570793, 22.717275299999994], [75.857023, 22.717245599999995], [75.8569801, 22.71721349999999], [75.8568916, 22.717205999999997], [75.856789, 22.7172057]]}}, {"type": "Feature", "properties": {"segment_id": "osm-2025111041-1807247763-0", "length_m": 34.58059412768449, "canonical_time": "15:00", "exposure_value": 1.0, "temperature_proxy_c": 42.0, "normalized_temperature_factor": 1.0, "source_type": "derived", "source_reference": "Cached geometric shade snapshot and configured prototype temperature curve", "observed_or_estimated": "ESTIMATED", "modelled_or_interpolated": "MODELLED", "timestamp": "2026-05-15T15:00:00+05:30", "assumptions_version": "2026-10-09-prompt-5a-interventions", "computation_mode": "geometric", "shade_fraction": 0.0, "direct_exposure_fraction": 1.0}, "geometry": {"type": "LineString", "coordinates": [[75.8585289, 22.7176706], [75.8585701, 22.717777400000003], [75.8585848, 22.717905], [75.8585841, 22.717975599999992]]}}, {"type": "Feature", "properties": {"segment_id": "osm-2025111048-2025111040-0", "length_m": 17.576324318410204, "canonical_time": "15:00", "exposure_value": 1.0, "temperature_proxy_c": 42.0, "normalized_temperature_factor": 1.0, "source_type": "derived", "source_reference": "Cached geometric shade snapshot and configured prototype temperature curve", "observed_or_estimated": "ESTIMATED", "modelled_or_interpolated": "MODELLED", "timestamp": "2026-05-15T15:00:00+05:30", "assumptions_version": "2026-10-09-prompt-5a-interventions", "computation_mode": "geometric", "shade_fraction": 0.0, "direct_exposure_fraction": 1.0}, "geometry": {"type": "LineString", "coordinates": [[75.8579311, 22.717717799999992], [75.8577686, 22.717668]]}}, {"type": "Feature", "properties": {"segment_id": "osm-2025111048-2025111027-0", "length_m": 32.36576618541515, "canonical_time": "15:00", "exposure_value": 1.0, "temperature_proxy_c": 42.0, "normalized_temperature_factor": 1.0, "source_type": "derived", "source_reference": "Cached geometric shade snapshot and configured prototype temperature curve", "observed_or_estimated": "ESTIMATED", "modelled_or_interpolated": "MODELLED", "timestamp": "2026-05-15T15:00:00+05:30", "assumptions_version": "2026-10-09-prompt-5a-interventions", "computation_mode": "geometric", "shade_fraction": 0.0, "direct_exposure_fraction": 1.0}, "geometry": {"type": "LineString", "coordinates": [[75.8579311, 22.717717799999992], [75.8580192, 22.717437099999994]]}}, {"type": "Feature", "properties": {"segment_id": "osm-2025111048-2025111104-0", "length_m": 70.25538760307887, "canonical_time": "15:00", "exposure_value": 1.0, "temperature_proxy_c": 42.0, "normalized_temperature_factor": 1.0, "source_type": "derived", "source_reference": "Cached geometric shade snapshot and configured prototype temperature curve", "observed_or_estimated": "ESTIMATED", "modelled_or_interpolated": "MODELLED", "timestamp": "2026-05-15T15:00:00+05:30", "assumptions_version": "2026-10-09-prompt-5a-interventions", "computation_mode": "geometric", "shade_fraction": 0.0, "direct_exposure_fraction": 1.0}, "geometry": {"type": "LineString", "coordinates": [[75.8579311, 22.717717799999992], [75.8578727, 22.717903799999995], [75.8577909, 22.718338099999997]]}}, {"type": "Feature", "properties": {"segment_id": "osm-2025111070-2025111104-0", "length_m": 85.50494522029618, "canonical_time": "15:00", "exposure_value": 1.0, "temperature_proxy_c": 42.0, "normalized_temperature_factor": 1.0, "source_type": "derived", "source_reference": "Cached geometric shade snapshot and configured prototype temperature curve", "observed_or_estimated": "ESTIMATED", "modelled_or_interpolated": "MODELLED", "timestamp": "2026-05-15T15:00:00+05:30", "assumptions_version": "2026-10-09-prompt-5a-interventions", "computation_mode": "geometric", "shade_fraction": 0.0, "direct_exposure_fraction": 1.0}, "geometry": {"type": "LineString", "coordinates": [[75.8570338, 22.7180633], [75.8572776, 22.718237199999997], [75.8575429, 22.71829799999999], [75.8577909, 22.718338099999997]]}}, {"type": "Feature", "properties": {"segment_id": "osm-2025111070-2025111022-0", "length_m": 86.73186965555857, "canonical_time": "15:00", "exposure_value": 0.7491874006632766, "temperature_proxy_c": 42.0, "normalized_temperature_factor": 1.0, "source_type": "derived", "source_reference": "Cached geometric shade snapshot and configured prototype temperature curve", "observed_or_estimated": "ESTIMATED", "modelled_or_interpolated": "MODELLED", "timestamp": "2026-05-15T15:00:00+05:30", "assumptions_version": "2026-10-09-prompt-5a-interventions", "computation_mode": "geometric", "shade_fraction": 0.2508125993367234, "direct_exposure_fraction": 0.7491874006632766}, "geometry": {"type": "LineString", "coordinates": [[75.8570338, 22.7180633], [75.8570123, 22.718048099999994], [75.8568807, 22.7177305], [75.8567766, 22.717323700000012]]}}, {"type": "Feature", "properties": {"segment_id": "osm-2025111070-2025111115-0", "length_m": 76.76556787360417, "canonical_time": "15:00", "exposure_value": 1.0, "temperature_proxy_c": 42.0, "normalized_temperature_factor": 1.0, "source_type": "derived", "source_reference": "Cached geometric shade snapshot and configured prototype temperature curve", "observed_or_estimated": "ESTIMATED", "modelled_or_interpolated": "MODELLED", "timestamp": "2026-05-15T15:00:00+05:30", "assumptions_version": "2026-10-09-prompt-5a-interventions", "computation_mode": "geometric", "shade_fraction": 0.0, "direct_exposure_fraction": 1.0}, "geometry": {"type": "LineString", "coordinates": [[75.8570338, 22.7180633], [75.8567471, 22.718198999999995], [75.8565608, 22.71834829999999], [75.8564481, 22.71847779999999]]}}, {"type": "Feature", "properties": {"segment_id": "osm-2025111070-2025111040-0", "length_m": 88.08565910306282, "canonical_time": "15:00", "exposure_value": 0.7341534620265066, "temperature_proxy_c": 42.0, "normalized_temperature_factor": 1.0, "source_type": "derived", "source_reference": "Cached geometric shade snapshot and configured prototype temperature curve", "observed_or_estimated": "ESTIMATED", "modelled_or_interpolated": "MODELLED", "timestamp": "2026-05-15T15:00:00+05:30", "assumptions_version": "2026-10-09-prompt-5a-interventions", "computation_mode": "geometric", "shade_fraction": 0.26584653797349345, "direct_exposure_fraction": 0.7341534620265066}, "geometry": {"type": "LineString", "coordinates": [[75.8570338, 22.7180633], [75.8574112, 22.717923099999993], [75.8576501, 22.71776], [75.8577686, 22.717668]]}}, {"type": "Feature", "properties": {"segment_id": "osm-2025111077-8478005594-0", "length_m": 11.532106337348383, "canonical_time": "15:00", "exposure_value": 1.0, "temperature_proxy_c": 42.0, "normalized_temperature_factor": 1.0, "source_type": "derived", "source_reference": "Cached geometric shade snapshot and configured prototype temperature curve", "observed_or_estimated": "ESTIMATED", "modelled_or_interpolated": "MODELLED", "timestamp": "2026-05-15T15:00:00+05:30", "assumptions_version": "2026-10-09-prompt-5a-interventions", "computation_mode": "geometric", "shade_fraction": 0.0, "direct_exposure_fraction": 1.0}, "geometry": {"type": "LineString", "coordinates": [[75.8594116, 22.718086399999997], [75.8595227, 22.71810149999999]]}}, {"type": "Feature", "properties": {"segment_id": "osm-2025111077-9526164258-0", "length_m": 94.47853289958583, "canonical_time": "15:00", "exposure_value": 1.0, "temperature_proxy_c": 42.0, "normalized_temperature_factor": 1.0, "source_type": "derived", "source_reference": "Cached geometric shade snapshot and configured prototype temperature curve", "observed_or_estimated": "ESTIMATED", "modelled_or_interpolated": "MODELLED", "timestamp": "2026-05-15T15:00:00+05:30", "assumptions_version": "2026-10-09-prompt-5a-interventions", "computation_mode": "geometric", "shade_fraction": 0.0, "direct_exposure_fraction": 1.0}, "geometry": {"type": "LineString", "coordinates": [[75.8594116, 22.718086399999997], [75.85941750000002, 22.7181602], [75.859307, 22.718422600000004], [75.8591833, 22.71871949999999], [75.8590843, 22.718873600000006]]}}, {"type": "Feature", "properties": {"segment_id": "osm-2025111077-11153056521-0", "length_m": 169.86619012318218, "canonical_time": "15:00", "exposure_value": 1.0, "temperature_proxy_c": 42.0, "normalized_temperature_factor": 1.0, "source_type": "derived", "source_reference": "Cached geometric shade snapshot and configured prototype temperature curve", "observed_or_estimated": "ESTIMATED", "modelled_or_interpolated": "MODELLED", "timestamp": "2026-05-15T15:00:00+05:30", "assumptions_version": "2026-10-09-prompt-5a-interventions", "computation_mode": "geometric", "shade_fraction": 0.0, "direct_exposure_fraction": 1.0}, "geometry": {"type": "LineString", "coordinates": [[75.8594116, 22.718086399999997], [75.859394, 22.71786809999999], [75.8593659, 22.71755429999999], [75.859394, 22.717312], [75.85961, 22.716635099999994], [75.8596493, 22.7165995]]}}, {"type": "Feature", "properties": {"segment_id": "osm-2025111077-1807247763-0", "length_m": 85.87014519881586, "canonical_time": "15:00", "exposure_value": 1.0, "temperature_proxy_c": 42.0, "normalized_temperature_factor": 1.0, "source_type": "derived", "source_reference": "Cached geometric shade snapshot and configured prototype temperature curve", "observed_or_estimated": "ESTIMATED", "modelled_or_interpolated": "MODELLED", "timestamp": "2026-05-15T15:00:00+05:30", "assumptions_version": "2026-10-09-prompt-5a-interventions", "computation_mode": "geometric", "shade_fraction": 0.0, "direct_exposure_fraction": 1.0}, "geometry": {"type": "LineString", "coordinates": [[75.8594116, 22.718086399999997], [75.8592201, 22.7180634], [75.8591601, 22.7180551], [75.8585841, 22.717975599999992]]}}, {"type": "Feature", "properties": {"segment_id": "osm-2025111085-8461059601-0", "length_m": 10.301660296671853, "canonical_time": "15:00", "exposure_value": 1.0, "temperature_proxy_c": 42.0, "normalized_temperature_factor": 1.0, "source_type": "derived", "source_reference": "Cached geometric shade snapshot and configured prototype temperature curve", "observed_or_estimated": "ESTIMATED", "modelled_or_interpolated": "MODELLED", "timestamp": "2026-05-15T15:00:00+05:30", "assumptions_version": "2026-10-09-prompt-5a-interventions", "computation_mode": "geometric", "shade_fraction": 0.0, "direct_exposure_fraction": 1.0}, "geometry": {"type": "LineString", "coordinates": [[75.85593460000001, 22.718258399999996], [75.8558428, 22.718295900000005]]}}, {"type": "Feature", "properties": {"segment_id": "osm-2025111085-2025111019-0", "length_m": 105.92275012556834, "canonical_time": "15:00", "exposure_value": 0.1909990007294342, "temperature_proxy_c": 42.0, "normalized_temperature_factor": 1.0, "source_type": "derived", "source_reference": "Cached geometric shade snapshot and configured prototype temperature curve", "observed_or_estimated": "ESTIMATED", "modelled_or_interpolated": "MODELLED", "timestamp": "2026-05-15T15:00:00+05:30", "assumptions_version": "2026-10-09-prompt-5a-interventions", "computation_mode": "geometric", "shade_fraction": 0.8090009992705658, "direct_exposure_fraction": 0.1909990007294342}, "geometry": {"type": "LineString", "coordinates": [[75.85593460000001, 22.718258399999996], [75.8560344, 22.717306100000005]]}}, {"type": "Feature", "properties": {"segment_id": "osm-2025111085-2025111115-0", "length_m": 60.95309540018513, "canonical_time": "15:00", "exposure_value": 1.0, "temperature_proxy_c": 42.0, "normalized_temperature_factor": 1.0, "source_type": "derived", "source_reference": "Cached geometric shade snapshot and configured prototype temperature curve", "observed_or_estimated": "ESTIMATED", "modelled_or_interpolated": "MODELLED", "timestamp": "2026-05-15T15:00:00+05:30", "assumptions_version": "2026-10-09-prompt-5a-interventions", "computation_mode": "geometric", "shade_fraction": 0.0, "direct_exposure_fraction": 1.0}, "geometry": {"type": "LineString", "coordinates": [[75.85593460000001, 22.718258399999996], [75.8561011, 22.7182511], [75.8562309, 22.718311900000003], [75.8563607, 22.718414199999994], [75.8564481, 22.71847779999999]]}}, {"type": "Feature", "properties": {"segment_id": "osm-2025111095-8478005594-0", "length_m": 33.03911403206349, "canonical_time": "15:00", "exposure_value": 1.0, "temperature_proxy_c": 42.0, "normalized_temperature_factor": 1.0, "source_type": "derived", "source_reference": "Cached geometric shade snapshot and configured prototype temperature curve", "observed_or_estimated": "ESTIMATED", "modelled_or_interpolated": "MODELLED", "timestamp": "2026-05-15T15:00:00+05:30", "assumptions_version": "2026-10-09-prompt-5a-interventions", "computation_mode": "geometric", "shade_fraction": 0.0, "direct_exposure_fraction": 1.0}, "geometry": {"type": "LineString", "coordinates": [[75.8594424, 22.7183844], [75.8595256, 22.7182], [75.8595227, 22.71810149999999]]}}, {"type": "Feature", "properties": {"segment_id": "osm-2025111095-2025020069-0", "length_m": 61.10699725476254, "canonical_time": "15:00", "exposure_value": 1.0, "temperature_proxy_c": 42.0, "normalized_temperature_factor": 1.0, "source_type": "derived", "source_reference": "Cached geometric shade snapshot and configured prototype temperature curve", "observed_or_estimated": "ESTIMATED", "modelled_or_interpolated": "MODELLED", "timestamp": "2026-05-15T15:00:00+05:30", "assumptions_version": "2026-10-09-prompt-5a-interventions", "computation_mode": "geometric", "shade_fraction": 0.0, "direct_exposure_fraction": 1.0}, "geometry": {"type": "LineString", "coordinates": [[75.8594424, 22.7183844], [75.8594098, 22.718459800000005], [75.8593047, 22.7187279], [75.8592866, 22.718779199999997], [75.8592568, 22.7188365], [75.859207, 22.718886200000007]]}}, {"type": "Feature", "properties": {"segment_id": "osm-2025111104-2025111070-0", "length_m": 85.50494522029618, "canonical_time": "15:00", "exposure_value": 1.0, "temperature_proxy_c": 42.0, "normalized_temperature_factor": 1.0, "source_type": "derived", "source_reference": "Cached geometric shade snapshot and configured prototype temperature curve", "observed_or_estimated": "ESTIMATED", "modelled_or_interpolated": "MODELLED", "timestamp": "2026-05-15T15:00:00+05:30", "assumptions_version": "2026-10-09-prompt-5a-interventions", "computation_mode": "geometric", "shade_fraction": 0.0, "direct_exposure_fraction": 1.0}, "geometry": {"type": "LineString", "coordinates": [[75.8577909, 22.718338099999997], [75.8575429, 22.71829799999999], [75.8572776, 22.718237199999997], [75.8570338, 22.7180633]]}}, {"type": "Feature", "properties": {"segment_id": "osm-2025111104-2025111134-0", "length_m": 66.46549691685195, "canonical_time": "15:00", "exposure_value": 1.0, "temperature_proxy_c": 42.0, "normalized_temperature_factor": 1.0, "source_type": "derived", "source_reference": "Cached geometric shade snapshot and configured prototype temperature curve", "observed_or_estimated": "ESTIMATED", "modelled_or_interpolated": "MODELLED", "timestamp": "2026-05-15T15:00:00+05:30", "assumptions_version": "2026-10-09-prompt-5a-interventions", "computation_mode": "geometric", "shade_fraction": 0.0, "direct_exposure_fraction": 1.0}, "geometry": {"type": "LineString", "coordinates": [[75.8577909, 22.718338099999997], [75.8577805, 22.71839320000001], [75.8576361, 22.718920899999993]]}}, {"type": "Feature", "properties": {"segment_id": "osm-2025111104-2025111048-0", "length_m": 70.25538760307887, "canonical_time": "15:00", "exposure_value": 1.0, "temperature_proxy_c": 42.0, "normalized_temperature_factor": 1.0, "source_type": "derived", "source_reference": "Cached geometric shade snapshot and configured prototype temperature curve", "observed_or_estimated": "ESTIMATED", "modelled_or_interpolated": "MODELLED", "timestamp": "2026-05-15T15:00:00+05:30", "assumptions_version": "2026-10-09-prompt-5a-interventions", "computation_mode": "geometric", "shade_fraction": 0.0, "direct_exposure_fraction": 1.0}, "geometry": {"type": "LineString", "coordinates": [[75.8577909, 22.718338099999997], [75.8578727, 22.717903799999995], [75.8579311, 22.717717799999992]]}}, {"type": "Feature", "properties": {"segment_id": "osm-2025111115-8461150044-0", "length_m": 30.596716781290766, "canonical_time": "15:00", "exposure_value": 1.0, "temperature_proxy_c": 42.0, "normalized_temperature_factor": 1.0, "source_type": "derived", "source_reference": "Cached geometric shade snapshot and configured prototype temperature curve", "observed_or_estimated": "ESTIMATED", "modelled_or_interpolated": "MODELLED", "timestamp": "2026-05-15T15:00:00+05:30", "assumptions_version": "2026-10-09-prompt-5a-interventions", "computation_mode": "geometric", "shade_fraction": 0.0, "direct_exposure_fraction": 1.0}, "geometry": {"type": "LineString", "coordinates": [[75.8564481, 22.71847779999999], [75.856292, 22.718713199999996]]}}, {"type": "Feature", "properties": {"segment_id": "osm-2025111115-2025111085-0", "length_m": 60.953095400185134, "canonical_time": "15:00", "exposure_value": 1.0, "temperature_proxy_c": 42.0, "normalized_temperature_factor": 1.0, "source_type": "derived", "source_reference": "Cached geometric shade snapshot and configured prototype temperature curve", "observed_or_estimated": "ESTIMATED", "modelled_or_interpolated": "MODELLED", "timestamp": "2026-05-15T15:00:00+05:30", "assumptions_version": "2026-10-09-prompt-5a-interventions", "computation_mode": "geometric", "shade_fraction": 0.0, "direct_exposure_fraction": 1.0}, "geometry": {"type": "LineString", "coordinates": [[75.8564481, 22.71847779999999], [75.8563607, 22.718414199999994], [75.8562309, 22.718311900000003], [75.8561011, 22.7182511], [75.85593460000001, 22.718258399999996]]}}, {"type": "Feature", "properties": {"segment_id": "osm-2025111115-2025111134-0", "length_m": 136.47223437141238, "canonical_time": "15:00", "exposure_value": 1.0, "temperature_proxy_c": 42.0, "normalized_temperature_factor": 1.0, "source_type": "derived", "source_reference": "Cached geometric shade snapshot and configured prototype temperature curve", "observed_or_estimated": "ESTIMATED", "modelled_or_interpolated": "MODELLED", "timestamp": "2026-05-15T15:00:00+05:30", "assumptions_version": "2026-10-09-prompt-5a-interventions", "computation_mode": "geometric", "shade_fraction": 0.0, "direct_exposure_fraction": 1.0}, "geometry": {"type": "LineString", "coordinates": [[75.8564481, 22.71847779999999], [75.8567182, 22.718674499999995], [75.8568912, 22.718738700000003], [75.8570379, 22.7187578], [75.8572637, 22.7187595], [75.8574518, 22.718790799999997], [75.8575703, 22.718854999999994], [75.8576361, 22.718920899999993]]}}, {"type": "Feature", "properties": {"segment_id": "osm-2025111115-2025111070-0", "length_m": 76.76556787360417, "canonical_time": "15:00", "exposure_value": 1.0, "temperature_proxy_c": 42.0, "normalized_temperature_factor": 1.0, "source_type": "derived", "source_reference": "Cached geometric shade snapshot and configured prototype temperature curve", "observed_or_estimated": "ESTIMATED", "modelled_or_interpolated": "MODELLED", "timestamp": "2026-05-15T15:00:00+05:30", "assumptions_version": "2026-10-09-prompt-5a-interventions", "computation_mode": "geometric", "shade_fraction": 0.0, "direct_exposure_fraction": 1.0}, "geometry": {"type": "LineString", "coordinates": [[75.8564481, 22.71847779999999], [75.8565608, 22.71834829999999], [75.8567471, 22.718198999999995], [75.8570338, 22.7180633]]}}, {"type": "Feature", "properties": {"segment_id": "osm-2025111132-2025020058-0", "length_m": 12.624050488228187, "canonical_time": "15:00", "exposure_value": 1.0, "temperature_proxy_c": 42.0, "normalized_temperature_factor": 1.0, "source_type": "derived", "source_reference": "Cached geometric shade snapshot and configured prototype temperature curve", "observed_or_estimated": "ESTIMATED", "modelled_or_interpolated": "MODELLED", "timestamp": "2026-05-15T15:00:00+05:30", "assumptions_version": "2026-10-09-prompt-5a-interventions", "computation_mode": "geometric", "shade_fraction": 0.0, "direct_exposure_fraction": 1.0}, "geometry": {"type": "LineString", "coordinates": [[75.8557141, 22.7188909], [75.8557865, 22.718879199999996], [75.8558247, 22.7188501]]}}, {"type": "Feature", "properties": {"segment_id": "osm-2025111132-2025020055-0", "length_m": 32.32487256802033, "canonical_time": "15:00", "exposure_value": 1.0, "temperature_proxy_c": 42.0, "normalized_temperature_factor": 1.0, "source_type": "derived", "source_reference": "Cached geometric shade snapshot and configured prototype temperature curve", "observed_or_estimated": "ESTIMATED", "modelled_or_interpolated": "MODELLED", "timestamp": "2026-05-15T15:00:00+05:30", "assumptions_version": "2026-10-09-prompt-5a-interventions", "computation_mode": "geometric", "shade_fraction": 0.0, "direct_exposure_fraction": 1.0}, "geometry": {"type": "LineString", "coordinates": [[75.8557141, 22.7188909], [75.8556644, 22.718887600000002], [75.8554968, 22.718852599999995], [75.8554687, 22.718845099999992], [75.855415, 22.71881299999999]]}}, {"type": "Feature", "properties": {"segment_id": "osm-2025111132-8460457257-0", "length_m": 40.361463507178215, "canonical_time": "15:00", "exposure_value": 0.8558117469862523, "temperature_proxy_c": 42.0, "normalized_temperature_factor": 1.0, "source_type": "derived", "source_reference": "Cached geometric shade snapshot and configured prototype temperature curve", "observed_or_estimated": "ESTIMATED", "modelled_or_interpolated": "MODELLED", "timestamp": "2026-05-15T15:00:00+05:30", "assumptions_version": "2026-10-09-prompt-5a-interventions", "computation_mode": "geometric", "shade_fraction": 0.14418825301374777, "direct_exposure_fraction": 0.8558117469862523}, "geometry": {"type": "LineString", "coordinates": [[75.8557141, 22.7188909], [75.855742, 22.7189891], [75.8557516, 22.719040600000007], [75.855744, 22.7191005], [75.8557288, 22.7191507], [75.855682, 22.719238900000008]]}}, {"type": "Feature", "properties": {"segment_id": "osm-2025111134-2025111115-0", "length_m": 136.4722343714124, "canonical_time": "15:00", "exposure_value": 1.0, "temperature_proxy_c": 42.0, "normalized_temperature_factor": 1.0, "source_type": "derived", "source_reference": "Cached geometric shade snapshot and configured prototype temperature curve", "observed_or_estimated": "ESTIMATED", "modelled_or_interpolated": "MODELLED", "timestamp": "2026-05-15T15:00:00+05:30", "assumptions_version": "2026-10-09-prompt-5a-interventions", "computation_mode": "geometric", "shade_fraction": 0.0, "direct_exposure_fraction": 1.0}, "geometry": {"type": "LineString", "coordinates": [[75.8576361, 22.718920899999993], [75.8575703, 22.718854999999994], [75.8574518, 22.718790799999997], [75.8572637, 22.7187595], [75.8570379, 22.7187578], [75.8568912, 22.718738700000003], [75.8567182, 22.718674499999995], [75.8564481, 22.71847779999999]]}}, {"type": "Feature", "properties": {"segment_id": "osm-2025111134-8461125325-0", "length_m": 47.99335243213983, "canonical_time": "15:00", "exposure_value": 1.0, "temperature_proxy_c": 42.0, "normalized_temperature_factor": 1.0, "source_type": "derived", "source_reference": "Cached geometric shade snapshot and configured prototype temperature curve", "observed_or_estimated": "ESTIMATED", "modelled_or_interpolated": "MODELLED", "timestamp": "2026-05-15T15:00:00+05:30", "assumptions_version": "2026-10-09-prompt-5a-interventions", "computation_mode": "geometric", "shade_fraction": 0.0, "direct_exposure_fraction": 1.0}, "geometry": {"type": "LineString", "coordinates": [[75.8576361, 22.718920899999993], [75.8576474, 22.7191725], [75.8576468, 22.7193542]]}}, {"type": "Feature", "properties": {"segment_id": "osm-2025111134-2025111104-0", "length_m": 66.46549691685195, "canonical_time": "15:00", "exposure_value": 1.0, "temperature_proxy_c": 42.0, "normalized_temperature_factor": 1.0, "source_type": "derived", "source_reference": "Cached geometric shade snapshot and configured prototype temperature curve", "observed_or_estimated": "ESTIMATED", "modelled_or_interpolated": "MODELLED", "timestamp": "2026-05-15T15:00:00+05:30", "assumptions_version": "2026-10-09-prompt-5a-interventions", "computation_mode": "geometric", "shade_fraction": 0.0, "direct_exposure_fraction": 1.0}, "geometry": {"type": "LineString", "coordinates": [[75.8576361, 22.718920899999993], [75.8577805, 22.71839320000001], [75.8577909, 22.718338099999997]]}}, {"type": "Feature", "properties": {"segment_id": "osm-2025111137-2025020058-0", "length_m": 32.91652656075929, "canonical_time": "15:00", "exposure_value": 1.0, "temperature_proxy_c": 42.0, "normalized_temperature_factor": 1.0, "source_type": "derived", "source_reference": "Cached geometric shade snapshot and configured prototype temperature curve", "observed_or_estimated": "ESTIMATED", "modelled_or_interpolated": "MODELLED", "timestamp": "2026-05-15T15:00:00+05:30", "assumptions_version": "2026-10-09-prompt-5a-interventions", "computation_mode": "geometric", "shade_fraction": 0.0, "direct_exposure_fraction": 1.0}, "geometry": {"type": "LineString", "coordinates": [[75.8561067, 22.7189914], [75.8558247, 22.7188501]]}}, {"type": "Feature", "properties": {"segment_id": "osm-2025111137-8461150044-0", "length_m": 36.203836875779935, "canonical_time": "15:00", "exposure_value": 1.0, "temperature_proxy_c": 42.0, "normalized_temperature_factor": 1.0, "source_type": "derived", "source_reference": "Cached geometric shade snapshot and configured prototype temperature curve", "observed_or_estimated": "ESTIMATED", "modelled_or_interpolated": "MODELLED", "timestamp": "2026-05-15T15:00:00+05:30", "assumptions_version": "2026-10-09-prompt-5a-interventions", "computation_mode": "geometric", "shade_fraction": 0.0, "direct_exposure_fraction": 1.0}, "geometry": {"type": "LineString", "coordinates": [[75.8561067, 22.7189914], [75.856292, 22.718713199999996]]}}, {"type": "Feature", "properties": {"segment_id": "osm-2025111137-2025111142-0", "length_m": 23.52022650572365, "canonical_time": "15:00", "exposure_value": 1.0, "temperature_proxy_c": 42.0, "normalized_temperature_factor": 1.0, "source_type": "derived", "source_reference": "Cached geometric shade snapshot and configured prototype temperature curve", "observed_or_estimated": "ESTIMATED", "modelled_or_interpolated": "MODELLED", "timestamp": "2026-05-15T15:00:00+05:30", "assumptions_version": "2026-10-09-prompt-5a-interventions", "computation_mode": "geometric", "shade_fraction": 0.0, "direct_exposure_fraction": 1.0}, "geometry": {"type": "LineString", "coordinates": [[75.8561067, 22.7189914], [75.8561595, 22.719016799999988], [75.8563147, 22.7190801]]}}, {"type": "Feature", "properties": {"segment_id": "osm-2025111142-2025111157-0", "length_m": 86.26222992009136, "canonical_time": "15:00", "exposure_value": 1.0, "temperature_proxy_c": 42.0, "normalized_temperature_factor": 1.0, "source_type": "derived", "source_reference": "Cached geometric shade snapshot and configured prototype temperature curve", "observed_or_estimated": "ESTIMATED", "modelled_or_interpolated": "MODELLED", "timestamp": "2026-05-15T15:00:00+05:30", "assumptions_version": "2026-10-09-prompt-5a-interventions", "computation_mode": "geometric", "shade_fraction": 0.0, "direct_exposure_fraction": 1.0}, "geometry": {"type": "LineString", "coordinates": [[75.8563147, 22.7190801], [75.8565985, 22.719195899999995], [75.8571006, 22.719352999999998]]}}, {"type": "Feature", "properties": {"segment_id": "osm-2025111142-2025111137-0", "length_m": 23.52022650572365, "canonical_time": "15:00", "exposure_value": 1.0, "temperature_proxy_c": 42.0, "normalized_temperature_factor": 1.0, "source_type": "derived", "source_reference": "Cached geometric shade snapshot and configured prototype temperature curve", "observed_or_estimated": "ESTIMATED", "modelled_or_interpolated": "MODELLED", "timestamp": "2026-05-15T15:00:00+05:30", "assumptions_version": "2026-10-09-prompt-5a-interventions", "computation_mode": "geometric", "shade_fraction": 0.0, "direct_exposure_fraction": 1.0}, "geometry": {"type": "LineString", "coordinates": [[75.8563147, 22.7190801], [75.8561595, 22.719016799999988], [75.8561067, 22.7189914]]}}, {"type": "Feature", "properties": {"segment_id": "osm-2025111142-8460457256-0", "length_m": 48.374405967986775, "canonical_time": "15:00", "exposure_value": 0.4130890428475358, "temperature_proxy_c": 42.0, "normalized_temperature_factor": 1.0, "source_type": "derived", "source_reference": "Cached geometric shade snapshot and configured prototype temperature curve", "observed_or_estimated": "ESTIMATED", "modelled_or_interpolated": "MODELLED", "timestamp": "2026-05-15T15:00:00+05:30", "assumptions_version": "2026-10-09-prompt-5a-interventions", "computation_mode": "geometric", "shade_fraction": 0.5869109571524642, "direct_exposure_fraction": 0.4130890428475358}, "geometry": {"type": "LineString", "coordinates": [[75.8563147, 22.7190801], [75.8562256, 22.719350999999993], [75.8561581, 22.719491399999995]]}}, {"type": "Feature", "properties": {"segment_id": "osm-2025111157-2025111163-0", "length_m": 58.19774678303126, "canonical_time": "15:00", "exposure_value": 1.0, "temperature_proxy_c": 42.0, "normalized_temperature_factor": 1.0, "source_type": "derived", "source_reference": "Cached geometric shade snapshot and configured prototype temperature curve", "observed_or_estimated": "ESTIMATED", "modelled_or_interpolated": "MODELLED", "timestamp": "2026-05-15T15:00:00+05:30", "assumptions_version": "2026-10-09-prompt-5a-interventions", "computation_mode": "geometric", "shade_fraction": 0.0, "direct_exposure_fraction": 1.0}, "geometry": {"type": "LineString", "coordinates": [[75.8571006, 22.719352999999998], [75.8573184, 22.719427499999995], [75.8576325, 22.719534299999996]]}}, {"type": "Feature", "properties": {"segment_id": "osm-2025111157-2025111142-0", "length_m": 86.26222992009136, "canonical_time": "15:00", "exposure_value": 1.0, "temperature_proxy_c": 42.0, "normalized_temperature_factor": 1.0, "source_type": "derived", "source_reference": "Cached geometric shade snapshot and configured prototype temperature curve", "observed_or_estimated": "ESTIMATED", "modelled_or_interpolated": "MODELLED", "timestamp": "2026-05-15T15:00:00+05:30", "assumptions_version": "2026-10-09-prompt-5a-interventions", "computation_mode": "geometric", "shade_fraction": 0.0, "direct_exposure_fraction": 1.0}, "geometry": {"type": "LineString", "coordinates": [[75.8571006, 22.719352999999998], [75.8565985, 22.719195899999995], [75.8563147, 22.7190801]]}}, {"type": "Feature", "properties": {"segment_id": "osm-2025111157-2025111180-0", "length_m": 44.0826582047596, "canonical_time": "15:00", "exposure_value": 0.2813199961673669, "temperature_proxy_c": 42.0, "normalized_temperature_factor": 1.0, "source_type": "derived", "source_reference": "Cached geometric shade snapshot and configured prototype temperature curve", "observed_or_estimated": "ESTIMATED", "modelled_or_interpolated": "MODELLED", "timestamp": "2026-05-15T15:00:00+05:30", "assumptions_version": "2026-10-09-prompt-5a-interventions", "computation_mode": "geometric", "shade_fraction": 0.7186800038326331, "direct_exposure_fraction": 0.2813199961673669}, "geometry": {"type": "LineString", "coordinates": [[75.8571006, 22.719352999999998], [75.8570297, 22.7195051], [75.8569889, 22.71959269999999], [75.8569799, 22.7197295]]}}, {"type": "Feature", "properties": {"segment_id": "osm-2025111163-2025111171-0", "length_m": 9.009109105296577, "canonical_time": "15:00", "exposure_value": 1.0, "temperature_proxy_c": 42.0, "normalized_temperature_factor": 1.0, "source_type": "derived", "source_reference": "Cached geometric shade snapshot and configured prototype temperature curve", "observed_or_estimated": "ESTIMATED", "modelled_or_interpolated": "MODELLED", "timestamp": "2026-05-15T15:00:00+05:30", "assumptions_version": "2026-10-09-prompt-5a-interventions", "computation_mode": "geometric", "shade_fraction": 0.0, "direct_exposure_fraction": 1.0}, "geometry": {"type": "LineString", "coordinates": [[75.8576325, 22.719534299999996], [75.8577065, 22.719578]]}}, {"type": "Feature", "properties": {"segment_id": "osm-2025111163-2025111157-0", "length_m": 58.19774678303126, "canonical_time": "15:00", "exposure_value": 1.0, "temperature_proxy_c": 42.0, "normalized_temperature_factor": 1.0, "source_type": "derived", "source_reference": "Cached geometric shade snapshot and configured prototype temperature curve", "observed_or_estimated": "ESTIMATED", "modelled_or_interpolated": "MODELLED", "timestamp": "2026-05-15T15:00:00+05:30", "assumptions_version": "2026-10-09-prompt-5a-interventions", "computation_mode": "geometric", "shade_fraction": 0.0, "direct_exposure_fraction": 1.0}, "geometry": {"type": "LineString", "coordinates": [[75.8576325, 22.719534299999996], [75.8573184, 22.719427499999995], [75.8571006, 22.719352999999998]]}}, {"type": "Feature", "properties": {"segment_id": "osm-2025111163-8461125325-0", "length_m": 21.329198377571448, "canonical_time": "15:00", "exposure_value": 1.0, "temperature_proxy_c": 42.0, "normalized_temperature_factor": 1.0, "source_type": "derived", "source_reference": "Cached geometric shade snapshot and configured prototype temperature curve", "observed_or_estimated": "ESTIMATED", "modelled_or_interpolated": "MODELLED", "timestamp": "2026-05-15T15:00:00+05:30", "assumptions_version": "2026-10-09-prompt-5a-interventions", "computation_mode": "geometric", "shade_fraction": 0.0, "direct_exposure_fraction": 1.0}, "geometry": {"type": "LineString", "coordinates": [[75.8576325, 22.719534299999996], [75.8576112, 22.71946139999999], [75.8576092, 22.719410699999997], [75.8576468, 22.7193542]]}}, {"type": "Feature", "properties": {"segment_id": "osm-2025111171-2025111163-0", "length_m": 9.009109105296577, "canonical_time": "15:00", "exposure_value": 1.0, "temperature_proxy_c": 42.0, "normalized_temperature_factor": 1.0, "source_type": "derived", "source_reference": "Cached geometric shade snapshot and configured prototype temperature curve", "observed_or_estimated": "ESTIMATED", "modelled_or_interpolated": "MODELLED", "timestamp": "2026-05-15T15:00:00+05:30", "assumptions_version": "2026-10-09-prompt-5a-interventions", "computation_mode": "geometric", "shade_fraction": 0.0, "direct_exposure_fraction": 1.0}, "geometry": {"type": "LineString", "coordinates": [[75.8577065, 22.719578], [75.8576325, 22.719534299999996]]}}, {"type": "Feature", "properties": {"segment_id": "osm-2025111171-8460393366-0", "length_m": 98.83022985242069, "canonical_time": "15:00", "exposure_value": 0.6231375553812218, "temperature_proxy_c": 42.0, "normalized_temperature_factor": 1.0, "source_type": "derived", "source_reference": "Cached geometric shade snapshot and configured prototype temperature curve", "observed_or_estimated": "ESTIMATED", "modelled_or_interpolated": "MODELLED", "timestamp": "2026-05-15T15:00:00+05:30", "assumptions_version": "2026-10-09-prompt-5a-interventions", "computation_mode": "geometric", "shade_fraction": 0.37686244461877816, "direct_exposure_fraction": 0.6231375553812218}, "geometry": {"type": "LineString", "coordinates": [[75.8577065, 22.719578], [75.8575918, 22.719895199999993], [75.8575429, 22.7203012], [75.8575363, 22.720450700000008]]}}, {"type": "Feature", "properties": {"segment_id": "osm-2025111171-8461125322-0", "length_m": 86.98265431737548, "canonical_time": "15:00", "exposure_value": 1.0, "temperature_proxy_c": 42.0, "normalized_temperature_factor": 1.0, "source_type": "derived", "source_reference": "Cached geometric shade snapshot and configured prototype temperature curve", "observed_or_estimated": "ESTIMATED", "modelled_or_interpolated": "MODELLED", "timestamp": "2026-05-15T15:00:00+05:30", "assumptions_version": "2026-10-09-prompt-5a-interventions", "computation_mode": "geometric", "shade_fraction": 0.0, "direct_exposure_fraction": 1.0}, "geometry": {"type": "LineString", "coordinates": [[75.8577065, 22.719578], [75.8578442, 22.719630899999995], [75.8583711, 22.71980930000001], [75.8584965, 22.7198605]]}}, {"type": "Feature", "properties": {"segment_id": "osm-2025111179-8460457262-0", "length_m": 23.78841087333602, "canonical_time": "15:00", "exposure_value": 0.0010613828854570961, "temperature_proxy_c": 42.0, "normalized_temperature_factor": 1.0, "source_type": "derived", "source_reference": "Cached geometric shade snapshot and configured prototype temperature curve", "observed_or_estimated": "ESTIMATED", "modelled_or_interpolated": "MODELLED", "timestamp": "2026-05-15T15:00:00+05:30", "assumptions_version": "2026-10-09-prompt-5a-interventions", "computation_mode": "geometric", "shade_fraction": 0.9989386171145429, "direct_exposure_fraction": 0.0010613828854570961}, "geometry": {"type": "LineString", "coordinates": [[75.8560358, 22.7197012], [75.8559144, 22.719884199999992]]}}, {"type": "Feature", "properties": {"segment_id": "osm-2025111179-2025111180-0", "length_m": 97.29622616544603, "canonical_time": "15:00", "exposure_value": 0.9829867442855346, "temperature_proxy_c": 42.0, "normalized_temperature_factor": 1.0, "source_type": "derived", "source_reference": "Cached geometric shade snapshot and configured prototype temperature curve", "observed_or_estimated": "ESTIMATED", "modelled_or_interpolated": "MODELLED", "timestamp": "2026-05-15T15:00:00+05:30", "assumptions_version": "2026-10-09-prompt-5a-interventions", "computation_mode": "geometric", "shade_fraction": 0.01701325571446542, "direct_exposure_fraction": 0.9829867442855346}, "geometry": {"type": "LineString", "coordinates": [[75.8560358, 22.7197012], [75.85619060000002, 22.7197248], [75.8562542, 22.7197361], [75.8569799, 22.7197295]]}}, {"type": "Feature", "properties": {"segment_id": "osm-2025111179-8460457256-0", "length_m": 26.46070939739643, "canonical_time": "15:00", "exposure_value": 0.05681577719221054, "temperature_proxy_c": 42.0, "normalized_temperature_factor": 1.0, "source_type": "derived", "source_reference": "Cached geometric shade snapshot and configured prototype temperature curve", "observed_or_estimated": "ESTIMATED", "modelled_or_interpolated": "MODELLED", "timestamp": "2026-05-15T15:00:00+05:30", "assumptions_version": "2026-10-09-prompt-5a-interventions", "computation_mode": "geometric", "shade_fraction": 0.9431842228077895, "direct_exposure_fraction": 0.05681577719221054}, "geometry": {"type": "LineString", "coordinates": [[75.8560358, 22.7197012], [75.8561134, 22.71958419999999], [75.8561581, 22.719491399999995]]}}, {"type": "Feature", "properties": {"segment_id": "osm-2025111180-2025111179-0", "length_m": 97.29622616544603, "canonical_time": "15:00", "exposure_value": 0.9829867442855346, "temperature_proxy_c": 42.0, "normalized_temperature_factor": 1.0, "source_type": "derived", "source_reference": "Cached geometric shade snapshot and configured prototype temperature curve", "observed_or_estimated": "ESTIMATED", "modelled_or_interpolated": "MODELLED", "timestamp": "2026-05-15T15:00:00+05:30", "assumptions_version": "2026-10-09-prompt-5a-interventions", "computation_mode": "geometric", "shade_fraction": 0.01701325571446542, "direct_exposure_fraction": 0.9829867442855346}, "geometry": {"type": "LineString", "coordinates": [[75.8569799, 22.7197295], [75.8562542, 22.7197361], [75.85619060000002, 22.7197248], [75.8560358, 22.7197012]]}}, {"type": "Feature", "properties": {"segment_id": "osm-2025111180-2025111240-0", "length_m": 77.58197121313665, "canonical_time": "15:00", "exposure_value": 0.964745435520005, "temperature_proxy_c": 42.0, "normalized_temperature_factor": 1.0, "source_type": "derived", "source_reference": "Cached geometric shade snapshot and configured prototype temperature curve", "observed_or_estimated": "ESTIMATED", "modelled_or_interpolated": "MODELLED", "timestamp": "2026-05-15T15:00:00+05:30", "assumptions_version": "2026-10-09-prompt-5a-interventions", "computation_mode": "geometric", "shade_fraction": 0.035254564479994976, "direct_exposure_fraction": 0.964745435520005}, "geometry": {"type": "LineString", "coordinates": [[75.8569799, 22.7197295], [75.856941, 22.7200025], [75.8569371, 22.7204279]]}}, {"type": "Feature", "properties": {"segment_id": "osm-2025111180-2025111157-0", "length_m": 44.0826582047596, "canonical_time": "15:00", "exposure_value": 0.2813199961673669, "temperature_proxy_c": 42.0, "normalized_temperature_factor": 1.0, "source_type": "derived", "source_reference": "Cached geometric shade snapshot and configured prototype temperature curve", "observed_or_estimated": "ESTIMATED", "modelled_or_interpolated": "MODELLED", "timestamp": "2026-05-15T15:00:00+05:30", "assumptions_version": "2026-10-09-prompt-5a-interventions", "computation_mode": "geometric", "shade_fraction": 0.7186800038326331, "direct_exposure_fraction": 0.2813199961673669}, "geometry": {"type": "LineString", "coordinates": [[75.8569799, 22.7197295], [75.8569889, 22.71959269999999], [75.8570297, 22.7195051], [75.8571006, 22.719352999999998]]}}, {"type": "Feature", "properties": {"segment_id": "osm-2025111198-3734496723-0", "length_m": 24.311485414619504, "canonical_time": "15:00", "exposure_value": 1.0, "temperature_proxy_c": 42.0, "normalized_temperature_factor": 1.0, "source_type": "derived", "source_reference": "Cached geometric shade snapshot and configured prototype temperature curve", "observed_or_estimated": "ESTIMATED", "modelled_or_interpolated": "MODELLED", "timestamp": "2026-05-15T15:00:00+05:30", "assumptions_version": "2026-10-09-prompt-5a-interventions", "computation_mode": "geometric", "shade_fraction": 0.0, "direct_exposure_fraction": 1.0}, "geometry": {"type": "LineString", "coordinates": [[75.8553426, 22.7197851], [75.8553439, 22.7195655]]}}, {"type": "Feature", "properties": {"segment_id": "osm-2025111198-8460457257-0", "length_m": 69.79518712849581, "canonical_time": "15:00", "exposure_value": 0.3220941812960927, "temperature_proxy_c": 42.0, "normalized_temperature_factor": 1.0, "source_type": "derived", "source_reference": "Cached geometric shade snapshot and configured prototype temperature curve", "observed_or_estimated": "ESTIMATED", "modelled_or_interpolated": "MODELLED", "timestamp": "2026-05-15T15:00:00+05:30", "assumptions_version": "2026-10-09-prompt-5a-interventions", "computation_mode": "geometric", "shade_fraction": 0.6779058187039073, "direct_exposure_fraction": 0.3220941812960927}, "geometry": {"type": "LineString", "coordinates": [[75.8553426, 22.7197851], [75.855682, 22.719238900000008]]}}, {"type": "Feature", "properties": {"segment_id": "osm-2025111198-3734496854-0", "length_m": 24.569903097468877, "canonical_time": "15:00", "exposure_value": 0.8135588986829674, "temperature_proxy_c": 42.0, "normalized_temperature_factor": 1.0, "source_type": "derived", "source_reference": "Cached geometric shade snapshot and configured prototype temperature curve", "observed_or_estimated": "ESTIMATED", "modelled_or_interpolated": "MODELLED", "timestamp": "2026-05-15T15:00:00+05:30", "assumptions_version": "2026-10-09-prompt-5a-interventions", "computation_mode": "geometric", "shade_fraction": 0.18644110131703265, "direct_exposure_fraction": 0.8135588986829674}, "geometry": {"type": "LineString", "coordinates": [[75.8553426, 22.7197851], [75.855238, 22.719984699999998]]}}, {"type": "Feature", "properties": {"segment_id": "osm-2025111227-2025111228-0", "length_m": 20.34546932402941, "canonical_time": "15:00", "exposure_value": 0.8677653268966558, "temperature_proxy_c": 42.0, "normalized_temperature_factor": 1.0, "source_type": "derived", "source_reference": "Cached geometric shade snapshot and configured prototype temperature curve", "observed_or_estimated": "ESTIMATED", "modelled_or_interpolated": "MODELLED", "timestamp": "2026-05-15T15:00:00+05:30", "assumptions_version": "2026-10-09-prompt-5a-interventions", "computation_mode": "geometric", "shade_fraction": 0.13223467310334425, "direct_exposure_fraction": 0.8677653268966558}, "geometry": {"type": "LineString", "coordinates": [[75.8557852, 22.720029], [75.855636, 22.7201499]]}}, {"type": "Feature", "properties": {"segment_id": "osm-2025111227-8460457262-0", "length_m": 20.809923149875956, "canonical_time": "15:00", "exposure_value": 0.33426276966246926, "temperature_proxy_c": 42.0, "normalized_temperature_factor": 1.0, "source_type": "derived", "source_reference": "Cached geometric shade snapshot and configured prototype temperature curve", "observed_or_estimated": "ESTIMATED", "modelled_or_interpolated": "MODELLED", "timestamp": "2026-05-15T15:00:00+05:30", "assumptions_version": "2026-10-09-prompt-5a-interventions", "computation_mode": "geometric", "shade_fraction": 0.6657372303375307, "direct_exposure_fraction": 0.33426276966246926}, "geometry": {"type": "LineString", "coordinates": [[75.8557852, 22.720029], [75.855848, 22.719959499999998], [75.8559144, 22.719884199999992]]}}, {"type": "Feature", "properties": {"segment_id": "osm-2025111227-2025111275-0", "length_m": 139.32968273206802, "canonical_time": "15:00", "exposure_value": 0.39228148521612805, "temperature_proxy_c": 42.0, "normalized_temperature_factor": 1.0, "source_type": "derived", "source_reference": "Cached geometric shade snapshot and configured prototype temperature curve", "observed_or_estimated": "ESTIMATED", "modelled_or_interpolated": "MODELLED", "timestamp": "2026-05-15T15:00:00+05:30", "assumptions_version": "2026-10-09-prompt-5a-interventions", "computation_mode": "geometric", "shade_fraction": 0.607718514783872, "direct_exposure_fraction": 0.39228148521612805}, "geometry": {"type": "LineString", "coordinates": [[75.8557852, 22.720029], [75.8558023, 22.7201721], [75.8558161, 22.7202281], [75.8558424, 22.720281299999993], [75.8558622, 22.720320599999994], [75.8559132, 22.720384], [75.8559399, 22.72043849999999], [75.8559448, 22.720505599999996], [75.85593, 22.720808400000006], [75.8559054, 22.7212537]]}}, {"type": "Feature", "properties": {"segment_id": "osm-2025111228-2025111227-0", "length_m": 20.34546932402941, "canonical_time": "15:00", "exposure_value": 0.8677653268966558, "temperature_proxy_c": 42.0, "normalized_temperature_factor": 1.0, "source_type": "derived", "source_reference": "Cached geometric shade snapshot and configured prototype temperature curve", "observed_or_estimated": "ESTIMATED", "modelled_or_interpolated": "MODELLED", "timestamp": "2026-05-15T15:00:00+05:30", "assumptions_version": "2026-10-09-prompt-5a-interventions", "computation_mode": "geometric", "shade_fraction": 0.13223467310334425, "direct_exposure_fraction": 0.8677653268966558}, "geometry": {"type": "LineString", "coordinates": [[75.855636, 22.7201499], [75.8557852, 22.720029]]}}, {"type": "Feature", "properties": {"segment_id": "osm-2025111228-3734496854-0", "length_m": 44.78008150756786, "canonical_time": "15:00", "exposure_value": 1.0, "temperature_proxy_c": 42.0, "normalized_temperature_factor": 1.0, "source_type": "derived", "source_reference": "Cached geometric shade snapshot and configured prototype temperature curve", "observed_or_estimated": "ESTIMATED", "modelled_or_interpolated": "MODELLED", "timestamp": "2026-05-15T15:00:00+05:30", "assumptions_version": "2026-10-09-prompt-5a-interventions", "computation_mode": "geometric", "shade_fraction": 0.0, "direct_exposure_fraction": 1.0}, "geometry": {"type": "LineString", "coordinates": [[75.855636, 22.7201499], [75.855238, 22.719984699999998]]}}, {"type": "Feature", "properties": {"segment_id": "osm-2025111228-2025111254-0", "length_m": 76.48474664907414, "canonical_time": "15:00", "exposure_value": 0.09877411524076651, "temperature_proxy_c": 42.0, "normalized_temperature_factor": 1.0, "source_type": "derived", "source_reference": "Cached geometric shade snapshot and configured prototype temperature curve", "observed_or_estimated": "ESTIMATED", "modelled_or_interpolated": "MODELLED", "timestamp": "2026-05-15T15:00:00+05:30", "assumptions_version": "2026-10-09-prompt-5a-interventions", "computation_mode": "geometric", "shade_fraction": 0.9012258847592335, "direct_exposure_fraction": 0.09877411524076651}, "geometry": {"type": "LineString", "coordinates": [[75.855636, 22.7201499], [75.8554674, 22.720446999999997], [75.8553798, 22.720792699999997]]}}, {"type": "Feature", "properties": {"segment_id": "osm-2025111240-8460457267-0", "length_m": 2.7066026391879943, "canonical_time": "15:00", "exposure_value": 1.0, "temperature_proxy_c": 42.0, "normalized_temperature_factor": 1.0, "source_type": "derived", "source_reference": "Cached geometric shade snapshot and configured prototype temperature curve", "observed_or_estimated": "ESTIMATED", "modelled_or_interpolated": "MODELLED", "timestamp": "2026-05-15T15:00:00+05:30", "assumptions_version": "2026-10-09-prompt-5a-interventions", "computation_mode": "geometric", "shade_fraction": 0.0, "direct_exposure_fraction": 1.0}, "geometry": {"type": "LineString", "coordinates": [[75.8569371, 22.7204279], [75.85694, 22.720452199999997]]}}, {"type": "Feature", "properties": {"segment_id": "osm-2025111240-2025111180-0", "length_m": 77.58197121313665, "canonical_time": "15:00", "exposure_value": 0.964745435520005, "temperature_proxy_c": 42.0, "normalized_temperature_factor": 1.0, "source_type": "derived", "source_reference": "Cached geometric shade snapshot and configured prototype temperature curve", "observed_or_estimated": "ESTIMATED", "modelled_or_interpolated": "MODELLED", "timestamp": "2026-05-15T15:00:00+05:30", "assumptions_version": "2026-10-09-prompt-5a-interventions", "computation_mode": "geometric", "shade_fraction": 0.035254564479994976, "direct_exposure_fraction": 0.964745435520005}, "geometry": {"type": "LineString", "coordinates": [[75.8569371, 22.7204279], [75.856941, 22.7200025], [75.8569799, 22.7197295]]}}, {"type": "Feature", "properties": {"segment_id": "osm-2025111240-8460393366-0", "length_m": 61.592923046395015, "canonical_time": "15:00", "exposure_value": 1.0, "temperature_proxy_c": 42.0, "normalized_temperature_factor": 1.0, "source_type": "derived", "source_reference": "Cached geometric shade snapshot and configured prototype temperature curve", "observed_or_estimated": "ESTIMATED", "modelled_or_interpolated": "MODELLED", "timestamp": "2026-05-15T15:00:00+05:30", "assumptions_version": "2026-10-09-prompt-5a-interventions", "computation_mode": "geometric", "shade_fraction": 0.0, "direct_exposure_fraction": 1.0}, "geometry": {"type": "LineString", "coordinates": [[75.8569371, 22.7204279], [75.8573302, 22.7204453], [75.8575363, 22.720450700000008]]}}, {"type": "Feature", "properties": {"segment_id": "osm-2025111254-8478005593-0", "length_m": 43.14475376244302, "canonical_time": "15:00", "exposure_value": 0.33601893102520475, "temperature_proxy_c": 42.0, "normalized_temperature_factor": 1.0, "source_type": "derived", "source_reference": "Cached geometric shade snapshot and configured prototype temperature curve", "observed_or_estimated": "ESTIMATED", "modelled_or_interpolated": "MODELLED", "timestamp": "2026-05-15T15:00:00+05:30", "assumptions_version": "2026-10-09-prompt-5a-interventions", "computation_mode": "geometric", "shade_fraction": 0.6639810689747953, "direct_exposure_fraction": 0.33601893102520475}, "geometry": {"type": "LineString", "coordinates": [[75.8553798, 22.720792699999997], [75.855335, 22.7211802]]}}, {"type": "Feature", "properties": {"segment_id": "osm-2025111254-2025111270-0", "length_m": 51.73921207512896, "canonical_time": "15:00", "exposure_value": 0.4564245868949016, "temperature_proxy_c": 42.0, "normalized_temperature_factor": 1.0, "source_type": "derived", "source_reference": "Cached geometric shade snapshot and configured prototype temperature curve", "observed_or_estimated": "ESTIMATED", "modelled_or_interpolated": "MODELLED", "timestamp": "2026-05-15T15:00:00+05:30", "assumptions_version": "2026-10-09-prompt-5a-interventions", "computation_mode": "geometric", "shade_fraction": 0.5435754131050984, "direct_exposure_fraction": 0.4564245868949016}, "geometry": {"type": "LineString", "coordinates": [[75.8553798, 22.720792699999997], [75.855415, 22.7208331], [75.8554472, 22.720873899999997], [75.8554794, 22.720898600000005], [75.8555156, 22.720944400000004], [75.8555558, 22.721023499999998], [75.8555694, 22.7212049]]}}, {"type": "Feature", "properties": {"segment_id": "osm-2025111254-2025111228-0", "length_m": 76.48474664907414, "canonical_time": "15:00", "exposure_value": 0.09877411524076651, "temperature_proxy_c": 42.0, "normalized_temperature_factor": 1.0, "source_type": "derived", "source_reference": "Cached geometric shade snapshot and configured prototype temperature curve", "observed_or_estimated": "ESTIMATED", "modelled_or_interpolated": "MODELLED", "timestamp": "2026-05-15T15:00:00+05:30", "assumptions_version": "2026-10-09-prompt-5a-interventions", "computation_mode": "geometric", "shade_fraction": 0.9012258847592335, "direct_exposure_fraction": 0.09877411524076651}, "geometry": {"type": "LineString", "coordinates": [[75.8553798, 22.720792699999997], [75.8554674, 22.720446999999997], [75.855636, 22.7201499]]}}, {"type": "Feature", "properties": {"segment_id": "osm-2025111260-8478005593-0", "length_m": 63.144010072738574, "canonical_time": "15:00", "exposure_value": 1.0, "temperature_proxy_c": 42.0, "normalized_temperature_factor": 1.0, "source_type": "derived", "source_reference": "Cached geometric shade snapshot and configured prototype temperature curve", "observed_or_estimated": "ESTIMATED", "modelled_or_interpolated": "MODELLED", "timestamp": "2026-05-15T15:00:00+05:30", "assumptions_version": "2026-10-09-prompt-5a-interventions", "computation_mode": "geometric", "shade_fraction": 0.0, "direct_exposure_fraction": 1.0}, "geometry": {"type": "LineString", "coordinates": [[75.8547272, 22.7210943], [75.8552146, 22.721161199999997], [75.855335, 22.7211802]]}}, {"type": "Feature", "properties": {"segment_id": "osm-2025111260-3734463409-0", "length_m": 22.459771950676327, "canonical_time": "15:00", "exposure_value": 0.9602176739035032, "temperature_proxy_c": 42.0, "normalized_temperature_factor": 1.0, "source_type": "derived", "source_reference": "Cached geometric shade snapshot and configured prototype temperature curve", "observed_or_estimated": "ESTIMATED", "modelled_or_interpolated": "MODELLED", "timestamp": "2026-05-15T15:00:00+05:30", "assumptions_version": "2026-10-09-prompt-5a-interventions", "computation_mode": "geometric", "shade_fraction": 0.03978232609649678, "direct_exposure_fraction": 0.9602176739035032}, "geometry": {"type": "LineString", "coordinates": [[75.8547272, 22.7210943], [75.8545518, 22.721041400000004], [75.8545176, 22.721039599999994]]}}, {"type": "Feature", "properties": {"segment_id": "osm-2025111260-3734496854-0", "length_m": 133.63093346282716, "canonical_time": "15:00", "exposure_value": 0.48447813161386477, "temperature_proxy_c": 42.0, "normalized_temperature_factor": 1.0, "source_type": "derived", "source_reference": "Cached geometric shade snapshot and configured prototype temperature curve", "observed_or_estimated": "ESTIMATED", "modelled_or_interpolated": "MODELLED", "timestamp": "2026-05-15T15:00:00+05:30", "assumptions_version": "2026-10-09-prompt-5a-interventions", "computation_mode": "geometric", "shade_fraction": 0.5155218683861352, "direct_exposure_fraction": 0.48447813161386477}, "geometry": {"type": "LineString", "coordinates": [[75.8547272, 22.7210943], [75.8548203, 22.7208865], [75.854995, 22.7205373], [75.8551438, 22.7201769], [75.855238, 22.719984699999998]]}}, {"type": "Feature", "properties": {"segment_id": "osm-2025111260-2025111297-0", "length_m": 43.40242514974324, "canonical_time": "15:00", "exposure_value": 0.9354952227580712, "temperature_proxy_c": 42.0, "normalized_temperature_factor": 1.0, "source_type": "derived", "source_reference": "Cached geometric shade snapshot and configured prototype temperature curve", "observed_or_estimated": "ESTIMATED", "modelled_or_interpolated": "MODELLED", "timestamp": "2026-05-15T15:00:00+05:30", "assumptions_version": "2026-10-09-prompt-5a-interventions", "computation_mode": "geometric", "shade_fraction": 0.06450477724192882, "direct_exposure_fraction": 0.9354952227580712}, "geometry": {"type": "LineString", "coordinates": [[75.8547272, 22.7210943], [75.8546829, 22.721146299999997], [75.8546519, 22.7212663], [75.8545924, 22.721461]]}}, {"type": "Feature", "properties": {"segment_id": "osm-2025111270-2025111273-0", "length_m": 28.23934186227813, "canonical_time": "15:00", "exposure_value": 1.0, "temperature_proxy_c": 42.0, "normalized_temperature_factor": 1.0, "source_type": "derived", "source_reference": "Cached geometric shade snapshot and configured prototype temperature curve", "observed_or_estimated": "ESTIMATED", "modelled_or_interpolated": "MODELLED", "timestamp": "2026-05-15T15:00:00+05:30", "assumptions_version": "2026-10-09-prompt-5a-interventions", "computation_mode": "geometric", "shade_fraction": 0.0, "direct_exposure_fraction": 1.0}, "geometry": {"type": "LineString", "coordinates": [[75.8555694, 22.7212049], [75.8558428, 22.721232099999998]]}}, {"type": "Feature", "properties": {"segment_id": "osm-2025111270-3732996655-0", "length_m": 4.657242164658771, "canonical_time": "15:00", "exposure_value": 1.0, "temperature_proxy_c": 42.0, "normalized_temperature_factor": 1.0, "source_type": "derived", "source_reference": "Cached geometric shade snapshot and configured prototype temperature curve", "observed_or_estimated": "ESTIMATED", "modelled_or_interpolated": "MODELLED", "timestamp": "2026-05-15T15:00:00+05:30", "assumptions_version": "2026-10-09-prompt-5a-interventions", "computation_mode": "geometric", "shade_fraction": 0.0, "direct_exposure_fraction": 1.0}, "geometry": {"type": "LineString", "coordinates": [[75.8555694, 22.7212049], [75.8555244, 22.721199700000003]]}}, {"type": "Feature", "properties": {"segment_id": "osm-2025111270-2025111254-0", "length_m": 51.73921207512896, "canonical_time": "15:00", "exposure_value": 0.4564245868949016, "temperature_proxy_c": 42.0, "normalized_temperature_factor": 1.0, "source_type": "derived", "source_reference": "Cached geometric shade snapshot and configured prototype temperature curve", "observed_or_estimated": "ESTIMATED", "modelled_or_interpolated": "MODELLED", "timestamp": "2026-05-15T15:00:00+05:30", "assumptions_version": "2026-10-09-prompt-5a-interventions", "computation_mode": "geometric", "shade_fraction": 0.5435754131050984, "direct_exposure_fraction": 0.4564245868949016}, "geometry": {"type": "LineString", "coordinates": [[75.8555694, 22.7212049], [75.8555558, 22.721023499999998], [75.8555156, 22.720944400000004], [75.8554794, 22.720898600000005], [75.8554472, 22.720873899999997], [75.855415, 22.7208331], [75.8553798, 22.720792699999997]]}}, {"type": "Feature", "properties": {"segment_id": "osm-2025111273-2025111275-0", "length_m": 6.859363362902464, "canonical_time": "15:00", "exposure_value": 1.0, "temperature_proxy_c": 42.0, "normalized_temperature_factor": 1.0, "source_type": "derived", "source_reference": "Cached geometric shade snapshot and configured prototype temperature curve", "observed_or_estimated": "ESTIMATED", "modelled_or_interpolated": "MODELLED", "timestamp": "2026-05-15T15:00:00+05:30", "assumptions_version": "2026-10-09-prompt-5a-interventions", "computation_mode": "geometric", "shade_fraction": 0.0, "direct_exposure_fraction": 1.0}, "geometry": {"type": "LineString", "coordinates": [[75.8558428, 22.721232099999998], [75.8559054, 22.7212537]]}}, {"type": "Feature", "properties": {"segment_id": "osm-2025111273-2025111270-0", "length_m": 28.23934186227813, "canonical_time": "15:00", "exposure_value": 1.0, "temperature_proxy_c": 42.0, "normalized_temperature_factor": 1.0, "source_type": "derived", "source_reference": "Cached geometric shade snapshot and configured prototype temperature curve", "observed_or_estimated": "ESTIMATED", "modelled_or_interpolated": "MODELLED", "timestamp": "2026-05-15T15:00:00+05:30", "assumptions_version": "2026-10-09-prompt-5a-interventions", "computation_mode": "geometric", "shade_fraction": 0.0, "direct_exposure_fraction": 1.0}, "geometry": {"type": "LineString", "coordinates": [[75.8558428, 22.721232099999998], [75.8555694, 22.7212049]]}}, {"type": "Feature", "properties": {"segment_id": "osm-2025111273-3732908392-0", "length_m": 27.50331723311693, "canonical_time": "15:00", "exposure_value": 0.2023129520796686, "temperature_proxy_c": 42.0, "normalized_temperature_factor": 1.0, "source_type": "derived", "source_reference": "Cached geometric shade snapshot and configured prototype temperature curve", "observed_or_estimated": "ESTIMATED", "modelled_or_interpolated": "MODELLED", "timestamp": "2026-05-15T15:00:00+05:30", "assumptions_version": "2026-10-09-prompt-5a-interventions", "computation_mode": "geometric", "shade_fraction": 0.7976870479203314, "direct_exposure_fraction": 0.2023129520796686}, "geometry": {"type": "LineString", "coordinates": [[75.8558428, 22.721232099999998], [75.8558403, 22.7213956], [75.8558422, 22.721480499999995]]}}, {"type": "Feature", "properties": {"segment_id": "osm-2025111275-2025111283-0", "length_m": 43.159712134116, "canonical_time": "15:00", "exposure_value": 1.0, "temperature_proxy_c": 42.0, "normalized_temperature_factor": 1.0, "source_type": "derived", "source_reference": "Cached geometric shade snapshot and configured prototype temperature curve", "observed_or_estimated": "ESTIMATED", "modelled_or_interpolated": "MODELLED", "timestamp": "2026-05-15T15:00:00+05:30", "assumptions_version": "2026-10-09-prompt-5a-interventions", "computation_mode": "geometric", "shade_fraction": 0.0, "direct_exposure_fraction": 1.0}, "geometry": {"type": "LineString", "coordinates": [[75.8559054, 22.7212537], [75.8562941, 22.721401899999993]]}}, {"type": "Feature", "properties": {"segment_id": "osm-2025111275-2025111273-0", "length_m": 6.859363362902464, "canonical_time": "15:00", "exposure_value": 1.0, "temperature_proxy_c": 42.0, "normalized_temperature_factor": 1.0, "source_type": "derived", "source_reference": "Cached geometric shade snapshot and configured prototype temperature curve", "observed_or_estimated": "ESTIMATED", "modelled_or_interpolated": "MODELLED", "timestamp": "2026-05-15T15:00:00+05:30", "assumptions_version": "2026-10-09-prompt-5a-interventions", "computation_mode": "geometric", "shade_fraction": 0.0, "direct_exposure_fraction": 1.0}, "geometry": {"type": "LineString", "coordinates": [[75.8559054, 22.7212537], [75.8558428, 22.721232099999998]]}}, {"type": "Feature", "properties": {"segment_id": "osm-2025111275-2025111227-0", "length_m": 139.32968273206805, "canonical_time": "15:00", "exposure_value": 0.39228148521612816, "temperature_proxy_c": 42.0, "normalized_temperature_factor": 1.0, "source_type": "derived", "source_reference": "Cached geometric shade snapshot and configured prototype temperature curve", "observed_or_estimated": "ESTIMATED", "modelled_or_interpolated": "MODELLED", "timestamp": "2026-05-15T15:00:00+05:30", "assumptions_version": "2026-10-09-prompt-5a-interventions", "computation_mode": "geometric", "shade_fraction": 0.6077185147838718, "direct_exposure_fraction": 0.39228148521612816}, "geometry": {"type": "LineString", "coordinates": [[75.8559054, 22.7212537], [75.85593, 22.720808400000006], [75.8559448, 22.720505599999996], [75.8559399, 22.72043849999999], [75.8559132, 22.720384], [75.8558622, 22.720320599999994], [75.8558424, 22.720281299999993], [75.8558161, 22.7202281], [75.8558023, 22.7201721], [75.8557852, 22.720029]]}}, {"type": "Feature", "properties": {"segment_id": "osm-2025111283-2025111285-0", "length_m": 13.133946581385217, "canonical_time": "15:00", "exposure_value": 1.0, "temperature_proxy_c": 42.0, "normalized_temperature_factor": 1.0, "source_type": "derived", "source_reference": "Cached geometric shade snapshot and configured prototype temperature curve", "observed_or_estimated": "ESTIMATED", "modelled_or_interpolated": "MODELLED", "timestamp": "2026-05-15T15:00:00+05:30", "assumptions_version": "2026-10-09-prompt-5a-interventions", "computation_mode": "geometric", "shade_fraction": 0.0, "direct_exposure_fraction": 1.0}, "geometry": {"type": "LineString", "coordinates": [[75.8562941, 22.721401899999993], [75.8564069, 22.721457799999996]]}}, {"type": "Feature", "properties": {"segment_id": "osm-2025111283-2025111275-0", "length_m": 43.159712134116, "canonical_time": "15:00", "exposure_value": 1.0, "temperature_proxy_c": 42.0, "normalized_temperature_factor": 1.0, "source_type": "derived", "source_reference": "Cached geometric shade snapshot and configured prototype temperature curve", "observed_or_estimated": "ESTIMATED", "modelled_or_interpolated": "MODELLED", "timestamp": "2026-05-15T15:00:00+05:30", "assumptions_version": "2026-10-09-prompt-5a-interventions", "computation_mode": "geometric", "shade_fraction": 0.0, "direct_exposure_fraction": 1.0}, "geometry": {"type": "LineString", "coordinates": [[75.8562941, 22.721401899999993], [75.8559054, 22.7212537]]}}, {"type": "Feature", "properties": {"segment_id": "osm-2025111283-8460457262-0", "length_m": 201.98085967701806, "canonical_time": "15:00", "exposure_value": 0.5637999949678052, "temperature_proxy_c": 42.0, "normalized_temperature_factor": 1.0, "source_type": "derived", "source_reference": "Cached geometric shade snapshot and configured prototype temperature curve", "observed_or_estimated": "ESTIMATED", "modelled_or_interpolated": "MODELLED", "timestamp": "2026-05-15T15:00:00+05:30", "assumptions_version": "2026-10-09-prompt-5a-interventions", "computation_mode": "geometric", "shade_fraction": 0.43620000503219475, "direct_exposure_fraction": 0.5637999949678052}, "geometry": {"type": "LineString", "coordinates": [[75.8562941, 22.721401899999993], [75.8563007, 22.721196599999995], [75.8562948, 22.7211275], [75.85628340000001, 22.7210285], [75.856276, 22.720865299999993], [75.8562852, 22.720613399999994], [75.8562988, 22.720443], [75.8563154, 22.7202743], [75.8563141, 22.720014200000005], [75.8563136, 22.719991899999997], [75.8563068, 22.71995849999999], [75.8562867, 22.719937499999986], [75.8562572, 22.719927600000002], [75.8559144, 22.719884199999992]]}}, {"type": "Feature", "properties": {"segment_id": "osm-2025111285-2025111313-0", "length_m": 33.89900789714554, "canonical_time": "15:00", "exposure_value": 1.0, "temperature_proxy_c": 42.0, "normalized_temperature_factor": 1.0, "source_type": "derived", "source_reference": "Cached geometric shade snapshot and configured prototype temperature curve", "observed_or_estimated": "ESTIMATED", "modelled_or_interpolated": "MODELLED", "timestamp": "2026-05-15T15:00:00+05:30", "assumptions_version": "2026-10-09-prompt-5a-interventions", "computation_mode": "geometric", "shade_fraction": 0.0, "direct_exposure_fraction": 1.0}, "geometry": {"type": "LineString", "coordinates": [[75.8564069, 22.721457799999996], [75.8567096, 22.72157989999999]]}}, {"type": "Feature", "properties": {"segment_id": "osm-2025111285-2025111283-0", "length_m": 13.133946581385217, "canonical_time": "15:00", "exposure_value": 1.0, "temperature_proxy_c": 42.0, "normalized_temperature_factor": 1.0, "source_type": "derived", "source_reference": "Cached geometric shade snapshot and configured prototype temperature curve", "observed_or_estimated": "ESTIMATED", "modelled_or_interpolated": "MODELLED", "timestamp": "2026-05-15T15:00:00+05:30", "assumptions_version": "2026-10-09-prompt-5a-interventions", "computation_mode": "geometric", "shade_fraction": 0.0, "direct_exposure_fraction": 1.0}, "geometry": {"type": "LineString", "coordinates": [[75.8564069, 22.721457799999996], [75.8562941, 22.721401899999993]]}}, {"type": "Feature", "properties": {"segment_id": "osm-2025111285-2025111331-0", "length_m": 40.74920342668824, "canonical_time": "15:00", "exposure_value": 0.40661568049130703, "temperature_proxy_c": 42.0, "normalized_temperature_factor": 1.0, "source_type": "derived", "source_reference": "Cached geometric shade snapshot and configured prototype temperature curve", "observed_or_estimated": "ESTIMATED", "modelled_or_interpolated": "MODELLED", "timestamp": "2026-05-15T15:00:00+05:30", "assumptions_version": "2026-10-09-prompt-5a-interventions", "computation_mode": "geometric", "shade_fraction": 0.593384319508693, "direct_exposure_fraction": 0.40661568049130703}, "geometry": {"type": "LineString", "coordinates": [[75.8564069, 22.721457799999996], [75.85635980000002, 22.7214867], [75.8563369, 22.72151619999999], [75.85628, 22.721582799999997], [75.856245, 22.721663999999997], [75.8562349, 22.7217705]]}}, {"type": "Feature", "properties": {"segment_id": "osm-2025111286-2025111363-0", "length_m": 89.46831254522786, "canonical_time": "15:00", "exposure_value": 0.8023471571324208, "temperature_proxy_c": 42.0, "normalized_temperature_factor": 1.0, "source_type": "derived", "source_reference": "Cached geometric shade snapshot and configured prototype temperature curve", "observed_or_estimated": "ESTIMATED", "modelled_or_interpolated": "MODELLED", "timestamp": "2026-05-15T15:00:00+05:30", "assumptions_version": "2026-10-09-prompt-5a-interventions", "computation_mode": "geometric", "shade_fraction": 0.1976528428675792, "direct_exposure_fraction": 0.8023471571324208}, "geometry": {"type": "LineString", "coordinates": [[75.8546279, 22.721502899999994], [75.8549889, 22.7215488], [75.855029, 22.721592400000002], [75.8550503, 22.7217672], [75.8551241, 22.721994]]}}, {"type": "Feature", "properties": {"segment_id": "osm-2025111297-6616739535-0", "length_m": 43.79947187990224, "canonical_time": "15:00", "exposure_value": 0.6654076162090463, "temperature_proxy_c": 42.0, "normalized_temperature_factor": 1.0, "source_type": "derived", "source_reference": "Cached geometric shade snapshot and configured prototype temperature curve", "observed_or_estimated": "ESTIMATED", "modelled_or_interpolated": "MODELLED", "timestamp": "2026-05-15T15:00:00+05:30", "assumptions_version": "2026-10-09-prompt-5a-interventions", "computation_mode": "geometric", "shade_fraction": 0.33459238379095374, "direct_exposure_fraction": 0.6654076162090463}, "geometry": {"type": "LineString", "coordinates": [[75.8545924, 22.721461], [75.8544584, 22.721836599999993]]}}, {"type": "Feature", "properties": {"segment_id": "osm-2025111297-3734463417-0", "length_m": 70.33588526701905, "canonical_time": "15:00", "exposure_value": 0.9559595918624774, "temperature_proxy_c": 42.0, "normalized_temperature_factor": 1.0, "source_type": "derived", "source_reference": "Cached geometric shade snapshot and configured prototype temperature curve", "observed_or_estimated": "ESTIMATED", "modelled_or_interpolated": "MODELLED", "timestamp": "2026-05-15T15:00:00+05:30", "assumptions_version": "2026-10-09-prompt-5a-interventions", "computation_mode": "geometric", "shade_fraction": 0.04404040813752259, "direct_exposure_fraction": 0.9559595918624774}, "geometry": {"type": "LineString", "coordinates": [[75.8545924, 22.721461], [75.8544819, 22.721422799999996], [75.8541436, 22.7213279], [75.8540846, 22.7213341], [75.854039, 22.721344000000002], [75.8539921, 22.7213761], [75.853968, 22.721415700000005]]}}, {"type": "Feature", "properties": {"segment_id": "osm-2025111297-2025111260-0", "length_m": 43.40242514974323, "canonical_time": "15:00", "exposure_value": 0.9354952227580712, "temperature_proxy_c": 42.0, "normalized_temperature_factor": 1.0, "source_type": "derived", "source_reference": "Cached geometric shade snapshot and configured prototype temperature curve", "observed_or_estimated": "ESTIMATED", "modelled_or_interpolated": "MODELLED", "timestamp": "2026-05-15T15:00:00+05:30", "assumptions_version": "2026-10-09-prompt-5a-interventions", "computation_mode": "geometric", "shade_fraction": 0.06450477724192884, "direct_exposure_fraction": 0.9354952227580712}, "geometry": {"type": "LineString", "coordinates": [[75.8545924, 22.721461], [75.8546519, 22.7212663], [75.8546829, 22.721146299999997], [75.8547272, 22.7210943]]}}, {"type": "Feature", "properties": {"segment_id": "osm-2025111313-2025111347-0", "length_m": 46.53280555621854, "canonical_time": "15:00", "exposure_value": 0.9361125943657883, "temperature_proxy_c": 42.0, "normalized_temperature_factor": 1.0, "source_type": "derived", "source_reference": "Cached geometric shade snapshot and configured prototype temperature curve", "observed_or_estimated": "ESTIMATED", "modelled_or_interpolated": "MODELLED", "timestamp": "2026-05-15T15:00:00+05:30", "assumptions_version": "2026-10-09-prompt-5a-interventions", "computation_mode": "geometric", "shade_fraction": 0.06388740563421169, "direct_exposure_fraction": 0.9361125943657883}, "geometry": {"type": "LineString", "coordinates": [[75.8567096, 22.72157989999999], [75.8563579, 22.721844900000004]]}}, {"type": "Feature", "properties": {"segment_id": "osm-2025111313-2025111285-0", "length_m": 33.89900789714554, "canonical_time": "15:00", "exposure_value": 1.0, "temperature_proxy_c": 42.0, "normalized_temperature_factor": 1.0, "source_type": "derived", "source_reference": "Cached geometric shade snapshot and configured prototype temperature curve", "observed_or_estimated": "ESTIMATED", "modelled_or_interpolated": "MODELLED", "timestamp": "2026-05-15T15:00:00+05:30", "assumptions_version": "2026-10-09-prompt-5a-interventions", "computation_mode": "geometric", "shade_fraction": 0.0, "direct_exposure_fraction": 1.0}, "geometry": {"type": "LineString", "coordinates": [[75.8567096, 22.72157989999999], [75.8564069, 22.721457799999996]]}}, {"type": "Feature", "properties": {"segment_id": "osm-2025111313-8460393386-0", "length_m": 8.934282084370254, "canonical_time": "15:00", "exposure_value": 1.0, "temperature_proxy_c": 42.0, "normalized_temperature_factor": 1.0, "source_type": "derived", "source_reference": "Cached geometric shade snapshot and configured prototype temperature curve", "observed_or_estimated": "ESTIMATED", "modelled_or_interpolated": "MODELLED", "timestamp": "2026-05-15T15:00:00+05:30", "assumptions_version": "2026-10-09-prompt-5a-interventions", "computation_mode": "geometric", "shade_fraction": 0.0, "direct_exposure_fraction": 1.0}, "geometry": {"type": "LineString", "coordinates": [[75.8567096, 22.72157989999999], [75.8567592, 22.7215136]]}}, {"type": "Feature", "properties": {"segment_id": "osm-2025111313-3732996660-0", "length_m": 35.803684307767675, "canonical_time": "15:00", "exposure_value": 1.0, "temperature_proxy_c": 42.0, "normalized_temperature_factor": 1.0, "source_type": "derived", "source_reference": "Cached geometric shade snapshot and configured prototype temperature curve", "observed_or_estimated": "ESTIMATED", "modelled_or_interpolated": "MODELLED", "timestamp": "2026-05-15T15:00:00+05:30", "assumptions_version": "2026-10-09-prompt-5a-interventions", "computation_mode": "geometric", "shade_fraction": 0.0, "direct_exposure_fraction": 1.0}, "geometry": {"type": "LineString", "coordinates": [[75.8567096, 22.72157989999999], [75.8568186, 22.7217275], [75.8568782, 22.721861000000004]]}}, {"type": "Feature", "properties": {"segment_id": "osm-2025111317-2025111326-0", "length_m": 17.490088082467587, "canonical_time": "15:00", "exposure_value": 0.26848162058706504, "temperature_proxy_c": 42.0, "normalized_temperature_factor": 1.0, "source_type": "derived", "source_reference": "Cached geometric shade snapshot and configured prototype temperature curve", "observed_or_estimated": "ESTIMATED", "modelled_or_interpolated": "MODELLED", "timestamp": "2026-05-15T15:00:00+05:30", "assumptions_version": "2026-10-09-prompt-5a-interventions", "computation_mode": "geometric", "shade_fraction": 0.731518379412935, "direct_exposure_fraction": 0.26848162058706504}, "geometry": {"type": "LineString", "coordinates": [[75.8576271, 22.721609600000004], [75.8576152, 22.7217672]]}}, {"type": "Feature", "properties": {"segment_id": "osm-2025111317-3732908385-0", "length_m": 23.44861016442316, "canonical_time": "15:00", "exposure_value": 1.0, "temperature_proxy_c": 42.0, "normalized_temperature_factor": 1.0, "source_type": "derived", "source_reference": "Cached geometric shade snapshot and configured prototype temperature curve", "observed_or_estimated": "ESTIMATED", "modelled_or_interpolated": "MODELLED", "timestamp": "2026-05-15T15:00:00+05:30", "assumptions_version": "2026-10-09-prompt-5a-interventions", "computation_mode": "geometric", "shade_fraction": 0.0, "direct_exposure_fraction": 1.0}, "geometry": {"type": "LineString", "coordinates": [[75.8576271, 22.721609600000004], [75.8575869, 22.721401100000005]]}}, {"type": "Feature", "properties": {"segment_id": "osm-2025111317-3732996657-0", "length_m": 54.21188010844448, "canonical_time": "15:00", "exposure_value": 1.0, "temperature_proxy_c": 42.0, "normalized_temperature_factor": 1.0, "source_type": "derived", "source_reference": "Cached geometric shade snapshot and configured prototype temperature curve", "observed_or_estimated": "ESTIMATED", "modelled_or_interpolated": "MODELLED", "timestamp": "2026-05-15T15:00:00+05:30", "assumptions_version": "2026-10-09-prompt-5a-interventions", "computation_mode": "geometric", "shade_fraction": 0.0, "direct_exposure_fraction": 1.0}, "geometry": {"type": "LineString", "coordinates": [[75.8576271, 22.721609600000004], [75.8574234, 22.721593199999997], [75.8572866, 22.721574599999993], [75.8571019, 22.7215628]]}}, {"type": "Feature", "properties": {"segment_id": "osm-2025111319-2025020163-0", "length_m": 11.009184997764821, "canonical_time": "15:00", "exposure_value": 1.0, "temperature_proxy_c": 42.0, "normalized_temperature_factor": 1.0, "source_type": "derived", "source_reference": "Cached geometric shade snapshot and configured prototype temperature curve", "observed_or_estimated": "ESTIMATED", "modelled_or_interpolated": "MODELLED", "timestamp": "2026-05-15T15:00:00+05:30", "assumptions_version": "2026-10-09-prompt-5a-interventions", "computation_mode": "geometric", "shade_fraction": 0.0, "direct_exposure_fraction": 1.0}, "geometry": {"type": "LineString", "coordinates": [[75.8589484, 22.721681700000005], [75.8588415, 22.7216891]]}}, {"type": "Feature", "properties": {"segment_id": "osm-2025111319-8478005576-0", "length_m": 95.28819925104398, "canonical_time": "15:00", "exposure_value": 1.0, "temperature_proxy_c": 42.0, "normalized_temperature_factor": 1.0, "source_type": "derived", "source_reference": "Cached geometric shade snapshot and configured prototype temperature curve", "observed_or_estimated": "ESTIMATED", "modelled_or_interpolated": "MODELLED", "timestamp": "2026-05-15T15:00:00+05:30", "assumptions_version": "2026-10-09-prompt-5a-interventions", "computation_mode": "geometric", "shade_fraction": 0.0, "direct_exposure_fraction": 1.0}, "geometry": {"type": "LineString", "coordinates": [[75.8589484, 22.721681700000005], [75.858847, 22.721472099999993], [75.8587705, 22.721315199999996], [75.8587176, 22.721146499999996], [75.8586502, 22.72087039999999]]}}, {"type": "Feature", "properties": {"segment_id": "osm-2025111326-2025111317-0", "length_m": 17.490088082467587, "canonical_time": "15:00", "exposure_value": 0.26848162058706504, "temperature_proxy_c": 42.0, "normalized_temperature_factor": 1.0, "source_type": "derived", "source_reference": "Cached geometric shade snapshot and configured prototype temperature curve", "observed_or_estimated": "ESTIMATED", "modelled_or_interpolated": "MODELLED", "timestamp": "2026-05-15T15:00:00+05:30", "assumptions_version": "2026-10-09-prompt-5a-interventions", "computation_mode": "geometric", "shade_fraction": 0.731518379412935, "direct_exposure_fraction": 0.26848162058706504}, "geometry": {"type": "LineString", "coordinates": [[75.8576152, 22.7217672], [75.8576271, 22.721609600000004]]}}, {"type": "Feature", "properties": {"segment_id": "osm-2025111331-3732908408-0", "length_m": 30.286436638687814, "canonical_time": "15:00", "exposure_value": 1.0, "temperature_proxy_c": 42.0, "normalized_temperature_factor": 1.0, "source_type": "derived", "source_reference": "Cached geometric shade snapshot and configured prototype temperature curve", "observed_or_estimated": "ESTIMATED", "modelled_or_interpolated": "MODELLED", "timestamp": "2026-05-15T15:00:00+05:30", "assumptions_version": "2026-10-09-prompt-5a-interventions", "computation_mode": "geometric", "shade_fraction": 0.0, "direct_exposure_fraction": 1.0}, "geometry": {"type": "LineString", "coordinates": [[75.8562349, 22.7217705], [75.8559473, 22.72183099999999]]}}, {"type": "Feature", "properties": {"segment_id": "osm-2025111331-2025111351-0", "length_m": 14.187436110687608, "canonical_time": "15:00", "exposure_value": 1.0, "temperature_proxy_c": 42.0, "normalized_temperature_factor": 1.0, "source_type": "derived", "source_reference": "Cached geometric shade snapshot and configured prototype temperature curve", "observed_or_estimated": "ESTIMATED", "modelled_or_interpolated": "MODELLED", "timestamp": "2026-05-15T15:00:00+05:30", "assumptions_version": "2026-10-09-prompt-5a-interventions", "computation_mode": "geometric", "shade_fraction": 0.0, "direct_exposure_fraction": 1.0}, "geometry": {"type": "LineString", "coordinates": [[75.8562349, 22.7217705], [75.8562831, 22.721890599999988]]}}, {"type": "Feature", "properties": {"segment_id": "osm-2025111331-2025111285-0", "length_m": 40.74920342668824, "canonical_time": "15:00", "exposure_value": 0.40661568049130703, "temperature_proxy_c": 42.0, "normalized_temperature_factor": 1.0, "source_type": "derived", "source_reference": "Cached geometric shade snapshot and configured prototype temperature curve", "observed_or_estimated": "ESTIMATED", "modelled_or_interpolated": "MODELLED", "timestamp": "2026-05-15T15:00:00+05:30", "assumptions_version": "2026-10-09-prompt-5a-interventions", "computation_mode": "geometric", "shade_fraction": 0.593384319508693, "direct_exposure_fraction": 0.40661568049130703}, "geometry": {"type": "LineString", "coordinates": [[75.8562349, 22.7217705], [75.856245, 22.721663999999997], [75.85628, 22.721582799999997], [75.8563369, 22.72151619999999], [75.85635980000002, 22.7214867], [75.8564069, 22.721457799999996]]}}, {"type": "Feature", "properties": {"segment_id": "osm-2025111347-2025111313-0", "length_m": 46.53280555621854, "canonical_time": "15:00", "exposure_value": 0.9361125943657883, "temperature_proxy_c": 42.0, "normalized_temperature_factor": 1.0, "source_type": "derived", "source_reference": "Cached geometric shade snapshot and configured prototype temperature curve", "observed_or_estimated": "ESTIMATED", "modelled_or_interpolated": "MODELLED", "timestamp": "2026-05-15T15:00:00+05:30", "assumptions_version": "2026-10-09-prompt-5a-interventions", "computation_mode": "geometric", "shade_fraction": 0.06388740563421169, "direct_exposure_fraction": 0.9361125943657883}, "geometry": {"type": "LineString", "coordinates": [[75.8563579, 22.721844900000004], [75.8567096, 22.72157989999999]]}}, {"type": "Feature", "properties": {"segment_id": "osm-2025111347-2025111351-0", "length_m": 9.198313955110347, "canonical_time": "15:00", "exposure_value": 1.0, "temperature_proxy_c": 42.0, "normalized_temperature_factor": 1.0, "source_type": "derived", "source_reference": "Cached geometric shade snapshot and configured prototype temperature curve", "observed_or_estimated": "ESTIMATED", "modelled_or_interpolated": "MODELLED", "timestamp": "2026-05-15T15:00:00+05:30", "assumptions_version": "2026-10-09-prompt-5a-interventions", "computation_mode": "geometric", "shade_fraction": 0.0, "direct_exposure_fraction": 1.0}, "geometry": {"type": "LineString", "coordinates": [[75.8563579, 22.721844900000004], [75.8562831, 22.721890599999988]]}}, {"type": "Feature", "properties": {"segment_id": "osm-2025111351-2025111347-0", "length_m": 9.198313955110347, "canonical_time": "15:00", "exposure_value": 1.0, "temperature_proxy_c": 42.0, "normalized_temperature_factor": 1.0, "source_type": "derived", "source_reference": "Cached geometric shade snapshot and configured prototype temperature curve", "observed_or_estimated": "ESTIMATED", "modelled_or_interpolated": "MODELLED", "timestamp": "2026-05-15T15:00:00+05:30", "assumptions_version": "2026-10-09-prompt-5a-interventions", "computation_mode": "geometric", "shade_fraction": 0.0, "direct_exposure_fraction": 1.0}, "geometry": {"type": "LineString", "coordinates": [[75.8562831, 22.721890599999988], [75.8563579, 22.721844900000004]]}}, {"type": "Feature", "properties": {"segment_id": "osm-2025111351-2025111331-0", "length_m": 14.187436110687608, "canonical_time": "15:00", "exposure_value": 1.0, "temperature_proxy_c": 42.0, "normalized_temperature_factor": 1.0, "source_type": "derived", "source_reference": "Cached geometric shade snapshot and configured prototype temperature curve", "observed_or_estimated": "ESTIMATED", "modelled_or_interpolated": "MODELLED", "timestamp": "2026-05-15T15:00:00+05:30", "assumptions_version": "2026-10-09-prompt-5a-interventions", "computation_mode": "geometric", "shade_fraction": 0.0, "direct_exposure_fraction": 1.0}, "geometry": {"type": "LineString", "coordinates": [[75.8562831, 22.721890599999988], [75.8562349, 22.7217705]]}}, {"type": "Feature", "properties": {"segment_id": "osm-2025111351-3732908422-0", "length_m": 33.681667064540626, "canonical_time": "15:00", "exposure_value": 1.0, "temperature_proxy_c": 42.0, "normalized_temperature_factor": 1.0, "source_type": "derived", "source_reference": "Cached geometric shade snapshot and configured prototype temperature curve", "observed_or_estimated": "ESTIMATED", "modelled_or_interpolated": "MODELLED", "timestamp": "2026-05-15T15:00:00+05:30", "assumptions_version": "2026-10-09-prompt-5a-interventions", "computation_mode": "geometric", "shade_fraction": 0.0, "direct_exposure_fraction": 1.0}, "geometry": {"type": "LineString", "coordinates": [[75.8562831, 22.721890599999988], [75.8561927, 22.72196], [75.8560103, 22.722057699999997]]}}, {"type": "Feature", "properties": {"segment_id": "osm-2025111355-3734466242-0", "length_m": 19.132220841819837, "canonical_time": "15:00", "exposure_value": 0.9683187476863299, "temperature_proxy_c": 42.0, "normalized_temperature_factor": 1.0, "source_type": "derived", "source_reference": "Cached geometric shade snapshot and configured prototype temperature curve", "observed_or_estimated": "ESTIMATED", "modelled_or_interpolated": "MODELLED", "timestamp": "2026-05-15T15:00:00+05:30", "assumptions_version": "2026-10-09-prompt-5a-interventions", "computation_mode": "geometric", "shade_fraction": 0.03168125231367012, "direct_exposure_fraction": 0.9683187476863299}, "geometry": {"type": "LineString", "coordinates": [[75.8548174, 22.7219256], [75.8548797, 22.72193169999999], [75.8549625, 22.721944099999995], [75.8549993, 22.7219581]]}}, {"type": "Feature", "properties": {"segment_id": "osm-2025111355-6616739535-0", "length_m": 38.176386289316135, "canonical_time": "15:00", "exposure_value": 1.0, "temperature_proxy_c": 42.0, "normalized_temperature_factor": 1.0, "source_type": "derived", "source_reference": "Cached geometric shade snapshot and configured prototype temperature curve", "observed_or_estimated": "ESTIMATED", "modelled_or_interpolated": "MODELLED", "timestamp": "2026-05-15T15:00:00+05:30", "assumptions_version": "2026-10-09-prompt-5a-interventions", "computation_mode": "geometric", "shade_fraction": 0.0, "direct_exposure_fraction": 1.0}, "geometry": {"type": "LineString", "coordinates": [[75.8548174, 22.7219256], [75.8545874, 22.7218731], [75.8544584, 22.721836599999993]]}}, {"type": "Feature", "properties": {"segment_id": "osm-2025111363-3734466242-0", "length_m": 13.419015627109932, "canonical_time": "15:00", "exposure_value": 0.8502854280293246, "temperature_proxy_c": 42.0, "normalized_temperature_factor": 1.0, "source_type": "derived", "source_reference": "Cached geometric shade snapshot and configured prototype temperature curve", "observed_or_estimated": "ESTIMATED", "modelled_or_interpolated": "MODELLED", "timestamp": "2026-05-15T15:00:00+05:30", "assumptions_version": "2026-10-09-prompt-5a-interventions", "computation_mode": "geometric", "shade_fraction": 0.14971457197067536, "direct_exposure_fraction": 0.8502854280293246}, "geometry": {"type": "LineString", "coordinates": [[75.8551241, 22.721994], [75.8549993, 22.7219581]]}}, {"type": "Feature", "properties": {"segment_id": "osm-2025111363-2025111286-0", "length_m": 89.46831254522786, "canonical_time": "15:00", "exposure_value": 0.8023471571324208, "temperature_proxy_c": 42.0, "normalized_temperature_factor": 1.0, "source_type": "derived", "source_reference": "Cached geometric shade snapshot and configured prototype temperature curve", "observed_or_estimated": "ESTIMATED", "modelled_or_interpolated": "MODELLED", "timestamp": "2026-05-15T15:00:00+05:30", "assumptions_version": "2026-10-09-prompt-5a-interventions", "computation_mode": "geometric", "shade_fraction": 0.1976528428675792, "direct_exposure_fraction": 0.8023471571324208}, "geometry": {"type": "LineString", "coordinates": [[75.8551241, 22.721994], [75.8550503, 22.7217672], [75.855029, 22.721592400000002], [75.8549889, 22.7215488], [75.8546279, 22.721502899999994]]}}, {"type": "Feature", "properties": {"segment_id": "osm-2025111363-2025111386-0", "length_m": 25.202728867076246, "canonical_time": "15:00", "exposure_value": 0.6037635631153173, "temperature_proxy_c": 42.0, "normalized_temperature_factor": 1.0, "source_type": "derived", "source_reference": "Cached geometric shade snapshot and configured prototype temperature curve", "observed_or_estimated": "ESTIMATED", "modelled_or_interpolated": "MODELLED", "timestamp": "2026-05-15T15:00:00+05:30", "assumptions_version": "2026-10-09-prompt-5a-interventions", "computation_mode": "geometric", "shade_fraction": 0.3962364368846827, "direct_exposure_fraction": 0.6037635631153173}, "geometry": {"type": "LineString", "coordinates": [[75.8551241, 22.721994], [75.855231, 22.7220967], [75.8552653, 22.7221754]]}}, {"type": "Feature", "properties": {"segment_id": "osm-2025111381-3732908424-0", "length_m": 3.938856407509762, "canonical_time": "15:00", "exposure_value": 1.0, "temperature_proxy_c": 42.0, "normalized_temperature_factor": 1.0, "source_type": "derived", "source_reference": "Cached geometric shade snapshot and configured prototype temperature curve", "observed_or_estimated": "ESTIMATED", "modelled_or_interpolated": "MODELLED", "timestamp": "2026-05-15T15:00:00+05:30", "assumptions_version": "2026-10-09-prompt-5a-interventions", "computation_mode": "geometric", "shade_fraction": 0.0, "direct_exposure_fraction": 1.0}, "geometry": {"type": "LineString", "coordinates": [[75.8556609, 22.722167], [75.8556801, 22.722136199999998]]}}, {"type": "Feature", "properties": {"segment_id": "osm-2025111381-2025111386-0", "length_m": 40.63870510467395, "canonical_time": "15:00", "exposure_value": 0.9920698521297296, "temperature_proxy_c": 42.0, "normalized_temperature_factor": 1.0, "source_type": "derived", "source_reference": "Cached geometric shade snapshot and configured prototype temperature curve", "observed_or_estimated": "ESTIMATED", "modelled_or_interpolated": "MODELLED", "timestamp": "2026-05-15T15:00:00+05:30", "assumptions_version": "2026-10-09-prompt-5a-interventions", "computation_mode": "geometric", "shade_fraction": 0.007930147870270339, "direct_exposure_fraction": 0.9920698521297296}, "geometry": {"type": "LineString", "coordinates": [[75.8556609, 22.722167], [75.8552653, 22.7221754]]}}, {"type": "Feature", "properties": {"segment_id": "osm-2025111386-2025111381-0", "length_m": 40.63870510467395, "canonical_time": "15:00", "exposure_value": 0.9920698521297296, "temperature_proxy_c": 42.0, "normalized_temperature_factor": 1.0, "source_type": "derived", "source_reference": "Cached geometric shade snapshot and configured prototype temperature curve", "observed_or_estimated": "ESTIMATED", "modelled_or_interpolated": "MODELLED", "timestamp": "2026-05-15T15:00:00+05:30", "assumptions_version": "2026-10-09-prompt-5a-interventions", "computation_mode": "geometric", "shade_fraction": 0.007930147870270339, "direct_exposure_fraction": 0.9920698521297296}, "geometry": {"type": "LineString", "coordinates": [[75.8552653, 22.7221754], [75.8556609, 22.722167]]}}, {"type": "Feature", "properties": {"segment_id": "osm-2025111386-2025111363-0", "length_m": 25.202728867076246, "canonical_time": "15:00", "exposure_value": 0.6037635631153173, "temperature_proxy_c": 42.0, "normalized_temperature_factor": 1.0, "source_type": "derived", "source_reference": "Cached geometric shade snapshot and configured prototype temperature curve", "observed_or_estimated": "ESTIMATED", "modelled_or_interpolated": "MODELLED", "timestamp": "2026-05-15T15:00:00+05:30", "assumptions_version": "2026-10-09-prompt-5a-interventions", "computation_mode": "geometric", "shade_fraction": 0.3962364368846827, "direct_exposure_fraction": 0.6037635631153173}, "geometry": {"type": "LineString", "coordinates": [[75.8552653, 22.7221754], [75.855231, 22.7220967], [75.8551241, 22.721994]]}}, {"type": "Feature", "properties": {"segment_id": "osm-2027032490-2027032510-0", "length_m": 186.4777908470816, "canonical_time": "15:00", "exposure_value": 1.0, "temperature_proxy_c": 42.0, "normalized_temperature_factor": 1.0, "source_type": "derived", "source_reference": "Cached geometric shade snapshot and configured prototype temperature curve", "observed_or_estimated": "ESTIMATED", "modelled_or_interpolated": "MODELLED", "timestamp": "2026-05-15T15:00:00+05:30", "assumptions_version": "2026-10-09-prompt-5a-interventions", "computation_mode": "geometric", "shade_fraction": 0.0, "direct_exposure_fraction": 1.0}, "geometry": {"type": "LineString", "coordinates": [[75.8560323, 22.713237300000003], [75.8559811, 22.7135049], [75.8558363, 22.713637500000004], [75.855681, 22.7137317], [75.85538970000002, 22.713869], [75.8552243, 22.7139432], [75.8550808, 22.713991499999995], [75.8546178, 22.714069499999994]]}}, {"type": "Feature", "properties": {"segment_id": "osm-2027032490-2027103687-0", "length_m": 75.32434576762236, "canonical_time": "15:00", "exposure_value": 1.0, "temperature_proxy_c": 42.0, "normalized_temperature_factor": 1.0, "source_type": "derived", "source_reference": "Cached geometric shade snapshot and configured prototype temperature curve", "observed_or_estimated": "ESTIMATED", "modelled_or_interpolated": "MODELLED", "timestamp": "2026-05-15T15:00:00+05:30", "assumptions_version": "2026-10-09-prompt-5a-interventions", "computation_mode": "geometric", "shade_fraction": 0.0, "direct_exposure_fraction": 1.0}, "geometry": {"type": "LineString", "coordinates": [[75.8560323, 22.713237300000003], [75.8557435, 22.7132282], [75.8555934, 22.7132264], [75.8554753, 22.7132202], [75.8552993, 22.713217399999994]]}}, {"type": "Feature", "properties": {"segment_id": "osm-2027032510-2027032511-0", "length_m": 8.133254505975586, "canonical_time": "15:00", "exposure_value": 1.0, "temperature_proxy_c": 42.0, "normalized_temperature_factor": 1.0, "source_type": "derived", "source_reference": "Cached geometric shade snapshot and configured prototype temperature curve", "observed_or_estimated": "ESTIMATED", "modelled_or_interpolated": "MODELLED", "timestamp": "2026-05-15T15:00:00+05:30", "assumptions_version": "2026-10-09-prompt-5a-interventions", "computation_mode": "geometric", "shade_fraction": 0.0, "direct_exposure_fraction": 1.0}, "geometry": {"type": "LineString", "coordinates": [[75.8546178, 22.714069499999994], [75.8546563, 22.7141337]]}}, {"type": "Feature", "properties": {"segment_id": "osm-2027032510-2027103699-0", "length_m": 36.262157099459955, "canonical_time": "15:00", "exposure_value": 0.9634041462066187, "temperature_proxy_c": 42.0, "normalized_temperature_factor": 1.0, "source_type": "derived", "source_reference": "Cached geometric shade snapshot and configured prototype temperature curve", "observed_or_estimated": "ESTIMATED", "modelled_or_interpolated": "MODELLED", "timestamp": "2026-05-15T15:00:00+05:30", "assumptions_version": "2026-10-09-prompt-5a-interventions", "computation_mode": "geometric", "shade_fraction": 0.036595853793381226, "direct_exposure_fraction": 0.9634041462066187}, "geometry": {"type": "LineString", "coordinates": [[75.8546178, 22.714069499999994], [75.854491, 22.713763799999995]]}}, {"type": "Feature", "properties": {"segment_id": "osm-2027032510-2027032490-0", "length_m": 186.4777908470816, "canonical_time": "15:00", "exposure_value": 1.0, "temperature_proxy_c": 42.0, "normalized_temperature_factor": 1.0, "source_type": "derived", "source_reference": "Cached geometric shade snapshot and configured prototype temperature curve", "observed_or_estimated": "ESTIMATED", "modelled_or_interpolated": "MODELLED", "timestamp": "2026-05-15T15:00:00+05:30", "assumptions_version": "2026-10-09-prompt-5a-interventions", "computation_mode": "geometric", "shade_fraction": 0.0, "direct_exposure_fraction": 1.0}, "geometry": {"type": "LineString", "coordinates": [[75.8546178, 22.714069499999994], [75.8550808, 22.713991499999995], [75.8552243, 22.7139432], [75.85538970000002, 22.713869], [75.855681, 22.7137317], [75.8558363, 22.713637500000004], [75.8559811, 22.7135049], [75.8560323, 22.713237300000003]]}}, {"type": "Feature", "properties": {"segment_id": "osm-2027032511-2027032510-0", "length_m": 8.133254505975586, "canonical_time": "15:00", "exposure_value": 1.0, "temperature_proxy_c": 42.0, "normalized_temperature_factor": 1.0, "source_type": "derived", "source_reference": "Cached geometric shade snapshot and configured prototype temperature curve", "observed_or_estimated": "ESTIMATED", "modelled_or_interpolated": "MODELLED", "timestamp": "2026-05-15T15:00:00+05:30", "assumptions_version": "2026-10-09-prompt-5a-interventions", "computation_mode": "geometric", "shade_fraction": 0.0, "direct_exposure_fraction": 1.0}, "geometry": {"type": "LineString", "coordinates": [[75.8546563, 22.7141337], [75.8546178, 22.714069499999994]]}}, {"type": "Feature", "properties": {"segment_id": "osm-2027032511-2025019820-0", "length_m": 52.33148708792346, "canonical_time": "15:00", "exposure_value": 1.0, "temperature_proxy_c": 42.0, "normalized_temperature_factor": 1.0, "source_type": "derived", "source_reference": "Cached geometric shade snapshot and configured prototype temperature curve", "observed_or_estimated": "ESTIMATED", "modelled_or_interpolated": "MODELLED", "timestamp": "2026-05-15T15:00:00+05:30", "assumptions_version": "2026-10-09-prompt-5a-interventions", "computation_mode": "geometric", "shade_fraction": 0.0, "direct_exposure_fraction": 1.0}, "geometry": {"type": "LineString", "coordinates": [[75.8546563, 22.7141337], [75.8547646, 22.714391800000005], [75.8548436, 22.7145733]]}}, {"type": "Feature", "properties": {"segment_id": "osm-2027032511-3734538656-0", "length_m": 212.55836286527844, "canonical_time": "15:00", "exposure_value": 0.9740496034155127, "temperature_proxy_c": 42.0, "normalized_temperature_factor": 1.0, "source_type": "derived", "source_reference": "Cached geometric shade snapshot and configured prototype temperature curve", "observed_or_estimated": "ESTIMATED", "modelled_or_interpolated": "MODELLED", "timestamp": "2026-05-15T15:00:00+05:30", "assumptions_version": "2026-10-09-prompt-5a-interventions", "computation_mode": "geometric", "shade_fraction": 0.025950396584487247, "direct_exposure_fraction": 0.9740496034155127}, "geometry": {"type": "LineString", "coordinates": [[75.8546563, 22.7141337], [75.8546154, 22.714116300000004], [75.8545395, 22.71414369999999], [75.8544928, 22.714184799999998], [75.8544099, 22.7142374], [75.8543038, 22.714270699999993], [75.8541584, 22.714286099999995], [75.8539816, 22.7142937], [75.8538267, 22.714289800000007], [75.8536033, 22.714255000000005], [75.8534327, 22.7142186], [75.8532705, 22.7141385], [75.853175, 22.7140862], [75.8530782, 22.714024], [75.8529857, 22.7139514], [75.8529047, 22.713877799999988], [75.8528557, 22.713798399999998], [75.8528371, 22.713764600000008]]}}, {"type": "Feature", "properties": {"segment_id": "osm-2027103687-8460772838-0", "length_m": 18.809477231132558, "canonical_time": "15:00", "exposure_value": 0.1653033877487291, "temperature_proxy_c": 42.0, "normalized_temperature_factor": 1.0, "source_type": "derived", "source_reference": "Cached geometric shade snapshot and configured prototype temperature curve", "observed_or_estimated": "ESTIMATED", "modelled_or_interpolated": "MODELLED", "timestamp": "2026-05-15T15:00:00+05:30", "assumptions_version": "2026-10-09-prompt-5a-interventions", "computation_mode": "geometric", "shade_fraction": 0.8346966122512709, "direct_exposure_fraction": 0.1653033877487291}, "geometry": {"type": "LineString", "coordinates": [[75.8552993, 22.713217399999994], [75.8553347, 22.713384099999995]]}}, {"type": "Feature", "properties": {"segment_id": "osm-2027103687-3734538653-0", "length_m": 42.65926855150046, "canonical_time": "15:00", "exposure_value": 1.0, "temperature_proxy_c": 42.0, "normalized_temperature_factor": 1.0, "source_type": "derived", "source_reference": "Cached geometric shade snapshot and configured prototype temperature curve", "observed_or_estimated": "ESTIMATED", "modelled_or_interpolated": "MODELLED", "timestamp": "2026-05-15T15:00:00+05:30", "assumptions_version": "2026-10-09-prompt-5a-interventions", "computation_mode": "geometric", "shade_fraction": 0.0, "direct_exposure_fraction": 1.0}, "geometry": {"type": "LineString", "coordinates": [[75.8552993, 22.713217399999994], [75.8548908, 22.713287099999988]]}}, {"type": "Feature", "properties": {"segment_id": "osm-2027103687-2027032490-0", "length_m": 75.32434576762235, "canonical_time": "15:00", "exposure_value": 1.0, "temperature_proxy_c": 42.0, "normalized_temperature_factor": 1.0, "source_type": "derived", "source_reference": "Cached geometric shade snapshot and configured prototype temperature curve", "observed_or_estimated": "ESTIMATED", "modelled_or_interpolated": "MODELLED", "timestamp": "2026-05-15T15:00:00+05:30", "assumptions_version": "2026-10-09-prompt-5a-interventions", "computation_mode": "geometric", "shade_fraction": 0.0, "direct_exposure_fraction": 1.0}, "geometry": {"type": "LineString", "coordinates": [[75.8552993, 22.713217399999994], [75.8554753, 22.7132202], [75.8555934, 22.7132264], [75.8557435, 22.7132282], [75.8560323, 22.713237300000003]]}}, {"type": "Feature", "properties": {"segment_id": "osm-2027103688-2027103701-0", "length_m": 60.244647374914294, "canonical_time": "15:00", "exposure_value": 0.671829629812196, "temperature_proxy_c": 42.0, "normalized_temperature_factor": 1.0, "source_type": "derived", "source_reference": "Cached geometric shade snapshot and configured prototype temperature curve", "observed_or_estimated": "ESTIMATED", "modelled_or_interpolated": "MODELLED", "timestamp": "2026-05-15T15:00:00+05:30", "assumptions_version": "2026-10-09-prompt-5a-interventions", "computation_mode": "geometric", "shade_fraction": 0.3281703701878041, "direct_exposure_fraction": 0.671829629812196}, "geometry": {"type": "LineString", "coordinates": [[75.8533875, 22.7132594], [75.8533022, 22.713797799999995]]}}, {"type": "Feature", "properties": {"segment_id": "osm-2027103688-2027103707-0", "length_m": 135.70492545419597, "canonical_time": "15:00", "exposure_value": 0.8246419807264727, "temperature_proxy_c": 42.0, "normalized_temperature_factor": 1.0, "source_type": "derived", "source_reference": "Cached geometric shade snapshot and configured prototype temperature curve", "observed_or_estimated": "ESTIMATED", "modelled_or_interpolated": "MODELLED", "timestamp": "2026-05-15T15:00:00+05:30", "assumptions_version": "2026-10-09-prompt-5a-interventions", "computation_mode": "geometric", "shade_fraction": 0.17535801927352737, "direct_exposure_fraction": 0.8246419807264727}, "geometry": {"type": "LineString", "coordinates": [[75.8533875, 22.7132594], [75.8529585, 22.713266799999996], [75.8529278, 22.713544000000002], [75.852936, 22.713643799999993], [75.8529771, 22.7137308], [75.8530689, 22.7138162], [75.8532837, 22.713937699999992]]}}, {"type": "Feature", "properties": {"segment_id": "osm-2027103692-3734538653-0", "length_m": 50.380415782377284, "canonical_time": "15:00", "exposure_value": 0.9734002911036465, "temperature_proxy_c": 42.0, "normalized_temperature_factor": 1.0, "source_type": "derived", "source_reference": "Cached geometric shade snapshot and configured prototype temperature curve", "observed_or_estimated": "ESTIMATED", "modelled_or_interpolated": "MODELLED", "timestamp": "2026-05-15T15:00:00+05:30", "assumptions_version": "2026-10-09-prompt-5a-interventions", "computation_mode": "geometric", "shade_fraction": 0.026599708896353536, "direct_exposure_fraction": 0.9734002911036465}, "geometry": {"type": "LineString", "coordinates": [[75.85441040000002, 22.713379100000004], [75.8548908, 22.713287099999988]]}}, {"type": "Feature", "properties": {"segment_id": "osm-2027103692-8460772839-0", "length_m": 21.322659295397347, "canonical_time": "15:00", "exposure_value": 0.38433809335216396, "temperature_proxy_c": 42.0, "normalized_temperature_factor": 1.0, "source_type": "derived", "source_reference": "Cached geometric shade snapshot and configured prototype temperature curve", "observed_or_estimated": "ESTIMATED", "modelled_or_interpolated": "MODELLED", "timestamp": "2026-05-15T15:00:00+05:30", "assumptions_version": "2026-10-09-prompt-5a-interventions", "computation_mode": "geometric", "shade_fraction": 0.615661906647836, "direct_exposure_fraction": 0.38433809335216396}, "geometry": {"type": "LineString", "coordinates": [[75.85441040000002, 22.713379100000004], [75.854412, 22.7135717]]}}, {"type": "Feature", "properties": {"segment_id": "osm-2027103699-2027032510-0", "length_m": 36.262157099459955, "canonical_time": "15:00", "exposure_value": 0.9634041462066187, "temperature_proxy_c": 42.0, "normalized_temperature_factor": 1.0, "source_type": "derived", "source_reference": "Cached geometric shade snapshot and configured prototype temperature curve", "observed_or_estimated": "ESTIMATED", "modelled_or_interpolated": "MODELLED", "timestamp": "2026-05-15T15:00:00+05:30", "assumptions_version": "2026-10-09-prompt-5a-interventions", "computation_mode": "geometric", "shade_fraction": 0.036595853793381226, "direct_exposure_fraction": 0.9634041462066187}, "geometry": {"type": "LineString", "coordinates": [[75.854491, 22.713763799999995], [75.8546178, 22.714069499999994]]}}, {"type": "Feature", "properties": {"segment_id": "osm-2027103699-2027103700-0", "length_m": 10.203471299219327, "canonical_time": "15:00", "exposure_value": 1.0, "temperature_proxy_c": 42.0, "normalized_temperature_factor": 1.0, "source_type": "derived", "source_reference": "Cached geometric shade snapshot and configured prototype temperature curve", "observed_or_estimated": "ESTIMATED", "modelled_or_interpolated": "MODELLED", "timestamp": "2026-05-15T15:00:00+05:30", "assumptions_version": "2026-10-09-prompt-5a-interventions", "computation_mode": "geometric", "shade_fraction": 0.0, "direct_exposure_fraction": 1.0}, "geometry": {"type": "LineString", "coordinates": [[75.854491, 22.713763799999995], [75.8543918, 22.713768799999997]]}}, {"type": "Feature", "properties": {"segment_id": "osm-2027103699-8460772838-0", "length_m": 110.29674778678569, "canonical_time": "15:00", "exposure_value": 0.9921830745566044, "temperature_proxy_c": 42.0, "normalized_temperature_factor": 1.0, "source_type": "derived", "source_reference": "Cached geometric shade snapshot and configured prototype temperature curve", "observed_or_estimated": "ESTIMATED", "modelled_or_interpolated": "MODELLED", "timestamp": "2026-05-15T15:00:00+05:30", "assumptions_version": "2026-10-09-prompt-5a-interventions", "computation_mode": "geometric", "shade_fraction": 0.007816925443395677, "direct_exposure_fraction": 0.9921830745566044}, "geometry": {"type": "LineString", "coordinates": [[75.854491, 22.713763799999995], [75.8548638, 22.7136847], [75.8552379, 22.71359009999999], [75.855299, 22.71357769999999], [75.85534790000001, 22.7135554], [75.8553544, 22.7134844], [75.8553347, 22.713384099999995]]}}, {"type": "Feature", "properties": {"segment_id": "osm-2027103700-8460772839-0", "length_m": 21.918612360441614, "canonical_time": "15:00", "exposure_value": 0.3896775929448638, "temperature_proxy_c": 42.0, "normalized_temperature_factor": 1.0, "source_type": "derived", "source_reference": "Cached geometric shade snapshot and configured prototype temperature curve", "observed_or_estimated": "ESTIMATED", "modelled_or_interpolated": "MODELLED", "timestamp": "2026-05-15T15:00:00+05:30", "assumptions_version": "2026-10-09-prompt-5a-interventions", "computation_mode": "geometric", "shade_fraction": 0.6103224070551362, "direct_exposure_fraction": 0.3896775929448638}, "geometry": {"type": "LineString", "coordinates": [[75.8543918, 22.713768799999997], [75.854412, 22.7135717]]}}, {"type": "Feature", "properties": {"segment_id": "osm-2027103700-2027103699-0", "length_m": 10.203471299219327, "canonical_time": "15:00", "exposure_value": 1.0, "temperature_proxy_c": 42.0, "normalized_temperature_factor": 1.0, "source_type": "derived", "source_reference": "Cached geometric shade snapshot and configured prototype temperature curve", "observed_or_estimated": "ESTIMATED", "modelled_or_interpolated": "MODELLED", "timestamp": "2026-05-15T15:00:00+05:30", "assumptions_version": "2026-10-09-prompt-5a-interventions", "computation_mode": "geometric", "shade_fraction": 0.0, "direct_exposure_fraction": 1.0}, "geometry": {"type": "LineString", "coordinates": [[75.8543918, 22.713768799999997], [75.854491, 22.713763799999995]]}}, {"type": "Feature", "properties": {"segment_id": "osm-2027103700-2027103703-0", "length_m": 19.102320506073056, "canonical_time": "15:00", "exposure_value": 1.0, "temperature_proxy_c": 42.0, "normalized_temperature_factor": 1.0, "source_type": "derived", "source_reference": "Cached geometric shade snapshot and configured prototype temperature curve", "observed_or_estimated": "ESTIMATED", "modelled_or_interpolated": "MODELLED", "timestamp": "2026-05-15T15:00:00+05:30", "assumptions_version": "2026-10-09-prompt-5a-interventions", "computation_mode": "geometric", "shade_fraction": 0.0, "direct_exposure_fraction": 1.0}, "geometry": {"type": "LineString", "coordinates": [[75.8543918, 22.713768799999997], [75.854206, 22.713776599999992]]}}, {"type": "Feature", "properties": {"segment_id": "osm-2027103701-2027103688-0", "length_m": 60.244647374914294, "canonical_time": "15:00", "exposure_value": 0.671829629812196, "temperature_proxy_c": 42.0, "normalized_temperature_factor": 1.0, "source_type": "derived", "source_reference": "Cached geometric shade snapshot and configured prototype temperature curve", "observed_or_estimated": "ESTIMATED", "modelled_or_interpolated": "MODELLED", "timestamp": "2026-05-15T15:00:00+05:30", "assumptions_version": "2026-10-09-prompt-5a-interventions", "computation_mode": "geometric", "shade_fraction": 0.3281703701878041, "direct_exposure_fraction": 0.671829629812196}, "geometry": {"type": "LineString", "coordinates": [[75.8533022, 22.713797799999995], [75.8533875, 22.7132594]]}}, {"type": "Feature", "properties": {"segment_id": "osm-2027103701-2027103707-0", "length_m": 15.60391849110699, "canonical_time": "15:00", "exposure_value": 1.0, "temperature_proxy_c": 42.0, "normalized_temperature_factor": 1.0, "source_type": "derived", "source_reference": "Cached geometric shade snapshot and configured prototype temperature curve", "observed_or_estimated": "ESTIMATED", "modelled_or_interpolated": "MODELLED", "timestamp": "2026-05-15T15:00:00+05:30", "assumptions_version": "2026-10-09-prompt-5a-interventions", "computation_mode": "geometric", "shade_fraction": 0.0, "direct_exposure_fraction": 1.0}, "geometry": {"type": "LineString", "coordinates": [[75.8533022, 22.713797799999995], [75.8532837, 22.713937699999992]]}}, {"type": "Feature", "properties": {"segment_id": "osm-2027103701-2027103702-0", "length_m": 52.20075194323912, "canonical_time": "15:00", "exposure_value": 1.0, "temperature_proxy_c": 42.0, "normalized_temperature_factor": 1.0, "source_type": "derived", "source_reference": "Cached geometric shade snapshot and configured prototype temperature curve", "observed_or_estimated": "ESTIMATED", "modelled_or_interpolated": "MODELLED", "timestamp": "2026-05-15T15:00:00+05:30", "assumptions_version": "2026-10-09-prompt-5a-interventions", "computation_mode": "geometric", "shade_fraction": 0.0, "direct_exposure_fraction": 1.0}, "geometry": {"type": "LineString", "coordinates": [[75.8533022, 22.713797799999995], [75.8538103, 22.713786199999994]]}}, {"type": "Feature", "properties": {"segment_id": "osm-2027103702-2027103712-0", "length_m": 33.05746324710769, "canonical_time": "15:00", "exposure_value": 0.8987427035619875, "temperature_proxy_c": 42.0, "normalized_temperature_factor": 1.0, "source_type": "derived", "source_reference": "Cached geometric shade snapshot and configured prototype temperature curve", "observed_or_estimated": "ESTIMATED", "modelled_or_interpolated": "MODELLED", "timestamp": "2026-05-15T15:00:00+05:30", "assumptions_version": "2026-10-09-prompt-5a-interventions", "computation_mode": "geometric", "shade_fraction": 0.10125729643801254, "direct_exposure_fraction": 0.8987427035619875}, "geometry": {"type": "LineString", "coordinates": [[75.8538103, 22.713786199999994], [75.8538084, 22.714084800000002]]}}, {"type": "Feature", "properties": {"segment_id": "osm-2027103702-3734538655-0", "length_m": 20.47675952690482, "canonical_time": "15:00", "exposure_value": 1.0, "temperature_proxy_c": 42.0, "normalized_temperature_factor": 1.0, "source_type": "derived", "source_reference": "Cached geometric shade snapshot and configured prototype temperature curve", "observed_or_estimated": "ESTIMATED", "modelled_or_interpolated": "MODELLED", "timestamp": "2026-05-15T15:00:00+05:30", "assumptions_version": "2026-10-09-prompt-5a-interventions", "computation_mode": "geometric", "shade_fraction": 0.0, "direct_exposure_fraction": 1.0}, "geometry": {"type": "LineString", "coordinates": [[75.8538103, 22.713786199999994], [75.8540093, 22.713774899999994]]}}, {"type": "Feature", "properties": {"segment_id": "osm-2027103702-2027103701-0", "length_m": 52.20075194323912, "canonical_time": "15:00", "exposure_value": 1.0, "temperature_proxy_c": 42.0, "normalized_temperature_factor": 1.0, "source_type": "derived", "source_reference": "Cached geometric shade snapshot and configured prototype temperature curve", "observed_or_estimated": "ESTIMATED", "modelled_or_interpolated": "MODELLED", "timestamp": "2026-05-15T15:00:00+05:30", "assumptions_version": "2026-10-09-prompt-5a-interventions", "computation_mode": "geometric", "shade_fraction": 0.0, "direct_exposure_fraction": 1.0}, "geometry": {"type": "LineString", "coordinates": [[75.8538103, 22.713786199999994], [75.8533022, 22.713797799999995]]}}, {"type": "Feature", "properties": {"segment_id": "osm-2027103703-2027103700-0", "length_m": 19.102320506073056, "canonical_time": "15:00", "exposure_value": 1.0, "temperature_proxy_c": 42.0, "normalized_temperature_factor": 1.0, "source_type": "derived", "source_reference": "Cached geometric shade snapshot and configured prototype temperature curve", "observed_or_estimated": "ESTIMATED", "modelled_or_interpolated": "MODELLED", "timestamp": "2026-05-15T15:00:00+05:30", "assumptions_version": "2026-10-09-prompt-5a-interventions", "computation_mode": "geometric", "shade_fraction": 0.0, "direct_exposure_fraction": 1.0}, "geometry": {"type": "LineString", "coordinates": [[75.854206, 22.713776599999992], [75.8543918, 22.713768799999997]]}}, {"type": "Feature", "properties": {"segment_id": "osm-2027103703-3734538655-0", "length_m": 20.203165107398288, "canonical_time": "15:00", "exposure_value": 1.0, "temperature_proxy_c": 42.0, "normalized_temperature_factor": 1.0, "source_type": "derived", "source_reference": "Cached geometric shade snapshot and configured prototype temperature curve", "observed_or_estimated": "ESTIMATED", "modelled_or_interpolated": "MODELLED", "timestamp": "2026-05-15T15:00:00+05:30", "assumptions_version": "2026-10-09-prompt-5a-interventions", "computation_mode": "geometric", "shade_fraction": 0.0, "direct_exposure_fraction": 1.0}, "geometry": {"type": "LineString", "coordinates": [[75.854206, 22.713776599999992], [75.8540093, 22.713774899999994]]}}, {"type": "Feature", "properties": {"segment_id": "osm-2027103703-3734538662-0", "length_m": 46.590054460099964, "canonical_time": "15:00", "exposure_value": 0.5303404046150778, "temperature_proxy_c": 42.0, "normalized_temperature_factor": 1.0, "source_type": "derived", "source_reference": "Cached geometric shade snapshot and configured prototype temperature curve", "observed_or_estimated": "ESTIMATED", "modelled_or_interpolated": "MODELLED", "timestamp": "2026-05-15T15:00:00+05:30", "assumptions_version": "2026-10-09-prompt-5a-interventions", "computation_mode": "geometric", "shade_fraction": 0.4696595953849222, "direct_exposure_fraction": 0.5303404046150778}, "geometry": {"type": "LineString", "coordinates": [[75.854206, 22.713776599999992], [75.8542135, 22.7139947], [75.85416000000001, 22.7140472], [75.8540253, 22.714084399999997]]}}, {"type": "Feature", "properties": {"segment_id": "osm-2027103707-2027103701-0", "length_m": 15.60391849110699, "canonical_time": "15:00", "exposure_value": 1.0, "temperature_proxy_c": 42.0, "normalized_temperature_factor": 1.0, "source_type": "derived", "source_reference": "Cached geometric shade snapshot and configured prototype temperature curve", "observed_or_estimated": "ESTIMATED", "modelled_or_interpolated": "MODELLED", "timestamp": "2026-05-15T15:00:00+05:30", "assumptions_version": "2026-10-09-prompt-5a-interventions", "computation_mode": "geometric", "shade_fraction": 0.0, "direct_exposure_fraction": 1.0}, "geometry": {"type": "LineString", "coordinates": [[75.8532837, 22.713937699999992], [75.8533022, 22.713797799999995]]}}, {"type": "Feature", "properties": {"segment_id": "osm-2027103707-2027103688-0", "length_m": 135.70492545419597, "canonical_time": "15:00", "exposure_value": 0.8246419807264727, "temperature_proxy_c": 42.0, "normalized_temperature_factor": 1.0, "source_type": "derived", "source_reference": "Cached geometric shade snapshot and configured prototype temperature curve", "observed_or_estimated": "ESTIMATED", "modelled_or_interpolated": "MODELLED", "timestamp": "2026-05-15T15:00:00+05:30", "assumptions_version": "2026-10-09-prompt-5a-interventions", "computation_mode": "geometric", "shade_fraction": 0.17535801927352737, "direct_exposure_fraction": 0.8246419807264727}, "geometry": {"type": "LineString", "coordinates": [[75.8532837, 22.713937699999992], [75.8530689, 22.7138162], [75.8529771, 22.7137308], [75.852936, 22.713643799999993], [75.8529278, 22.713544000000002], [75.8529585, 22.713266799999996], [75.8533875, 22.7132594]]}}, {"type": "Feature", "properties": {"segment_id": "osm-2027103707-2027103712-0", "length_m": 56.634236619200905, "canonical_time": "15:00", "exposure_value": 1.0, "temperature_proxy_c": 42.0, "normalized_temperature_factor": 1.0, "source_type": "derived", "source_reference": "Cached geometric shade snapshot and configured prototype temperature curve", "observed_or_estimated": "ESTIMATED", "modelled_or_interpolated": "MODELLED", "timestamp": "2026-05-15T15:00:00+05:30", "assumptions_version": "2026-10-09-prompt-5a-interventions", "computation_mode": "geometric", "shade_fraction": 0.0, "direct_exposure_fraction": 1.0}, "geometry": {"type": "LineString", "coordinates": [[75.8532837, 22.713937699999992], [75.8534248, 22.71400079999999], [75.8536584, 22.7140624], [75.8538084, 22.714084800000002]]}}, {"type": "Feature", "properties": {"segment_id": "osm-2027103712-2027103702-0", "length_m": 33.05746324710769, "canonical_time": "15:00", "exposure_value": 0.8987427035619875, "temperature_proxy_c": 42.0, "normalized_temperature_factor": 1.0, "source_type": "derived", "source_reference": "Cached geometric shade snapshot and configured prototype temperature curve", "observed_or_estimated": "ESTIMATED", "modelled_or_interpolated": "MODELLED", "timestamp": "2026-05-15T15:00:00+05:30", "assumptions_version": "2026-10-09-prompt-5a-interventions", "computation_mode": "geometric", "shade_fraction": 0.10125729643801254, "direct_exposure_fraction": 0.8987427035619875}, "geometry": {"type": "LineString", "coordinates": [[75.8538084, 22.714084800000002], [75.8538103, 22.713786199999994]]}}, {"type": "Feature", "properties": {"segment_id": "osm-2027103712-2027103707-0", "length_m": 56.634236619200905, "canonical_time": "15:00", "exposure_value": 1.0, "temperature_proxy_c": 42.0, "normalized_temperature_factor": 1.0, "source_type": "derived", "source_reference": "Cached geometric shade snapshot and configured prototype temperature curve", "observed_or_estimated": "ESTIMATED", "modelled_or_interpolated": "MODELLED", "timestamp": "2026-05-15T15:00:00+05:30", "assumptions_version": "2026-10-09-prompt-5a-interventions", "computation_mode": "geometric", "shade_fraction": 0.0, "direct_exposure_fraction": 1.0}, "geometry": {"type": "LineString", "coordinates": [[75.8538084, 22.714084800000002], [75.8536584, 22.7140624], [75.8534248, 22.71400079999999], [75.8532837, 22.713937699999992]]}}, {"type": "Feature", "properties": {"segment_id": "osm-2027103712-3734538662-0", "length_m": 22.278002973855262, "canonical_time": "15:00", "exposure_value": 1.0, "temperature_proxy_c": 42.0, "normalized_temperature_factor": 1.0, "source_type": "derived", "source_reference": "Cached geometric shade snapshot and configured prototype temperature curve", "observed_or_estimated": "ESTIMATED", "modelled_or_interpolated": "MODELLED", "timestamp": "2026-05-15T15:00:00+05:30", "assumptions_version": "2026-10-09-prompt-5a-interventions", "computation_mode": "geometric", "shade_fraction": 0.0, "direct_exposure_fraction": 1.0}, "geometry": {"type": "LineString", "coordinates": [[75.8538084, 22.714084800000002], [75.8539634, 22.714085399999995], [75.8540253, 22.714084399999997]]}}, {"type": "Feature", "properties": {"segment_id": "osm-2027131379-8461121397-0", "length_m": 8.635021108440334, "canonical_time": "15:00", "exposure_value": 1.0, "temperature_proxy_c": 42.0, "normalized_temperature_factor": 1.0, "source_type": "derived", "source_reference": "Cached geometric shade snapshot and configured prototype temperature curve", "observed_or_estimated": "ESTIMATED", "modelled_or_interpolated": "MODELLED", "timestamp": "2026-05-15T15:00:00+05:30", "assumptions_version": "2026-10-09-prompt-5a-interventions", "computation_mode": "geometric", "shade_fraction": 0.0, "direct_exposure_fraction": 1.0}, "geometry": {"type": "LineString", "coordinates": [[75.8586078, 22.71334589999999], [75.8586672, 22.71329069999999]]}}, {"type": "Feature", "properties": {"segment_id": "osm-2027131379-2027131420-0", "length_m": 78.06002135121153, "canonical_time": "15:00", "exposure_value": 1.0, "temperature_proxy_c": 42.0, "normalized_temperature_factor": 1.0, "source_type": "derived", "source_reference": "Cached geometric shade snapshot and configured prototype temperature curve", "observed_or_estimated": "ESTIMATED", "modelled_or_interpolated": "MODELLED", "timestamp": "2026-05-15T15:00:00+05:30", "assumptions_version": "2026-10-09-prompt-5a-interventions", "computation_mode": "geometric", "shade_fraction": 0.0, "direct_exposure_fraction": 1.0}, "geometry": {"type": "LineString", "coordinates": [[75.8586078, 22.71334589999999], [75.8586571, 22.713879300000002], [75.8586526, 22.714048999999992]]}}, {"type": "Feature", "properties": {"segment_id": "osm-2027131379-8461121384-0", "length_m": 45.31517721946123, "canonical_time": "15:00", "exposure_value": 1.0, "temperature_proxy_c": 42.0, "normalized_temperature_factor": 1.0, "source_type": "derived", "source_reference": "Cached geometric shade snapshot and configured prototype temperature curve", "observed_or_estimated": "ESTIMATED", "modelled_or_interpolated": "MODELLED", "timestamp": "2026-05-15T15:00:00+05:30", "assumptions_version": "2026-10-09-prompt-5a-interventions", "computation_mode": "geometric", "shade_fraction": 0.0, "direct_exposure_fraction": 1.0}, "geometry": {"type": "LineString", "coordinates": [[75.8586078, 22.71334589999999], [75.8584189, 22.7134212], [75.8582826, 22.713487799999992], [75.8582104, 22.713523]]}}, {"type": "Feature", "properties": {"segment_id": "osm-2027131406-2025019775-0", "length_m": 69.7932764794284, "canonical_time": "15:00", "exposure_value": 1.0, "temperature_proxy_c": 42.0, "normalized_temperature_factor": 1.0, "source_type": "derived", "source_reference": "Cached geometric shade snapshot and configured prototype temperature curve", "observed_or_estimated": "ESTIMATED", "modelled_or_interpolated": "MODELLED", "timestamp": "2026-05-15T15:00:00+05:30", "assumptions_version": "2026-10-09-prompt-5a-interventions", "computation_mode": "geometric", "shade_fraction": 0.0, "direct_exposure_fraction": 1.0}, "geometry": {"type": "LineString", "coordinates": [[75.8572662, 22.713794], [75.8571582, 22.7137991], [75.8567833, 22.713791500000003], [75.8565872, 22.7137812]]}}, {"type": "Feature", "properties": {"segment_id": "osm-2027131406-2025110922-0", "length_m": 52.92122520882901, "canonical_time": "15:00", "exposure_value": 1.0, "temperature_proxy_c": 42.0, "normalized_temperature_factor": 1.0, "source_type": "derived", "source_reference": "Cached geometric shade snapshot and configured prototype temperature curve", "observed_or_estimated": "ESTIMATED", "modelled_or_interpolated": "MODELLED", "timestamp": "2026-05-15T15:00:00+05:30", "assumptions_version": "2026-10-09-prompt-5a-interventions", "computation_mode": "geometric", "shade_fraction": 0.0, "direct_exposure_fraction": 1.0}, "geometry": {"type": "LineString", "coordinates": [[75.8572662, 22.713794], [75.8575514, 22.713780699999997], [75.8577703, 22.713716099999992]]}}, {"type": "Feature", "properties": {"segment_id": "osm-2027131406-2027131489-0", "length_m": 163.57902672115313, "canonical_time": "15:00", "exposure_value": 0.4816069543938034, "temperature_proxy_c": 42.0, "normalized_temperature_factor": 1.0, "source_type": "derived", "source_reference": "Cached geometric shade snapshot and configured prototype temperature curve", "observed_or_estimated": "ESTIMATED", "modelled_or_interpolated": "MODELLED", "timestamp": "2026-05-15T15:00:00+05:30", "assumptions_version": "2026-10-09-prompt-5a-interventions", "computation_mode": "geometric", "shade_fraction": 0.5183930456061966, "direct_exposure_fraction": 0.4816069543938034}, "geometry": {"type": "LineString", "coordinates": [[75.8572662, 22.713794], [75.8572963, 22.71416779999999], [75.8572324, 22.714327400000005], [75.8570701, 22.714562899999997], [75.85701160000002, 22.71467089999999], [75.8569371, 22.715198499999996]]}}, {"type": "Feature", "properties": {"segment_id": "osm-2027131420-2027131444-0", "length_m": 36.337312639272845, "canonical_time": "15:00", "exposure_value": 1.0, "temperature_proxy_c": 42.0, "normalized_temperature_factor": 1.0, "source_type": "derived", "source_reference": "Cached geometric shade snapshot and configured prototype temperature curve", "observed_or_estimated": "ESTIMATED", "modelled_or_interpolated": "MODELLED", "timestamp": "2026-05-15T15:00:00+05:30", "assumptions_version": "2026-10-09-prompt-5a-interventions", "computation_mode": "geometric", "shade_fraction": 0.0, "direct_exposure_fraction": 1.0}, "geometry": {"type": "LineString", "coordinates": [[75.8586526, 22.714048999999992], [75.8586465, 22.7142744], [75.8586172, 22.714373500000008]]}}, {"type": "Feature", "properties": {"segment_id": "osm-2027131420-2027131379-0", "length_m": 78.06002135121153, "canonical_time": "15:00", "exposure_value": 1.0, "temperature_proxy_c": 42.0, "normalized_temperature_factor": 1.0, "source_type": "derived", "source_reference": "Cached geometric shade snapshot and configured prototype temperature curve", "observed_or_estimated": "ESTIMATED", "modelled_or_interpolated": "MODELLED", "timestamp": "2026-05-15T15:00:00+05:30", "assumptions_version": "2026-10-09-prompt-5a-interventions", "computation_mode": "geometric", "shade_fraction": 0.0, "direct_exposure_fraction": 1.0}, "geometry": {"type": "LineString", "coordinates": [[75.8586526, 22.714048999999992], [75.8586571, 22.713879300000002], [75.8586078, 22.71334589999999]]}}, {"type": "Feature", "properties": {"segment_id": "osm-2027131420-2027131422-0", "length_m": 41.917938426970814, "canonical_time": "15:00", "exposure_value": 1.0, "temperature_proxy_c": 42.0, "normalized_temperature_factor": 1.0, "source_type": "derived", "source_reference": "Cached geometric shade snapshot and configured prototype temperature curve", "observed_or_estimated": "ESTIMATED", "modelled_or_interpolated": "MODELLED", "timestamp": "2026-05-15T15:00:00+05:30", "assumptions_version": "2026-10-09-prompt-5a-interventions", "computation_mode": "geometric", "shade_fraction": 0.0, "direct_exposure_fraction": 1.0}, "geometry": {"type": "LineString", "coordinates": [[75.8586526, 22.714048999999992], [75.8585981, 22.71405199999999], [75.8582446, 22.7140569]]}}, {"type": "Feature", "properties": {"segment_id": "osm-2027131422-6610174557-0", "length_m": 49.86703893246219, "canonical_time": "15:00", "exposure_value": 1.0, "temperature_proxy_c": 42.0, "normalized_temperature_factor": 1.0, "source_type": "derived", "source_reference": "Cached geometric shade snapshot and configured prototype temperature curve", "observed_or_estimated": "ESTIMATED", "modelled_or_interpolated": "MODELLED", "timestamp": "2026-05-15T15:00:00+05:30", "assumptions_version": "2026-10-09-prompt-5a-interventions", "computation_mode": "geometric", "shade_fraction": 0.0, "direct_exposure_fraction": 1.0}, "geometry": {"type": "LineString", "coordinates": [[75.8582446, 22.7140569], [75.8582514, 22.7145073]]}}, {"type": "Feature", "properties": {"segment_id": "osm-2027131422-2027131426-0", "length_m": 47.51203523179809, "canonical_time": "15:00", "exposure_value": 1.0, "temperature_proxy_c": 42.0, "normalized_temperature_factor": 1.0, "source_type": "derived", "source_reference": "Cached geometric shade snapshot and configured prototype temperature curve", "observed_or_estimated": "ESTIMATED", "modelled_or_interpolated": "MODELLED", "timestamp": "2026-05-15T15:00:00+05:30", "assumptions_version": "2026-10-09-prompt-5a-interventions", "computation_mode": "geometric", "shade_fraction": 0.0, "direct_exposure_fraction": 1.0}, "geometry": {"type": "LineString", "coordinates": [[75.8582446, 22.7140569], [75.8578456, 22.7140644], [75.8577821, 22.714065899999994]]}}, {"type": "Feature", "properties": {"segment_id": "osm-2027131422-2027131420-0", "length_m": 41.917938426970814, "canonical_time": "15:00", "exposure_value": 1.0, "temperature_proxy_c": 42.0, "normalized_temperature_factor": 1.0, "source_type": "derived", "source_reference": "Cached geometric shade snapshot and configured prototype temperature curve", "observed_or_estimated": "ESTIMATED", "modelled_or_interpolated": "MODELLED", "timestamp": "2026-05-15T15:00:00+05:30", "assumptions_version": "2026-10-09-prompt-5a-interventions", "computation_mode": "geometric", "shade_fraction": 0.0, "direct_exposure_fraction": 1.0}, "geometry": {"type": "LineString", "coordinates": [[75.8582446, 22.7140569], [75.8585981, 22.71405199999999], [75.8586526, 22.714048999999992]]}}, {"type": "Feature", "properties": {"segment_id": "osm-2027131426-2025110922-0", "length_m": 38.7440410469487, "canonical_time": "15:00", "exposure_value": 1.0, "temperature_proxy_c": 42.0, "normalized_temperature_factor": 1.0, "source_type": "derived", "source_reference": "Cached geometric shade snapshot and configured prototype temperature curve", "observed_or_estimated": "ESTIMATED", "modelled_or_interpolated": "MODELLED", "timestamp": "2026-05-15T15:00:00+05:30", "assumptions_version": "2026-10-09-prompt-5a-interventions", "computation_mode": "geometric", "shade_fraction": 0.0, "direct_exposure_fraction": 1.0}, "geometry": {"type": "LineString", "coordinates": [[75.8577821, 22.714065899999994], [75.8577703, 22.713716099999992]]}}, {"type": "Feature", "properties": {"segment_id": "osm-2027131426-2027131479-0", "length_m": 116.02337646884509, "canonical_time": "15:00", "exposure_value": 1.0, "temperature_proxy_c": 42.0, "normalized_temperature_factor": 1.0, "source_type": "derived", "source_reference": "Cached geometric shade snapshot and configured prototype temperature curve", "observed_or_estimated": "ESTIMATED", "modelled_or_interpolated": "MODELLED", "timestamp": "2026-05-15T15:00:00+05:30", "assumptions_version": "2026-10-09-prompt-5a-interventions", "computation_mode": "geometric", "shade_fraction": 0.0, "direct_exposure_fraction": 1.0}, "geometry": {"type": "LineString", "coordinates": [[75.8577821, 22.714065899999994], [75.85781650000001, 22.7150825], [75.8578179, 22.7151134]]}}, {"type": "Feature", "properties": {"segment_id": "osm-2027131426-2027131422-0", "length_m": 47.51203523179809, "canonical_time": "15:00", "exposure_value": 1.0, "temperature_proxy_c": 42.0, "normalized_temperature_factor": 1.0, "source_type": "derived", "source_reference": "Cached geometric shade snapshot and configured prototype temperature curve", "observed_or_estimated": "ESTIMATED", "modelled_or_interpolated": "MODELLED", "timestamp": "2026-05-15T15:00:00+05:30", "assumptions_version": "2026-10-09-prompt-5a-interventions", "computation_mode": "geometric", "shade_fraction": 0.0, "direct_exposure_fraction": 1.0}, "geometry": {"type": "LineString", "coordinates": [[75.8577821, 22.714065899999994], [75.8578456, 22.7140644], [75.8582446, 22.7140569]]}}, {"type": "Feature", "properties": {"segment_id": "osm-2027131432-2027131442-0", "length_m": 39.47351904533505, "canonical_time": "15:00", "exposure_value": 1.0, "temperature_proxy_c": 42.0, "normalized_temperature_factor": 1.0, "source_type": "derived", "source_reference": "Cached geometric shade snapshot and configured prototype temperature curve", "observed_or_estimated": "ESTIMATED", "modelled_or_interpolated": "MODELLED", "timestamp": "2026-05-15T15:00:00+05:30", "assumptions_version": "2026-10-09-prompt-5a-interventions", "computation_mode": "geometric", "shade_fraction": 0.0, "direct_exposure_fraction": 1.0}, "geometry": {"type": "LineString", "coordinates": [[75.8592211, 22.714249899999995], [75.8591094, 22.714294099999996], [75.8588564, 22.714360399999993]]}}, {"type": "Feature", "properties": {"segment_id": "osm-2027131442-2027131470-0", "length_m": 78.12232175736864, "canonical_time": "15:00", "exposure_value": 0.389827883399236, "temperature_proxy_c": 42.0, "normalized_temperature_factor": 1.0, "source_type": "derived", "source_reference": "Cached geometric shade snapshot and configured prototype temperature curve", "observed_or_estimated": "ESTIMATED", "modelled_or_interpolated": "MODELLED", "timestamp": "2026-05-15T15:00:00+05:30", "assumptions_version": "2026-10-09-prompt-5a-interventions", "computation_mode": "geometric", "shade_fraction": 0.610172116600764, "direct_exposure_fraction": 0.389827883399236}, "geometry": {"type": "LineString", "coordinates": [[75.8588564, 22.714360399999993], [75.8590054, 22.715052399999994]]}}, {"type": "Feature", "properties": {"segment_id": "osm-2027131442-2027131444-0", "length_m": 24.609985830503007, "canonical_time": "15:00", "exposure_value": 1.0, "temperature_proxy_c": 42.0, "normalized_temperature_factor": 1.0, "source_type": "derived", "source_reference": "Cached geometric shade snapshot and configured prototype temperature curve", "observed_or_estimated": "ESTIMATED", "modelled_or_interpolated": "MODELLED", "timestamp": "2026-05-15T15:00:00+05:30", "assumptions_version": "2026-10-09-prompt-5a-interventions", "computation_mode": "geometric", "shade_fraction": 0.0, "direct_exposure_fraction": 1.0}, "geometry": {"type": "LineString", "coordinates": [[75.8588564, 22.714360399999993], [75.8586172, 22.714373500000008]]}}, {"type": "Feature", "properties": {"segment_id": "osm-2027131442-2027131432-0", "length_m": 39.47351904533505, "canonical_time": "15:00", "exposure_value": 1.0, "temperature_proxy_c": 42.0, "normalized_temperature_factor": 1.0, "source_type": "derived", "source_reference": "Cached geometric shade snapshot and configured prototype temperature curve", "observed_or_estimated": "ESTIMATED", "modelled_or_interpolated": "MODELLED", "timestamp": "2026-05-15T15:00:00+05:30", "assumptions_version": "2026-10-09-prompt-5a-interventions", "computation_mode": "geometric", "shade_fraction": 0.0, "direct_exposure_fraction": 1.0}, "geometry": {"type": "LineString", "coordinates": [[75.8588564, 22.714360399999993], [75.8591094, 22.714294099999996], [75.8592211, 22.714249899999995]]}}, {"type": "Feature", "properties": {"segment_id": "osm-2027131444-2027131442-0", "length_m": 24.609985830503007, "canonical_time": "15:00", "exposure_value": 1.0, "temperature_proxy_c": 42.0, "normalized_temperature_factor": 1.0, "source_type": "derived", "source_reference": "Cached geometric shade snapshot and configured prototype temperature curve", "observed_or_estimated": "ESTIMATED", "modelled_or_interpolated": "MODELLED", "timestamp": "2026-05-15T15:00:00+05:30", "assumptions_version": "2026-10-09-prompt-5a-interventions", "computation_mode": "geometric", "shade_fraction": 0.0, "direct_exposure_fraction": 1.0}, "geometry": {"type": "LineString", "coordinates": [[75.8586172, 22.714373500000008], [75.8588564, 22.714360399999993]]}}, {"type": "Feature", "properties": {"segment_id": "osm-2027131444-2027131460-0", "length_m": 68.25048760493709, "canonical_time": "15:00", "exposure_value": 1.0, "temperature_proxy_c": 42.0, "normalized_temperature_factor": 1.0, "source_type": "derived", "source_reference": "Cached geometric shade snapshot and configured prototype temperature curve", "observed_or_estimated": "ESTIMATED", "modelled_or_interpolated": "MODELLED", "timestamp": "2026-05-15T15:00:00+05:30", "assumptions_version": "2026-10-09-prompt-5a-interventions", "computation_mode": "geometric", "shade_fraction": 0.0, "direct_exposure_fraction": 1.0}, "geometry": {"type": "LineString", "coordinates": [[75.8586172, 22.714373500000008], [75.8585934, 22.7144585], [75.8585532, 22.7145211], [75.858517, 22.714566099999992], [75.8581836, 22.71481919999999]]}}, {"type": "Feature", "properties": {"segment_id": "osm-2027131444-2027131420-0", "length_m": 36.337312639272845, "canonical_time": "15:00", "exposure_value": 1.0, "temperature_proxy_c": 42.0, "normalized_temperature_factor": 1.0, "source_type": "derived", "source_reference": "Cached geometric shade snapshot and configured prototype temperature curve", "observed_or_estimated": "ESTIMATED", "modelled_or_interpolated": "MODELLED", "timestamp": "2026-05-15T15:00:00+05:30", "assumptions_version": "2026-10-09-prompt-5a-interventions", "computation_mode": "geometric", "shade_fraction": 0.0, "direct_exposure_fraction": 1.0}, "geometry": {"type": "LineString", "coordinates": [[75.8586172, 22.714373500000008], [75.8586465, 22.7142744], [75.8586526, 22.714048999999992]]}}, {"type": "Feature", "properties": {"segment_id": "osm-2027131456-2027156380-0", "length_m": 16.912817590118166, "canonical_time": "15:00", "exposure_value": 1.0, "temperature_proxy_c": 42.0, "normalized_temperature_factor": 1.0, "source_type": "derived", "source_reference": "Cached geometric shade snapshot and configured prototype temperature curve", "observed_or_estimated": "ESTIMATED", "modelled_or_interpolated": "MODELLED", "timestamp": "2026-05-15T15:00:00+05:30", "assumptions_version": "2026-10-09-prompt-5a-interventions", "computation_mode": "geometric", "shade_fraction": 0.0, "direct_exposure_fraction": 1.0}, "geometry": {"type": "LineString", "coordinates": [[75.8548821, 22.714809200000005], [75.8547442, 22.714892699999993]]}}, {"type": "Feature", "properties": {"segment_id": "osm-2027131456-2027131464-0", "length_m": 16.099407946383533, "canonical_time": "15:00", "exposure_value": 1.0, "temperature_proxy_c": 42.0, "normalized_temperature_factor": 1.0, "source_type": "derived", "source_reference": "Cached geometric shade snapshot and configured prototype temperature curve", "observed_or_estimated": "ESTIMATED", "modelled_or_interpolated": "MODELLED", "timestamp": "2026-05-15T15:00:00+05:30", "assumptions_version": "2026-10-09-prompt-5a-interventions", "computation_mode": "geometric", "shade_fraction": 0.0, "direct_exposure_fraction": 1.0}, "geometry": {"type": "LineString", "coordinates": [[75.8548821, 22.714809200000005], [75.8549693, 22.714887199999996], [75.8549782, 22.7149192]]}}, {"type": "Feature", "properties": {"segment_id": "osm-2027131456-2025019792-0", "length_m": 178.18312246944294, "canonical_time": "15:00", "exposure_value": 0.7075861246246322, "temperature_proxy_c": 42.0, "normalized_temperature_factor": 1.0, "source_type": "derived", "source_reference": "Cached geometric shade snapshot and configured prototype temperature curve", "observed_or_estimated": "ESTIMATED", "modelled_or_interpolated": "MODELLED", "timestamp": "2026-05-15T15:00:00+05:30", "assumptions_version": "2026-10-09-prompt-5a-interventions", "computation_mode": "geometric", "shade_fraction": 0.2924138753753678, "direct_exposure_fraction": 0.7075861246246322}, "geometry": {"type": "LineString", "coordinates": [[75.8548821, 22.714809200000005], [75.8561919, 22.714092899999997], [75.8563584, 22.7139675]]}}, {"type": "Feature", "properties": {"segment_id": "osm-2027131456-9523322989-0", "length_m": 182.28229393633433, "canonical_time": "15:00", "exposure_value": 0.7990188531586647, "temperature_proxy_c": 42.0, "normalized_temperature_factor": 1.0, "source_type": "derived", "source_reference": "Cached geometric shade snapshot and configured prototype temperature curve", "observed_or_estimated": "ESTIMATED", "modelled_or_interpolated": "MODELLED", "timestamp": "2026-05-15T15:00:00+05:30", "assumptions_version": "2026-10-09-prompt-5a-interventions", "computation_mode": "geometric", "shade_fraction": 0.20098114684133525, "direct_exposure_fraction": 0.7990188531586647}, "geometry": {"type": "LineString", "coordinates": [[75.8548821, 22.714809200000005], [75.8548901, 22.71490239999999], [75.8550553, 22.715350999999995], [75.8551561, 22.715652899999995], [75.8552569, 22.7159376], [75.8554037, 22.716380400000006]]}}, {"type": "Feature", "properties": {"segment_id": "osm-2027131456-2025019820-0", "length_m": 29.848252360095394, "canonical_time": "15:00", "exposure_value": 1.0, "temperature_proxy_c": 42.0, "normalized_temperature_factor": 1.0, "source_type": "derived", "source_reference": "Cached geometric shade snapshot and configured prototype temperature curve", "observed_or_estimated": "ESTIMATED", "modelled_or_interpolated": "MODELLED", "timestamp": "2026-05-15T15:00:00+05:30", "assumptions_version": "2026-10-09-prompt-5a-interventions", "computation_mode": "geometric", "shade_fraction": 0.0, "direct_exposure_fraction": 1.0}, "geometry": {"type": "LineString", "coordinates": [[75.8548821, 22.714809200000005], [75.854827, 22.7147594], [75.854812, 22.7147035], [75.8548044, 22.7146338], [75.8548436, 22.7145733]]}}, {"type": "Feature", "properties": {"segment_id": "osm-2027131456-2025019820-1", "length_m": 28.3297252389263, "canonical_time": "15:00", "exposure_value": 1.0, "temperature_proxy_c": 42.0, "normalized_temperature_factor": 1.0, "source_type": "derived", "source_reference": "Cached geometric shade snapshot and configured prototype temperature curve", "observed_or_estimated": "ESTIMATED", "modelled_or_interpolated": "MODELLED", "timestamp": "2026-05-15T15:00:00+05:30", "assumptions_version": "2026-10-09-prompt-5a-interventions", "computation_mode": "geometric", "shade_fraction": 0.0, "direct_exposure_fraction": 1.0}, "geometry": {"type": "LineString", "coordinates": [[75.8548821, 22.714809200000005], [75.8549038, 22.7147479], [75.8548988, 22.714695799999994], [75.8548912, 22.714625299999994], [75.8548436, 22.7145733]]}}, {"type": "Feature", "properties": {"segment_id": "osm-2027131458-2027131495-0", "length_m": 51.39603034761945, "canonical_time": "15:00", "exposure_value": 0.1878051304674504, "temperature_proxy_c": 42.0, "normalized_temperature_factor": 1.0, "source_type": "derived", "source_reference": "Cached geometric shade snapshot and configured prototype temperature curve", "observed_or_estimated": "ESTIMATED", "modelled_or_interpolated": "MODELLED", "timestamp": "2026-05-15T15:00:00+05:30", "assumptions_version": "2026-10-09-prompt-5a-interventions", "computation_mode": "geometric", "shade_fraction": 0.8121948695325496, "direct_exposure_fraction": 0.1878051304674504}, "geometry": {"type": "LineString", "coordinates": [[75.8572414, 22.7148145], [75.8571754, 22.715274699999988]]}}, {"type": "Feature", "properties": {"segment_id": "osm-2027131460-6610174558-0", "length_m": 34.0809116439167, "canonical_time": "15:00", "exposure_value": 1.0, "temperature_proxy_c": 42.0, "normalized_temperature_factor": 1.0, "source_type": "derived", "source_reference": "Cached geometric shade snapshot and configured prototype temperature curve", "observed_or_estimated": "ESTIMATED", "modelled_or_interpolated": "MODELLED", "timestamp": "2026-05-15T15:00:00+05:30", "assumptions_version": "2026-10-09-prompt-5a-interventions", "computation_mode": "geometric", "shade_fraction": 0.0, "direct_exposure_fraction": 1.0}, "geometry": {"type": "LineString", "coordinates": [[75.8581836, 22.71481919999999], [75.8579331, 22.715021099999998]]}}, {"type": "Feature", "properties": {"segment_id": "osm-2027131460-2027131444-0", "length_m": 68.25048760493709, "canonical_time": "15:00", "exposure_value": 1.0, "temperature_proxy_c": 42.0, "normalized_temperature_factor": 1.0, "source_type": "derived", "source_reference": "Cached geometric shade snapshot and configured prototype temperature curve", "observed_or_estimated": "ESTIMATED", "modelled_or_interpolated": "MODELLED", "timestamp": "2026-05-15T15:00:00+05:30", "assumptions_version": "2026-10-09-prompt-5a-interventions", "computation_mode": "geometric", "shade_fraction": 0.0, "direct_exposure_fraction": 1.0}, "geometry": {"type": "LineString", "coordinates": [[75.8581836, 22.71481919999999], [75.858517, 22.714566099999992], [75.8585532, 22.7145211], [75.8585934, 22.7144585], [75.8586172, 22.714373500000008]]}}, {"type": "Feature", "properties": {"segment_id": "osm-2027131460-2027131485-0", "length_m": 54.82887395062543, "canonical_time": "15:00", "exposure_value": 0.417243226679461, "temperature_proxy_c": 42.0, "normalized_temperature_factor": 1.0, "source_type": "derived", "source_reference": "Cached geometric shade snapshot and configured prototype temperature curve", "observed_or_estimated": "ESTIMATED", "modelled_or_interpolated": "MODELLED", "timestamp": "2026-05-15T15:00:00+05:30", "assumptions_version": "2026-10-09-prompt-5a-interventions", "computation_mode": "geometric", "shade_fraction": 0.582756773320539, "direct_exposure_fraction": 0.417243226679461}, "geometry": {"type": "LineString", "coordinates": [[75.8581836, 22.71481919999999], [75.8584337, 22.7151161], [75.858474, 22.715228499999995]]}}, {"type": "Feature", "properties": {"segment_id": "osm-2027131464-2027131456-0", "length_m": 16.099407946383533, "canonical_time": "15:00", "exposure_value": 1.0, "temperature_proxy_c": 42.0, "normalized_temperature_factor": 1.0, "source_type": "derived", "source_reference": "Cached geometric shade snapshot and configured prototype temperature curve", "observed_or_estimated": "ESTIMATED", "modelled_or_interpolated": "MODELLED", "timestamp": "2026-05-15T15:00:00+05:30", "assumptions_version": "2026-10-09-prompt-5a-interventions", "computation_mode": "geometric", "shade_fraction": 0.0, "direct_exposure_fraction": 1.0}, "geometry": {"type": "LineString", "coordinates": [[75.8549782, 22.7149192], [75.8549693, 22.714887199999996], [75.8548821, 22.714809200000005]]}}, {"type": "Feature", "properties": {"segment_id": "osm-2027131464-2027131536-0", "length_m": 123.40367525263838, "canonical_time": "15:00", "exposure_value": 1.0, "temperature_proxy_c": 42.0, "normalized_temperature_factor": 1.0, "source_type": "derived", "source_reference": "Cached geometric shade snapshot and configured prototype temperature curve", "observed_or_estimated": "ESTIMATED", "modelled_or_interpolated": "MODELLED", "timestamp": "2026-05-15T15:00:00+05:30", "assumptions_version": "2026-10-09-prompt-5a-interventions", "computation_mode": "geometric", "shade_fraction": 0.0, "direct_exposure_fraction": 1.0}, "geometry": {"type": "LineString", "coordinates": [[75.8549782, 22.7149192], [75.8550603, 22.715213000000002], [75.8553291, 22.7159849]]}}, {"type": "Feature", "properties": {"segment_id": "osm-2027131464-8460772819-0", "length_m": 43.32567190409834, "canonical_time": "15:00", "exposure_value": 1.0, "temperature_proxy_c": 42.0, "normalized_temperature_factor": 1.0, "source_type": "derived", "source_reference": "Cached geometric shade snapshot and configured prototype temperature curve", "observed_or_estimated": "ESTIMATED", "modelled_or_interpolated": "MODELLED", "timestamp": "2026-05-15T15:00:00+05:30", "assumptions_version": "2026-10-09-prompt-5a-interventions", "computation_mode": "geometric", "shade_fraction": 0.0, "direct_exposure_fraction": 1.0}, "geometry": {"type": "LineString", "coordinates": [[75.8549782, 22.7149192], [75.8551199, 22.714915900000005], [75.8553994, 22.714898900000005]]}}, {"type": "Feature", "properties": {"segment_id": "osm-2027131470-6610174289-0", "length_m": 16.429826136637843, "canonical_time": "15:00", "exposure_value": 1.0, "temperature_proxy_c": 42.0, "normalized_temperature_factor": 1.0, "source_type": "derived", "source_reference": "Cached geometric shade snapshot and configured prototype temperature curve", "observed_or_estimated": "ESTIMATED", "modelled_or_interpolated": "MODELLED", "timestamp": "2026-05-15T15:00:00+05:30", "assumptions_version": "2026-10-09-prompt-5a-interventions", "computation_mode": "geometric", "shade_fraction": 0.0, "direct_exposure_fraction": 1.0}, "geometry": {"type": "LineString", "coordinates": [[75.8590054, 22.715052399999994], [75.8590266, 22.7151995]]}}, {"type": "Feature", "properties": {"segment_id": "osm-2027131470-2027131442-0", "length_m": 78.12232175736864, "canonical_time": "15:00", "exposure_value": 0.389827883399236, "temperature_proxy_c": 42.0, "normalized_temperature_factor": 1.0, "source_type": "derived", "source_reference": "Cached geometric shade snapshot and configured prototype temperature curve", "observed_or_estimated": "ESTIMATED", "modelled_or_interpolated": "MODELLED", "timestamp": "2026-05-15T15:00:00+05:30", "assumptions_version": "2026-10-09-prompt-5a-interventions", "computation_mode": "geometric", "shade_fraction": 0.610172116600764, "direct_exposure_fraction": 0.389827883399236}, "geometry": {"type": "LineString", "coordinates": [[75.8590054, 22.715052399999994], [75.8588564, 22.714360399999993]]}}, {"type": "Feature", "properties": {"segment_id": "osm-2027131470-2027131485-0", "length_m": 58.91307597685259, "canonical_time": "15:00", "exposure_value": 1.0, "temperature_proxy_c": 42.0, "normalized_temperature_factor": 1.0, "source_type": "derived", "source_reference": "Cached geometric shade snapshot and configured prototype temperature curve", "observed_or_estimated": "ESTIMATED", "modelled_or_interpolated": "MODELLED", "timestamp": "2026-05-15T15:00:00+05:30", "assumptions_version": "2026-10-09-prompt-5a-interventions", "computation_mode": "geometric", "shade_fraction": 0.0, "direct_exposure_fraction": 1.0}, "geometry": {"type": "LineString", "coordinates": [[75.8590054, 22.715052399999994], [75.8588684, 22.7151401], [75.8587396, 22.715183399999994], [75.8586632, 22.7151995], [75.85859610000001, 22.71521189999999], [75.858474, 22.715228499999995]]}}, {"type": "Feature", "properties": {"segment_id": "osm-2027131479-2027131499-0", "length_m": 20.188274638542204, "canonical_time": "15:00", "exposure_value": 1.0, "temperature_proxy_c": 42.0, "normalized_temperature_factor": 1.0, "source_type": "derived", "source_reference": "Cached geometric shade snapshot and configured prototype temperature curve", "observed_or_estimated": "ESTIMATED", "modelled_or_interpolated": "MODELLED", "timestamp": "2026-05-15T15:00:00+05:30", "assumptions_version": "2026-10-09-prompt-5a-interventions", "computation_mode": "geometric", "shade_fraction": 0.0, "direct_exposure_fraction": 1.0}, "geometry": {"type": "LineString", "coordinates": [[75.8578179, 22.7151134], [75.8578261, 22.7152956]]}}, {"type": "Feature", "properties": {"segment_id": "osm-2027131479-2027131426-0", "length_m": 116.02337646884509, "canonical_time": "15:00", "exposure_value": 1.0, "temperature_proxy_c": 42.0, "normalized_temperature_factor": 1.0, "source_type": "derived", "source_reference": "Cached geometric shade snapshot and configured prototype temperature curve", "observed_or_estimated": "ESTIMATED", "modelled_or_interpolated": "MODELLED", "timestamp": "2026-05-15T15:00:00+05:30", "assumptions_version": "2026-10-09-prompt-5a-interventions", "computation_mode": "geometric", "shade_fraction": 0.0, "direct_exposure_fraction": 1.0}, "geometry": {"type": "LineString", "coordinates": [[75.8578179, 22.7151134], [75.85781650000001, 22.7150825], [75.8577821, 22.714065899999994]]}}, {"type": "Feature", "properties": {"segment_id": "osm-2027131479-6610174558-0", "length_m": 15.633315705013132, "canonical_time": "15:00", "exposure_value": 1.0, "temperature_proxy_c": 42.0, "normalized_temperature_factor": 1.0, "source_type": "derived", "source_reference": "Cached geometric shade snapshot and configured prototype temperature curve", "observed_or_estimated": "ESTIMATED", "modelled_or_interpolated": "MODELLED", "timestamp": "2026-05-15T15:00:00+05:30", "assumptions_version": "2026-10-09-prompt-5a-interventions", "computation_mode": "geometric", "shade_fraction": 0.0, "direct_exposure_fraction": 1.0}, "geometry": {"type": "LineString", "coordinates": [[75.8578179, 22.7151134], [75.8579096, 22.7150401], [75.8579331, 22.715021099999998]]}}, {"type": "Feature", "properties": {"segment_id": "osm-2027131485-2027131460-0", "length_m": 54.82887395062543, "canonical_time": "15:00", "exposure_value": 0.4172432266794611, "temperature_proxy_c": 42.0, "normalized_temperature_factor": 1.0, "source_type": "derived", "source_reference": "Cached geometric shade snapshot and configured prototype temperature curve", "observed_or_estimated": "ESTIMATED", "modelled_or_interpolated": "MODELLED", "timestamp": "2026-05-15T15:00:00+05:30", "assumptions_version": "2026-10-09-prompt-5a-interventions", "computation_mode": "geometric", "shade_fraction": 0.5827567733205389, "direct_exposure_fraction": 0.4172432266794611}, "geometry": {"type": "LineString", "coordinates": [[75.858474, 22.715228499999995], [75.8584337, 22.7151161], [75.8581836, 22.71481919999999]]}}, {"type": "Feature", "properties": {"segment_id": "osm-2027131485-6610174558-0", "length_m": 108.64717503007986, "canonical_time": "15:00", "exposure_value": 0.5363386834154965, "temperature_proxy_c": 42.0, "normalized_temperature_factor": 1.0, "source_type": "derived", "source_reference": "Cached geometric shade snapshot and configured prototype temperature curve", "observed_or_estimated": "ESTIMATED", "modelled_or_interpolated": "MODELLED", "timestamp": "2026-05-15T15:00:00+05:30", "assumptions_version": "2026-10-09-prompt-5a-interventions", "computation_mode": "geometric", "shade_fraction": 0.4636613165845035, "direct_exposure_fraction": 0.5363386834154965}, "geometry": {"type": "LineString", "coordinates": [[75.858474, 22.715228499999995], [75.8584773, 22.715295899999997], [75.8584741, 22.7153541], [75.8584646, 22.7154056], [75.858437, 22.715440899999997], [75.8582836, 22.715484], [75.8582407, 22.7154828], [75.8581991, 22.715460500000006], [75.858167, 22.7154321], [75.85813880000002, 22.7153962], [75.858082, 22.715271999999995], [75.8580919, 22.7152181], [75.8580771, 22.715163599999997], [75.8580288, 22.715114200000002], [75.8579331, 22.715021099999998]]}}, {"type": "Feature", "properties": {"segment_id": "osm-2027131485-2027131470-0", "length_m": 58.91307597685258, "canonical_time": "15:00", "exposure_value": 1.0, "temperature_proxy_c": 42.0, "normalized_temperature_factor": 1.0, "source_type": "derived", "source_reference": "Cached geometric shade snapshot and configured prototype temperature curve", "observed_or_estimated": "ESTIMATED", "modelled_or_interpolated": "MODELLED", "timestamp": "2026-05-15T15:00:00+05:30", "assumptions_version": "2026-10-09-prompt-5a-interventions", "computation_mode": "geometric", "shade_fraction": 0.0, "direct_exposure_fraction": 1.0}, "geometry": {"type": "LineString", "coordinates": [[75.858474, 22.715228499999995], [75.85859610000001, 22.71521189999999], [75.8586632, 22.7151995], [75.8587396, 22.715183399999994], [75.8588684, 22.7151401], [75.8590054, 22.715052399999994]]}}, {"type": "Feature", "properties": {"segment_id": "osm-2027131489-2027131495-0", "length_m": 25.88764312872118, "canonical_time": "15:00", "exposure_value": 1.0, "temperature_proxy_c": 42.0, "normalized_temperature_factor": 1.0, "source_type": "derived", "source_reference": "Cached geometric shade snapshot and configured prototype temperature curve", "observed_or_estimated": "ESTIMATED", "modelled_or_interpolated": "MODELLED", "timestamp": "2026-05-15T15:00:00+05:30", "assumptions_version": "2026-10-09-prompt-5a-interventions", "computation_mode": "geometric", "shade_fraction": 0.0, "direct_exposure_fraction": 1.0}, "geometry": {"type": "LineString", "coordinates": [[75.8569371, 22.715198499999996], [75.8571754, 22.715274699999988]]}}, {"type": "Feature", "properties": {"segment_id": "osm-2027131489-2025110932-0", "length_m": 36.59785675659787, "canonical_time": "15:00", "exposure_value": 1.0, "temperature_proxy_c": 42.0, "normalized_temperature_factor": 1.0, "source_type": "derived", "source_reference": "Cached geometric shade snapshot and configured prototype temperature curve", "observed_or_estimated": "ESTIMATED", "modelled_or_interpolated": "MODELLED", "timestamp": "2026-05-15T15:00:00+05:30", "assumptions_version": "2026-10-09-prompt-5a-interventions", "computation_mode": "geometric", "shade_fraction": 0.0, "direct_exposure_fraction": 1.0}, "geometry": {"type": "LineString", "coordinates": [[75.8569371, 22.715198499999996], [75.8566025, 22.715084799999996]]}}, {"type": "Feature", "properties": {"segment_id": "osm-2027131489-2027131406-0", "length_m": 163.57902672115313, "canonical_time": "15:00", "exposure_value": 0.4816069543938035, "temperature_proxy_c": 42.0, "normalized_temperature_factor": 1.0, "source_type": "derived", "source_reference": "Cached geometric shade snapshot and configured prototype temperature curve", "observed_or_estimated": "ESTIMATED", "modelled_or_interpolated": "MODELLED", "timestamp": "2026-05-15T15:00:00+05:30", "assumptions_version": "2026-10-09-prompt-5a-interventions", "computation_mode": "geometric", "shade_fraction": 0.5183930456061965, "direct_exposure_fraction": 0.4816069543938035}, "geometry": {"type": "LineString", "coordinates": [[75.8569371, 22.715198499999996], [75.85701160000002, 22.71467089999999], [75.8570701, 22.714562899999997], [75.8572324, 22.714327400000005], [75.8572963, 22.71416779999999], [75.8572662, 22.713794]]}}, {"type": "Feature", "properties": {"segment_id": "osm-2027131495-2027131458-0", "length_m": 51.39603034761945, "canonical_time": "15:00", "exposure_value": 0.1878051304674504, "temperature_proxy_c": 42.0, "normalized_temperature_factor": 1.0, "source_type": "derived", "source_reference": "Cached geometric shade snapshot and configured prototype temperature curve", "observed_or_estimated": "ESTIMATED", "modelled_or_interpolated": "MODELLED", "timestamp": "2026-05-15T15:00:00+05:30", "assumptions_version": "2026-10-09-prompt-5a-interventions", "computation_mode": "geometric", "shade_fraction": 0.8121948695325496, "direct_exposure_fraction": 0.1878051304674504}, "geometry": {"type": "LineString", "coordinates": [[75.8571754, 22.715274699999988], [75.8572414, 22.7148145]]}}, {"type": "Feature", "properties": {"segment_id": "osm-2027131495-2027131489-0", "length_m": 25.88764312872118, "canonical_time": "15:00", "exposure_value": 1.0, "temperature_proxy_c": 42.0, "normalized_temperature_factor": 1.0, "source_type": "derived", "source_reference": "Cached geometric shade snapshot and configured prototype temperature curve", "observed_or_estimated": "ESTIMATED", "modelled_or_interpolated": "MODELLED", "timestamp": "2026-05-15T15:00:00+05:30", "assumptions_version": "2026-10-09-prompt-5a-interventions", "computation_mode": "geometric", "shade_fraction": 0.0, "direct_exposure_fraction": 1.0}, "geometry": {"type": "LineString", "coordinates": [[75.8571754, 22.715274699999988], [75.8569371, 22.715198499999996]]}}, {"type": "Feature", "properties": {"segment_id": "osm-2027131495-2027131511-0", "length_m": 27.36203105495297, "canonical_time": "15:00", "exposure_value": 0.7571525879559065, "temperature_proxy_c": 42.0, "normalized_temperature_factor": 1.0, "source_type": "derived", "source_reference": "Cached geometric shade snapshot and configured prototype temperature curve", "observed_or_estimated": "ESTIMATED", "modelled_or_interpolated": "MODELLED", "timestamp": "2026-05-15T15:00:00+05:30", "assumptions_version": "2026-10-09-prompt-5a-interventions", "computation_mode": "geometric", "shade_fraction": 0.24284741204409352, "direct_exposure_fraction": 0.7571525879559065}, "geometry": {"type": "LineString", "coordinates": [[75.8571754, 22.715274699999988], [75.8572861, 22.7153295], [75.8573174, 22.715355399999996], [75.8573382, 22.715376399999997], [75.8573502, 22.715394300000003], [75.8573677, 22.71543329999999]]}}, {"type": "Feature", "properties": {"segment_id": "osm-2027131499-2027131479-0", "length_m": 20.188274638542204, "canonical_time": "15:00", "exposure_value": 1.0, "temperature_proxy_c": 42.0, "normalized_temperature_factor": 1.0, "source_type": "derived", "source_reference": "Cached geometric shade snapshot and configured prototype temperature curve", "observed_or_estimated": "ESTIMATED", "modelled_or_interpolated": "MODELLED", "timestamp": "2026-05-15T15:00:00+05:30", "assumptions_version": "2026-10-09-prompt-5a-interventions", "computation_mode": "geometric", "shade_fraction": 0.0, "direct_exposure_fraction": 1.0}, "geometry": {"type": "LineString", "coordinates": [[75.8578261, 22.7152956], [75.8578179, 22.7151134]]}}, {"type": "Feature", "properties": {"segment_id": "osm-2027131499-2027131511-0", "length_m": 49.48647177775187, "canonical_time": "15:00", "exposure_value": 0.9920408512889165, "temperature_proxy_c": 42.0, "normalized_temperature_factor": 1.0, "source_type": "derived", "source_reference": "Cached geometric shade snapshot and configured prototype temperature curve", "observed_or_estimated": "ESTIMATED", "modelled_or_interpolated": "MODELLED", "timestamp": "2026-05-15T15:00:00+05:30", "assumptions_version": "2026-10-09-prompt-5a-interventions", "computation_mode": "geometric", "shade_fraction": 0.007959148711083455, "direct_exposure_fraction": 0.9920408512889165}, "geometry": {"type": "LineString", "coordinates": [[75.8578261, 22.7152956], [75.8573677, 22.71543329999999]]}}, {"type": "Feature", "properties": {"segment_id": "osm-2027131499-2027131546-0", "length_m": 98.31809773981587, "canonical_time": "15:00", "exposure_value": 1.0, "temperature_proxy_c": 42.0, "normalized_temperature_factor": 1.0, "source_type": "derived", "source_reference": "Cached geometric shade snapshot and configured prototype temperature curve", "observed_or_estimated": "ESTIMATED", "modelled_or_interpolated": "MODELLED", "timestamp": "2026-05-15T15:00:00+05:30", "assumptions_version": "2026-10-09-prompt-5a-interventions", "computation_mode": "geometric", "shade_fraction": 0.0, "direct_exposure_fraction": 1.0}, "geometry": {"type": "LineString", "coordinates": [[75.8578261, 22.7152956], [75.8578598, 22.7160417], [75.8578977, 22.716178599999996]]}}, {"type": "Feature", "properties": {"segment_id": "osm-2027131511-8460755401-0", "length_m": 23.88639871824011, "canonical_time": "15:00", "exposure_value": 0.8633346752686389, "temperature_proxy_c": 42.0, "normalized_temperature_factor": 1.0, "source_type": "derived", "source_reference": "Cached geometric shade snapshot and configured prototype temperature curve", "observed_or_estimated": "ESTIMATED", "modelled_or_interpolated": "MODELLED", "timestamp": "2026-05-15T15:00:00+05:30", "assumptions_version": "2026-10-09-prompt-5a-interventions", "computation_mode": "geometric", "shade_fraction": 0.13666532473136106, "direct_exposure_fraction": 0.8633346752686389}, "geometry": {"type": "LineString", "coordinates": [[75.8573677, 22.71543329999999], [75.8574013, 22.715646799999995]]}}, {"type": "Feature", "properties": {"segment_id": "osm-2027131511-2027131499-0", "length_m": 49.48647177775187, "canonical_time": "15:00", "exposure_value": 0.9920408512889165, "temperature_proxy_c": 42.0, "normalized_temperature_factor": 1.0, "source_type": "derived", "source_reference": "Cached geometric shade snapshot and configured prototype temperature curve", "observed_or_estimated": "ESTIMATED", "modelled_or_interpolated": "MODELLED", "timestamp": "2026-05-15T15:00:00+05:30", "assumptions_version": "2026-10-09-prompt-5a-interventions", "computation_mode": "geometric", "shade_fraction": 0.007959148711083455, "direct_exposure_fraction": 0.9920408512889165}, "geometry": {"type": "LineString", "coordinates": [[75.8573677, 22.71543329999999], [75.8578261, 22.7152956]]}}, {"type": "Feature", "properties": {"segment_id": "osm-2027131511-2027131495-0", "length_m": 27.362031054952965, "canonical_time": "15:00", "exposure_value": 0.7571525879559065, "temperature_proxy_c": 42.0, "normalized_temperature_factor": 1.0, "source_type": "derived", "source_reference": "Cached geometric shade snapshot and configured prototype temperature curve", "observed_or_estimated": "ESTIMATED", "modelled_or_interpolated": "MODELLED", "timestamp": "2026-05-15T15:00:00+05:30", "assumptions_version": "2026-10-09-prompt-5a-interventions", "computation_mode": "geometric", "shade_fraction": 0.24284741204409355, "direct_exposure_fraction": 0.7571525879559065}, "geometry": {"type": "LineString", "coordinates": [[75.8573677, 22.71543329999999], [75.8573502, 22.715394300000003], [75.8573382, 22.715376399999997], [75.8573174, 22.715355399999996], [75.8572861, 22.7153295], [75.8571754, 22.715274699999988]]}}, {"type": "Feature", "properties": {"segment_id": "osm-2027131531-8460755401-0", "length_m": 11.82107883303307, "canonical_time": "15:00", "exposure_value": 1.0, "temperature_proxy_c": 42.0, "normalized_temperature_factor": 1.0, "source_type": "derived", "source_reference": "Cached geometric shade snapshot and configured prototype temperature curve", "observed_or_estimated": "ESTIMATED", "modelled_or_interpolated": "MODELLED", "timestamp": "2026-05-15T15:00:00+05:30", "assumptions_version": "2026-10-09-prompt-5a-interventions", "computation_mode": "geometric", "shade_fraction": 0.0, "direct_exposure_fraction": 1.0}, "geometry": {"type": "LineString", "coordinates": [[75.8574239, 22.7157515], [75.8574013, 22.715646799999995]]}}, {"type": "Feature", "properties": {"segment_id": "osm-2027131531-2027131569-0", "length_m": 74.31782616428778, "canonical_time": "15:00", "exposure_value": 0.6216886951454961, "temperature_proxy_c": 42.0, "normalized_temperature_factor": 1.0, "source_type": "derived", "source_reference": "Cached geometric shade snapshot and configured prototype temperature curve", "observed_or_estimated": "ESTIMATED", "modelled_or_interpolated": "MODELLED", "timestamp": "2026-05-15T15:00:00+05:30", "assumptions_version": "2026-10-09-prompt-5a-interventions", "computation_mode": "geometric", "shade_fraction": 0.3783113048545039, "direct_exposure_fraction": 0.6216886951454961}, "geometry": {"type": "LineString", "coordinates": [[75.8574239, 22.7157515], [75.8573736, 22.7159102], [75.8573504, 22.7160543], [75.8573251, 22.7161043], [75.8572679, 22.7161459], [75.8572238, 22.7161599], [75.8571414, 22.7161789], [75.8571078, 22.716196600000004], [75.8570989, 22.7162199], [75.8570964, 22.716274799999994]]}}, {"type": "Feature", "properties": {"segment_id": "osm-2027131531-2027131552-0", "length_m": 59.97150836713739, "canonical_time": "15:00", "exposure_value": 0.33411040961852023, "temperature_proxy_c": 42.0, "normalized_temperature_factor": 1.0, "source_type": "derived", "source_reference": "Cached geometric shade snapshot and configured prototype temperature curve", "observed_or_estimated": "ESTIMATED", "modelled_or_interpolated": "MODELLED", "timestamp": "2026-05-15T15:00:00+05:30", "assumptions_version": "2026-10-09-prompt-5a-interventions", "computation_mode": "geometric", "shade_fraction": 0.6658895903814798, "direct_exposure_fraction": 0.33411040961852023}, "geometry": {"type": "LineString", "coordinates": [[75.8574239, 22.7157515], [75.8575656, 22.715930599999997], [75.8576738, 22.716113999999997], [75.8577008, 22.7162216]]}}, {"type": "Feature", "properties": {"segment_id": "osm-2027131532-2027131533-0", "length_m": 27.83289996379741, "canonical_time": "15:00", "exposure_value": 1.0, "temperature_proxy_c": 42.0, "normalized_temperature_factor": 1.0, "source_type": "derived", "source_reference": "Cached geometric shade snapshot and configured prototype temperature curve", "observed_or_estimated": "ESTIMATED", "modelled_or_interpolated": "MODELLED", "timestamp": "2026-05-15T15:00:00+05:30", "assumptions_version": "2026-10-09-prompt-5a-interventions", "computation_mode": "geometric", "shade_fraction": 0.0, "direct_exposure_fraction": 1.0}, "geometry": {"type": "LineString", "coordinates": [[75.8559164, 22.715892300000004], [75.8556462, 22.7159116]]}}, {"type": "Feature", "properties": {"segment_id": "osm-2027131532-8460755415-0", "length_m": 82.12290734437256, "canonical_time": "15:00", "exposure_value": 0.7594996697821421, "temperature_proxy_c": 42.0, "normalized_temperature_factor": 1.0, "source_type": "derived", "source_reference": "Cached geometric shade snapshot and configured prototype temperature curve", "observed_or_estimated": "ESTIMATED", "modelled_or_interpolated": "MODELLED", "timestamp": "2026-05-15T15:00:00+05:30", "assumptions_version": "2026-10-09-prompt-5a-interventions", "computation_mode": "geometric", "shade_fraction": 0.24050033021785783, "direct_exposure_fraction": 0.7594996697821421}, "geometry": {"type": "LineString", "coordinates": [[75.8559164, 22.715892300000004], [75.8559093, 22.7156841], [75.8559389, 22.715604], [75.8559648, 22.715581099999998], [75.8559811, 22.715569000000002], [75.8560189, 22.715574799999988], [75.8563986, 22.715652500000004]]}}, {"type": "Feature", "properties": {"segment_id": "osm-2027131532-2027131540-0", "length_m": 49.62783416196162, "canonical_time": "15:00", "exposure_value": 0.7723192409038319, "temperature_proxy_c": 42.0, "normalized_temperature_factor": 1.0, "source_type": "derived", "source_reference": "Cached geometric shade snapshot and configured prototype temperature curve", "observed_or_estimated": "ESTIMATED", "modelled_or_interpolated": "MODELLED", "timestamp": "2026-05-15T15:00:00+05:30", "assumptions_version": "2026-10-09-prompt-5a-interventions", "computation_mode": "geometric", "shade_fraction": 0.2276807590961681, "direct_exposure_fraction": 0.7723192409038319}, "geometry": {"type": "LineString", "coordinates": [[75.8559164, 22.715892300000004], [75.85593340000001, 22.715979200000003], [75.8560677, 22.71597699999999], [75.8562073, 22.7159928], [75.8562678, 22.71608139999999]]}}, {"type": "Feature", "properties": {"segment_id": "osm-2027131533-2027131532-0", "length_m": 27.83289996379741, "canonical_time": "15:00", "exposure_value": 1.0, "temperature_proxy_c": 42.0, "normalized_temperature_factor": 1.0, "source_type": "derived", "source_reference": "Cached geometric shade snapshot and configured prototype temperature curve", "observed_or_estimated": "ESTIMATED", "modelled_or_interpolated": "MODELLED", "timestamp": "2026-05-15T15:00:00+05:30", "assumptions_version": "2026-10-09-prompt-5a-interventions", "computation_mode": "geometric", "shade_fraction": 0.0, "direct_exposure_fraction": 1.0}, "geometry": {"type": "LineString", "coordinates": [[75.8556462, 22.7159116], [75.8559164, 22.715892300000004]]}}, {"type": "Feature", "properties": {"segment_id": "osm-2027131533-2027131536-0", "length_m": 33.56334294351408, "canonical_time": "15:00", "exposure_value": 1.0, "temperature_proxy_c": 42.0, "normalized_temperature_factor": 1.0, "source_type": "derived", "source_reference": "Cached geometric shade snapshot and configured prototype temperature curve", "observed_or_estimated": "ESTIMATED", "modelled_or_interpolated": "MODELLED", "timestamp": "2026-05-15T15:00:00+05:30", "assumptions_version": "2026-10-09-prompt-5a-interventions", "computation_mode": "geometric", "shade_fraction": 0.0, "direct_exposure_fraction": 1.0}, "geometry": {"type": "LineString", "coordinates": [[75.8556462, 22.7159116], [75.8553291, 22.7159849]]}}, {"type": "Feature", "properties": {"segment_id": "osm-2027131533-8460772819-0", "length_m": 133.54538718736686, "canonical_time": "15:00", "exposure_value": 0.43986499170792437, "temperature_proxy_c": 42.0, "normalized_temperature_factor": 1.0, "source_type": "derived", "source_reference": "Cached geometric shade snapshot and configured prototype temperature curve", "observed_or_estimated": "ESTIMATED", "modelled_or_interpolated": "MODELLED", "timestamp": "2026-05-15T15:00:00+05:30", "assumptions_version": "2026-10-09-prompt-5a-interventions", "computation_mode": "geometric", "shade_fraction": 0.5601350082920756, "direct_exposure_fraction": 0.43986499170792437}, "geometry": {"type": "LineString", "coordinates": [[75.8556462, 22.7159116], [75.855633, 22.715736299999993], [75.8556462, 22.7155958], [75.8556894, 22.715429199999996], [75.8557427, 22.715283400000008], [75.855759, 22.715250899999994], [75.8557597, 22.7152205], [75.8557463, 22.715209399999992], [75.8557154, 22.715197000000007], [75.8556122, 22.715169799999998], [75.8555438, 22.7151426], [75.8555035, 22.715101799999996], [75.8554713, 22.715058499999987], [75.8554499, 22.714992899999988], [75.8553994, 22.714898900000005]]}}, {"type": "Feature", "properties": {"segment_id": "osm-2027131536-8461125223-0", "length_m": 45.88502980797901, "canonical_time": "15:00", "exposure_value": 1.0, "temperature_proxy_c": 42.0, "normalized_temperature_factor": 1.0, "source_type": "derived", "source_reference": "Cached geometric shade snapshot and configured prototype temperature curve", "observed_or_estimated": "ESTIMATED", "modelled_or_interpolated": "MODELLED", "timestamp": "2026-05-15T15:00:00+05:30", "assumptions_version": "2026-10-09-prompt-5a-interventions", "computation_mode": "geometric", "shade_fraction": 0.0, "direct_exposure_fraction": 1.0}, "geometry": {"type": "LineString", "coordinates": [[75.8553291, 22.7159849], [75.8554764, 22.716376199999992]]}}, {"type": "Feature", "properties": {"segment_id": "osm-2027131536-2027131533-0", "length_m": 33.56334294351408, "canonical_time": "15:00", "exposure_value": 1.0, "temperature_proxy_c": 42.0, "normalized_temperature_factor": 1.0, "source_type": "derived", "source_reference": "Cached geometric shade snapshot and configured prototype temperature curve", "observed_or_estimated": "ESTIMATED", "modelled_or_interpolated": "MODELLED", "timestamp": "2026-05-15T15:00:00+05:30", "assumptions_version": "2026-10-09-prompt-5a-interventions", "computation_mode": "geometric", "shade_fraction": 0.0, "direct_exposure_fraction": 1.0}, "geometry": {"type": "LineString", "coordinates": [[75.8553291, 22.7159849], [75.8556462, 22.7159116]]}}, {"type": "Feature", "properties": {"segment_id": "osm-2027131536-2027131464-0", "length_m": 123.40367525263838, "canonical_time": "15:00", "exposure_value": 1.0, "temperature_proxy_c": 42.0, "normalized_temperature_factor": 1.0, "source_type": "derived", "source_reference": "Cached geometric shade snapshot and configured prototype temperature curve", "observed_or_estimated": "ESTIMATED", "modelled_or_interpolated": "MODELLED", "timestamp": "2026-05-15T15:00:00+05:30", "assumptions_version": "2026-10-09-prompt-5a-interventions", "computation_mode": "geometric", "shade_fraction": 0.0, "direct_exposure_fraction": 1.0}, "geometry": {"type": "LineString", "coordinates": [[75.8553291, 22.7159849], [75.8550603, 22.715213000000002], [75.8549782, 22.7149192]]}}, {"type": "Feature", "properties": {"segment_id": "osm-2027131540-9523323008-0", "length_m": 33.10185147854552, "canonical_time": "15:00", "exposure_value": 1.0, "temperature_proxy_c": 42.0, "normalized_temperature_factor": 1.0, "source_type": "derived", "source_reference": "Cached geometric shade snapshot and configured prototype temperature curve", "observed_or_estimated": "ESTIMATED", "modelled_or_interpolated": "MODELLED", "timestamp": "2026-05-15T15:00:00+05:30", "assumptions_version": "2026-10-09-prompt-5a-interventions", "computation_mode": "geometric", "shade_fraction": 0.0, "direct_exposure_fraction": 1.0}, "geometry": {"type": "LineString", "coordinates": [[75.8562678, 22.71608139999999], [75.8561951, 22.7163727]]}}, {"type": "Feature", "properties": {"segment_id": "osm-2027131540-8460755407-0", "length_m": 38.71021386578008, "canonical_time": "15:00", "exposure_value": 0.9736002249815792, "temperature_proxy_c": 42.0, "normalized_temperature_factor": 1.0, "source_type": "derived", "source_reference": "Cached geometric shade snapshot and configured prototype temperature curve", "observed_or_estimated": "ESTIMATED", "modelled_or_interpolated": "MODELLED", "timestamp": "2026-05-15T15:00:00+05:30", "assumptions_version": "2026-10-09-prompt-5a-interventions", "computation_mode": "geometric", "shade_fraction": 0.02639977501842087, "direct_exposure_fraction": 0.9736002249815792}, "geometry": {"type": "LineString", "coordinates": [[75.8562678, 22.71608139999999], [75.8563691, 22.715744600000004]]}}, {"type": "Feature", "properties": {"segment_id": "osm-2027131540-2027131532-0", "length_m": 49.627834161961616, "canonical_time": "15:00", "exposure_value": 0.7723192409038319, "temperature_proxy_c": 42.0, "normalized_temperature_factor": 1.0, "source_type": "derived", "source_reference": "Cached geometric shade snapshot and configured prototype temperature curve", "observed_or_estimated": "ESTIMATED", "modelled_or_interpolated": "MODELLED", "timestamp": "2026-05-15T15:00:00+05:30", "assumptions_version": "2026-10-09-prompt-5a-interventions", "computation_mode": "geometric", "shade_fraction": 0.22768075909616814, "direct_exposure_fraction": 0.7723192409038319}, "geometry": {"type": "LineString", "coordinates": [[75.8562678, 22.71608139999999], [75.8562073, 22.7159928], [75.8560677, 22.71597699999999], [75.85593340000001, 22.715979200000003], [75.8559164, 22.715892300000004]]}}, {"type": "Feature", "properties": {"segment_id": "osm-2027131540-2027131569-0", "length_m": 91.74389657066025, "canonical_time": "15:00", "exposure_value": 0.9310634879705365, "temperature_proxy_c": 42.0, "normalized_temperature_factor": 1.0, "source_type": "derived", "source_reference": "Cached geometric shade snapshot and configured prototype temperature curve", "observed_or_estimated": "ESTIMATED", "modelled_or_interpolated": "MODELLED", "timestamp": "2026-05-15T15:00:00+05:30", "assumptions_version": "2026-10-09-prompt-5a-interventions", "computation_mode": "geometric", "shade_fraction": 0.06893651202946349, "direct_exposure_fraction": 0.9310634879705365}, "geometry": {"type": "LineString", "coordinates": [[75.8562678, 22.71608139999999], [75.8562943, 22.7161259], [75.8563476, 22.71615909999999], [75.8565327, 22.716245900000004], [75.8566207, 22.716267799999994], [75.8568895, 22.71627299999999], [75.8570964, 22.716274799999994]]}}, {"type": "Feature", "properties": {"segment_id": "osm-2027131546-2027131552-0", "length_m": 20.775232204015783, "canonical_time": "15:00", "exposure_value": 1.0, "temperature_proxy_c": 42.0, "normalized_temperature_factor": 1.0, "source_type": "derived", "source_reference": "Cached geometric shade snapshot and configured prototype temperature curve", "observed_or_estimated": "ESTIMATED", "modelled_or_interpolated": "MODELLED", "timestamp": "2026-05-15T15:00:00+05:30", "assumptions_version": "2026-10-09-prompt-5a-interventions", "computation_mode": "geometric", "shade_fraction": 0.0, "direct_exposure_fraction": 1.0}, "geometry": {"type": "LineString", "coordinates": [[75.8578977, 22.716178599999996], [75.8577008, 22.7162216]]}}, {"type": "Feature", "properties": {"segment_id": "osm-2027131546-9523323012-0", "length_m": 30.142700451362593, "canonical_time": "15:00", "exposure_value": 1.0, "temperature_proxy_c": 42.0, "normalized_temperature_factor": 1.0, "source_type": "derived", "source_reference": "Cached geometric shade snapshot and configured prototype temperature curve", "observed_or_estimated": "ESTIMATED", "modelled_or_interpolated": "MODELLED", "timestamp": "2026-05-15T15:00:00+05:30", "assumptions_version": "2026-10-09-prompt-5a-interventions", "computation_mode": "geometric", "shade_fraction": 0.0, "direct_exposure_fraction": 1.0}, "geometry": {"type": "LineString", "coordinates": [[75.8578977, 22.716178599999996], [75.8579627, 22.7163339], [75.8580069, 22.716431299999993]]}}, {"type": "Feature", "properties": {"segment_id": "osm-2027131546-2027131499-0", "length_m": 98.31809773981587, "canonical_time": "15:00", "exposure_value": 1.0, "temperature_proxy_c": 42.0, "normalized_temperature_factor": 1.0, "source_type": "derived", "source_reference": "Cached geometric shade snapshot and configured prototype temperature curve", "observed_or_estimated": "ESTIMATED", "modelled_or_interpolated": "MODELLED", "timestamp": "2026-05-15T15:00:00+05:30", "assumptions_version": "2026-10-09-prompt-5a-interventions", "computation_mode": "geometric", "shade_fraction": 0.0, "direct_exposure_fraction": 1.0}, "geometry": {"type": "LineString", "coordinates": [[75.8578977, 22.716178599999996], [75.8578598, 22.7160417], [75.8578261, 22.7152956]]}}, {"type": "Feature", "properties": {"segment_id": "osm-2027131552-2027131546-0", "length_m": 20.775232204015783, "canonical_time": "15:00", "exposure_value": 1.0, "temperature_proxy_c": 42.0, "normalized_temperature_factor": 1.0, "source_type": "derived", "source_reference": "Cached geometric shade snapshot and configured prototype temperature curve", "observed_or_estimated": "ESTIMATED", "modelled_or_interpolated": "MODELLED", "timestamp": "2026-05-15T15:00:00+05:30", "assumptions_version": "2026-10-09-prompt-5a-interventions", "computation_mode": "geometric", "shade_fraction": 0.0, "direct_exposure_fraction": 1.0}, "geometry": {"type": "LineString", "coordinates": [[75.8577008, 22.7162216], [75.8578977, 22.716178599999996]]}}, {"type": "Feature", "properties": {"segment_id": "osm-2027131552-2027131531-0", "length_m": 59.97150836713738, "canonical_time": "15:00", "exposure_value": 0.33411040961852023, "temperature_proxy_c": 42.0, "normalized_temperature_factor": 1.0, "source_type": "derived", "source_reference": "Cached geometric shade snapshot and configured prototype temperature curve", "observed_or_estimated": "ESTIMATED", "modelled_or_interpolated": "MODELLED", "timestamp": "2026-05-15T15:00:00+05:30", "assumptions_version": "2026-10-09-prompt-5a-interventions", "computation_mode": "geometric", "shade_fraction": 0.6658895903814798, "direct_exposure_fraction": 0.33411040961852023}, "geometry": {"type": "LineString", "coordinates": [[75.8577008, 22.7162216], [75.8576738, 22.716113999999997], [75.8575656, 22.715930599999997], [75.8574239, 22.7157515]]}}, {"type": "Feature", "properties": {"segment_id": "osm-2027131552-2027131569-0", "length_m": 62.67573792372133, "canonical_time": "15:00", "exposure_value": 1.0, "temperature_proxy_c": 42.0, "normalized_temperature_factor": 1.0, "source_type": "derived", "source_reference": "Cached geometric shade snapshot and configured prototype temperature curve", "observed_or_estimated": "ESTIMATED", "modelled_or_interpolated": "MODELLED", "timestamp": "2026-05-15T15:00:00+05:30", "assumptions_version": "2026-10-09-prompt-5a-interventions", "computation_mode": "geometric", "shade_fraction": 0.0, "direct_exposure_fraction": 1.0}, "geometry": {"type": "LineString", "coordinates": [[75.8577008, 22.7162216], [75.8575889, 22.7162501], [75.8573545, 22.7162764], [75.8570964, 22.716274799999994]]}}, {"type": "Feature", "properties": {"segment_id": "osm-2027131569-2027131582-0", "length_m": 16.45605968003445, "canonical_time": "15:00", "exposure_value": 0.20279258957888435, "temperature_proxy_c": 42.0, "normalized_temperature_factor": 1.0, "source_type": "derived", "source_reference": "Cached geometric shade snapshot and configured prototype temperature curve", "observed_or_estimated": "ESTIMATED", "modelled_or_interpolated": "MODELLED", "timestamp": "2026-05-15T15:00:00+05:30", "assumptions_version": "2026-10-09-prompt-5a-interventions", "computation_mode": "geometric", "shade_fraction": 0.7972074104211156, "direct_exposure_fraction": 0.20279258957888435}, "geometry": {"type": "LineString", "coordinates": [[75.8570964, 22.716274799999994], [75.8571035, 22.716423299999995]]}}, {"type": "Feature", "properties": {"segment_id": "osm-2027131569-2027131531-0", "length_m": 74.3178261642878, "canonical_time": "15:00", "exposure_value": 0.6216886951454961, "temperature_proxy_c": 42.0, "normalized_temperature_factor": 1.0, "source_type": "derived", "source_reference": "Cached geometric shade snapshot and configured prototype temperature curve", "observed_or_estimated": "ESTIMATED", "modelled_or_interpolated": "MODELLED", "timestamp": "2026-05-15T15:00:00+05:30", "assumptions_version": "2026-10-09-prompt-5a-interventions", "computation_mode": "geometric", "shade_fraction": 0.37831130485450387, "direct_exposure_fraction": 0.6216886951454961}, "geometry": {"type": "LineString", "coordinates": [[75.8570964, 22.716274799999994], [75.8570989, 22.7162199], [75.8571078, 22.716196600000004], [75.8571414, 22.7161789], [75.8572238, 22.7161599], [75.8572679, 22.7161459], [75.8573251, 22.7161043], [75.8573504, 22.7160543], [75.8573736, 22.7159102], [75.8574239, 22.7157515]]}}, {"type": "Feature", "properties": {"segment_id": "osm-2027131569-2027131552-0", "length_m": 62.67573792372133, "canonical_time": "15:00", "exposure_value": 1.0, "temperature_proxy_c": 42.0, "normalized_temperature_factor": 1.0, "source_type": "derived", "source_reference": "Cached geometric shade snapshot and configured prototype temperature curve", "observed_or_estimated": "ESTIMATED", "modelled_or_interpolated": "MODELLED", "timestamp": "2026-05-15T15:00:00+05:30", "assumptions_version": "2026-10-09-prompt-5a-interventions", "computation_mode": "geometric", "shade_fraction": 0.0, "direct_exposure_fraction": 1.0}, "geometry": {"type": "LineString", "coordinates": [[75.8570964, 22.716274799999994], [75.8573545, 22.7162764], [75.8575889, 22.7162501], [75.8577008, 22.7162216]]}}, {"type": "Feature", "properties": {"segment_id": "osm-2027131569-2027131540-0", "length_m": 91.74389657066025, "canonical_time": "15:00", "exposure_value": 0.9310634879705365, "temperature_proxy_c": 42.0, "normalized_temperature_factor": 1.0, "source_type": "derived", "source_reference": "Cached geometric shade snapshot and configured prototype temperature curve", "observed_or_estimated": "ESTIMATED", "modelled_or_interpolated": "MODELLED", "timestamp": "2026-05-15T15:00:00+05:30", "assumptions_version": "2026-10-09-prompt-5a-interventions", "computation_mode": "geometric", "shade_fraction": 0.06893651202946349, "direct_exposure_fraction": 0.9310634879705365}, "geometry": {"type": "LineString", "coordinates": [[75.8570964, 22.716274799999994], [75.8568895, 22.71627299999999], [75.8566207, 22.716267799999994], [75.8565327, 22.716245900000004], [75.8563476, 22.71615909999999], [75.8562943, 22.7161259], [75.8562678, 22.71608139999999]]}}, {"type": "Feature", "properties": {"segment_id": "osm-2027131582-2027131569-0", "length_m": 16.45605968003445, "canonical_time": "15:00", "exposure_value": 0.20279258957888435, "temperature_proxy_c": 42.0, "normalized_temperature_factor": 1.0, "source_type": "derived", "source_reference": "Cached geometric shade snapshot and configured prototype temperature curve", "observed_or_estimated": "ESTIMATED", "modelled_or_interpolated": "MODELLED", "timestamp": "2026-05-15T15:00:00+05:30", "assumptions_version": "2026-10-09-prompt-5a-interventions", "computation_mode": "geometric", "shade_fraction": 0.7972074104211156, "direct_exposure_fraction": 0.20279258957888435}, "geometry": {"type": "LineString", "coordinates": [[75.8571035, 22.716423299999995], [75.8570964, 22.716274799999994]]}}, {"type": "Feature", "properties": {"segment_id": "osm-2027131582-9523323008-0", "length_m": 93.5862831023537, "canonical_time": "15:00", "exposure_value": 1.0, "temperature_proxy_c": 42.0, "normalized_temperature_factor": 1.0, "source_type": "derived", "source_reference": "Cached geometric shade snapshot and configured prototype temperature curve", "observed_or_estimated": "ESTIMATED", "modelled_or_interpolated": "MODELLED", "timestamp": "2026-05-15T15:00:00+05:30", "assumptions_version": "2026-10-09-prompt-5a-interventions", "computation_mode": "geometric", "shade_fraction": 0.0, "direct_exposure_fraction": 1.0}, "geometry": {"type": "LineString", "coordinates": [[75.8571035, 22.716423299999995], [75.856514, 22.7164111], [75.8561951, 22.7163727]]}}, {"type": "Feature", "properties": {"segment_id": "osm-2027131582-9523323012-0", "length_m": 93.03245190899202, "canonical_time": "15:00", "exposure_value": 1.0, "temperature_proxy_c": 42.0, "normalized_temperature_factor": 1.0, "source_type": "derived", "source_reference": "Cached geometric shade snapshot and configured prototype temperature curve", "observed_or_estimated": "ESTIMATED", "modelled_or_interpolated": "MODELLED", "timestamp": "2026-05-15T15:00:00+05:30", "assumptions_version": "2026-10-09-prompt-5a-interventions", "computation_mode": "geometric", "shade_fraction": 0.0, "direct_exposure_fraction": 1.0}, "geometry": {"type": "LineString", "coordinates": [[75.8571035, 22.716423299999995], [75.85755090000002, 22.716454099999993], [75.8579147, 22.716444200000005], [75.8580069, 22.716431299999993]]}}, {"type": "Feature", "properties": {"segment_id": "osm-2027156248-2027156315-0", "length_m": 41.233980336462714, "canonical_time": "15:00", "exposure_value": 1.0, "temperature_proxy_c": 42.0, "normalized_temperature_factor": 1.0, "source_type": "derived", "source_reference": "Cached geometric shade snapshot and configured prototype temperature curve", "observed_or_estimated": "ESTIMATED", "modelled_or_interpolated": "MODELLED", "timestamp": "2026-05-15T15:00:00+05:30", "assumptions_version": "2026-10-09-prompt-5a-interventions", "computation_mode": "geometric", "shade_fraction": 0.0, "direct_exposure_fraction": 1.0}, "geometry": {"type": "LineString", "coordinates": [[75.8515584, 22.713732199999995], [75.851503, 22.714101100000004]]}}, {"type": "Feature", "properties": {"segment_id": "osm-2027156248-12504458052-0", "length_m": 5.702118310404492, "canonical_time": "15:00", "exposure_value": 1.0, "temperature_proxy_c": 42.0, "normalized_temperature_factor": 1.0, "source_type": "derived", "source_reference": "Cached geometric shade snapshot and configured prototype temperature curve", "observed_or_estimated": "ESTIMATED", "modelled_or_interpolated": "MODELLED", "timestamp": "2026-05-15T15:00:00+05:30", "assumptions_version": "2026-10-09-prompt-5a-interventions", "computation_mode": "geometric", "shade_fraction": 0.0, "direct_exposure_fraction": 1.0}, "geometry": {"type": "LineString", "coordinates": [[75.8515584, 22.713732199999995], [75.8515593, 22.713680699999994]]}}, {"type": "Feature", "properties": {"segment_id": "osm-2027156248-2027156252-0", "length_m": 50.46024331029756, "canonical_time": "15:00", "exposure_value": 1.0, "temperature_proxy_c": 42.0, "normalized_temperature_factor": 1.0, "source_type": "derived", "source_reference": "Cached geometric shade snapshot and configured prototype temperature curve", "observed_or_estimated": "ESTIMATED", "modelled_or_interpolated": "MODELLED", "timestamp": "2026-05-15T15:00:00+05:30", "assumptions_version": "2026-10-09-prompt-5a-interventions", "computation_mode": "geometric", "shade_fraction": 0.0, "direct_exposure_fraction": 1.0}, "geometry": {"type": "LineString", "coordinates": [[75.8515584, 22.713732199999995], [75.8520292, 22.713770899999997], [75.8520471, 22.713775800000004]]}}, {"type": "Feature", "properties": {"segment_id": "osm-2027156252-12504458055-0", "length_m": 6.818056674012589, "canonical_time": "15:00", "exposure_value": 1.0, "temperature_proxy_c": 42.0, "normalized_temperature_factor": 1.0, "source_type": "derived", "source_reference": "Cached geometric shade snapshot and configured prototype temperature curve", "observed_or_estimated": "ESTIMATED", "modelled_or_interpolated": "MODELLED", "timestamp": "2026-05-15T15:00:00+05:30", "assumptions_version": "2026-10-09-prompt-5a-interventions", "computation_mode": "geometric", "shade_fraction": 0.0, "direct_exposure_fraction": 1.0}, "geometry": {"type": "LineString", "coordinates": [[75.8520471, 22.713775800000004], [75.8520606, 22.713715499999985]]}}, {"type": "Feature", "properties": {"segment_id": "osm-2027156252-2027156304-0", "length_m": 52.6690080510983, "canonical_time": "15:00", "exposure_value": 0.9490590254298953, "temperature_proxy_c": 42.0, "normalized_temperature_factor": 1.0, "source_type": "derived", "source_reference": "Cached geometric shade snapshot and configured prototype temperature curve", "observed_or_estimated": "ESTIMATED", "modelled_or_interpolated": "MODELLED", "timestamp": "2026-05-15T15:00:00+05:30", "assumptions_version": "2026-10-09-prompt-5a-interventions", "computation_mode": "geometric", "shade_fraction": 0.0509409745701047, "direct_exposure_fraction": 0.9490590254298953}, "geometry": {"type": "LineString", "coordinates": [[75.8520471, 22.713775800000004], [75.8521107, 22.713786], [75.8521695, 22.7138097], [75.8522871, 22.713898099999994], [75.8524326, 22.71406669999999]]}}, {"type": "Feature", "properties": {"segment_id": "osm-2027156252-2027156248-0", "length_m": 50.46024331029756, "canonical_time": "15:00", "exposure_value": 1.0, "temperature_proxy_c": 42.0, "normalized_temperature_factor": 1.0, "source_type": "derived", "source_reference": "Cached geometric shade snapshot and configured prototype temperature curve", "observed_or_estimated": "ESTIMATED", "modelled_or_interpolated": "MODELLED", "timestamp": "2026-05-15T15:00:00+05:30", "assumptions_version": "2026-10-09-prompt-5a-interventions", "computation_mode": "geometric", "shade_fraction": 0.0, "direct_exposure_fraction": 1.0}, "geometry": {"type": "LineString", "coordinates": [[75.8520471, 22.713775800000004], [75.8520292, 22.713770899999997], [75.8515584, 22.713732199999995]]}}, {"type": "Feature", "properties": {"segment_id": "osm-2027156304-12504458061-0", "length_m": 7.761076270625, "canonical_time": "15:00", "exposure_value": 1.0, "temperature_proxy_c": 42.0, "normalized_temperature_factor": 1.0, "source_type": "derived", "source_reference": "Cached geometric shade snapshot and configured prototype temperature curve", "observed_or_estimated": "ESTIMATED", "modelled_or_interpolated": "MODELLED", "timestamp": "2026-05-15T15:00:00+05:30", "assumptions_version": "2026-10-09-prompt-5a-interventions", "computation_mode": "geometric", "shade_fraction": 0.0, "direct_exposure_fraction": 1.0}, "geometry": {"type": "LineString", "coordinates": [[75.8524326, 22.71406669999999], [75.8525036, 22.7140907]]}}, {"type": "Feature", "properties": {"segment_id": "osm-2027156304-3734538687-0", "length_m": 36.23574666266662, "canonical_time": "15:00", "exposure_value": 1.0, "temperature_proxy_c": 42.0, "normalized_temperature_factor": 1.0, "source_type": "derived", "source_reference": "Cached geometric shade snapshot and configured prototype temperature curve", "observed_or_estimated": "ESTIMATED", "modelled_or_interpolated": "MODELLED", "timestamp": "2026-05-15T15:00:00+05:30", "assumptions_version": "2026-10-09-prompt-5a-interventions", "computation_mode": "geometric", "shade_fraction": 0.0, "direct_exposure_fraction": 1.0}, "geometry": {"type": "LineString", "coordinates": [[75.8524326, 22.71406669999999], [75.8523987, 22.714392500000002]]}}, {"type": "Feature", "properties": {"segment_id": "osm-2027156304-2027156252-0", "length_m": 52.6690080510983, "canonical_time": "15:00", "exposure_value": 0.9490590254298953, "temperature_proxy_c": 42.0, "normalized_temperature_factor": 1.0, "source_type": "derived", "source_reference": "Cached geometric shade snapshot and configured prototype temperature curve", "observed_or_estimated": "ESTIMATED", "modelled_or_interpolated": "MODELLED", "timestamp": "2026-05-15T15:00:00+05:30", "assumptions_version": "2026-10-09-prompt-5a-interventions", "computation_mode": "geometric", "shade_fraction": 0.0509409745701047, "direct_exposure_fraction": 0.9490590254298953}, "geometry": {"type": "LineString", "coordinates": [[75.8524326, 22.71406669999999], [75.8522871, 22.713898099999994], [75.8521695, 22.7138097], [75.8521107, 22.713786], [75.8520471, 22.713775800000004]]}}, {"type": "Feature", "properties": {"segment_id": "osm-2027156315-3734538674-0", "length_m": 18.628834985621385, "canonical_time": "15:00", "exposure_value": 0.21935144070225587, "temperature_proxy_c": 42.0, "normalized_temperature_factor": 1.0, "source_type": "derived", "source_reference": "Cached geometric shade snapshot and configured prototype temperature curve", "observed_or_estimated": "ESTIMATED", "modelled_or_interpolated": "MODELLED", "timestamp": "2026-05-15T15:00:00+05:30", "assumptions_version": "2026-10-09-prompt-5a-interventions", "computation_mode": "geometric", "shade_fraction": 0.7806485592977441, "direct_exposure_fraction": 0.21935144070225587}, "geometry": {"type": "LineString", "coordinates": [[75.851503, 22.714101100000004], [75.8514588, 22.7142643]]}}, {"type": "Feature", "properties": {"segment_id": "osm-2027156315-2027156248-0", "length_m": 41.233980336462714, "canonical_time": "15:00", "exposure_value": 1.0, "temperature_proxy_c": 42.0, "normalized_temperature_factor": 1.0, "source_type": "derived", "source_reference": "Cached geometric shade snapshot and configured prototype temperature curve", "observed_or_estimated": "ESTIMATED", "modelled_or_interpolated": "MODELLED", "timestamp": "2026-05-15T15:00:00+05:30", "assumptions_version": "2026-10-09-prompt-5a-interventions", "computation_mode": "geometric", "shade_fraction": 0.0, "direct_exposure_fraction": 1.0}, "geometry": {"type": "LineString", "coordinates": [[75.851503, 22.714101100000004], [75.8515584, 22.713732199999995]]}}, {"type": "Feature", "properties": {"segment_id": "osm-2027156353-2027156392-0", "length_m": 45.464741232686876, "canonical_time": "15:00", "exposure_value": 0.9275754962706402, "temperature_proxy_c": 42.0, "normalized_temperature_factor": 1.0, "source_type": "derived", "source_reference": "Cached geometric shade snapshot and configured prototype temperature curve", "observed_or_estimated": "ESTIMATED", "modelled_or_interpolated": "MODELLED", "timestamp": "2026-05-15T15:00:00+05:30", "assumptions_version": "2026-10-09-prompt-5a-interventions", "computation_mode": "geometric", "shade_fraction": 0.07242450372935982, "direct_exposure_fraction": 0.9275754962706402}, "geometry": {"type": "LineString", "coordinates": [[75.8514112, 22.714531200000007], [75.8513689, 22.71493999999999]]}}, {"type": "Feature", "properties": {"segment_id": "osm-2027156353-3734538674-0", "length_m": 29.949191922528687, "canonical_time": "15:00", "exposure_value": 0.7999730299909125, "temperature_proxy_c": 42.0, "normalized_temperature_factor": 1.0, "source_type": "derived", "source_reference": "Cached geometric shade snapshot and configured prototype temperature curve", "observed_or_estimated": "ESTIMATED", "modelled_or_interpolated": "MODELLED", "timestamp": "2026-05-15T15:00:00+05:30", "assumptions_version": "2026-10-09-prompt-5a-interventions", "computation_mode": "geometric", "shade_fraction": 0.20002697000908748, "direct_exposure_fraction": 0.7999730299909125}, "geometry": {"type": "LineString", "coordinates": [[75.8514112, 22.714531200000007], [75.8514588, 22.7142643]]}}, {"type": "Feature", "properties": {"segment_id": "osm-2027156353-2027156364-0", "length_m": 57.22413232233259, "canonical_time": "15:00", "exposure_value": 1.0, "temperature_proxy_c": 42.0, "normalized_temperature_factor": 1.0, "source_type": "derived", "source_reference": "Cached geometric shade snapshot and configured prototype temperature curve", "observed_or_estimated": "ESTIMATED", "modelled_or_interpolated": "MODELLED", "timestamp": "2026-05-15T15:00:00+05:30", "assumptions_version": "2026-10-09-prompt-5a-interventions", "computation_mode": "geometric", "shade_fraction": 0.0, "direct_exposure_fraction": 1.0}, "geometry": {"type": "LineString", "coordinates": [[75.8514112, 22.714531200000007], [75.8516797, 22.7146015], [75.8519493, 22.7146651]]}}, {"type": "Feature", "properties": {"segment_id": "osm-2027156359-2027156386-0", "length_m": 33.616072923069495, "canonical_time": "15:00", "exposure_value": 1.0, "temperature_proxy_c": 42.0, "normalized_temperature_factor": 1.0, "source_type": "derived", "source_reference": "Cached geometric shade snapshot and configured prototype temperature curve", "observed_or_estimated": "ESTIMATED", "modelled_or_interpolated": "MODELLED", "timestamp": "2026-05-15T15:00:00+05:30", "assumptions_version": "2026-10-09-prompt-5a-interventions", "computation_mode": "geometric", "shade_fraction": 0.0, "direct_exposure_fraction": 1.0}, "geometry": {"type": "LineString", "coordinates": [[75.8536272, 22.7145955], [75.8535638, 22.71489339999999]]}}, {"type": "Feature", "properties": {"segment_id": "osm-2027156359-2025019820-0", "length_m": 125.35912765404763, "canonical_time": "15:00", "exposure_value": 1.0, "temperature_proxy_c": 42.0, "normalized_temperature_factor": 1.0, "source_type": "derived", "source_reference": "Cached geometric shade snapshot and configured prototype temperature curve", "observed_or_estimated": "ESTIMATED", "modelled_or_interpolated": "MODELLED", "timestamp": "2026-05-15T15:00:00+05:30", "assumptions_version": "2026-10-09-prompt-5a-interventions", "computation_mode": "geometric", "shade_fraction": 0.0, "direct_exposure_fraction": 1.0}, "geometry": {"type": "LineString", "coordinates": [[75.8536272, 22.7145955], [75.8537543, 22.7146018], [75.8542483, 22.714620599999993], [75.8547185, 22.714567799999987], [75.8548436, 22.7145733]]}}, {"type": "Feature", "properties": {"segment_id": "osm-2027156359-12504458061-0", "length_m": 128.49761070538693, "canonical_time": "15:00", "exposure_value": 1.0, "temperature_proxy_c": 42.0, "normalized_temperature_factor": 1.0, "source_type": "derived", "source_reference": "Cached geometric shade snapshot and configured prototype temperature curve", "observed_or_estimated": "ESTIMATED", "modelled_or_interpolated": "MODELLED", "timestamp": "2026-05-15T15:00:00+05:30", "assumptions_version": "2026-10-09-prompt-5a-interventions", "computation_mode": "geometric", "shade_fraction": 0.0, "direct_exposure_fraction": 1.0}, "geometry": {"type": "LineString", "coordinates": [[75.8536272, 22.7145955], [75.8533019, 22.7144308], [75.8528561, 22.714210299999998], [75.8525036, 22.7140907]]}}, {"type": "Feature", "properties": {"segment_id": "osm-2027156364-2027156370-0", "length_m": 44.42116904692041, "canonical_time": "15:00", "exposure_value": 1.0, "temperature_proxy_c": 42.0, "normalized_temperature_factor": 1.0, "source_type": "derived", "source_reference": "Cached geometric shade snapshot and configured prototype temperature curve", "observed_or_estimated": "ESTIMATED", "modelled_or_interpolated": "MODELLED", "timestamp": "2026-05-15T15:00:00+05:30", "assumptions_version": "2026-10-09-prompt-5a-interventions", "computation_mode": "geometric", "shade_fraction": 0.0, "direct_exposure_fraction": 1.0}, "geometry": {"type": "LineString", "coordinates": [[75.8519493, 22.7146651], [75.8521755, 22.7146837], [75.8523795, 22.714706099999997]]}}, {"type": "Feature", "properties": {"segment_id": "osm-2027156364-2027156353-0", "length_m": 57.22413232233259, "canonical_time": "15:00", "exposure_value": 1.0, "temperature_proxy_c": 42.0, "normalized_temperature_factor": 1.0, "source_type": "derived", "source_reference": "Cached geometric shade snapshot and configured prototype temperature curve", "observed_or_estimated": "ESTIMATED", "modelled_or_interpolated": "MODELLED", "timestamp": "2026-05-15T15:00:00+05:30", "assumptions_version": "2026-10-09-prompt-5a-interventions", "computation_mode": "geometric", "shade_fraction": 0.0, "direct_exposure_fraction": 1.0}, "geometry": {"type": "LineString", "coordinates": [[75.8519493, 22.7146651], [75.8516797, 22.7146015], [75.8514112, 22.714531200000007]]}}, {"type": "Feature", "properties": {"segment_id": "osm-2027156364-8478005563-0", "length_m": 70.24535255199491, "canonical_time": "15:00", "exposure_value": 0.35884150229295875, "temperature_proxy_c": 42.0, "normalized_temperature_factor": 1.0, "source_type": "derived", "source_reference": "Cached geometric shade snapshot and configured prototype temperature curve", "observed_or_estimated": "ESTIMATED", "modelled_or_interpolated": "MODELLED", "timestamp": "2026-05-15T15:00:00+05:30", "assumptions_version": "2026-10-09-prompt-5a-interventions", "computation_mode": "geometric", "shade_fraction": 0.6411584977070413, "direct_exposure_fraction": 0.35884150229295875}, "geometry": {"type": "LineString", "coordinates": [[75.8519493, 22.7146651], [75.8519181, 22.7150098], [75.8519159, 22.7152984]]}}, {"type": "Feature", "properties": {"segment_id": "osm-2027156370-3734538687-0", "length_m": 34.77343067932083, "canonical_time": "15:00", "exposure_value": 0.9996384999892293, "temperature_proxy_c": 42.0, "normalized_temperature_factor": 1.0, "source_type": "derived", "source_reference": "Cached geometric shade snapshot and configured prototype temperature curve", "observed_or_estimated": "ESTIMATED", "modelled_or_interpolated": "MODELLED", "timestamp": "2026-05-15T15:00:00+05:30", "assumptions_version": "2026-10-09-prompt-5a-interventions", "computation_mode": "geometric", "shade_fraction": 0.00036150001077071923, "direct_exposure_fraction": 0.9996384999892293}, "geometry": {"type": "LineString", "coordinates": [[75.8523795, 22.714706099999997], [75.8523987, 22.714392500000002]]}}, {"type": "Feature", "properties": {"segment_id": "osm-2027156370-2027156382-0", "length_m": 80.46574920989903, "canonical_time": "15:00", "exposure_value": 0.8548880545683313, "temperature_proxy_c": 42.0, "normalized_temperature_factor": 1.0, "source_type": "derived", "source_reference": "Cached geometric shade snapshot and configured prototype temperature curve", "observed_or_estimated": "ESTIMATED", "modelled_or_interpolated": "MODELLED", "timestamp": "2026-05-15T15:00:00+05:30", "assumptions_version": "2026-10-09-prompt-5a-interventions", "computation_mode": "geometric", "shade_fraction": 0.14511194543166867, "direct_exposure_fraction": 0.8548880545683313}, "geometry": {"type": "LineString", "coordinates": [[75.8523795, 22.714706099999997], [75.8527755, 22.71482439999999], [75.8531157, 22.7149532]]}}, {"type": "Feature", "properties": {"segment_id": "osm-2027156370-2027156364-0", "length_m": 44.42116904692041, "canonical_time": "15:00", "exposure_value": 1.0, "temperature_proxy_c": 42.0, "normalized_temperature_factor": 1.0, "source_type": "derived", "source_reference": "Cached geometric shade snapshot and configured prototype temperature curve", "observed_or_estimated": "ESTIMATED", "modelled_or_interpolated": "MODELLED", "timestamp": "2026-05-15T15:00:00+05:30", "assumptions_version": "2026-10-09-prompt-5a-interventions", "computation_mode": "geometric", "shade_fraction": 0.0, "direct_exposure_fraction": 1.0}, "geometry": {"type": "LineString", "coordinates": [[75.8523795, 22.714706099999997], [75.8521755, 22.7146837], [75.8519493, 22.7146651]]}}, {"type": "Feature", "properties": {"segment_id": "osm-2027156380-2027131456-0", "length_m": 16.912817590118166, "canonical_time": "15:00", "exposure_value": 1.0, "temperature_proxy_c": 42.0, "normalized_temperature_factor": 1.0, "source_type": "derived", "source_reference": "Cached geometric shade snapshot and configured prototype temperature curve", "observed_or_estimated": "ESTIMATED", "modelled_or_interpolated": "MODELLED", "timestamp": "2026-05-15T15:00:00+05:30", "assumptions_version": "2026-10-09-prompt-5a-interventions", "computation_mode": "geometric", "shade_fraction": 0.0, "direct_exposure_fraction": 1.0}, "geometry": {"type": "LineString", "coordinates": [[75.8547442, 22.714892699999993], [75.8548821, 22.714809200000005]]}}, {"type": "Feature", "properties": {"segment_id": "osm-2027156380-2027156386-0", "length_m": 121.30134947515921, "canonical_time": "15:00", "exposure_value": 1.0, "temperature_proxy_c": 42.0, "normalized_temperature_factor": 1.0, "source_type": "derived", "source_reference": "Cached geometric shade snapshot and configured prototype temperature curve", "observed_or_estimated": "ESTIMATED", "modelled_or_interpolated": "MODELLED", "timestamp": "2026-05-15T15:00:00+05:30", "assumptions_version": "2026-10-09-prompt-5a-interventions", "computation_mode": "geometric", "shade_fraction": 0.0, "direct_exposure_fraction": 1.0}, "geometry": {"type": "LineString", "coordinates": [[75.8547442, 22.714892699999993], [75.8538302, 22.714877899999998], [75.8535638, 22.71489339999999]]}}, {"type": "Feature", "properties": {"segment_id": "osm-2027156380-2027156438-0", "length_m": 55.30046975728899, "canonical_time": "15:00", "exposure_value": 1.0, "temperature_proxy_c": 42.0, "normalized_temperature_factor": 1.0, "source_type": "derived", "source_reference": "Cached geometric shade snapshot and configured prototype temperature curve", "observed_or_estimated": "ESTIMATED", "modelled_or_interpolated": "MODELLED", "timestamp": "2026-05-15T15:00:00+05:30", "assumptions_version": "2026-10-09-prompt-5a-interventions", "computation_mode": "geometric", "shade_fraction": 0.0, "direct_exposure_fraction": 1.0}, "geometry": {"type": "LineString", "coordinates": [[75.8547442, 22.714892699999993], [75.8546907, 22.71521359999999], [75.8546815, 22.7153882]]}}, {"type": "Feature", "properties": {"segment_id": "osm-2027156382-2027156386-0", "length_m": 46.49592663761603, "canonical_time": "15:00", "exposure_value": 1.0, "temperature_proxy_c": 42.0, "normalized_temperature_factor": 1.0, "source_type": "derived", "source_reference": "Cached geometric shade snapshot and configured prototype temperature curve", "observed_or_estimated": "ESTIMATED", "modelled_or_interpolated": "MODELLED", "timestamp": "2026-05-15T15:00:00+05:30", "assumptions_version": "2026-10-09-prompt-5a-interventions", "computation_mode": "geometric", "shade_fraction": 0.0, "direct_exposure_fraction": 1.0}, "geometry": {"type": "LineString", "coordinates": [[75.8531157, 22.7149532], [75.8535638, 22.71489339999999]]}}, {"type": "Feature", "properties": {"segment_id": "osm-2027156382-2027156401-0", "length_m": 9.713132272363412, "canonical_time": "15:00", "exposure_value": 1.0, "temperature_proxy_c": 42.0, "normalized_temperature_factor": 1.0, "source_type": "derived", "source_reference": "Cached geometric shade snapshot and configured prototype temperature curve", "observed_or_estimated": "ESTIMATED", "modelled_or_interpolated": "MODELLED", "timestamp": "2026-05-15T15:00:00+05:30", "assumptions_version": "2026-10-09-prompt-5a-interventions", "computation_mode": "geometric", "shade_fraction": 0.0, "direct_exposure_fraction": 1.0}, "geometry": {"type": "LineString", "coordinates": [[75.8531157, 22.7149532], [75.8531104, 22.715040799999997]]}}, {"type": "Feature", "properties": {"segment_id": "osm-2027156382-2027156370-0", "length_m": 80.46574920989903, "canonical_time": "15:00", "exposure_value": 0.8548880545683313, "temperature_proxy_c": 42.0, "normalized_temperature_factor": 1.0, "source_type": "derived", "source_reference": "Cached geometric shade snapshot and configured prototype temperature curve", "observed_or_estimated": "ESTIMATED", "modelled_or_interpolated": "MODELLED", "timestamp": "2026-05-15T15:00:00+05:30", "assumptions_version": "2026-10-09-prompt-5a-interventions", "computation_mode": "geometric", "shade_fraction": 0.14511194543166867, "direct_exposure_fraction": 0.8548880545683313}, "geometry": {"type": "LineString", "coordinates": [[75.8531157, 22.7149532], [75.8527755, 22.71482439999999], [75.8523795, 22.714706099999997]]}}, {"type": "Feature", "properties": {"segment_id": "osm-2027156386-2027156382-0", "length_m": 46.49592663761603, "canonical_time": "15:00", "exposure_value": 1.0, "temperature_proxy_c": 42.0, "normalized_temperature_factor": 1.0, "source_type": "derived", "source_reference": "Cached geometric shade snapshot and configured prototype temperature curve", "observed_or_estimated": "ESTIMATED", "modelled_or_interpolated": "MODELLED", "timestamp": "2026-05-15T15:00:00+05:30", "assumptions_version": "2026-10-09-prompt-5a-interventions", "computation_mode": "geometric", "shade_fraction": 0.0, "direct_exposure_fraction": 1.0}, "geometry": {"type": "LineString", "coordinates": [[75.8535638, 22.71489339999999], [75.8531157, 22.7149532]]}}, {"type": "Feature", "properties": {"segment_id": "osm-2027156386-2027156359-0", "length_m": 33.616072923069495, "canonical_time": "15:00", "exposure_value": 1.0, "temperature_proxy_c": 42.0, "normalized_temperature_factor": 1.0, "source_type": "derived", "source_reference": "Cached geometric shade snapshot and configured prototype temperature curve", "observed_or_estimated": "ESTIMATED", "modelled_or_interpolated": "MODELLED", "timestamp": "2026-05-15T15:00:00+05:30", "assumptions_version": "2026-10-09-prompt-5a-interventions", "computation_mode": "geometric", "shade_fraction": 0.0, "direct_exposure_fraction": 1.0}, "geometry": {"type": "LineString", "coordinates": [[75.8535638, 22.71489339999999], [75.8536272, 22.7145955]]}}, {"type": "Feature", "properties": {"segment_id": "osm-2027156386-2027156380-0", "length_m": 121.30134947515921, "canonical_time": "15:00", "exposure_value": 1.0, "temperature_proxy_c": 42.0, "normalized_temperature_factor": 1.0, "source_type": "derived", "source_reference": "Cached geometric shade snapshot and configured prototype temperature curve", "observed_or_estimated": "ESTIMATED", "modelled_or_interpolated": "MODELLED", "timestamp": "2026-05-15T15:00:00+05:30", "assumptions_version": "2026-10-09-prompt-5a-interventions", "computation_mode": "geometric", "shade_fraction": 0.0, "direct_exposure_fraction": 1.0}, "geometry": {"type": "LineString", "coordinates": [[75.8535638, 22.71489339999999], [75.8538302, 22.714877899999998], [75.8547442, 22.714892699999993]]}}, {"type": "Feature", "properties": {"segment_id": "osm-2027156386-2027156476-0", "length_m": 82.06150231802292, "canonical_time": "15:00", "exposure_value": 0.5959954447450728, "temperature_proxy_c": 42.0, "normalized_temperature_factor": 1.0, "source_type": "derived", "source_reference": "Cached geometric shade snapshot and configured prototype temperature curve", "observed_or_estimated": "ESTIMATED", "modelled_or_interpolated": "MODELLED", "timestamp": "2026-05-15T15:00:00+05:30", "assumptions_version": "2026-10-09-prompt-5a-interventions", "computation_mode": "geometric", "shade_fraction": 0.4040045552549272, "direct_exposure_fraction": 0.5959954447450728}, "geometry": {"type": "LineString", "coordinates": [[75.8535638, 22.71489339999999], [75.8535766, 22.715138699999997], [75.8535992, 22.7152567], [75.8536519, 22.71534689999999], [75.8537798, 22.715424999999996], [75.8538873, 22.7155102]]}}, {"type": "Feature", "properties": {"segment_id": "osm-2027156392-2027156393-0", "length_m": 35.850228967228865, "canonical_time": "15:00", "exposure_value": 1.0, "temperature_proxy_c": 42.0, "normalized_temperature_factor": 1.0, "source_type": "derived", "source_reference": "Cached geometric shade snapshot and configured prototype temperature curve", "observed_or_estimated": "ESTIMATED", "modelled_or_interpolated": "MODELLED", "timestamp": "2026-05-15T15:00:00+05:30", "assumptions_version": "2026-10-09-prompt-5a-interventions", "computation_mode": "geometric", "shade_fraction": 0.0, "direct_exposure_fraction": 1.0}, "geometry": {"type": "LineString", "coordinates": [[75.8513689, 22.71493999999999], [75.8510205, 22.714959899999993]]}}, {"type": "Feature", "properties": {"segment_id": "osm-2027156392-8474397649-0", "length_m": 34.38712575565008, "canonical_time": "15:00", "exposure_value": 1.0, "temperature_proxy_c": 42.0, "normalized_temperature_factor": 1.0, "source_type": "derived", "source_reference": "Cached geometric shade snapshot and configured prototype temperature curve", "observed_or_estimated": "ESTIMATED", "modelled_or_interpolated": "MODELLED", "timestamp": "2026-05-15T15:00:00+05:30", "assumptions_version": "2026-10-09-prompt-5a-interventions", "computation_mode": "geometric", "shade_fraction": 0.0, "direct_exposure_fraction": 1.0}, "geometry": {"type": "LineString", "coordinates": [[75.8513689, 22.71493999999999], [75.8513538, 22.715250299999997]]}}, {"type": "Feature", "properties": {"segment_id": "osm-2027156392-2027156353-0", "length_m": 45.464741232686876, "canonical_time": "15:00", "exposure_value": 0.9275754962706402, "temperature_proxy_c": 42.0, "normalized_temperature_factor": 1.0, "source_type": "derived", "source_reference": "Cached geometric shade snapshot and configured prototype temperature curve", "observed_or_estimated": "ESTIMATED", "modelled_or_interpolated": "MODELLED", "timestamp": "2026-05-15T15:00:00+05:30", "assumptions_version": "2026-10-09-prompt-5a-interventions", "computation_mode": "geometric", "shade_fraction": 0.07242450372935982, "direct_exposure_fraction": 0.9275754962706402}, "geometry": {"type": "LineString", "coordinates": [[75.8513689, 22.71493999999999], [75.8514112, 22.714531200000007]]}}, {"type": "Feature", "properties": {"segment_id": "osm-2027156393-2027156392-0", "length_m": 35.850228967228865, "canonical_time": "15:00", "exposure_value": 1.0, "temperature_proxy_c": 42.0, "normalized_temperature_factor": 1.0, "source_type": "derived", "source_reference": "Cached geometric shade snapshot and configured prototype temperature curve", "observed_or_estimated": "ESTIMATED", "modelled_or_interpolated": "MODELLED", "timestamp": "2026-05-15T15:00:00+05:30", "assumptions_version": "2026-10-09-prompt-5a-interventions", "computation_mode": "geometric", "shade_fraction": 0.0, "direct_exposure_fraction": 1.0}, "geometry": {"type": "LineString", "coordinates": [[75.8510205, 22.714959899999993], [75.8513689, 22.71493999999999]]}}, {"type": "Feature", "properties": {"segment_id": "osm-2027156393-2027156485-0", "length_m": 84.47943915569132, "canonical_time": "15:00", "exposure_value": 0.8768706274613179, "temperature_proxy_c": 42.0, "normalized_temperature_factor": 1.0, "source_type": "derived", "source_reference": "Cached geometric shade snapshot and configured prototype temperature curve", "observed_or_estimated": "ESTIMATED", "modelled_or_interpolated": "MODELLED", "timestamp": "2026-05-15T15:00:00+05:30", "assumptions_version": "2026-10-09-prompt-5a-interventions", "computation_mode": "geometric", "shade_fraction": 0.12312937253868209, "direct_exposure_fraction": 0.8768706274613179}, "geometry": {"type": "LineString", "coordinates": [[75.8510205, 22.714959899999993], [75.8510339, 22.715593099999996], [75.8510136, 22.715721500000004]]}}, {"type": "Feature", "properties": {"segment_id": "osm-2027156401-2027156382-0", "length_m": 9.713132272363412, "canonical_time": "15:00", "exposure_value": 1.0, "temperature_proxy_c": 42.0, "normalized_temperature_factor": 1.0, "source_type": "derived", "source_reference": "Cached geometric shade snapshot and configured prototype temperature curve", "observed_or_estimated": "ESTIMATED", "modelled_or_interpolated": "MODELLED", "timestamp": "2026-05-15T15:00:00+05:30", "assumptions_version": "2026-10-09-prompt-5a-interventions", "computation_mode": "geometric", "shade_fraction": 0.0, "direct_exposure_fraction": 1.0}, "geometry": {"type": "LineString", "coordinates": [[75.8531104, 22.715040799999997], [75.8531157, 22.7149532]]}}, {"type": "Feature", "properties": {"segment_id": "osm-2027156401-2027156518-0", "length_m": 120.98692302256744, "canonical_time": "15:00", "exposure_value": 0.916669503105301, "temperature_proxy_c": 42.0, "normalized_temperature_factor": 1.0, "source_type": "derived", "source_reference": "Cached geometric shade snapshot and configured prototype temperature curve", "observed_or_estimated": "ESTIMATED", "modelled_or_interpolated": "MODELLED", "timestamp": "2026-05-15T15:00:00+05:30", "assumptions_version": "2026-10-09-prompt-5a-interventions", "computation_mode": "geometric", "shade_fraction": 0.08333049689469894, "direct_exposure_fraction": 0.916669503105301}, "geometry": {"type": "LineString", "coordinates": [[75.8531104, 22.715040799999997], [75.8531281, 22.7151083], [75.8532904, 22.7155639], [75.8534287, 22.716092099999997]]}}, {"type": "Feature", "properties": {"segment_id": "osm-2027156401-8478005556-0", "length_m": 13.845027769542913, "canonical_time": "15:00", "exposure_value": 1.0, "temperature_proxy_c": 42.0, "normalized_temperature_factor": 1.0, "source_type": "derived", "source_reference": "Cached geometric shade snapshot and configured prototype temperature curve", "observed_or_estimated": "ESTIMATED", "modelled_or_interpolated": "MODELLED", "timestamp": "2026-05-15T15:00:00+05:30", "assumptions_version": "2026-10-09-prompt-5a-interventions", "computation_mode": "geometric", "shade_fraction": 0.0, "direct_exposure_fraction": 1.0}, "geometry": {"type": "LineString", "coordinates": [[75.8531104, 22.715040799999997], [75.8530487, 22.715096799999998], [75.8530257, 22.7151364]]}}, {"type": "Feature", "properties": {"segment_id": "osm-2027156438-2027156476-0", "length_m": 83.12486849268727, "canonical_time": "15:00", "exposure_value": 0.9571875630283144, "temperature_proxy_c": 42.0, "normalized_temperature_factor": 1.0, "source_type": "derived", "source_reference": "Cached geometric shade snapshot and configured prototype temperature curve", "observed_or_estimated": "ESTIMATED", "modelled_or_interpolated": "MODELLED", "timestamp": "2026-05-15T15:00:00+05:30", "assumptions_version": "2026-10-09-prompt-5a-interventions", "computation_mode": "geometric", "shade_fraction": 0.04281243697168558, "direct_exposure_fraction": 0.9571875630283144}, "geometry": {"type": "LineString", "coordinates": [[75.8546815, 22.7153882], [75.8543285, 22.7154075], [75.85426770000001, 22.715431000000002], [75.8540755, 22.7154693], [75.8538873, 22.7155102]]}}, {"type": "Feature", "properties": {"segment_id": "osm-2027156438-2027156534-0", "length_m": 101.06512395673342, "canonical_time": "15:00", "exposure_value": 0.689761299360203, "temperature_proxy_c": 42.0, "normalized_temperature_factor": 1.0, "source_type": "derived", "source_reference": "Cached geometric shade snapshot and configured prototype temperature curve", "observed_or_estimated": "ESTIMATED", "modelled_or_interpolated": "MODELLED", "timestamp": "2026-05-15T15:00:00+05:30", "assumptions_version": "2026-10-09-prompt-5a-interventions", "computation_mode": "geometric", "shade_fraction": 0.31023870063979697, "direct_exposure_fraction": 0.689761299360203}, "geometry": {"type": "LineString", "coordinates": [[75.8546815, 22.7153882], [75.8546508, 22.7157103], [75.8546021, 22.7161592], [75.8546216, 22.716296399999994]]}}, {"type": "Feature", "properties": {"segment_id": "osm-2027156438-2027156380-0", "length_m": 55.30046975728899, "canonical_time": "15:00", "exposure_value": 1.0, "temperature_proxy_c": 42.0, "normalized_temperature_factor": 1.0, "source_type": "derived", "source_reference": "Cached geometric shade snapshot and configured prototype temperature curve", "observed_or_estimated": "ESTIMATED", "modelled_or_interpolated": "MODELLED", "timestamp": "2026-05-15T15:00:00+05:30", "assumptions_version": "2026-10-09-prompt-5a-interventions", "computation_mode": "geometric", "shade_fraction": 0.0, "direct_exposure_fraction": 1.0}, "geometry": {"type": "LineString", "coordinates": [[75.8546815, 22.7153882], [75.8546907, 22.71521359999999], [75.8547442, 22.714892699999993]]}}, {"type": "Feature", "properties": {"segment_id": "osm-2027156476-2027156502-0", "length_m": 48.7655945189263, "canonical_time": "15:00", "exposure_value": 0.46131313213534186, "temperature_proxy_c": 42.0, "normalized_temperature_factor": 1.0, "source_type": "derived", "source_reference": "Cached geometric shade snapshot and configured prototype temperature curve", "observed_or_estimated": "ESTIMATED", "modelled_or_interpolated": "MODELLED", "timestamp": "2026-05-15T15:00:00+05:30", "assumptions_version": "2026-10-09-prompt-5a-interventions", "computation_mode": "geometric", "shade_fraction": 0.5386868678646581, "direct_exposure_fraction": 0.46131313213534186}, "geometry": {"type": "LineString", "coordinates": [[75.8538873, 22.7155102], [75.8539987, 22.7159384]]}}, {"type": "Feature", "properties": {"segment_id": "osm-2027156476-2027156438-0", "length_m": 83.12486849268727, "canonical_time": "15:00", "exposure_value": 0.9571875630283144, "temperature_proxy_c": 42.0, "normalized_temperature_factor": 1.0, "source_type": "derived", "source_reference": "Cached geometric shade snapshot and configured prototype temperature curve", "observed_or_estimated": "ESTIMATED", "modelled_or_interpolated": "MODELLED", "timestamp": "2026-05-15T15:00:00+05:30", "assumptions_version": "2026-10-09-prompt-5a-interventions", "computation_mode": "geometric", "shade_fraction": 0.04281243697168558, "direct_exposure_fraction": 0.9571875630283144}, "geometry": {"type": "LineString", "coordinates": [[75.8538873, 22.7155102], [75.8540755, 22.7154693], [75.85426770000001, 22.715431000000002], [75.8543285, 22.7154075], [75.8546815, 22.7153882]]}}, {"type": "Feature", "properties": {"segment_id": "osm-2027156476-2027156386-0", "length_m": 82.06150231802292, "canonical_time": "15:00", "exposure_value": 0.5959954447450728, "temperature_proxy_c": 42.0, "normalized_temperature_factor": 1.0, "source_type": "derived", "source_reference": "Cached geometric shade snapshot and configured prototype temperature curve", "observed_or_estimated": "ESTIMATED", "modelled_or_interpolated": "MODELLED", "timestamp": "2026-05-15T15:00:00+05:30", "assumptions_version": "2026-10-09-prompt-5a-interventions", "computation_mode": "geometric", "shade_fraction": 0.4040045552549272, "direct_exposure_fraction": 0.5959954447450728}, "geometry": {"type": "LineString", "coordinates": [[75.8538873, 22.7155102], [75.8537798, 22.715424999999996], [75.8536519, 22.71534689999999], [75.8535992, 22.7152567], [75.8535766, 22.715138699999997], [75.8535638, 22.71489339999999]]}}, {"type": "Feature", "properties": {"segment_id": "osm-2027156485-3734494544-0", "length_m": 33.73802690975518, "canonical_time": "15:00", "exposure_value": 1.0, "temperature_proxy_c": 42.0, "normalized_temperature_factor": 1.0, "source_type": "derived", "source_reference": "Cached geometric shade snapshot and configured prototype temperature curve", "observed_or_estimated": "ESTIMATED", "modelled_or_interpolated": "MODELLED", "timestamp": "2026-05-15T15:00:00+05:30", "assumptions_version": "2026-10-09-prompt-5a-interventions", "computation_mode": "geometric", "shade_fraction": 0.0, "direct_exposure_fraction": 1.0}, "geometry": {"type": "LineString", "coordinates": [[75.8510136, 22.715721500000004], [75.8506922, 22.7156585]]}}, {"type": "Feature", "properties": {"segment_id": "osm-2027156485-2027156492-0", "length_m": 33.91490233165348, "canonical_time": "15:00", "exposure_value": 1.0, "temperature_proxy_c": 42.0, "normalized_temperature_factor": 1.0, "source_type": "derived", "source_reference": "Cached geometric shade snapshot and configured prototype temperature curve", "observed_or_estimated": "ESTIMATED", "modelled_or_interpolated": "MODELLED", "timestamp": "2026-05-15T15:00:00+05:30", "assumptions_version": "2026-10-09-prompt-5a-interventions", "computation_mode": "geometric", "shade_fraction": 0.0, "direct_exposure_fraction": 1.0}, "geometry": {"type": "LineString", "coordinates": [[75.8510136, 22.715721500000004], [75.8513407, 22.715763499999994]]}}, {"type": "Feature", "properties": {"segment_id": "osm-2027156485-2027156393-0", "length_m": 84.47943915569132, "canonical_time": "15:00", "exposure_value": 0.8768706274613179, "temperature_proxy_c": 42.0, "normalized_temperature_factor": 1.0, "source_type": "derived", "source_reference": "Cached geometric shade snapshot and configured prototype temperature curve", "observed_or_estimated": "ESTIMATED", "modelled_or_interpolated": "MODELLED", "timestamp": "2026-05-15T15:00:00+05:30", "assumptions_version": "2026-10-09-prompt-5a-interventions", "computation_mode": "geometric", "shade_fraction": 0.12312937253868209, "direct_exposure_fraction": 0.8768706274613179}, "geometry": {"type": "LineString", "coordinates": [[75.8510136, 22.715721500000004], [75.8510339, 22.715593099999996], [75.8510205, 22.714959899999993]]}}, {"type": "Feature", "properties": {"segment_id": "osm-2027156485-3734494584-0", "length_m": 70.16101436577843, "canonical_time": "15:00", "exposure_value": 1.0, "temperature_proxy_c": 42.0, "normalized_temperature_factor": 1.0, "source_type": "derived", "source_reference": "Cached geometric shade snapshot and configured prototype temperature curve", "observed_or_estimated": "ESTIMATED", "modelled_or_interpolated": "MODELLED", "timestamp": "2026-05-15T15:00:00+05:30", "assumptions_version": "2026-10-09-prompt-5a-interventions", "computation_mode": "geometric", "shade_fraction": 0.0, "direct_exposure_fraction": 1.0}, "geometry": {"type": "LineString", "coordinates": [[75.8510136, 22.715721500000004], [75.851015, 22.715767], [75.8510224, 22.7163552]]}}, {"type": "Feature", "properties": {"segment_id": "osm-2027156492-2027156485-0", "length_m": 33.91490233165348, "canonical_time": "15:00", "exposure_value": 1.0, "temperature_proxy_c": 42.0, "normalized_temperature_factor": 1.0, "source_type": "derived", "source_reference": "Cached geometric shade snapshot and configured prototype temperature curve", "observed_or_estimated": "ESTIMATED", "modelled_or_interpolated": "MODELLED", "timestamp": "2026-05-15T15:00:00+05:30", "assumptions_version": "2026-10-09-prompt-5a-interventions", "computation_mode": "geometric", "shade_fraction": 0.0, "direct_exposure_fraction": 1.0}, "geometry": {"type": "LineString", "coordinates": [[75.8513407, 22.715763499999994], [75.8510136, 22.715721500000004]]}}, {"type": "Feature", "properties": {"segment_id": "osm-2027156492-6611315824-0", "length_m": 32.31281171279715, "canonical_time": "15:00", "exposure_value": 1.0, "temperature_proxy_c": 42.0, "normalized_temperature_factor": 1.0, "source_type": "derived", "source_reference": "Cached geometric shade snapshot and configured prototype temperature curve", "observed_or_estimated": "ESTIMATED", "modelled_or_interpolated": "MODELLED", "timestamp": "2026-05-15T15:00:00+05:30", "assumptions_version": "2026-10-09-prompt-5a-interventions", "computation_mode": "geometric", "shade_fraction": 0.0, "direct_exposure_fraction": 1.0}, "geometry": {"type": "LineString", "coordinates": [[75.8513407, 22.715763499999994], [75.8516486, 22.715823499999996]]}}, {"type": "Feature", "properties": {"segment_id": "osm-2027156492-8474397649-0", "length_m": 56.83075169479074, "canonical_time": "15:00", "exposure_value": 1.0, "temperature_proxy_c": 42.0, "normalized_temperature_factor": 1.0, "source_type": "derived", "source_reference": "Cached geometric shade snapshot and configured prototype temperature curve", "observed_or_estimated": "ESTIMATED", "modelled_or_interpolated": "MODELLED", "timestamp": "2026-05-15T15:00:00+05:30", "assumptions_version": "2026-10-09-prompt-5a-interventions", "computation_mode": "geometric", "shade_fraction": 0.0, "direct_exposure_fraction": 1.0}, "geometry": {"type": "LineString", "coordinates": [[75.8513407, 22.715763499999994], [75.8513508, 22.71533749999999], [75.8513538, 22.715250299999997]]}}, {"type": "Feature", "properties": {"segment_id": "osm-2027156492-3734494570-0", "length_m": 53.47111805787932, "canonical_time": "15:00", "exposure_value": 1.0, "temperature_proxy_c": 42.0, "normalized_temperature_factor": 1.0, "source_type": "derived", "source_reference": "Cached geometric shade snapshot and configured prototype temperature curve", "observed_or_estimated": "ESTIMATED", "modelled_or_interpolated": "MODELLED", "timestamp": "2026-05-15T15:00:00+05:30", "assumptions_version": "2026-10-09-prompt-5a-interventions", "computation_mode": "geometric", "shade_fraction": 0.0, "direct_exposure_fraction": 1.0}, "geometry": {"type": "LineString", "coordinates": [[75.8513407, 22.715763499999994], [75.8513417, 22.715809599999996], [75.8513513, 22.716246399999992]]}}, {"type": "Feature", "properties": {"segment_id": "osm-2027156502-2027156476-0", "length_m": 48.7655945189263, "canonical_time": "15:00", "exposure_value": 0.46131313213534186, "temperature_proxy_c": 42.0, "normalized_temperature_factor": 1.0, "source_type": "derived", "source_reference": "Cached geometric shade snapshot and configured prototype temperature curve", "observed_or_estimated": "ESTIMATED", "modelled_or_interpolated": "MODELLED", "timestamp": "2026-05-15T15:00:00+05:30", "assumptions_version": "2026-10-09-prompt-5a-interventions", "computation_mode": "geometric", "shade_fraction": 0.5386868678646581, "direct_exposure_fraction": 0.46131313213534186}, "geometry": {"type": "LineString", "coordinates": [[75.8539987, 22.7159384], [75.8538873, 22.7155102]]}}, {"type": "Feature", "properties": {"segment_id": "osm-2027156502-2027156525-0", "length_m": 29.904890536181593, "canonical_time": "15:00", "exposure_value": 0.30122919007050464, "temperature_proxy_c": 42.0, "normalized_temperature_factor": 1.0, "source_type": "derived", "source_reference": "Cached geometric shade snapshot and configured prototype temperature curve", "observed_or_estimated": "ESTIMATED", "modelled_or_interpolated": "MODELLED", "timestamp": "2026-05-15T15:00:00+05:30", "assumptions_version": "2026-10-09-prompt-5a-interventions", "computation_mode": "geometric", "shade_fraction": 0.6987708099294954, "direct_exposure_fraction": 0.30122919007050464}, "geometry": {"type": "LineString", "coordinates": [[75.8539987, 22.7159384], [75.8540169, 22.716208]]}}, {"type": "Feature", "properties": {"segment_id": "osm-2027156502-3734494568-0", "length_m": 48.73706806371819, "canonical_time": "15:00", "exposure_value": 0.6293251121096116, "temperature_proxy_c": 42.0, "normalized_temperature_factor": 1.0, "source_type": "derived", "source_reference": "Cached geometric shade snapshot and configured prototype temperature curve", "observed_or_estimated": "ESTIMATED", "modelled_or_interpolated": "MODELLED", "timestamp": "2026-05-15T15:00:00+05:30", "assumptions_version": "2026-10-09-prompt-5a-interventions", "computation_mode": "geometric", "shade_fraction": 0.3706748878903884, "direct_exposure_fraction": 0.6293251121096116}, "geometry": {"type": "LineString", "coordinates": [[75.8539987, 22.7159384], [75.8537204, 22.715971299999993], [75.8537394, 22.716150399999997]]}}, {"type": "Feature", "properties": {"segment_id": "osm-2027156504-6611315824-0", "length_m": 29.33818567382451, "canonical_time": "15:00", "exposure_value": 1.0, "temperature_proxy_c": 42.0, "normalized_temperature_factor": 1.0, "source_type": "derived", "source_reference": "Cached geometric shade snapshot and configured prototype temperature curve", "observed_or_estimated": "ESTIMATED", "modelled_or_interpolated": "MODELLED", "timestamp": "2026-05-15T15:00:00+05:30", "assumptions_version": "2026-10-09-prompt-5a-interventions", "computation_mode": "geometric", "shade_fraction": 0.0, "direct_exposure_fraction": 1.0}, "geometry": {"type": "LineString", "coordinates": [[75.8519308, 22.715864599999996], [75.8516486, 22.715823499999996]]}}, {"type": "Feature", "properties": {"segment_id": "osm-2027156504-6611315823-0", "length_m": 22.497036312471653, "canonical_time": "15:00", "exposure_value": 1.0, "temperature_proxy_c": 42.0, "normalized_temperature_factor": 1.0, "source_type": "derived", "source_reference": "Cached geometric shade snapshot and configured prototype temperature curve", "observed_or_estimated": "ESTIMATED", "modelled_or_interpolated": "MODELLED", "timestamp": "2026-05-15T15:00:00+05:30", "assumptions_version": "2026-10-09-prompt-5a-interventions", "computation_mode": "geometric", "shade_fraction": 0.0, "direct_exposure_fraction": 1.0}, "geometry": {"type": "LineString", "coordinates": [[75.8519308, 22.715864599999996], [75.85214590000001, 22.715903]]}}, {"type": "Feature", "properties": {"segment_id": "osm-2027156504-3734494541-0", "length_m": 29.364116736841403, "canonical_time": "15:00", "exposure_value": 0.36524643189946626, "temperature_proxy_c": 42.0, "normalized_temperature_factor": 1.0, "source_type": "derived", "source_reference": "Cached geometric shade snapshot and configured prototype temperature curve", "observed_or_estimated": "ESTIMATED", "modelled_or_interpolated": "MODELLED", "timestamp": "2026-05-15T15:00:00+05:30", "assumptions_version": "2026-10-09-prompt-5a-interventions", "computation_mode": "geometric", "shade_fraction": 0.6347535681005337, "direct_exposure_fraction": 0.36524643189946626}, "geometry": {"type": "LineString", "coordinates": [[75.8519308, 22.715864599999996], [75.8519616, 22.71560089999999]]}}, {"type": "Feature", "properties": {"segment_id": "osm-2027156516-3734494551-0", "length_m": 51.32172205590466, "canonical_time": "15:00", "exposure_value": 1.0, "temperature_proxy_c": 42.0, "normalized_temperature_factor": 1.0, "source_type": "derived", "source_reference": "Cached geometric shade snapshot and configured prototype temperature curve", "observed_or_estimated": "ESTIMATED", "modelled_or_interpolated": "MODELLED", "timestamp": "2026-05-15T15:00:00+05:30", "assumptions_version": "2026-10-09-prompt-5a-interventions", "computation_mode": "geometric", "shade_fraction": 0.0, "direct_exposure_fraction": 1.0}, "geometry": {"type": "LineString", "coordinates": [[75.853004, 22.7160386], [75.8525106, 22.7159652]]}}, {"type": "Feature", "properties": {"segment_id": "osm-2027156516-2027156518-0", "length_m": 44.01882229847833, "canonical_time": "15:00", "exposure_value": 1.0, "temperature_proxy_c": 42.0, "normalized_temperature_factor": 1.0, "source_type": "derived", "source_reference": "Cached geometric shade snapshot and configured prototype temperature curve", "observed_or_estimated": "ESTIMATED", "modelled_or_interpolated": "MODELLED", "timestamp": "2026-05-15T15:00:00+05:30", "assumptions_version": "2026-10-09-prompt-5a-interventions", "computation_mode": "geometric", "shade_fraction": 0.0, "direct_exposure_fraction": 1.0}, "geometry": {"type": "LineString", "coordinates": [[75.853004, 22.7160386], [75.8534287, 22.716092099999997]]}}, {"type": "Feature", "properties": {"segment_id": "osm-2027156516-3734494548-0", "length_m": 28.519413350486687, "canonical_time": "15:00", "exposure_value": 0.4045017547827192, "temperature_proxy_c": 42.0, "normalized_temperature_factor": 1.0, "source_type": "derived", "source_reference": "Cached geometric shade snapshot and configured prototype temperature curve", "observed_or_estimated": "ESTIMATED", "modelled_or_interpolated": "MODELLED", "timestamp": "2026-05-15T15:00:00+05:30", "assumptions_version": "2026-10-09-prompt-5a-interventions", "computation_mode": "geometric", "shade_fraction": 0.5954982452172808, "direct_exposure_fraction": 0.4045017547827192}, "geometry": {"type": "LineString", "coordinates": [[75.853004, 22.7160386], [75.8530103, 22.715893199999996], [75.8529876, 22.715783099999992]]}}, {"type": "Feature", "properties": {"segment_id": "osm-2027156516-3734494575-0", "length_m": 32.45960624390125, "canonical_time": "15:00", "exposure_value": 0.4251046178246972, "temperature_proxy_c": 42.0, "normalized_temperature_factor": 1.0, "source_type": "derived", "source_reference": "Cached geometric shade snapshot and configured prototype temperature curve", "observed_or_estimated": "ESTIMATED", "modelled_or_interpolated": "MODELLED", "timestamp": "2026-05-15T15:00:00+05:30", "assumptions_version": "2026-10-09-prompt-5a-interventions", "computation_mode": "geometric", "shade_fraction": 0.5748953821753028, "direct_exposure_fraction": 0.4251046178246972}, "geometry": {"type": "LineString", "coordinates": [[75.853004, 22.7160386], [75.8530042, 22.71607890000001], [75.8530058, 22.7163318]]}}, {"type": "Feature", "properties": {"segment_id": "osm-2027156518-2027156516-0", "length_m": 44.01882229847833, "canonical_time": "15:00", "exposure_value": 1.0, "temperature_proxy_c": 42.0, "normalized_temperature_factor": 1.0, "source_type": "derived", "source_reference": "Cached geometric shade snapshot and configured prototype temperature curve", "observed_or_estimated": "ESTIMATED", "modelled_or_interpolated": "MODELLED", "timestamp": "2026-05-15T15:00:00+05:30", "assumptions_version": "2026-10-09-prompt-5a-interventions", "computation_mode": "geometric", "shade_fraction": 0.0, "direct_exposure_fraction": 1.0}, "geometry": {"type": "LineString", "coordinates": [[75.8534287, 22.716092099999997], [75.853004, 22.7160386]]}}, {"type": "Feature", "properties": {"segment_id": "osm-2027156518-3732489062-0", "length_m": 3.8693949077821013, "canonical_time": "15:00", "exposure_value": 1.0, "temperature_proxy_c": 42.0, "normalized_temperature_factor": 1.0, "source_type": "derived", "source_reference": "Cached geometric shade snapshot and configured prototype temperature curve", "observed_or_estimated": "ESTIMATED", "modelled_or_interpolated": "MODELLED", "timestamp": "2026-05-15T15:00:00+05:30", "assumptions_version": "2026-10-09-prompt-5a-interventions", "computation_mode": "geometric", "shade_fraction": 0.0, "direct_exposure_fraction": 1.0}, "geometry": {"type": "LineString", "coordinates": [[75.8534287, 22.716092099999997], [75.8534638, 22.716104799999993]]}}, {"type": "Feature", "properties": {"segment_id": "osm-2027156518-2027156401-0", "length_m": 120.98692302256744, "canonical_time": "15:00", "exposure_value": 0.916669503105301, "temperature_proxy_c": 42.0, "normalized_temperature_factor": 1.0, "source_type": "derived", "source_reference": "Cached geometric shade snapshot and configured prototype temperature curve", "observed_or_estimated": "ESTIMATED", "modelled_or_interpolated": "MODELLED", "timestamp": "2026-05-15T15:00:00+05:30", "assumptions_version": "2026-10-09-prompt-5a-interventions", "computation_mode": "geometric", "shade_fraction": 0.08333049689469894, "direct_exposure_fraction": 0.916669503105301}, "geometry": {"type": "LineString", "coordinates": [[75.8534287, 22.716092099999997], [75.8532904, 22.7155639], [75.8531281, 22.7151083], [75.8531104, 22.715040799999997]]}}, {"type": "Feature", "properties": {"segment_id": "osm-2027156525-3734494568-0", "length_m": 29.20508942843178, "canonical_time": "15:00", "exposure_value": 1.0, "temperature_proxy_c": 42.0, "normalized_temperature_factor": 1.0, "source_type": "derived", "source_reference": "Cached geometric shade snapshot and configured prototype temperature curve", "observed_or_estimated": "ESTIMATED", "modelled_or_interpolated": "MODELLED", "timestamp": "2026-05-15T15:00:00+05:30", "assumptions_version": "2026-10-09-prompt-5a-interventions", "computation_mode": "geometric", "shade_fraction": 0.0, "direct_exposure_fraction": 1.0}, "geometry": {"type": "LineString", "coordinates": [[75.8540169, 22.716208], [75.8537394, 22.716150399999997]]}}, {"type": "Feature", "properties": {"segment_id": "osm-2027156525-2027156534-0", "length_m": 62.87159651595261, "canonical_time": "15:00", "exposure_value": 1.0, "temperature_proxy_c": 42.0, "normalized_temperature_factor": 1.0, "source_type": "derived", "source_reference": "Cached geometric shade snapshot and configured prototype temperature curve", "observed_or_estimated": "ESTIMATED", "modelled_or_interpolated": "MODELLED", "timestamp": "2026-05-15T15:00:00+05:30", "assumptions_version": "2026-10-09-prompt-5a-interventions", "computation_mode": "geometric", "shade_fraction": 0.0, "direct_exposure_fraction": 1.0}, "geometry": {"type": "LineString", "coordinates": [[75.8540169, 22.716208], [75.8546216, 22.716296399999994]]}}, {"type": "Feature", "properties": {"segment_id": "osm-2027156525-2027156502-0", "length_m": 29.904890536181593, "canonical_time": "15:00", "exposure_value": 0.30122919007050464, "temperature_proxy_c": 42.0, "normalized_temperature_factor": 1.0, "source_type": "derived", "source_reference": "Cached geometric shade snapshot and configured prototype temperature curve", "observed_or_estimated": "ESTIMATED", "modelled_or_interpolated": "MODELLED", "timestamp": "2026-05-15T15:00:00+05:30", "assumptions_version": "2026-10-09-prompt-5a-interventions", "computation_mode": "geometric", "shade_fraction": 0.6987708099294954, "direct_exposure_fraction": 0.30122919007050464}, "geometry": {"type": "LineString", "coordinates": [[75.8540169, 22.716208], [75.8539987, 22.7159384]]}}, {"type": "Feature", "properties": {"segment_id": "osm-2027156525-3734494616-0", "length_m": 75.90624523219834, "canonical_time": "15:00", "exposure_value": 0.38460512426356885, "temperature_proxy_c": 42.0, "normalized_temperature_factor": 1.0, "source_type": "derived", "source_reference": "Cached geometric shade snapshot and configured prototype temperature curve", "observed_or_estimated": "ESTIMATED", "modelled_or_interpolated": "MODELLED", "timestamp": "2026-05-15T15:00:00+05:30", "assumptions_version": "2026-10-09-prompt-5a-interventions", "computation_mode": "geometric", "shade_fraction": 0.6153948757364311, "direct_exposure_fraction": 0.38460512426356885}, "geometry": {"type": "LineString", "coordinates": [[75.8540169, 22.716208], [75.854023, 22.71625439999999], [75.8540263, 22.716278899999992], [75.8540289, 22.716362500000002], [75.8540337, 22.7165889], [75.854032, 22.716664499999993], [75.8540193, 22.71674209999999], [75.85402460000002, 22.7168368], [75.8540151, 22.7168913]]}}, {"type": "Feature", "properties": {"segment_id": "osm-2027156534-2027156525-0", "length_m": 62.87159651595261, "canonical_time": "15:00", "exposure_value": 1.0, "temperature_proxy_c": 42.0, "normalized_temperature_factor": 1.0, "source_type": "derived", "source_reference": "Cached geometric shade snapshot and configured prototype temperature curve", "observed_or_estimated": "ESTIMATED", "modelled_or_interpolated": "MODELLED", "timestamp": "2026-05-15T15:00:00+05:30", "assumptions_version": "2026-10-09-prompt-5a-interventions", "computation_mode": "geometric", "shade_fraction": 0.0, "direct_exposure_fraction": 1.0}, "geometry": {"type": "LineString", "coordinates": [[75.8546216, 22.716296399999994], [75.8540169, 22.716208]]}}, {"type": "Feature", "properties": {"segment_id": "osm-2027156534-2025019937-0", "length_m": 42.07312905040892, "canonical_time": "15:00", "exposure_value": 1.0, "temperature_proxy_c": 42.0, "normalized_temperature_factor": 1.0, "source_type": "derived", "source_reference": "Cached geometric shade snapshot and configured prototype temperature curve", "observed_or_estimated": "ESTIMATED", "modelled_or_interpolated": "MODELLED", "timestamp": "2026-05-15T15:00:00+05:30", "assumptions_version": "2026-10-09-prompt-5a-interventions", "computation_mode": "geometric", "shade_fraction": 0.0, "direct_exposure_fraction": 1.0}, "geometry": {"type": "LineString", "coordinates": [[75.8546216, 22.716296399999994], [75.85502400000001, 22.716367600000005]]}}, {"type": "Feature", "properties": {"segment_id": "osm-2027156534-2027156438-0", "length_m": 101.0651239567334, "canonical_time": "15:00", "exposure_value": 0.689761299360203, "temperature_proxy_c": 42.0, "normalized_temperature_factor": 1.0, "source_type": "derived", "source_reference": "Cached geometric shade snapshot and configured prototype temperature curve", "observed_or_estimated": "ESTIMATED", "modelled_or_interpolated": "MODELLED", "timestamp": "2026-05-15T15:00:00+05:30", "assumptions_version": "2026-10-09-prompt-5a-interventions", "computation_mode": "geometric", "shade_fraction": 0.31023870063979697, "direct_exposure_fraction": 0.689761299360203}, "geometry": {"type": "LineString", "coordinates": [[75.8546216, 22.716296399999994], [75.8546021, 22.7161592], [75.8546508, 22.7157103], [75.8546815, 22.7153882]]}}, {"type": "Feature", "properties": {"segment_id": "osm-2027156534-3734494606-0", "length_m": 53.83341086813313, "canonical_time": "15:00", "exposure_value": 0.5084557714528292, "temperature_proxy_c": 42.0, "normalized_temperature_factor": 1.0, "source_type": "derived", "source_reference": "Cached geometric shade snapshot and configured prototype temperature curve", "observed_or_estimated": "ESTIMATED", "modelled_or_interpolated": "MODELLED", "timestamp": "2026-05-15T15:00:00+05:30", "assumptions_version": "2026-10-09-prompt-5a-interventions", "computation_mode": "geometric", "shade_fraction": 0.49154422854717084, "direct_exposure_fraction": 0.5084557714528292}, "geometry": {"type": "LineString", "coordinates": [[75.8546216, 22.716296399999994], [75.8546257, 22.716342799999993], [75.8546448, 22.7165615], [75.8546448, 22.716781800000003]]}}, {"type": "Feature", "properties": {"segment_id": "osm-3665539295-3734463403-0", "length_m": 31.200780996414807, "canonical_time": "15:00", "exposure_value": 0.9778686312127349, "temperature_proxy_c": 42.0, "normalized_temperature_factor": 1.0, "source_type": "derived", "source_reference": "Cached geometric shade snapshot and configured prototype temperature curve", "observed_or_estimated": "ESTIMATED", "modelled_or_interpolated": "MODELLED", "timestamp": "2026-05-15T15:00:00+05:30", "assumptions_version": "2026-10-09-prompt-5a-interventions", "computation_mode": "geometric", "shade_fraction": 0.022131368787265022, "direct_exposure_fraction": 0.9778686312127349}, "geometry": {"type": "LineString", "coordinates": [[75.8527592, 22.720678799999995], [75.85272460000002, 22.72095879999999]]}}, {"type": "Feature", "properties": {"segment_id": "osm-3665539298-3665539301-0", "length_m": 53.69996431553485, "canonical_time": "15:00", "exposure_value": 1.0, "temperature_proxy_c": 42.0, "normalized_temperature_factor": 1.0, "source_type": "derived", "source_reference": "Cached geometric shade snapshot and configured prototype temperature curve", "observed_or_estimated": "ESTIMATED", "modelled_or_interpolated": "MODELLED", "timestamp": "2026-05-15T15:00:00+05:30", "assumptions_version": "2026-10-09-prompt-5a-interventions", "computation_mode": "geometric", "shade_fraction": 0.0, "direct_exposure_fraction": 1.0}, "geometry": {"type": "LineString", "coordinates": [[75.85188350000001, 22.7207594], [75.8517293, 22.7207548], [75.8515585, 22.7207671], [75.8514478, 22.7207779], [75.85136190000001, 22.72077459999999]]}}, {"type": "Feature", "properties": {"segment_id": "osm-3665539298-3734463407-0", "length_m": 28.138532703459873, "canonical_time": "15:00", "exposure_value": 0.23418592475799693, "temperature_proxy_c": 42.0, "normalized_temperature_factor": 1.0, "source_type": "derived", "source_reference": "Cached geometric shade snapshot and configured prototype temperature curve", "observed_or_estimated": "ESTIMATED", "modelled_or_interpolated": "MODELLED", "timestamp": "2026-05-15T15:00:00+05:30", "assumptions_version": "2026-10-09-prompt-5a-interventions", "computation_mode": "geometric", "shade_fraction": 0.7658140752420031, "direct_exposure_fraction": 0.23418592475799693}, "geometry": {"type": "LineString", "coordinates": [[75.85188350000001, 22.7207594], [75.8518451, 22.7209668], [75.8518354, 22.721009599999995]]}}, {"type": "Feature", "properties": {"segment_id": "osm-3665539298-3734496866-0", "length_m": 65.39188445812279, "canonical_time": "15:00", "exposure_value": 0.7244794407425557, "temperature_proxy_c": 42.0, "normalized_temperature_factor": 1.0, "source_type": "derived", "source_reference": "Cached geometric shade snapshot and configured prototype temperature curve", "observed_or_estimated": "ESTIMATED", "modelled_or_interpolated": "MODELLED", "timestamp": "2026-05-15T15:00:00+05:30", "assumptions_version": "2026-10-09-prompt-5a-interventions", "computation_mode": "geometric", "shade_fraction": 0.27552055925744434, "direct_exposure_fraction": 0.7244794407425557}, "geometry": {"type": "LineString", "coordinates": [[75.85188350000001, 22.7207594], [75.8519859, 22.72029869999999], [75.8520047, 22.72021819999999], [75.8520297, 22.7201882]]}}, {"type": "Feature", "properties": {"segment_id": "osm-3665539301-3665539298-0", "length_m": 53.69996431553485, "canonical_time": "15:00", "exposure_value": 1.0, "temperature_proxy_c": 42.0, "normalized_temperature_factor": 1.0, "source_type": "derived", "source_reference": "Cached geometric shade snapshot and configured prototype temperature curve", "observed_or_estimated": "ESTIMATED", "modelled_or_interpolated": "MODELLED", "timestamp": "2026-05-15T15:00:00+05:30", "assumptions_version": "2026-10-09-prompt-5a-interventions", "computation_mode": "geometric", "shade_fraction": 0.0, "direct_exposure_fraction": 1.0}, "geometry": {"type": "LineString", "coordinates": [[75.85136190000001, 22.72077459999999], [75.8514478, 22.7207779], [75.8515585, 22.7207671], [75.8517293, 22.7207548], [75.85188350000001, 22.7207594]]}}, {"type": "Feature", "properties": {"segment_id": "osm-3665539301-3734463399-0", "length_m": 26.866229984453852, "canonical_time": "15:00", "exposure_value": 1.0, "temperature_proxy_c": 42.0, "normalized_temperature_factor": 1.0, "source_type": "derived", "source_reference": "Cached geometric shade snapshot and configured prototype temperature curve", "observed_or_estimated": "ESTIMATED", "modelled_or_interpolated": "MODELLED", "timestamp": "2026-05-15T15:00:00+05:30", "assumptions_version": "2026-10-09-prompt-5a-interventions", "computation_mode": "geometric", "shade_fraction": 0.0, "direct_exposure_fraction": 1.0}, "geometry": {"type": "LineString", "coordinates": [[75.85136190000001, 22.72077459999999], [75.8512252, 22.7207894], [75.8511041, 22.720814]]}}, {"type": "Feature", "properties": {"segment_id": "osm-3665539301-3734466230-0", "length_m": 103.00488476943129, "canonical_time": "15:00", "exposure_value": 0.3662133085662147, "temperature_proxy_c": 42.0, "normalized_temperature_factor": 1.0, "source_type": "derived", "source_reference": "Cached geometric shade snapshot and configured prototype temperature curve", "observed_or_estimated": "ESTIMATED", "modelled_or_interpolated": "MODELLED", "timestamp": "2026-05-15T15:00:00+05:30", "assumptions_version": "2026-10-09-prompt-5a-interventions", "computation_mode": "geometric", "shade_fraction": 0.6337866914337853, "direct_exposure_fraction": 0.3662133085662147}, "geometry": {"type": "LineString", "coordinates": [[75.85136190000001, 22.72077459999999], [75.851377, 22.72091839999999], [75.8514084, 22.7210733], [75.8514521, 22.7213811], [75.85145, 22.721402699999995], [75.8514393, 22.721425], [75.8514256, 22.7214408], [75.8513853, 22.7214844], [75.8513749, 22.72150169999999], [75.8513709, 22.7215209], [75.8513726, 22.721675600000008]]}}, {"type": "Feature", "properties": {"segment_id": "osm-3665539304-3734463399-0", "length_m": 28.063740419087274, "canonical_time": "15:00", "exposure_value": 1.0, "temperature_proxy_c": 42.0, "normalized_temperature_factor": 1.0, "source_type": "derived", "source_reference": "Cached geometric shade snapshot and configured prototype temperature curve", "observed_or_estimated": "ESTIMATED", "modelled_or_interpolated": "MODELLED", "timestamp": "2026-05-15T15:00:00+05:30", "assumptions_version": "2026-10-09-prompt-5a-interventions", "computation_mode": "geometric", "shade_fraction": 0.0, "direct_exposure_fraction": 1.0}, "geometry": {"type": "LineString", "coordinates": [[75.8508353, 22.720859600000008], [75.8511041, 22.720814]]}}, {"type": "Feature", "properties": {"segment_id": "osm-3665539304-3665594030-0", "length_m": 98.11615569416301, "canonical_time": "15:00", "exposure_value": 0.39228198693853544, "temperature_proxy_c": 42.0, "normalized_temperature_factor": 1.0, "source_type": "derived", "source_reference": "Cached geometric shade snapshot and configured prototype temperature curve", "observed_or_estimated": "ESTIMATED", "modelled_or_interpolated": "MODELLED", "timestamp": "2026-05-15T15:00:00+05:30", "assumptions_version": "2026-10-09-prompt-5a-interventions", "computation_mode": "geometric", "shade_fraction": 0.6077180130614646, "direct_exposure_fraction": 0.39228198693853544}, "geometry": {"type": "LineString", "coordinates": [[75.8508353, 22.720859600000008], [75.8508499, 22.7209617], [75.850906, 22.721673], [75.8509345, 22.7217379]]}}, {"type": "Feature", "properties": {"segment_id": "osm-3665539304-3734496844-0", "length_m": 118.97993882491298, "canonical_time": "15:00", "exposure_value": 0.6963919875723226, "temperature_proxy_c": 42.0, "normalized_temperature_factor": 1.0, "source_type": "derived", "source_reference": "Cached geometric shade snapshot and configured prototype temperature curve", "observed_or_estimated": "ESTIMATED", "modelled_or_interpolated": "MODELLED", "timestamp": "2026-05-15T15:00:00+05:30", "assumptions_version": "2026-10-09-prompt-5a-interventions", "computation_mode": "geometric", "shade_fraction": 0.3036080124276775, "direct_exposure_fraction": 0.6963919875723226}, "geometry": {"type": "LineString", "coordinates": [[75.8508353, 22.720859600000008], [75.8507865, 22.7207027], [75.8507664, 22.720504699999992], [75.850765, 22.720306599999986], [75.8507852, 22.7200838], [75.8508429, 22.719797899999996]]}}, {"type": "Feature", "properties": {"segment_id": "osm-3665539311-3734463409-0", "length_m": 27.892322389175085, "canonical_time": "15:00", "exposure_value": 1.0, "temperature_proxy_c": 42.0, "normalized_temperature_factor": 1.0, "source_type": "derived", "source_reference": "Cached geometric shade snapshot and configured prototype temperature curve", "observed_or_estimated": "ESTIMATED", "modelled_or_interpolated": "MODELLED", "timestamp": "2026-05-15T15:00:00+05:30", "assumptions_version": "2026-10-09-prompt-5a-interventions", "computation_mode": "geometric", "shade_fraction": 0.0, "direct_exposure_fraction": 1.0}, "geometry": {"type": "LineString", "coordinates": [[75.8542473, 22.7210534], [75.8542775, 22.72104540000001], [75.8545176, 22.721039599999994]]}}, {"type": "Feature", "properties": {"segment_id": "osm-3665539311-3665539318-0", "length_m": 105.34407272231267, "canonical_time": "15:00", "exposure_value": 1.0, "temperature_proxy_c": 42.0, "normalized_temperature_factor": 1.0, "source_type": "derived", "source_reference": "Cached geometric shade snapshot and configured prototype temperature curve", "observed_or_estimated": "ESTIMATED", "modelled_or_interpolated": "MODELLED", "timestamp": "2026-05-15T15:00:00+05:30", "assumptions_version": "2026-10-09-prompt-5a-interventions", "computation_mode": "geometric", "shade_fraction": 0.0, "direct_exposure_fraction": 1.0}, "geometry": {"type": "LineString", "coordinates": [[75.8542473, 22.7210534], [75.8540961, 22.721093200000002], [75.8537916, 22.721151], [75.8535281, 22.721222700000002], [75.8532556, 22.72129409999999]]}}, {"type": "Feature", "properties": {"segment_id": "osm-3665539311-3734463378-0", "length_m": 119.13099281839894, "canonical_time": "15:00", "exposure_value": 0.6700278792705627, "temperature_proxy_c": 42.0, "normalized_temperature_factor": 1.0, "source_type": "derived", "source_reference": "Cached geometric shade snapshot and configured prototype temperature curve", "observed_or_estimated": "ESTIMATED", "modelled_or_interpolated": "MODELLED", "timestamp": "2026-05-15T15:00:00+05:30", "assumptions_version": "2026-10-09-prompt-5a-interventions", "computation_mode": "geometric", "shade_fraction": 0.3299721207294372, "direct_exposure_fraction": 0.6700278792705627}, "geometry": {"type": "LineString", "coordinates": [[75.8542473, 22.7210534], [75.8542192, 22.72045569999999], [75.8541567, 22.719981399999988]]}}, {"type": "Feature", "properties": {"segment_id": "osm-3665539318-3665539311-0", "length_m": 105.34407272231267, "canonical_time": "15:00", "exposure_value": 1.0, "temperature_proxy_c": 42.0, "normalized_temperature_factor": 1.0, "source_type": "derived", "source_reference": "Cached geometric shade snapshot and configured prototype temperature curve", "observed_or_estimated": "ESTIMATED", "modelled_or_interpolated": "MODELLED", "timestamp": "2026-05-15T15:00:00+05:30", "assumptions_version": "2026-10-09-prompt-5a-interventions", "computation_mode": "geometric", "shade_fraction": 0.0, "direct_exposure_fraction": 1.0}, "geometry": {"type": "LineString", "coordinates": [[75.8532556, 22.72129409999999], [75.8535281, 22.721222700000002], [75.8537916, 22.721151], [75.8540961, 22.721093200000002], [75.8542473, 22.7210534]]}}, {"type": "Feature", "properties": {"segment_id": "osm-3665539318-3665539322-0", "length_m": 63.30729014087791, "canonical_time": "15:00", "exposure_value": 1.0, "temperature_proxy_c": 42.0, "normalized_temperature_factor": 1.0, "source_type": "derived", "source_reference": "Cached geometric shade snapshot and configured prototype temperature curve", "observed_or_estimated": "ESTIMATED", "modelled_or_interpolated": "MODELLED", "timestamp": "2026-05-15T15:00:00+05:30", "assumptions_version": "2026-10-09-prompt-5a-interventions", "computation_mode": "geometric", "shade_fraction": 0.0, "direct_exposure_fraction": 1.0}, "geometry": {"type": "LineString", "coordinates": [[75.8532556, 22.72129409999999], [75.8528866, 22.721396000000002], [75.8526636, 22.7214534]]}}, {"type": "Feature", "properties": {"segment_id": "osm-3665539318-8477883142-0", "length_m": 68.86210371354068, "canonical_time": "15:00", "exposure_value": 0.33676870586676433, "temperature_proxy_c": 42.0, "normalized_temperature_factor": 1.0, "source_type": "derived", "source_reference": "Cached geometric shade snapshot and configured prototype temperature curve", "observed_or_estimated": "ESTIMATED", "modelled_or_interpolated": "MODELLED", "timestamp": "2026-05-15T15:00:00+05:30", "assumptions_version": "2026-10-09-prompt-5a-interventions", "computation_mode": "geometric", "shade_fraction": 0.6632312941332357, "direct_exposure_fraction": 0.33676870586676433}, "geometry": {"type": "LineString", "coordinates": [[75.8532556, 22.72129409999999], [75.8532753, 22.721396699999993], [75.8532896, 22.7214702], [75.8532975, 22.721529799999992], [75.85331250000002, 22.7216344], [75.8533224, 22.7219118]]}}, {"type": "Feature", "properties": {"segment_id": "osm-3665539322-3734463403-0", "length_m": 55.11256713808747, "canonical_time": "15:00", "exposure_value": 1.0, "temperature_proxy_c": 42.0, "normalized_temperature_factor": 1.0, "source_type": "derived", "source_reference": "Cached geometric shade snapshot and configured prototype temperature curve", "observed_or_estimated": "ESTIMATED", "modelled_or_interpolated": "MODELLED", "timestamp": "2026-05-15T15:00:00+05:30", "assumptions_version": "2026-10-09-prompt-5a-interventions", "computation_mode": "geometric", "shade_fraction": 0.0, "direct_exposure_fraction": 1.0}, "geometry": {"type": "LineString", "coordinates": [[75.8526636, 22.7214534], [75.85272460000002, 22.72095879999999]]}}, {"type": "Feature", "properties": {"segment_id": "osm-3665539322-3665539318-0", "length_m": 63.30729014087791, "canonical_time": "15:00", "exposure_value": 1.0, "temperature_proxy_c": 42.0, "normalized_temperature_factor": 1.0, "source_type": "derived", "source_reference": "Cached geometric shade snapshot and configured prototype temperature curve", "observed_or_estimated": "ESTIMATED", "modelled_or_interpolated": "MODELLED", "timestamp": "2026-05-15T15:00:00+05:30", "assumptions_version": "2026-10-09-prompt-5a-interventions", "computation_mode": "geometric", "shade_fraction": 0.0, "direct_exposure_fraction": 1.0}, "geometry": {"type": "LineString", "coordinates": [[75.8526636, 22.7214534], [75.8528866, 22.721396000000002], [75.8532556, 22.72129409999999]]}}, {"type": "Feature", "properties": {"segment_id": "osm-3665539322-10292786102-0", "length_m": 31.19403265430197, "canonical_time": "15:00", "exposure_value": 1.0, "temperature_proxy_c": 42.0, "normalized_temperature_factor": 1.0, "source_type": "derived", "source_reference": "Cached geometric shade snapshot and configured prototype temperature curve", "observed_or_estimated": "ESTIMATED", "modelled_or_interpolated": "MODELLED", "timestamp": "2026-05-15T15:00:00+05:30", "assumptions_version": "2026-10-09-prompt-5a-interventions", "computation_mode": "geometric", "shade_fraction": 0.0, "direct_exposure_fraction": 1.0}, "geometry": {"type": "LineString", "coordinates": [[75.8526636, 22.7214534], [75.8525691, 22.7214777], [75.8523885, 22.721569000000002]]}}, {"type": "Feature", "properties": {"segment_id": "osm-3665539324-3735831760-0", "length_m": 5.547355232855593, "canonical_time": "15:00", "exposure_value": 1.0, "temperature_proxy_c": 42.0, "normalized_temperature_factor": 1.0, "source_type": "derived", "source_reference": "Cached geometric shade snapshot and configured prototype temperature curve", "observed_or_estimated": "ESTIMATED", "modelled_or_interpolated": "MODELLED", "timestamp": "2026-05-15T15:00:00+05:30", "assumptions_version": "2026-10-09-prompt-5a-interventions", "computation_mode": "geometric", "shade_fraction": 0.0, "direct_exposure_fraction": 1.0}, "geometry": {"type": "LineString", "coordinates": [[75.8502063, 22.721661799999993], [75.850195, 22.721710799999993]]}}, {"type": "Feature", "properties": {"segment_id": "osm-3665539324-3665594030-0", "length_m": 79.34086707164205, "canonical_time": "15:00", "exposure_value": 1.0, "temperature_proxy_c": 42.0, "normalized_temperature_factor": 1.0, "source_type": "derived", "source_reference": "Cached geometric shade snapshot and configured prototype temperature curve", "observed_or_estimated": "ESTIMATED", "modelled_or_interpolated": "MODELLED", "timestamp": "2026-05-15T15:00:00+05:30", "assumptions_version": "2026-10-09-prompt-5a-interventions", "computation_mode": "geometric", "shade_fraction": 0.0, "direct_exposure_fraction": 1.0}, "geometry": {"type": "LineString", "coordinates": [[75.8502063, 22.721661799999993], [75.8502596, 22.72170859999999], [75.8503069, 22.721736299999996], [75.8503568, 22.7217681], [75.8505139, 22.7217854], [75.8506231, 22.7217835], [75.8507323, 22.7217666], [75.8509345, 22.7217379]]}}, {"type": "Feature", "properties": {"segment_id": "osm-3665539324-3734463402-0", "length_m": 78.47565759744806, "canonical_time": "15:00", "exposure_value": 1.0, "temperature_proxy_c": 42.0, "normalized_temperature_factor": 1.0, "source_type": "derived", "source_reference": "Cached geometric shade snapshot and configured prototype temperature curve", "observed_or_estimated": "ESTIMATED", "modelled_or_interpolated": "MODELLED", "timestamp": "2026-05-15T15:00:00+05:30", "assumptions_version": "2026-10-09-prompt-5a-interventions", "computation_mode": "geometric", "shade_fraction": 0.0, "direct_exposure_fraction": 1.0}, "geometry": {"type": "LineString", "coordinates": [[75.8502063, 22.721661799999993], [75.8502041, 22.7214279], [75.8501868, 22.721194799999992], [75.8501587, 22.720989599999996], [75.8501542, 22.720955399999998]]}}, {"type": "Feature", "properties": {"segment_id": "osm-3665594025-10292786102-0", "length_m": 61.75692380475522, "canonical_time": "15:00", "exposure_value": 1.0, "temperature_proxy_c": 42.0, "normalized_temperature_factor": 1.0, "source_type": "derived", "source_reference": "Cached geometric shade snapshot and configured prototype temperature curve", "observed_or_estimated": "ESTIMATED", "modelled_or_interpolated": "MODELLED", "timestamp": "2026-05-15T15:00:00+05:30", "assumptions_version": "2026-10-09-prompt-5a-interventions", "computation_mode": "geometric", "shade_fraction": 0.0, "direct_exposure_fraction": 1.0}, "geometry": {"type": "LineString", "coordinates": [[75.8517937, 22.721651], [75.8523885, 22.721569000000002]]}}, {"type": "Feature", "properties": {"segment_id": "osm-3665594025-3665594029-0", "length_m": 1.549731328651632, "canonical_time": "15:00", "exposure_value": 1.0, "temperature_proxy_c": 42.0, "normalized_temperature_factor": 1.0, "source_type": "derived", "source_reference": "Cached geometric shade snapshot and configured prototype temperature curve", "observed_or_estimated": "ESTIMATED", "modelled_or_interpolated": "MODELLED", "timestamp": "2026-05-15T15:00:00+05:30", "assumptions_version": "2026-10-09-prompt-5a-interventions", "computation_mode": "geometric", "shade_fraction": 0.0, "direct_exposure_fraction": 1.0}, "geometry": {"type": "LineString", "coordinates": [[75.8517937, 22.721651], [75.8517968, 22.72166469999999]]}}, {"type": "Feature", "properties": {"segment_id": "osm-3665594025-3734463407-0", "length_m": 71.61873324715181, "canonical_time": "15:00", "exposure_value": 0.5676797240491116, "temperature_proxy_c": 42.0, "normalized_temperature_factor": 1.0, "source_type": "derived", "source_reference": "Cached geometric shade snapshot and configured prototype temperature curve", "observed_or_estimated": "ESTIMATED", "modelled_or_interpolated": "MODELLED", "timestamp": "2026-05-15T15:00:00+05:30", "assumptions_version": "2026-10-09-prompt-5a-interventions", "computation_mode": "geometric", "shade_fraction": 0.43232027595088834, "direct_exposure_fraction": 0.5676797240491116}, "geometry": {"type": "LineString", "coordinates": [[75.8517937, 22.721651], [75.8517721, 22.7214498], [75.8517973, 22.721222899999994], [75.8518094, 22.72111389999999], [75.8518354, 22.721009599999995]]}}, {"type": "Feature", "properties": {"segment_id": "osm-3665594029-3665594025-0", "length_m": 1.549731328651632, "canonical_time": "15:00", "exposure_value": 1.0, "temperature_proxy_c": 42.0, "normalized_temperature_factor": 1.0, "source_type": "derived", "source_reference": "Cached geometric shade snapshot and configured prototype temperature curve", "observed_or_estimated": "ESTIMATED", "modelled_or_interpolated": "MODELLED", "timestamp": "2026-05-15T15:00:00+05:30", "assumptions_version": "2026-10-09-prompt-5a-interventions", "computation_mode": "geometric", "shade_fraction": 0.0, "direct_exposure_fraction": 1.0}, "geometry": {"type": "LineString", "coordinates": [[75.8517968, 22.72166469999999], [75.8517937, 22.721651]]}}, {"type": "Feature", "properties": {"segment_id": "osm-3665594029-3734466230-0", "length_m": 43.58658991408619, "canonical_time": "15:00", "exposure_value": 1.0, "temperature_proxy_c": 42.0, "normalized_temperature_factor": 1.0, "source_type": "derived", "source_reference": "Cached geometric shade snapshot and configured prototype temperature curve", "observed_or_estimated": "ESTIMATED", "modelled_or_interpolated": "MODELLED", "timestamp": "2026-05-15T15:00:00+05:30", "assumptions_version": "2026-10-09-prompt-5a-interventions", "computation_mode": "geometric", "shade_fraction": 0.0, "direct_exposure_fraction": 1.0}, "geometry": {"type": "LineString", "coordinates": [[75.8517968, 22.72166469999999], [75.8514905, 22.721675099999985], [75.8513726, 22.721675600000008]]}}, {"type": "Feature", "properties": {"segment_id": "osm-3665594030-3734466230-0", "length_m": 45.51847081097718, "canonical_time": "15:00", "exposure_value": 1.0, "temperature_proxy_c": 42.0, "normalized_temperature_factor": 1.0, "source_type": "derived", "source_reference": "Cached geometric shade snapshot and configured prototype temperature curve", "observed_or_estimated": "ESTIMATED", "modelled_or_interpolated": "MODELLED", "timestamp": "2026-05-15T15:00:00+05:30", "assumptions_version": "2026-10-09-prompt-5a-interventions", "computation_mode": "geometric", "shade_fraction": 0.0, "direct_exposure_fraction": 1.0}, "geometry": {"type": "LineString", "coordinates": [[75.8509345, 22.7217379], [75.8513726, 22.721675600000008]]}}, {"type": "Feature", "properties": {"segment_id": "osm-3665594030-3665539304-0", "length_m": 98.11615569416301, "canonical_time": "15:00", "exposure_value": 0.39228198693853544, "temperature_proxy_c": 42.0, "normalized_temperature_factor": 1.0, "source_type": "derived", "source_reference": "Cached geometric shade snapshot and configured prototype temperature curve", "observed_or_estimated": "ESTIMATED", "modelled_or_interpolated": "MODELLED", "timestamp": "2026-05-15T15:00:00+05:30", "assumptions_version": "2026-10-09-prompt-5a-interventions", "computation_mode": "geometric", "shade_fraction": 0.6077180130614646, "direct_exposure_fraction": 0.39228198693853544}, "geometry": {"type": "LineString", "coordinates": [[75.8509345, 22.7217379], [75.850906, 22.721673], [75.8508499, 22.7209617], [75.8508353, 22.720859600000008]]}}, {"type": "Feature", "properties": {"segment_id": "osm-3665594030-3665539324-0", "length_m": 79.34086707164205, "canonical_time": "15:00", "exposure_value": 1.0, "temperature_proxy_c": 42.0, "normalized_temperature_factor": 1.0, "source_type": "derived", "source_reference": "Cached geometric shade snapshot and configured prototype temperature curve", "observed_or_estimated": "ESTIMATED", "modelled_or_interpolated": "MODELLED", "timestamp": "2026-05-15T15:00:00+05:30", "assumptions_version": "2026-10-09-prompt-5a-interventions", "computation_mode": "geometric", "shade_fraction": 0.0, "direct_exposure_fraction": 1.0}, "geometry": {"type": "LineString", "coordinates": [[75.8509345, 22.7217379], [75.8507323, 22.7217666], [75.8506231, 22.7217835], [75.8505139, 22.7217854], [75.8503568, 22.7217681], [75.8503069, 22.721736299999996], [75.8502596, 22.72170859999999], [75.8502063, 22.721661799999993]]}}, {"type": "Feature", "properties": {"segment_id": "osm-3732489062-2027156518-0", "length_m": 3.8693949077821013, "canonical_time": "15:00", "exposure_value": 1.0, "temperature_proxy_c": 42.0, "normalized_temperature_factor": 1.0, "source_type": "derived", "source_reference": "Cached geometric shade snapshot and configured prototype temperature curve", "observed_or_estimated": "ESTIMATED", "modelled_or_interpolated": "MODELLED", "timestamp": "2026-05-15T15:00:00+05:30", "assumptions_version": "2026-10-09-prompt-5a-interventions", "computation_mode": "geometric", "shade_fraction": 0.0, "direct_exposure_fraction": 1.0}, "geometry": {"type": "LineString", "coordinates": [[75.8534638, 22.716104799999993], [75.8534287, 22.716092099999997]]}}, {"type": "Feature", "properties": {"segment_id": "osm-3732489062-3734494568-0", "length_m": 28.7519581013984, "canonical_time": "15:00", "exposure_value": 1.0, "temperature_proxy_c": 42.0, "normalized_temperature_factor": 1.0, "source_type": "derived", "source_reference": "Cached geometric shade snapshot and configured prototype temperature curve", "observed_or_estimated": "ESTIMATED", "modelled_or_interpolated": "MODELLED", "timestamp": "2026-05-15T15:00:00+05:30", "assumptions_version": "2026-10-09-prompt-5a-interventions", "computation_mode": "geometric", "shade_fraction": 0.0, "direct_exposure_fraction": 1.0}, "geometry": {"type": "LineString", "coordinates": [[75.8534638, 22.716104799999993], [75.8537394, 22.716150399999997]]}}, {"type": "Feature", "properties": {"segment_id": "osm-3732489062-3734494601-0", "length_m": 64.74982074175853, "canonical_time": "15:00", "exposure_value": 1.0, "temperature_proxy_c": 42.0, "normalized_temperature_factor": 1.0, "source_type": "derived", "source_reference": "Cached geometric shade snapshot and configured prototype temperature curve", "observed_or_estimated": "ESTIMATED", "modelled_or_interpolated": "MODELLED", "timestamp": "2026-05-15T15:00:00+05:30", "assumptions_version": "2026-10-09-prompt-5a-interventions", "computation_mode": "geometric", "shade_fraction": 0.0, "direct_exposure_fraction": 1.0}, "geometry": {"type": "LineString", "coordinates": [[75.8534638, 22.716104799999993], [75.8534678, 22.7161511], [75.8535143, 22.7166878]]}}, {"type": "Feature", "properties": {"segment_id": "osm-3732489063-3734494617-0", "length_m": 123.81772789768391, "canonical_time": "15:00", "exposure_value": 0.9220554935391, "temperature_proxy_c": 42.0, "normalized_temperature_factor": 1.0, "source_type": "derived", "source_reference": "Cached geometric shade snapshot and configured prototype temperature curve", "observed_or_estimated": "ESTIMATED", "modelled_or_interpolated": "MODELLED", "timestamp": "2026-05-15T15:00:00+05:30", "assumptions_version": "2026-10-09-prompt-5a-interventions", "computation_mode": "geometric", "shade_fraction": 0.0779445064609, "direct_exposure_fraction": 0.9220554935391}, "geometry": {"type": "LineString", "coordinates": [[75.8535547, 22.718023399999993], [75.8535141, 22.716905599999997]]}}, {"type": "Feature", "properties": {"segment_id": "osm-3732489063-3734496687-0", "length_m": 24.563731269389162, "canonical_time": "15:00", "exposure_value": 0.7309582369071992, "temperature_proxy_c": 42.0, "normalized_temperature_factor": 1.0, "source_type": "derived", "source_reference": "Cached geometric shade snapshot and configured prototype temperature curve", "observed_or_estimated": "ESTIMATED", "modelled_or_interpolated": "MODELLED", "timestamp": "2026-05-15T15:00:00+05:30", "assumptions_version": "2026-10-09-prompt-5a-interventions", "computation_mode": "geometric", "shade_fraction": 0.26904176309280087, "direct_exposure_fraction": 0.7309582369071992}, "geometry": {"type": "LineString", "coordinates": [[75.8535547, 22.718023399999993], [75.8535482, 22.7182452]]}}, {"type": "Feature", "properties": {"segment_id": "osm-3732489063-3734496686-0", "length_m": 55.18729955110561, "canonical_time": "15:00", "exposure_value": 1.0, "temperature_proxy_c": 42.0, "normalized_temperature_factor": 1.0, "source_type": "derived", "source_reference": "Cached geometric shade snapshot and configured prototype temperature curve", "observed_or_estimated": "ESTIMATED", "modelled_or_interpolated": "MODELLED", "timestamp": "2026-05-15T15:00:00+05:30", "assumptions_version": "2026-10-09-prompt-5a-interventions", "computation_mode": "geometric", "shade_fraction": 0.0, "direct_exposure_fraction": 1.0}, "geometry": {"type": "LineString", "coordinates": [[75.8535547, 22.718023399999993], [75.8538547, 22.718042600000008], [75.8540906, 22.7180599]]}}, {"type": "Feature", "properties": {"segment_id": "osm-3732489063-3734496680-0", "length_m": 151.62277774464837, "canonical_time": "15:00", "exposure_value": 1.0, "temperature_proxy_c": 42.0, "normalized_temperature_factor": 1.0, "source_type": "derived", "source_reference": "Cached geometric shade snapshot and configured prototype temperature curve", "observed_or_estimated": "ESTIMATED", "modelled_or_interpolated": "MODELLED", "timestamp": "2026-05-15T15:00:00+05:30", "assumptions_version": "2026-10-09-prompt-5a-interventions", "computation_mode": "geometric", "shade_fraction": 0.0, "direct_exposure_fraction": 1.0}, "geometry": {"type": "LineString", "coordinates": [[75.8535547, 22.718023399999993], [75.8527164, 22.7179698], [75.8520809, 22.717945600000004]]}}, {"type": "Feature", "properties": {"segment_id": "osm-3732489064-3734496687-0", "length_m": 74.39131421689721, "canonical_time": "15:00", "exposure_value": 0.7208896997626791, "temperature_proxy_c": 42.0, "normalized_temperature_factor": 1.0, "source_type": "derived", "source_reference": "Cached geometric shade snapshot and configured prototype temperature curve", "observed_or_estimated": "ESTIMATED", "modelled_or_interpolated": "MODELLED", "timestamp": "2026-05-15T15:00:00+05:30", "assumptions_version": "2026-10-09-prompt-5a-interventions", "computation_mode": "geometric", "shade_fraction": 0.27911030023732086, "direct_exposure_fraction": 0.7208896997626791}, "geometry": {"type": "LineString", "coordinates": [[75.8536022, 22.7189153], [75.8535482, 22.7182452]]}}, {"type": "Feature", "properties": {"segment_id": "osm-3732489064-6997700387-0", "length_m": 9.866675948743183, "canonical_time": "15:00", "exposure_value": 1.0, "temperature_proxy_c": 42.0, "normalized_temperature_factor": 1.0, "source_type": "derived", "source_reference": "Cached geometric shade snapshot and configured prototype temperature curve", "observed_or_estimated": "ESTIMATED", "modelled_or_interpolated": "MODELLED", "timestamp": "2026-05-15T15:00:00+05:30", "assumptions_version": "2026-10-09-prompt-5a-interventions", "computation_mode": "geometric", "shade_fraction": 0.0, "direct_exposure_fraction": 1.0}, "geometry": {"type": "LineString", "coordinates": [[75.8536022, 22.7189153], [75.8536977, 22.7189056]]}}, {"type": "Feature", "properties": {"segment_id": "osm-3732489064-3734496706-0", "length_m": 151.75956089525351, "canonical_time": "15:00", "exposure_value": 1.0, "temperature_proxy_c": 42.0, "normalized_temperature_factor": 1.0, "source_type": "derived", "source_reference": "Cached geometric shade snapshot and configured prototype temperature curve", "observed_or_estimated": "ESTIMATED", "modelled_or_interpolated": "MODELLED", "timestamp": "2026-05-15T15:00:00+05:30", "assumptions_version": "2026-10-09-prompt-5a-interventions", "computation_mode": "geometric", "shade_fraction": 0.0, "direct_exposure_fraction": 1.0}, "geometry": {"type": "LineString", "coordinates": [[75.8536022, 22.7189153], [75.8530783, 22.718961899999996], [75.8521384, 22.719098499999994]]}}, {"type": "Feature", "properties": {"segment_id": "osm-3732908384-8460393386-0", "length_m": 18.50209012220145, "canonical_time": "15:00", "exposure_value": 0.7576513696012723, "temperature_proxy_c": 42.0, "normalized_temperature_factor": 1.0, "source_type": "derived", "source_reference": "Cached geometric shade snapshot and configured prototype temperature curve", "observed_or_estimated": "ESTIMATED", "modelled_or_interpolated": "MODELLED", "timestamp": "2026-05-15T15:00:00+05:30", "assumptions_version": "2026-10-09-prompt-5a-interventions", "computation_mode": "geometric", "shade_fraction": 0.24234863039872773, "direct_exposure_fraction": 0.7576513696012723}, "geometry": {"type": "LineString", "coordinates": [[75.8568318, 22.72136070000001], [75.856808, 22.72140609999999], [75.8567592, 22.7215136]]}}, {"type": "Feature", "properties": {"segment_id": "osm-3732908384-8460457267-0", "length_m": 101.60667253846671, "canonical_time": "15:00", "exposure_value": 0.542002727441135, "temperature_proxy_c": 42.0, "normalized_temperature_factor": 1.0, "source_type": "derived", "source_reference": "Cached geometric shade snapshot and configured prototype temperature curve", "observed_or_estimated": "ESTIMATED", "modelled_or_interpolated": "MODELLED", "timestamp": "2026-05-15T15:00:00+05:30", "assumptions_version": "2026-10-09-prompt-5a-interventions", "computation_mode": "geometric", "shade_fraction": 0.457997272558865, "direct_exposure_fraction": 0.542002727441135}, "geometry": {"type": "LineString", "coordinates": [[75.8568318, 22.72136070000001], [75.8569171, 22.721013400000007], [75.85694, 22.720452199999997]]}}, {"type": "Feature", "properties": {"segment_id": "osm-3732908384-3732908385-0", "length_m": 77.81910216147872, "canonical_time": "15:00", "exposure_value": 1.0, "temperature_proxy_c": 42.0, "normalized_temperature_factor": 1.0, "source_type": "derived", "source_reference": "Cached geometric shade snapshot and configured prototype temperature curve", "observed_or_estimated": "ESTIMATED", "modelled_or_interpolated": "MODELLED", "timestamp": "2026-05-15T15:00:00+05:30", "assumptions_version": "2026-10-09-prompt-5a-interventions", "computation_mode": "geometric", "shade_fraction": 0.0, "direct_exposure_fraction": 1.0}, "geometry": {"type": "LineString", "coordinates": [[75.8568318, 22.72136070000001], [75.8574047, 22.7214066], [75.8574621, 22.721401099999994], [75.8575226, 22.721404299999993], [75.8575869, 22.721401100000005]]}}, {"type": "Feature", "properties": {"segment_id": "osm-3732908385-2025111317-0", "length_m": 23.44861016442316, "canonical_time": "15:00", "exposure_value": 1.0, "temperature_proxy_c": 42.0, "normalized_temperature_factor": 1.0, "source_type": "derived", "source_reference": "Cached geometric shade snapshot and configured prototype temperature curve", "observed_or_estimated": "ESTIMATED", "modelled_or_interpolated": "MODELLED", "timestamp": "2026-05-15T15:00:00+05:30", "assumptions_version": "2026-10-09-prompt-5a-interventions", "computation_mode": "geometric", "shade_fraction": 0.0, "direct_exposure_fraction": 1.0}, "geometry": {"type": "LineString", "coordinates": [[75.8575869, 22.721401100000005], [75.8576271, 22.721609600000004]]}}, {"type": "Feature", "properties": {"segment_id": "osm-3732908385-8460393366-0", "length_m": 105.46541024316751, "canonical_time": "15:00", "exposure_value": 0.9874305988217548, "temperature_proxy_c": 42.0, "normalized_temperature_factor": 1.0, "source_type": "derived", "source_reference": "Cached geometric shade snapshot and configured prototype temperature curve", "observed_or_estimated": "ESTIMATED", "modelled_or_interpolated": "MODELLED", "timestamp": "2026-05-15T15:00:00+05:30", "assumptions_version": "2026-10-09-prompt-5a-interventions", "computation_mode": "geometric", "shade_fraction": 0.012569401178245255, "direct_exposure_fraction": 0.9874305988217548}, "geometry": {"type": "LineString", "coordinates": [[75.8575869, 22.721401100000005], [75.8575587, 22.7212139], [75.8575469, 22.7209704], [75.8575378, 22.720783299999997], [75.8575363, 22.720450700000008]]}}, {"type": "Feature", "properties": {"segment_id": "osm-3732908385-3732908384-0", "length_m": 77.81910216147871, "canonical_time": "15:00", "exposure_value": 1.0, "temperature_proxy_c": 42.0, "normalized_temperature_factor": 1.0, "source_type": "derived", "source_reference": "Cached geometric shade snapshot and configured prototype temperature curve", "observed_or_estimated": "ESTIMATED", "modelled_or_interpolated": "MODELLED", "timestamp": "2026-05-15T15:00:00+05:30", "assumptions_version": "2026-10-09-prompt-5a-interventions", "computation_mode": "geometric", "shade_fraction": 0.0, "direct_exposure_fraction": 1.0}, "geometry": {"type": "LineString", "coordinates": [[75.8575869, 22.721401100000005], [75.8575226, 22.721404299999993], [75.8574621, 22.721401099999994], [75.8574047, 22.7214066], [75.8568318, 22.72136070000001]]}}, {"type": "Feature", "properties": {"segment_id": "osm-3732908390-3732996655-0", "length_m": 29.968223419551283, "canonical_time": "15:00", "exposure_value": 0.23734531880029974, "temperature_proxy_c": 42.0, "normalized_temperature_factor": 1.0, "source_type": "derived", "source_reference": "Cached geometric shade snapshot and configured prototype temperature curve", "observed_or_estimated": "ESTIMATED", "modelled_or_interpolated": "MODELLED", "timestamp": "2026-05-15T15:00:00+05:30", "assumptions_version": "2026-10-09-prompt-5a-interventions", "computation_mode": "geometric", "shade_fraction": 0.7626546811997003, "direct_exposure_fraction": 0.23734531880029974}, "geometry": {"type": "LineString", "coordinates": [[75.8555245, 22.7214704], [75.8555244, 22.721199700000003]]}}, {"type": "Feature", "properties": {"segment_id": "osm-3732908390-8460393393-0", "length_m": 46.868014791076945, "canonical_time": "15:00", "exposure_value": 0.6446281683316912, "temperature_proxy_c": 42.0, "normalized_temperature_factor": 1.0, "source_type": "derived", "source_reference": "Cached geometric shade snapshot and configured prototype temperature curve", "observed_or_estimated": "ESTIMATED", "modelled_or_interpolated": "MODELLED", "timestamp": "2026-05-15T15:00:00+05:30", "assumptions_version": "2026-10-09-prompt-5a-interventions", "computation_mode": "geometric", "shade_fraction": 0.3553718316683087, "direct_exposure_fraction": 0.6446281683316912}, "geometry": {"type": "LineString", "coordinates": [[75.8555245, 22.7214704], [75.8555264, 22.72152699999999], [75.8555256, 22.721621199999998], [75.8555267, 22.7216761], [75.8555351, 22.721751099999988], [75.855543, 22.721805799999995], [75.8555451, 22.721892799999996]]}}, {"type": "Feature", "properties": {"segment_id": "osm-3732908390-8460393393-1", "length_m": 86.36520423030859, "canonical_time": "15:00", "exposure_value": 0.7231100280174223, "temperature_proxy_c": 42.0, "normalized_temperature_factor": 1.0, "source_type": "derived", "source_reference": "Cached geometric shade snapshot and configured prototype temperature curve", "observed_or_estimated": "ESTIMATED", "modelled_or_interpolated": "MODELLED", "timestamp": "2026-05-15T15:00:00+05:30", "assumptions_version": "2026-10-09-prompt-5a-interventions", "computation_mode": "geometric", "shade_fraction": 0.2768899719825777, "direct_exposure_fraction": 0.7231100280174223}, "geometry": {"type": "LineString", "coordinates": [[75.8555245, 22.7214704], [75.85538, 22.721479000000006], [75.85532220000002, 22.72148609999999], [75.8552927, 22.721492500000007], [75.8552809, 22.721512199999992], [75.8552987, 22.7217277], [75.8553111, 22.7218015], [75.8553354, 22.7218291], [75.8553685, 22.721851899999997], [75.8554319, 22.7218923], [75.8555451, 22.721892799999996]]}}, {"type": "Feature", "properties": {"segment_id": "osm-3732908390-3732908392-0", "length_m": 32.65229289352146, "canonical_time": "15:00", "exposure_value": 1.0, "temperature_proxy_c": 42.0, "normalized_temperature_factor": 1.0, "source_type": "derived", "source_reference": "Cached geometric shade snapshot and configured prototype temperature curve", "observed_or_estimated": "ESTIMATED", "modelled_or_interpolated": "MODELLED", "timestamp": "2026-05-15T15:00:00+05:30", "assumptions_version": "2026-10-09-prompt-5a-interventions", "computation_mode": "geometric", "shade_fraction": 0.0, "direct_exposure_fraction": 1.0}, "geometry": {"type": "LineString", "coordinates": [[75.8555245, 22.7214704], [75.8555867, 22.72147040000001], [75.8556659, 22.7214733], [75.8557689, 22.721476899999992], [75.8558422, 22.721480499999995]]}}, {"type": "Feature", "properties": {"segment_id": "osm-3732908392-2025111273-0", "length_m": 27.50331723311693, "canonical_time": "15:00", "exposure_value": 0.2023129520796686, "temperature_proxy_c": 42.0, "normalized_temperature_factor": 1.0, "source_type": "derived", "source_reference": "Cached geometric shade snapshot and configured prototype temperature curve", "observed_or_estimated": "ESTIMATED", "modelled_or_interpolated": "MODELLED", "timestamp": "2026-05-15T15:00:00+05:30", "assumptions_version": "2026-10-09-prompt-5a-interventions", "computation_mode": "geometric", "shade_fraction": 0.7976870479203314, "direct_exposure_fraction": 0.2023129520796686}, "geometry": {"type": "LineString", "coordinates": [[75.8558422, 22.721480499999995], [75.8558403, 22.7213956], [75.8558428, 22.721232099999998]]}}, {"type": "Feature", "properties": {"segment_id": "osm-3732908392-3732908408-0", "length_m": 47.149169900168395, "canonical_time": "15:00", "exposure_value": 0.4060403257007157, "temperature_proxy_c": 42.0, "normalized_temperature_factor": 1.0, "source_type": "derived", "source_reference": "Cached geometric shade snapshot and configured prototype temperature curve", "observed_or_estimated": "ESTIMATED", "modelled_or_interpolated": "MODELLED", "timestamp": "2026-05-15T15:00:00+05:30", "assumptions_version": "2026-10-09-prompt-5a-interventions", "computation_mode": "geometric", "shade_fraction": 0.5939596742992843, "direct_exposure_fraction": 0.4060403257007157}, "geometry": {"type": "LineString", "coordinates": [[75.8558422, 22.721480499999995], [75.85584380000002, 22.721521700000007], [75.8558445, 22.7215821], [75.8558394, 22.721742199999994], [75.85584700000001, 22.721792799999992], [75.8558547, 22.721817500000004], [75.8558881, 22.7218261], [75.8559473, 22.72183099999999]]}}, {"type": "Feature", "properties": {"segment_id": "osm-3732908392-3732908390-0", "length_m": 32.65229289352147, "canonical_time": "15:00", "exposure_value": 1.0, "temperature_proxy_c": 42.0, "normalized_temperature_factor": 1.0, "source_type": "derived", "source_reference": "Cached geometric shade snapshot and configured prototype temperature curve", "observed_or_estimated": "ESTIMATED", "modelled_or_interpolated": "MODELLED", "timestamp": "2026-05-15T15:00:00+05:30", "assumptions_version": "2026-10-09-prompt-5a-interventions", "computation_mode": "geometric", "shade_fraction": 0.0, "direct_exposure_fraction": 1.0}, "geometry": {"type": "LineString", "coordinates": [[75.8558422, 22.721480499999995], [75.8557689, 22.721476899999992], [75.8556659, 22.7214733], [75.8555867, 22.72147040000001], [75.8555245, 22.7214704]]}}, {"type": "Feature", "properties": {"segment_id": "osm-3732908408-2025111331-0", "length_m": 30.286436638687814, "canonical_time": "15:00", "exposure_value": 1.0, "temperature_proxy_c": 42.0, "normalized_temperature_factor": 1.0, "source_type": "derived", "source_reference": "Cached geometric shade snapshot and configured prototype temperature curve", "observed_or_estimated": "ESTIMATED", "modelled_or_interpolated": "MODELLED", "timestamp": "2026-05-15T15:00:00+05:30", "assumptions_version": "2026-10-09-prompt-5a-interventions", "computation_mode": "geometric", "shade_fraction": 0.0, "direct_exposure_fraction": 1.0}, "geometry": {"type": "LineString", "coordinates": [[75.8559473, 22.72183099999999], [75.8562349, 22.7217705]]}}, {"type": "Feature", "properties": {"segment_id": "osm-3732908408-3732908410-0", "length_m": 8.972657885078869, "canonical_time": "15:00", "exposure_value": 0.39337839124411833, "temperature_proxy_c": 42.0, "normalized_temperature_factor": 1.0, "source_type": "derived", "source_reference": "Cached geometric shade snapshot and configured prototype temperature curve", "observed_or_estimated": "ESTIMATED", "modelled_or_interpolated": "MODELLED", "timestamp": "2026-05-15T15:00:00+05:30", "assumptions_version": "2026-10-09-prompt-5a-interventions", "computation_mode": "geometric", "shade_fraction": 0.6066216087558817, "direct_exposure_fraction": 0.39337839124411833}, "geometry": {"type": "LineString", "coordinates": [[75.8559473, 22.72183099999999], [75.8559643, 22.721910499999996]]}}, {"type": "Feature", "properties": {"segment_id": "osm-3732908408-3732908392-0", "length_m": 47.1491699001684, "canonical_time": "15:00", "exposure_value": 0.4060403257007158, "temperature_proxy_c": 42.0, "normalized_temperature_factor": 1.0, "source_type": "derived", "source_reference": "Cached geometric shade snapshot and configured prototype temperature curve", "observed_or_estimated": "ESTIMATED", "modelled_or_interpolated": "MODELLED", "timestamp": "2026-05-15T15:00:00+05:30", "assumptions_version": "2026-10-09-prompt-5a-interventions", "computation_mode": "geometric", "shade_fraction": 0.5939596742992842, "direct_exposure_fraction": 0.4060403257007158}, "geometry": {"type": "LineString", "coordinates": [[75.8559473, 22.72183099999999], [75.8558881, 22.7218261], [75.8558547, 22.721817500000004], [75.85584700000001, 22.721792799999992], [75.8558394, 22.721742199999994], [75.8558445, 22.7215821], [75.85584380000002, 22.721521700000007], [75.8558422, 22.721480499999995]]}}, {"type": "Feature", "properties": {"segment_id": "osm-3732908410-3732908408-0", "length_m": 8.972657885078869, "canonical_time": "15:00", "exposure_value": 0.39337839124411833, "temperature_proxy_c": 42.0, "normalized_temperature_factor": 1.0, "source_type": "derived", "source_reference": "Cached geometric shade snapshot and configured prototype temperature curve", "observed_or_estimated": "ESTIMATED", "modelled_or_interpolated": "MODELLED", "timestamp": "2026-05-15T15:00:00+05:30", "assumptions_version": "2026-10-09-prompt-5a-interventions", "computation_mode": "geometric", "shade_fraction": 0.6066216087558817, "direct_exposure_fraction": 0.39337839124411833}, "geometry": {"type": "LineString", "coordinates": [[75.8559643, 22.721910499999996], [75.8559473, 22.72183099999999]]}}, {"type": "Feature", "properties": {"segment_id": "osm-3732908410-3732908422-0", "length_m": 16.993333434664542, "canonical_time": "15:00", "exposure_value": 0.27898290577574525, "temperature_proxy_c": 42.0, "normalized_temperature_factor": 1.0, "source_type": "derived", "source_reference": "Cached geometric shade snapshot and configured prototype temperature curve", "observed_or_estimated": "ESTIMATED", "modelled_or_interpolated": "MODELLED", "timestamp": "2026-05-15T15:00:00+05:30", "assumptions_version": "2026-10-09-prompt-5a-interventions", "computation_mode": "geometric", "shade_fraction": 0.7210170942242548, "direct_exposure_fraction": 0.27898290577574525}, "geometry": {"type": "LineString", "coordinates": [[75.8559643, 22.721910499999996], [75.8559689, 22.721932399999993], [75.8559803, 22.7219765], [75.8560103, 22.722057699999997]]}}, {"type": "Feature", "properties": {"segment_id": "osm-3732908410-3732908417-0", "length_m": 14.956892349918139, "canonical_time": "15:00", "exposure_value": 1.0, "temperature_proxy_c": 42.0, "normalized_temperature_factor": 1.0, "source_type": "derived", "source_reference": "Cached geometric shade snapshot and configured prototype temperature curve", "observed_or_estimated": "ESTIMATED", "modelled_or_interpolated": "MODELLED", "timestamp": "2026-05-15T15:00:00+05:30", "assumptions_version": "2026-10-09-prompt-5a-interventions", "computation_mode": "geometric", "shade_fraction": 0.0, "direct_exposure_fraction": 1.0}, "geometry": {"type": "LineString", "coordinates": [[75.8559643, 22.721910499999996], [75.8559226, 22.721915900000003], [75.8558191, 22.7219183]]}}, {"type": "Feature", "properties": {"segment_id": "osm-3732908417-3732908423-0", "length_m": 22.851353859691137, "canonical_time": "15:00", "exposure_value": 0.17448817900278946, "temperature_proxy_c": 42.0, "normalized_temperature_factor": 1.0, "source_type": "derived", "source_reference": "Cached geometric shade snapshot and configured prototype temperature curve", "observed_or_estimated": "ESTIMATED", "modelled_or_interpolated": "MODELLED", "timestamp": "2026-05-15T15:00:00+05:30", "assumptions_version": "2026-10-09-prompt-5a-interventions", "computation_mode": "geometric", "shade_fraction": 0.8255118209972105, "direct_exposure_fraction": 0.17448817900278946}, "geometry": {"type": "LineString", "coordinates": [[75.8558191, 22.7219183], [75.855846, 22.722123199999988]]}}, {"type": "Feature", "properties": {"segment_id": "osm-3732908417-3732908418-0", "length_m": 17.141929324852654, "canonical_time": "15:00", "exposure_value": 0.9485170396024297, "temperature_proxy_c": 42.0, "normalized_temperature_factor": 1.0, "source_type": "derived", "source_reference": "Cached geometric shade snapshot and configured prototype temperature curve", "observed_or_estimated": "ESTIMATED", "modelled_or_interpolated": "MODELLED", "timestamp": "2026-05-15T15:00:00+05:30", "assumptions_version": "2026-10-09-prompt-5a-interventions", "computation_mode": "geometric", "shade_fraction": 0.05148296039757024, "direct_exposure_fraction": 0.9485170396024297}, "geometry": {"type": "LineString", "coordinates": [[75.8558191, 22.7219183], [75.8556522, 22.7219202]]}}, {"type": "Feature", "properties": {"segment_id": "osm-3732908417-3732908410-0", "length_m": 14.956892349918139, "canonical_time": "15:00", "exposure_value": 1.0, "temperature_proxy_c": 42.0, "normalized_temperature_factor": 1.0, "source_type": "derived", "source_reference": "Cached geometric shade snapshot and configured prototype temperature curve", "observed_or_estimated": "ESTIMATED", "modelled_or_interpolated": "MODELLED", "timestamp": "2026-05-15T15:00:00+05:30", "assumptions_version": "2026-10-09-prompt-5a-interventions", "computation_mode": "geometric", "shade_fraction": 0.0, "direct_exposure_fraction": 1.0}, "geometry": {"type": "LineString", "coordinates": [[75.8558191, 22.7219183], [75.8559226, 22.721915900000003], [75.8559643, 22.721910499999996]]}}, {"type": "Feature", "properties": {"segment_id": "osm-3732908418-3732908417-0", "length_m": 17.141929324852654, "canonical_time": "15:00", "exposure_value": 0.9485170396024297, "temperature_proxy_c": 42.0, "normalized_temperature_factor": 1.0, "source_type": "derived", "source_reference": "Cached geometric shade snapshot and configured prototype temperature curve", "observed_or_estimated": "ESTIMATED", "modelled_or_interpolated": "MODELLED", "timestamp": "2026-05-15T15:00:00+05:30", "assumptions_version": "2026-10-09-prompt-5a-interventions", "computation_mode": "geometric", "shade_fraction": 0.05148296039757024, "direct_exposure_fraction": 0.9485170396024297}, "geometry": {"type": "LineString", "coordinates": [[75.8556522, 22.7219202], [75.8558191, 22.7219183]]}}, {"type": "Feature", "properties": {"segment_id": "osm-3732908418-3732908424-0", "length_m": 24.138370544817608, "canonical_time": "15:00", "exposure_value": 0.13557691822639828, "temperature_proxy_c": 42.0, "normalized_temperature_factor": 1.0, "source_type": "derived", "source_reference": "Cached geometric shade snapshot and configured prototype temperature curve", "observed_or_estimated": "ESTIMATED", "modelled_or_interpolated": "MODELLED", "timestamp": "2026-05-15T15:00:00+05:30", "assumptions_version": "2026-10-09-prompt-5a-interventions", "computation_mode": "geometric", "shade_fraction": 0.8644230817736017, "direct_exposure_fraction": 0.13557691822639828}, "geometry": {"type": "LineString", "coordinates": [[75.8556522, 22.7219202], [75.855652, 22.7219706], [75.8556801, 22.722136199999998]]}}, {"type": "Feature", "properties": {"segment_id": "osm-3732908418-8460393393-0", "length_m": 11.473966943996441, "canonical_time": "15:00", "exposure_value": 0.9173398396155159, "temperature_proxy_c": 42.0, "normalized_temperature_factor": 1.0, "source_type": "derived", "source_reference": "Cached geometric shade snapshot and configured prototype temperature curve", "observed_or_estimated": "ESTIMATED", "modelled_or_interpolated": "MODELLED", "timestamp": "2026-05-15T15:00:00+05:30", "assumptions_version": "2026-10-09-prompt-5a-interventions", "computation_mode": "geometric", "shade_fraction": 0.08266016038448408, "direct_exposure_fraction": 0.9173398396155159}, "geometry": {"type": "LineString", "coordinates": [[75.8556522, 22.7219202], [75.8556081, 22.721903600000008], [75.8555798, 22.721897399999996], [75.8555451, 22.721892799999996]]}}, {"type": "Feature", "properties": {"segment_id": "osm-3732908422-2025111351-0", "length_m": 33.681667064540626, "canonical_time": "15:00", "exposure_value": 1.0, "temperature_proxy_c": 42.0, "normalized_temperature_factor": 1.0, "source_type": "derived", "source_reference": "Cached geometric shade snapshot and configured prototype temperature curve", "observed_or_estimated": "ESTIMATED", "modelled_or_interpolated": "MODELLED", "timestamp": "2026-05-15T15:00:00+05:30", "assumptions_version": "2026-10-09-prompt-5a-interventions", "computation_mode": "geometric", "shade_fraction": 0.0, "direct_exposure_fraction": 1.0}, "geometry": {"type": "LineString", "coordinates": [[75.8560103, 22.722057699999997], [75.8561927, 22.72196], [75.8562831, 22.721890599999988]]}}, {"type": "Feature", "properties": {"segment_id": "osm-3732908422-3732908423-0", "length_m": 18.504686757797813, "canonical_time": "15:00", "exposure_value": 1.0, "temperature_proxy_c": 42.0, "normalized_temperature_factor": 1.0, "source_type": "derived", "source_reference": "Cached geometric shade snapshot and configured prototype temperature curve", "observed_or_estimated": "ESTIMATED", "modelled_or_interpolated": "MODELLED", "timestamp": "2026-05-15T15:00:00+05:30", "assumptions_version": "2026-10-09-prompt-5a-interventions", "computation_mode": "geometric", "shade_fraction": 0.0, "direct_exposure_fraction": 1.0}, "geometry": {"type": "LineString", "coordinates": [[75.8560103, 22.722057699999997], [75.8559356, 22.7220986], [75.855846, 22.722123199999988]]}}, {"type": "Feature", "properties": {"segment_id": "osm-3732908422-3732908410-0", "length_m": 16.993333434664542, "canonical_time": "15:00", "exposure_value": 0.27898290577574525, "temperature_proxy_c": 42.0, "normalized_temperature_factor": 1.0, "source_type": "derived", "source_reference": "Cached geometric shade snapshot and configured prototype temperature curve", "observed_or_estimated": "ESTIMATED", "modelled_or_interpolated": "MODELLED", "timestamp": "2026-05-15T15:00:00+05:30", "assumptions_version": "2026-10-09-prompt-5a-interventions", "computation_mode": "geometric", "shade_fraction": 0.7210170942242548, "direct_exposure_fraction": 0.27898290577574525}, "geometry": {"type": "LineString", "coordinates": [[75.8560103, 22.722057699999997], [75.8559803, 22.7219765], [75.8559689, 22.721932399999993], [75.8559643, 22.721910499999996]]}}, {"type": "Feature", "properties": {"segment_id": "osm-3732908423-3732908424-0", "length_m": 17.098588235490052, "canonical_time": "15:00", "exposure_value": 1.0, "temperature_proxy_c": 42.0, "normalized_temperature_factor": 1.0, "source_type": "derived", "source_reference": "Cached geometric shade snapshot and configured prototype temperature curve", "observed_or_estimated": "ESTIMATED", "modelled_or_interpolated": "MODELLED", "timestamp": "2026-05-15T15:00:00+05:30", "assumptions_version": "2026-10-09-prompt-5a-interventions", "computation_mode": "geometric", "shade_fraction": 0.0, "direct_exposure_fraction": 1.0}, "geometry": {"type": "LineString", "coordinates": [[75.855846, 22.722123199999988], [75.8556801, 22.722136199999998]]}}, {"type": "Feature", "properties": {"segment_id": "osm-3732908423-3732908417-0", "length_m": 22.851353859691137, "canonical_time": "15:00", "exposure_value": 0.17448817900278946, "temperature_proxy_c": 42.0, "normalized_temperature_factor": 1.0, "source_type": "derived", "source_reference": "Cached geometric shade snapshot and configured prototype temperature curve", "observed_or_estimated": "ESTIMATED", "modelled_or_interpolated": "MODELLED", "timestamp": "2026-05-15T15:00:00+05:30", "assumptions_version": "2026-10-09-prompt-5a-interventions", "computation_mode": "geometric", "shade_fraction": 0.8255118209972105, "direct_exposure_fraction": 0.17448817900278946}, "geometry": {"type": "LineString", "coordinates": [[75.855846, 22.722123199999988], [75.8558191, 22.7219183]]}}, {"type": "Feature", "properties": {"segment_id": "osm-3732908423-3732908422-0", "length_m": 18.504686757797813, "canonical_time": "15:00", "exposure_value": 1.0, "temperature_proxy_c": 42.0, "normalized_temperature_factor": 1.0, "source_type": "derived", "source_reference": "Cached geometric shade snapshot and configured prototype temperature curve", "observed_or_estimated": "ESTIMATED", "modelled_or_interpolated": "MODELLED", "timestamp": "2026-05-15T15:00:00+05:30", "assumptions_version": "2026-10-09-prompt-5a-interventions", "computation_mode": "geometric", "shade_fraction": 0.0, "direct_exposure_fraction": 1.0}, "geometry": {"type": "LineString", "coordinates": [[75.855846, 22.722123199999988], [75.8559356, 22.7220986], [75.8560103, 22.722057699999997]]}}, {"type": "Feature", "properties": {"segment_id": "osm-3732908424-3732908423-0", "length_m": 17.098588235490052, "canonical_time": "15:00", "exposure_value": 1.0, "temperature_proxy_c": 42.0, "normalized_temperature_factor": 1.0, "source_type": "derived", "source_reference": "Cached geometric shade snapshot and configured prototype temperature curve", "observed_or_estimated": "ESTIMATED", "modelled_or_interpolated": "MODELLED", "timestamp": "2026-05-15T15:00:00+05:30", "assumptions_version": "2026-10-09-prompt-5a-interventions", "computation_mode": "geometric", "shade_fraction": 0.0, "direct_exposure_fraction": 1.0}, "geometry": {"type": "LineString", "coordinates": [[75.8556801, 22.722136199999998], [75.855846, 22.722123199999988]]}}, {"type": "Feature", "properties": {"segment_id": "osm-3732908424-2025111381-0", "length_m": 3.938856407509762, "canonical_time": "15:00", "exposure_value": 1.0, "temperature_proxy_c": 42.0, "normalized_temperature_factor": 1.0, "source_type": "derived", "source_reference": "Cached geometric shade snapshot and configured prototype temperature curve", "observed_or_estimated": "ESTIMATED", "modelled_or_interpolated": "MODELLED", "timestamp": "2026-05-15T15:00:00+05:30", "assumptions_version": "2026-10-09-prompt-5a-interventions", "computation_mode": "geometric", "shade_fraction": 0.0, "direct_exposure_fraction": 1.0}, "geometry": {"type": "LineString", "coordinates": [[75.8556801, 22.722136199999998], [75.8556609, 22.722167]]}}, {"type": "Feature", "properties": {"segment_id": "osm-3732908424-3732908418-0", "length_m": 24.138370544817608, "canonical_time": "15:00", "exposure_value": 0.13557691822639828, "temperature_proxy_c": 42.0, "normalized_temperature_factor": 1.0, "source_type": "derived", "source_reference": "Cached geometric shade snapshot and configured prototype temperature curve", "observed_or_estimated": "ESTIMATED", "modelled_or_interpolated": "MODELLED", "timestamp": "2026-05-15T15:00:00+05:30", "assumptions_version": "2026-10-09-prompt-5a-interventions", "computation_mode": "geometric", "shade_fraction": 0.8644230817736017, "direct_exposure_fraction": 0.13557691822639828}, "geometry": {"type": "LineString", "coordinates": [[75.8556801, 22.722136199999998], [75.855652, 22.7219706], [75.8556522, 22.7219202]]}}, {"type": "Feature", "properties": {"segment_id": "osm-3732996655-2025111270-0", "length_m": 4.657242164658771, "canonical_time": "15:00", "exposure_value": 1.0, "temperature_proxy_c": 42.0, "normalized_temperature_factor": 1.0, "source_type": "derived", "source_reference": "Cached geometric shade snapshot and configured prototype temperature curve", "observed_or_estimated": "ESTIMATED", "modelled_or_interpolated": "MODELLED", "timestamp": "2026-05-15T15:00:00+05:30", "assumptions_version": "2026-10-09-prompt-5a-interventions", "computation_mode": "geometric", "shade_fraction": 0.0, "direct_exposure_fraction": 1.0}, "geometry": {"type": "LineString", "coordinates": [[75.8555244, 22.721199700000003], [75.8555694, 22.7212049]]}}, {"type": "Feature", "properties": {"segment_id": "osm-3732996655-8478005593-0", "length_m": 19.570918173793373, "canonical_time": "15:00", "exposure_value": 1.0, "temperature_proxy_c": 42.0, "normalized_temperature_factor": 1.0, "source_type": "derived", "source_reference": "Cached geometric shade snapshot and configured prototype temperature curve", "observed_or_estimated": "ESTIMATED", "modelled_or_interpolated": "MODELLED", "timestamp": "2026-05-15T15:00:00+05:30", "assumptions_version": "2026-10-09-prompt-5a-interventions", "computation_mode": "geometric", "shade_fraction": 0.0, "direct_exposure_fraction": 1.0}, "geometry": {"type": "LineString", "coordinates": [[75.8555244, 22.721199700000003], [75.855335, 22.7211802]]}}, {"type": "Feature", "properties": {"segment_id": "osm-3732996655-3732908390-0", "length_m": 29.968223419551283, "canonical_time": "15:00", "exposure_value": 0.23734531880029974, "temperature_proxy_c": 42.0, "normalized_temperature_factor": 1.0, "source_type": "derived", "source_reference": "Cached geometric shade snapshot and configured prototype temperature curve", "observed_or_estimated": "ESTIMATED", "modelled_or_interpolated": "MODELLED", "timestamp": "2026-05-15T15:00:00+05:30", "assumptions_version": "2026-10-09-prompt-5a-interventions", "computation_mode": "geometric", "shade_fraction": 0.7626546811997003, "direct_exposure_fraction": 0.23734531880029974}, "geometry": {"type": "LineString", "coordinates": [[75.8555244, 22.721199700000003], [75.8555245, 22.7214704]]}}, {"type": "Feature", "properties": {"segment_id": "osm-3732996657-3732996660-0", "length_m": 58.689847836444585, "canonical_time": "15:00", "exposure_value": 0.5483480389080044, "temperature_proxy_c": 42.0, "normalized_temperature_factor": 1.0, "source_type": "derived", "source_reference": "Cached geometric shade snapshot and configured prototype temperature curve", "observed_or_estimated": "ESTIMATED", "modelled_or_interpolated": "MODELLED", "timestamp": "2026-05-15T15:00:00+05:30", "assumptions_version": "2026-10-09-prompt-5a-interventions", "computation_mode": "geometric", "shade_fraction": 0.4516519610919955, "direct_exposure_fraction": 0.5483480389080044}, "geometry": {"type": "LineString", "coordinates": [[75.8571019, 22.7215628], [75.8571133, 22.721727299999994], [75.857116, 22.7217658], [75.85712450000001, 22.7218636], [75.8570686, 22.721861099999995], [75.8570369, 22.72186269999999], [75.8568782, 22.721861000000004]]}}, {"type": "Feature", "properties": {"segment_id": "osm-3732996657-8460393386-0", "length_m": 36.06676300532204, "canonical_time": "15:00", "exposure_value": 1.0, "temperature_proxy_c": 42.0, "normalized_temperature_factor": 1.0, "source_type": "derived", "source_reference": "Cached geometric shade snapshot and configured prototype temperature curve", "observed_or_estimated": "ESTIMATED", "modelled_or_interpolated": "MODELLED", "timestamp": "2026-05-15T15:00:00+05:30", "assumptions_version": "2026-10-09-prompt-5a-interventions", "computation_mode": "geometric", "shade_fraction": 0.0, "direct_exposure_fraction": 1.0}, "geometry": {"type": "LineString", "coordinates": [[75.8571019, 22.7215628], [75.8570274, 22.721557099999995], [75.8568581, 22.7215488], [75.85679820000001, 22.7215206], [75.8567592, 22.7215136]]}}, {"type": "Feature", "properties": {"segment_id": "osm-3732996657-2025111317-0", "length_m": 54.21188010844449, "canonical_time": "15:00", "exposure_value": 1.0, "temperature_proxy_c": 42.0, "normalized_temperature_factor": 1.0, "source_type": "derived", "source_reference": "Cached geometric shade snapshot and configured prototype temperature curve", "observed_or_estimated": "ESTIMATED", "modelled_or_interpolated": "MODELLED", "timestamp": "2026-05-15T15:00:00+05:30", "assumptions_version": "2026-10-09-prompt-5a-interventions", "computation_mode": "geometric", "shade_fraction": 0.0, "direct_exposure_fraction": 1.0}, "geometry": {"type": "LineString", "coordinates": [[75.8571019, 22.7215628], [75.8572866, 22.721574599999993], [75.8574234, 22.721593199999997], [75.8576271, 22.721609600000004]]}}, {"type": "Feature", "properties": {"segment_id": "osm-3732996660-6617250816-0", "length_m": 33.90284523961031, "canonical_time": "15:00", "exposure_value": 1.0, "temperature_proxy_c": 42.0, "normalized_temperature_factor": 1.0, "source_type": "derived", "source_reference": "Cached geometric shade snapshot and configured prototype temperature curve", "observed_or_estimated": "ESTIMATED", "modelled_or_interpolated": "MODELLED", "timestamp": "2026-05-15T15:00:00+05:30", "assumptions_version": "2026-10-09-prompt-5a-interventions", "computation_mode": "geometric", "shade_fraction": 0.0, "direct_exposure_fraction": 1.0}, "geometry": {"type": "LineString", "coordinates": [[75.8568782, 22.721861000000004], [75.8569364, 22.7219917], [75.8570003, 22.7221455]]}}, {"type": "Feature", "properties": {"segment_id": "osm-3732996660-2025111313-0", "length_m": 35.803684307767675, "canonical_time": "15:00", "exposure_value": 1.0, "temperature_proxy_c": 42.0, "normalized_temperature_factor": 1.0, "source_type": "derived", "source_reference": "Cached geometric shade snapshot and configured prototype temperature curve", "observed_or_estimated": "ESTIMATED", "modelled_or_interpolated": "MODELLED", "timestamp": "2026-05-15T15:00:00+05:30", "assumptions_version": "2026-10-09-prompt-5a-interventions", "computation_mode": "geometric", "shade_fraction": 0.0, "direct_exposure_fraction": 1.0}, "geometry": {"type": "LineString", "coordinates": [[75.8568782, 22.721861000000004], [75.8568186, 22.7217275], [75.8567096, 22.72157989999999]]}}, {"type": "Feature", "properties": {"segment_id": "osm-3732996660-3732996657-0", "length_m": 58.689847836444585, "canonical_time": "15:00", "exposure_value": 0.5483480389080044, "temperature_proxy_c": 42.0, "normalized_temperature_factor": 1.0, "source_type": "derived", "source_reference": "Cached geometric shade snapshot and configured prototype temperature curve", "observed_or_estimated": "ESTIMATED", "modelled_or_interpolated": "MODELLED", "timestamp": "2026-05-15T15:00:00+05:30", "assumptions_version": "2026-10-09-prompt-5a-interventions", "computation_mode": "geometric", "shade_fraction": 0.4516519610919955, "direct_exposure_fraction": 0.5483480389080044}, "geometry": {"type": "LineString", "coordinates": [[75.8568782, 22.721861000000004], [75.8570369, 22.72186269999999], [75.8570686, 22.721861099999995], [75.85712450000001, 22.7218636], [75.857116, 22.7217658], [75.8571133, 22.721727299999994], [75.8571019, 22.7215628]]}}, {"type": "Feature", "properties": {"segment_id": "osm-3732996662-6617250816-0", "length_m": 16.543237704136253, "canonical_time": "15:00", "exposure_value": 1.0, "temperature_proxy_c": 42.0, "normalized_temperature_factor": 1.0, "source_type": "derived", "source_reference": "Cached geometric shade snapshot and configured prototype temperature curve", "observed_or_estimated": "ESTIMATED", "modelled_or_interpolated": "MODELLED", "timestamp": "2026-05-15T15:00:00+05:30", "assumptions_version": "2026-10-09-prompt-5a-interventions", "computation_mode": "geometric", "shade_fraction": 0.0, "direct_exposure_fraction": 1.0}, "geometry": {"type": "LineString", "coordinates": [[75.8571598, 22.7221664], [75.8570003, 22.7221455]]}}, {"type": "Feature", "properties": {"segment_id": "osm-3734463375-3734463409-0", "length_m": 126.69158148728829, "canonical_time": "15:00", "exposure_value": 0.4406116961716767, "temperature_proxy_c": 42.0, "normalized_temperature_factor": 1.0, "source_type": "derived", "source_reference": "Cached geometric shade snapshot and configured prototype temperature curve", "observed_or_estimated": "ESTIMATED", "modelled_or_interpolated": "MODELLED", "timestamp": "2026-05-15T15:00:00+05:30", "assumptions_version": "2026-10-09-prompt-5a-interventions", "computation_mode": "geometric", "shade_fraction": 0.5593883038283233, "direct_exposure_fraction": 0.4406116961716767}, "geometry": {"type": "LineString", "coordinates": [[75.8547878, 22.719950599999994], [75.8547398, 22.72009449999999], [75.8546996, 22.72021929999999], [75.8546393, 22.7202662], [75.8545926, 22.720430799999992], [75.8545335, 22.720587399999996], [75.8545162, 22.720701], [75.8545028, 22.720826999999993], [75.8545176, 22.721039599999994]]}}, {"type": "Feature", "properties": {"segment_id": "osm-3734463375-3734496854-0", "length_m": 46.73267330197824, "canonical_time": "15:00", "exposure_value": 1.0, "temperature_proxy_c": 42.0, "normalized_temperature_factor": 1.0, "source_type": "derived", "source_reference": "Cached geometric shade snapshot and configured prototype temperature curve", "observed_or_estimated": "ESTIMATED", "modelled_or_interpolated": "MODELLED", "timestamp": "2026-05-15T15:00:00+05:30", "assumptions_version": "2026-10-09-prompt-5a-interventions", "computation_mode": "geometric", "shade_fraction": 0.0, "direct_exposure_fraction": 1.0}, "geometry": {"type": "LineString", "coordinates": [[75.8547878, 22.719950599999994], [75.8549508, 22.719938399999993], [75.8551462, 22.719970000000004], [75.855238, 22.719984699999998]]}}, {"type": "Feature", "properties": {"segment_id": "osm-3734463375-3734496853-0", "length_m": 60.229128374837714, "canonical_time": "15:00", "exposure_value": 1.0, "temperature_proxy_c": 42.0, "normalized_temperature_factor": 1.0, "source_type": "derived", "source_reference": "Cached geometric shade snapshot and configured prototype temperature curve", "observed_or_estimated": "ESTIMATED", "modelled_or_interpolated": "MODELLED", "timestamp": "2026-05-15T15:00:00+05:30", "assumptions_version": "2026-10-09-prompt-5a-interventions", "computation_mode": "geometric", "shade_fraction": 0.0, "direct_exposure_fraction": 1.0}, "geometry": {"type": "LineString", "coordinates": [[75.8547878, 22.719950599999994], [75.8545804, 22.7199469], [75.8542777, 22.7199556], [75.8542055, 22.719978100000002]]}}, {"type": "Feature", "properties": {"segment_id": "osm-3734463378-3734496853-0", "length_m": 5.025128994276172, "canonical_time": "15:00", "exposure_value": 1.0, "temperature_proxy_c": 42.0, "normalized_temperature_factor": 1.0, "source_type": "derived", "source_reference": "Cached geometric shade snapshot and configured prototype temperature curve", "observed_or_estimated": "ESTIMATED", "modelled_or_interpolated": "MODELLED", "timestamp": "2026-05-15T15:00:00+05:30", "assumptions_version": "2026-10-09-prompt-5a-interventions", "computation_mode": "geometric", "shade_fraction": 0.0, "direct_exposure_fraction": 1.0}, "geometry": {"type": "LineString", "coordinates": [[75.8541567, 22.719981399999988], [75.8542055, 22.719978100000002]]}}, {"type": "Feature", "properties": {"segment_id": "osm-3734463378-3665539311-0", "length_m": 119.13099281839894, "canonical_time": "15:00", "exposure_value": 0.6700278792705627, "temperature_proxy_c": 42.0, "normalized_temperature_factor": 1.0, "source_type": "derived", "source_reference": "Cached geometric shade snapshot and configured prototype temperature curve", "observed_or_estimated": "ESTIMATED", "modelled_or_interpolated": "MODELLED", "timestamp": "2026-05-15T15:00:00+05:30", "assumptions_version": "2026-10-09-prompt-5a-interventions", "computation_mode": "geometric", "shade_fraction": 0.3299721207294372, "direct_exposure_fraction": 0.6700278792705627}, "geometry": {"type": "LineString", "coordinates": [[75.8541567, 22.719981399999988], [75.8542192, 22.72045569999999], [75.8542473, 22.7210534]]}}, {"type": "Feature", "properties": {"segment_id": "osm-3734463378-3734463385-0", "length_m": 187.1733935782785, "canonical_time": "15:00", "exposure_value": 1.0, "temperature_proxy_c": 42.0, "normalized_temperature_factor": 1.0, "source_type": "derived", "source_reference": "Cached geometric shade snapshot and configured prototype temperature curve", "observed_or_estimated": "ESTIMATED", "modelled_or_interpolated": "MODELLED", "timestamp": "2026-05-15T15:00:00+05:30", "assumptions_version": "2026-10-09-prompt-5a-interventions", "computation_mode": "geometric", "shade_fraction": 0.0, "direct_exposure_fraction": 1.0}, "geometry": {"type": "LineString", "coordinates": [[75.8541567, 22.719981399999988], [75.853621, 22.720125399999997], [75.8531665, 22.720219800000006], [75.8530006, 22.72026039999999], [75.8526816, 22.7203172], [75.8523801, 22.720341300000005]]}}, {"type": "Feature", "properties": {"segment_id": "osm-3734463385-3734496860-0", "length_m": 35.014281799277356, "canonical_time": "15:00", "exposure_value": 0.8175860112823213, "temperature_proxy_c": 42.0, "normalized_temperature_factor": 1.0, "source_type": "derived", "source_reference": "Cached geometric shade snapshot and configured prototype temperature curve", "observed_or_estimated": "ESTIMATED", "modelled_or_interpolated": "MODELLED", "timestamp": "2026-05-15T15:00:00+05:30", "assumptions_version": "2026-10-09-prompt-5a-interventions", "computation_mode": "geometric", "shade_fraction": 0.18241398871767867, "direct_exposure_fraction": 0.8175860112823213}, "geometry": {"type": "LineString", "coordinates": [[75.8523801, 22.720341300000005], [75.85231870000001, 22.720315399999997], [75.8522449, 22.720274899999996], [75.8521824, 22.720194099999993], [75.852151, 22.7201253]]}}, {"type": "Feature", "properties": {"segment_id": "osm-3734463385-3734463378-0", "length_m": 187.17339357827854, "canonical_time": "15:00", "exposure_value": 1.0, "temperature_proxy_c": 42.0, "normalized_temperature_factor": 1.0, "source_type": "derived", "source_reference": "Cached geometric shade snapshot and configured prototype temperature curve", "observed_or_estimated": "ESTIMATED", "modelled_or_interpolated": "MODELLED", "timestamp": "2026-05-15T15:00:00+05:30", "assumptions_version": "2026-10-09-prompt-5a-interventions", "computation_mode": "geometric", "shade_fraction": 0.0, "direct_exposure_fraction": 1.0}, "geometry": {"type": "LineString", "coordinates": [[75.8523801, 22.720341300000005], [75.8526816, 22.7203172], [75.8530006, 22.72026039999999], [75.8531665, 22.720219800000006], [75.853621, 22.720125399999997], [75.8541567, 22.719981399999988]]}}, {"type": "Feature", "properties": {"segment_id": "osm-3734463385-3734463404-0", "length_m": 75.85764608020915, "canonical_time": "15:00", "exposure_value": 0.4016469356797572, "temperature_proxy_c": 42.0, "normalized_temperature_factor": 1.0, "source_type": "derived", "source_reference": "Cached geometric shade snapshot and configured prototype temperature curve", "observed_or_estimated": "ESTIMATED", "modelled_or_interpolated": "MODELLED", "timestamp": "2026-05-15T15:00:00+05:30", "assumptions_version": "2026-10-09-prompt-5a-interventions", "computation_mode": "geometric", "shade_fraction": 0.5983530643202428, "direct_exposure_fraction": 0.4016469356797572}, "geometry": {"type": "LineString", "coordinates": [[75.8523801, 22.720341300000005], [75.8523725, 22.7203675], [75.852376, 22.720744299999996], [75.8523988, 22.720848699999998], [75.852423, 22.721022]]}}, {"type": "Feature", "properties": {"segment_id": "osm-3734463399-3665539304-0", "length_m": 28.063740419087274, "canonical_time": "15:00", "exposure_value": 1.0, "temperature_proxy_c": 42.0, "normalized_temperature_factor": 1.0, "source_type": "derived", "source_reference": "Cached geometric shade snapshot and configured prototype temperature curve", "observed_or_estimated": "ESTIMATED", "modelled_or_interpolated": "MODELLED", "timestamp": "2026-05-15T15:00:00+05:30", "assumptions_version": "2026-10-09-prompt-5a-interventions", "computation_mode": "geometric", "shade_fraction": 0.0, "direct_exposure_fraction": 1.0}, "geometry": {"type": "LineString", "coordinates": [[75.8511041, 22.720814], [75.8508353, 22.720859600000008]]}}, {"type": "Feature", "properties": {"segment_id": "osm-3734463399-3665539301-0", "length_m": 26.866229984453852, "canonical_time": "15:00", "exposure_value": 1.0, "temperature_proxy_c": 42.0, "normalized_temperature_factor": 1.0, "source_type": "derived", "source_reference": "Cached geometric shade snapshot and configured prototype temperature curve", "observed_or_estimated": "ESTIMATED", "modelled_or_interpolated": "MODELLED", "timestamp": "2026-05-15T15:00:00+05:30", "assumptions_version": "2026-10-09-prompt-5a-interventions", "computation_mode": "geometric", "shade_fraction": 0.0, "direct_exposure_fraction": 1.0}, "geometry": {"type": "LineString", "coordinates": [[75.8511041, 22.720814], [75.8512252, 22.7207894], [75.85136190000001, 22.72077459999999]]}}, {"type": "Feature", "properties": {"segment_id": "osm-3734463399-8460931654-0", "length_m": 105.40362433190975, "canonical_time": "15:00", "exposure_value": 0.5013939877794409, "temperature_proxy_c": 42.0, "normalized_temperature_factor": 1.0, "source_type": "derived", "source_reference": "Cached geometric shade snapshot and configured prototype temperature curve", "observed_or_estimated": "ESTIMATED", "modelled_or_interpolated": "MODELLED", "timestamp": "2026-05-15T15:00:00+05:30", "assumptions_version": "2026-10-09-prompt-5a-interventions", "computation_mode": "geometric", "shade_fraction": 0.4986060122205591, "direct_exposure_fraction": 0.5013939877794409}, "geometry": {"type": "LineString", "coordinates": [[75.8511041, 22.720814], [75.8510148, 22.719905300000008], [75.8510113, 22.719865799999994]]}}, {"type": "Feature", "properties": {"segment_id": "osm-3734463402-3665539324-0", "length_m": 78.47565759744808, "canonical_time": "15:00", "exposure_value": 1.0, "temperature_proxy_c": 42.0, "normalized_temperature_factor": 1.0, "source_type": "derived", "source_reference": "Cached geometric shade snapshot and configured prototype temperature curve", "observed_or_estimated": "ESTIMATED", "modelled_or_interpolated": "MODELLED", "timestamp": "2026-05-15T15:00:00+05:30", "assumptions_version": "2026-10-09-prompt-5a-interventions", "computation_mode": "geometric", "shade_fraction": 0.0, "direct_exposure_fraction": 1.0}, "geometry": {"type": "LineString", "coordinates": [[75.8501542, 22.720955399999998], [75.8501587, 22.720989599999996], [75.8501868, 22.721194799999992], [75.8502041, 22.7214279], [75.8502063, 22.721661799999993]]}}, {"type": "Feature", "properties": {"segment_id": "osm-3734463403-3665539295-0", "length_m": 31.200780996414807, "canonical_time": "15:00", "exposure_value": 0.9778686312127349, "temperature_proxy_c": 42.0, "normalized_temperature_factor": 1.0, "source_type": "derived", "source_reference": "Cached geometric shade snapshot and configured prototype temperature curve", "observed_or_estimated": "ESTIMATED", "modelled_or_interpolated": "MODELLED", "timestamp": "2026-05-15T15:00:00+05:30", "assumptions_version": "2026-10-09-prompt-5a-interventions", "computation_mode": "geometric", "shade_fraction": 0.022131368787265022, "direct_exposure_fraction": 0.9778686312127349}, "geometry": {"type": "LineString", "coordinates": [[75.85272460000002, 22.72095879999999], [75.8527592, 22.720678799999995]]}}, {"type": "Feature", "properties": {"segment_id": "osm-3734463403-3665539322-0", "length_m": 55.11256713808747, "canonical_time": "15:00", "exposure_value": 1.0, "temperature_proxy_c": 42.0, "normalized_temperature_factor": 1.0, "source_type": "derived", "source_reference": "Cached geometric shade snapshot and configured prototype temperature curve", "observed_or_estimated": "ESTIMATED", "modelled_or_interpolated": "MODELLED", "timestamp": "2026-05-15T15:00:00+05:30", "assumptions_version": "2026-10-09-prompt-5a-interventions", "computation_mode": "geometric", "shade_fraction": 0.0, "direct_exposure_fraction": 1.0}, "geometry": {"type": "LineString", "coordinates": [[75.85272460000002, 22.72095879999999], [75.8526636, 22.7214534]]}}, {"type": "Feature", "properties": {"segment_id": "osm-3734463403-3734463404-0", "length_m": 31.754905865464636, "canonical_time": "15:00", "exposure_value": 1.0, "temperature_proxy_c": 42.0, "normalized_temperature_factor": 1.0, "source_type": "derived", "source_reference": "Cached geometric shade snapshot and configured prototype temperature curve", "observed_or_estimated": "ESTIMATED", "modelled_or_interpolated": "MODELLED", "timestamp": "2026-05-15T15:00:00+05:30", "assumptions_version": "2026-10-09-prompt-5a-interventions", "computation_mode": "geometric", "shade_fraction": 0.0, "direct_exposure_fraction": 1.0}, "geometry": {"type": "LineString", "coordinates": [[75.85272460000002, 22.72095879999999], [75.852423, 22.721022]]}}, {"type": "Feature", "properties": {"segment_id": "osm-3734463404-3734463403-0", "length_m": 31.754905865464636, "canonical_time": "15:00", "exposure_value": 1.0, "temperature_proxy_c": 42.0, "normalized_temperature_factor": 1.0, "source_type": "derived", "source_reference": "Cached geometric shade snapshot and configured prototype temperature curve", "observed_or_estimated": "ESTIMATED", "modelled_or_interpolated": "MODELLED", "timestamp": "2026-05-15T15:00:00+05:30", "assumptions_version": "2026-10-09-prompt-5a-interventions", "computation_mode": "geometric", "shade_fraction": 0.0, "direct_exposure_fraction": 1.0}, "geometry": {"type": "LineString", "coordinates": [[75.852423, 22.721022], [75.85272460000002, 22.72095879999999]]}}, {"type": "Feature", "properties": {"segment_id": "osm-3734463404-3734463407-0", "length_m": 60.40726815518795, "canonical_time": "15:00", "exposure_value": 1.0, "temperature_proxy_c": 42.0, "normalized_temperature_factor": 1.0, "source_type": "derived", "source_reference": "Cached geometric shade snapshot and configured prototype temperature curve", "observed_or_estimated": "ESTIMATED", "modelled_or_interpolated": "MODELLED", "timestamp": "2026-05-15T15:00:00+05:30", "assumptions_version": "2026-10-09-prompt-5a-interventions", "computation_mode": "geometric", "shade_fraction": 0.0, "direct_exposure_fraction": 1.0}, "geometry": {"type": "LineString", "coordinates": [[75.852423, 22.721022], [75.8522607, 22.721009600000002], [75.8520884, 22.721012199999993], [75.8518354, 22.721009599999995]]}}, {"type": "Feature", "properties": {"segment_id": "osm-3734463404-3734463385-0", "length_m": 75.85764608020915, "canonical_time": "15:00", "exposure_value": 0.4016469356797572, "temperature_proxy_c": 42.0, "normalized_temperature_factor": 1.0, "source_type": "derived", "source_reference": "Cached geometric shade snapshot and configured prototype temperature curve", "observed_or_estimated": "ESTIMATED", "modelled_or_interpolated": "MODELLED", "timestamp": "2026-05-15T15:00:00+05:30", "assumptions_version": "2026-10-09-prompt-5a-interventions", "computation_mode": "geometric", "shade_fraction": 0.5983530643202428, "direct_exposure_fraction": 0.4016469356797572}, "geometry": {"type": "LineString", "coordinates": [[75.852423, 22.721022], [75.8523988, 22.720848699999998], [75.852376, 22.720744299999996], [75.8523725, 22.7203675], [75.8523801, 22.720341300000005]]}}, {"type": "Feature", "properties": {"segment_id": "osm-3734463407-3734463404-0", "length_m": 60.40726815518795, "canonical_time": "15:00", "exposure_value": 1.0, "temperature_proxy_c": 42.0, "normalized_temperature_factor": 1.0, "source_type": "derived", "source_reference": "Cached geometric shade snapshot and configured prototype temperature curve", "observed_or_estimated": "ESTIMATED", "modelled_or_interpolated": "MODELLED", "timestamp": "2026-05-15T15:00:00+05:30", "assumptions_version": "2026-10-09-prompt-5a-interventions", "computation_mode": "geometric", "shade_fraction": 0.0, "direct_exposure_fraction": 1.0}, "geometry": {"type": "LineString", "coordinates": [[75.8518354, 22.721009599999995], [75.8520884, 22.721012199999993], [75.8522607, 22.721009600000002], [75.852423, 22.721022]]}}, {"type": "Feature", "properties": {"segment_id": "osm-3734463407-3665594025-0", "length_m": 71.6187332471518, "canonical_time": "15:00", "exposure_value": 0.5676797240491116, "temperature_proxy_c": 42.0, "normalized_temperature_factor": 1.0, "source_type": "derived", "source_reference": "Cached geometric shade snapshot and configured prototype temperature curve", "observed_or_estimated": "ESTIMATED", "modelled_or_interpolated": "MODELLED", "timestamp": "2026-05-15T15:00:00+05:30", "assumptions_version": "2026-10-09-prompt-5a-interventions", "computation_mode": "geometric", "shade_fraction": 0.4323202759508884, "direct_exposure_fraction": 0.5676797240491116}, "geometry": {"type": "LineString", "coordinates": [[75.8518354, 22.721009599999995], [75.8518094, 22.72111389999999], [75.8517973, 22.721222899999994], [75.8517721, 22.7214498], [75.8517937, 22.721651]]}}, {"type": "Feature", "properties": {"segment_id": "osm-3734463407-3665539298-0", "length_m": 28.138532703459873, "canonical_time": "15:00", "exposure_value": 0.23418592475799693, "temperature_proxy_c": 42.0, "normalized_temperature_factor": 1.0, "source_type": "derived", "source_reference": "Cached geometric shade snapshot and configured prototype temperature curve", "observed_or_estimated": "ESTIMATED", "modelled_or_interpolated": "MODELLED", "timestamp": "2026-05-15T15:00:00+05:30", "assumptions_version": "2026-10-09-prompt-5a-interventions", "computation_mode": "geometric", "shade_fraction": 0.7658140752420031, "direct_exposure_fraction": 0.23418592475799693}, "geometry": {"type": "LineString", "coordinates": [[75.8518354, 22.721009599999995], [75.8518451, 22.7209668], [75.85188350000001, 22.7207594]]}}, {"type": "Feature", "properties": {"segment_id": "osm-3734463409-2025111260-0", "length_m": 22.459771950676327, "canonical_time": "15:00", "exposure_value": 0.9602176739035032, "temperature_proxy_c": 42.0, "normalized_temperature_factor": 1.0, "source_type": "derived", "source_reference": "Cached geometric shade snapshot and configured prototype temperature curve", "observed_or_estimated": "ESTIMATED", "modelled_or_interpolated": "MODELLED", "timestamp": "2026-05-15T15:00:00+05:30", "assumptions_version": "2026-10-09-prompt-5a-interventions", "computation_mode": "geometric", "shade_fraction": 0.03978232609649678, "direct_exposure_fraction": 0.9602176739035032}, "geometry": {"type": "LineString", "coordinates": [[75.8545176, 22.721039599999994], [75.8545518, 22.721041400000004], [75.8547272, 22.7210943]]}}, {"type": "Feature", "properties": {"segment_id": "osm-3734463409-3665539311-0", "length_m": 27.892322389175085, "canonical_time": "15:00", "exposure_value": 1.0, "temperature_proxy_c": 42.0, "normalized_temperature_factor": 1.0, "source_type": "derived", "source_reference": "Cached geometric shade snapshot and configured prototype temperature curve", "observed_or_estimated": "ESTIMATED", "modelled_or_interpolated": "MODELLED", "timestamp": "2026-05-15T15:00:00+05:30", "assumptions_version": "2026-10-09-prompt-5a-interventions", "computation_mode": "geometric", "shade_fraction": 0.0, "direct_exposure_fraction": 1.0}, "geometry": {"type": "LineString", "coordinates": [[75.8545176, 22.721039599999994], [75.8542775, 22.72104540000001], [75.8542473, 22.7210534]]}}, {"type": "Feature", "properties": {"segment_id": "osm-3734463409-3734463375-0", "length_m": 126.69158148728827, "canonical_time": "15:00", "exposure_value": 0.4406116961716767, "temperature_proxy_c": 42.0, "normalized_temperature_factor": 1.0, "source_type": "derived", "source_reference": "Cached geometric shade snapshot and configured prototype temperature curve", "observed_or_estimated": "ESTIMATED", "modelled_or_interpolated": "MODELLED", "timestamp": "2026-05-15T15:00:00+05:30", "assumptions_version": "2026-10-09-prompt-5a-interventions", "computation_mode": "geometric", "shade_fraction": 0.5593883038283233, "direct_exposure_fraction": 0.4406116961716767}, "geometry": {"type": "LineString", "coordinates": [[75.8545176, 22.721039599999994], [75.8545028, 22.720826999999993], [75.8545162, 22.720701], [75.8545335, 22.720587399999996], [75.8545926, 22.720430799999992], [75.8546393, 22.7202662], [75.8546996, 22.72021929999999], [75.8547398, 22.72009449999999], [75.8547878, 22.719950599999994]]}}, {"type": "Feature", "properties": {"segment_id": "osm-3734463417-2025111297-0", "length_m": 70.33588526701907, "canonical_time": "15:00", "exposure_value": 0.9559595918624775, "temperature_proxy_c": 42.0, "normalized_temperature_factor": 1.0, "source_type": "derived", "source_reference": "Cached geometric shade snapshot and configured prototype temperature curve", "observed_or_estimated": "ESTIMATED", "modelled_or_interpolated": "MODELLED", "timestamp": "2026-05-15T15:00:00+05:30", "assumptions_version": "2026-10-09-prompt-5a-interventions", "computation_mode": "geometric", "shade_fraction": 0.04404040813752257, "direct_exposure_fraction": 0.9559595918624775}, "geometry": {"type": "LineString", "coordinates": [[75.853968, 22.721415700000005], [75.8539921, 22.7213761], [75.854039, 22.721344000000002], [75.8540846, 22.7213341], [75.8541436, 22.7213279], [75.8544819, 22.721422799999996], [75.8545924, 22.721461]]}}, {"type": "Feature", "properties": {"segment_id": "osm-3734466230-3665594030-0", "length_m": 45.51847081097718, "canonical_time": "15:00", "exposure_value": 1.0, "temperature_proxy_c": 42.0, "normalized_temperature_factor": 1.0, "source_type": "derived", "source_reference": "Cached geometric shade snapshot and configured prototype temperature curve", "observed_or_estimated": "ESTIMATED", "modelled_or_interpolated": "MODELLED", "timestamp": "2026-05-15T15:00:00+05:30", "assumptions_version": "2026-10-09-prompt-5a-interventions", "computation_mode": "geometric", "shade_fraction": 0.0, "direct_exposure_fraction": 1.0}, "geometry": {"type": "LineString", "coordinates": [[75.8513726, 22.721675600000008], [75.8509345, 22.7217379]]}}, {"type": "Feature", "properties": {"segment_id": "osm-3734466230-3665594029-0", "length_m": 43.58658991408619, "canonical_time": "15:00", "exposure_value": 1.0, "temperature_proxy_c": 42.0, "normalized_temperature_factor": 1.0, "source_type": "derived", "source_reference": "Cached geometric shade snapshot and configured prototype temperature curve", "observed_or_estimated": "ESTIMATED", "modelled_or_interpolated": "MODELLED", "timestamp": "2026-05-15T15:00:00+05:30", "assumptions_version": "2026-10-09-prompt-5a-interventions", "computation_mode": "geometric", "shade_fraction": 0.0, "direct_exposure_fraction": 1.0}, "geometry": {"type": "LineString", "coordinates": [[75.8513726, 22.721675600000008], [75.8514905, 22.721675099999985], [75.8517968, 22.72166469999999]]}}, {"type": "Feature", "properties": {"segment_id": "osm-3734466230-3665539301-0", "length_m": 103.00488476943129, "canonical_time": "15:00", "exposure_value": 0.3662133085662147, "temperature_proxy_c": 42.0, "normalized_temperature_factor": 1.0, "source_type": "derived", "source_reference": "Cached geometric shade snapshot and configured prototype temperature curve", "observed_or_estimated": "ESTIMATED", "modelled_or_interpolated": "MODELLED", "timestamp": "2026-05-15T15:00:00+05:30", "assumptions_version": "2026-10-09-prompt-5a-interventions", "computation_mode": "geometric", "shade_fraction": 0.6337866914337853, "direct_exposure_fraction": 0.3662133085662147}, "geometry": {"type": "LineString", "coordinates": [[75.8513726, 22.721675600000008], [75.8513709, 22.7215209], [75.8513749, 22.72150169999999], [75.8513853, 22.7214844], [75.8514256, 22.7214408], [75.8514393, 22.721425], [75.85145, 22.721402699999995], [75.8514521, 22.7213811], [75.8514084, 22.7210733], [75.851377, 22.72091839999999], [75.85136190000001, 22.72077459999999]]}}, {"type": "Feature", "properties": {"segment_id": "osm-3734466242-2025111363-0", "length_m": 13.419015627109932, "canonical_time": "15:00", "exposure_value": 0.8502854280293246, "temperature_proxy_c": 42.0, "normalized_temperature_factor": 1.0, "source_type": "derived", "source_reference": "Cached geometric shade snapshot and configured prototype temperature curve", "observed_or_estimated": "ESTIMATED", "modelled_or_interpolated": "MODELLED", "timestamp": "2026-05-15T15:00:00+05:30", "assumptions_version": "2026-10-09-prompt-5a-interventions", "computation_mode": "geometric", "shade_fraction": 0.14971457197067536, "direct_exposure_fraction": 0.8502854280293246}, "geometry": {"type": "LineString", "coordinates": [[75.8549993, 22.7219581], [75.8551241, 22.721994]]}}, {"type": "Feature", "properties": {"segment_id": "osm-3734466242-2025111355-0", "length_m": 19.132220841819837, "canonical_time": "15:00", "exposure_value": 0.9683187476863299, "temperature_proxy_c": 42.0, "normalized_temperature_factor": 1.0, "source_type": "derived", "source_reference": "Cached geometric shade snapshot and configured prototype temperature curve", "observed_or_estimated": "ESTIMATED", "modelled_or_interpolated": "MODELLED", "timestamp": "2026-05-15T15:00:00+05:30", "assumptions_version": "2026-10-09-prompt-5a-interventions", "computation_mode": "geometric", "shade_fraction": 0.03168125231367012, "direct_exposure_fraction": 0.9683187476863299}, "geometry": {"type": "LineString", "coordinates": [[75.8549993, 22.7219581], [75.8549625, 22.721944099999995], [75.8548797, 22.72193169999999], [75.8548174, 22.7219256]]}}, {"type": "Feature", "properties": {"segment_id": "osm-3734494537-3734494538-0", "length_m": 25.21300637757234, "canonical_time": "15:00", "exposure_value": 1.0, "temperature_proxy_c": 42.0, "normalized_temperature_factor": 1.0, "source_type": "derived", "source_reference": "Cached geometric shade snapshot and configured prototype temperature curve", "observed_or_estimated": "ESTIMATED", "modelled_or_interpolated": "MODELLED", "timestamp": "2026-05-15T15:00:00+05:30", "assumptions_version": "2026-10-09-prompt-5a-interventions", "computation_mode": "geometric", "shade_fraction": 0.0, "direct_exposure_fraction": 1.0}, "geometry": {"type": "LineString", "coordinates": [[75.8516716, 22.7153001], [75.8519157, 22.715324299999992]]}}, {"type": "Feature", "properties": {"segment_id": "osm-3734494537-8474397649-0", "length_m": 33.101963066605784, "canonical_time": "15:00", "exposure_value": 1.0, "temperature_proxy_c": 42.0, "normalized_temperature_factor": 1.0, "source_type": "derived", "source_reference": "Cached geometric shade snapshot and configured prototype temperature curve", "observed_or_estimated": "ESTIMATED", "modelled_or_interpolated": "MODELLED", "timestamp": "2026-05-15T15:00:00+05:30", "assumptions_version": "2026-10-09-prompt-5a-interventions", "computation_mode": "geometric", "shade_fraction": 0.0, "direct_exposure_fraction": 1.0}, "geometry": {"type": "LineString", "coordinates": [[75.8516716, 22.7153001], [75.8513538, 22.715250299999997]]}}, {"type": "Feature", "properties": {"segment_id": "osm-3734494537-3734494541-0", "length_m": 56.5240311876412, "canonical_time": "15:00", "exposure_value": 0.8263851849280385, "temperature_proxy_c": 42.0, "normalized_temperature_factor": 1.0, "source_type": "derived", "source_reference": "Cached geometric shade snapshot and configured prototype temperature curve", "observed_or_estimated": "ESTIMATED", "modelled_or_interpolated": "MODELLED", "timestamp": "2026-05-15T15:00:00+05:30", "assumptions_version": "2026-10-09-prompt-5a-interventions", "computation_mode": "geometric", "shade_fraction": 0.1736148150719615, "direct_exposure_fraction": 0.8263851849280385}, "geometry": {"type": "LineString", "coordinates": [[75.8516716, 22.7153001], [75.85170950000001, 22.71552979999999], [75.8517176, 22.715565699999992], [75.851735, 22.715589200000004], [75.8517632, 22.7156016], [75.8519616, 22.71560089999999]]}}, {"type": "Feature", "properties": {"segment_id": "osm-3734494538-8478005563-0", "length_m": 2.867364819025283, "canonical_time": "15:00", "exposure_value": 1.0, "temperature_proxy_c": 42.0, "normalized_temperature_factor": 1.0, "source_type": "derived", "source_reference": "Cached geometric shade snapshot and configured prototype temperature curve", "observed_or_estimated": "ESTIMATED", "modelled_or_interpolated": "MODELLED", "timestamp": "2026-05-15T15:00:00+05:30", "assumptions_version": "2026-10-09-prompt-5a-interventions", "computation_mode": "geometric", "shade_fraction": 0.0, "direct_exposure_fraction": 1.0}, "geometry": {"type": "LineString", "coordinates": [[75.8519157, 22.715324299999992], [75.8519159, 22.7152984]]}}, {"type": "Feature", "properties": {"segment_id": "osm-3734494538-3734494537-0", "length_m": 25.21300637757234, "canonical_time": "15:00", "exposure_value": 1.0, "temperature_proxy_c": 42.0, "normalized_temperature_factor": 1.0, "source_type": "derived", "source_reference": "Cached geometric shade snapshot and configured prototype temperature curve", "observed_or_estimated": "ESTIMATED", "modelled_or_interpolated": "MODELLED", "timestamp": "2026-05-15T15:00:00+05:30", "assumptions_version": "2026-10-09-prompt-5a-interventions", "computation_mode": "geometric", "shade_fraction": 0.0, "direct_exposure_fraction": 1.0}, "geometry": {"type": "LineString", "coordinates": [[75.8519157, 22.715324299999992], [75.8516716, 22.7153001]]}}, {"type": "Feature", "properties": {"segment_id": "osm-3734494538-3734494541-0", "length_m": 30.98345395981466, "canonical_time": "15:00", "exposure_value": 0.4692228028165615, "temperature_proxy_c": 42.0, "normalized_temperature_factor": 1.0, "source_type": "derived", "source_reference": "Cached geometric shade snapshot and configured prototype temperature curve", "observed_or_estimated": "ESTIMATED", "modelled_or_interpolated": "MODELLED", "timestamp": "2026-05-15T15:00:00+05:30", "assumptions_version": "2026-10-09-prompt-5a-interventions", "computation_mode": "geometric", "shade_fraction": 0.5307771971834385, "direct_exposure_fraction": 0.4692228028165615}, "geometry": {"type": "LineString", "coordinates": [[75.8519157, 22.715324299999992], [75.8519403, 22.7154811], [75.8519616, 22.71560089999999]]}}, {"type": "Feature", "properties": {"segment_id": "osm-3734494541-2027156504-0", "length_m": 29.364116736841403, "canonical_time": "15:00", "exposure_value": 0.36524643189946626, "temperature_proxy_c": 42.0, "normalized_temperature_factor": 1.0, "source_type": "derived", "source_reference": "Cached geometric shade snapshot and configured prototype temperature curve", "observed_or_estimated": "ESTIMATED", "modelled_or_interpolated": "MODELLED", "timestamp": "2026-05-15T15:00:00+05:30", "assumptions_version": "2026-10-09-prompt-5a-interventions", "computation_mode": "geometric", "shade_fraction": 0.6347535681005337, "direct_exposure_fraction": 0.36524643189946626}, "geometry": {"type": "LineString", "coordinates": [[75.8519616, 22.71560089999999], [75.8519308, 22.715864599999996]]}}, {"type": "Feature", "properties": {"segment_id": "osm-3734494541-3734494538-0", "length_m": 30.98345395981466, "canonical_time": "15:00", "exposure_value": 0.4692228028165615, "temperature_proxy_c": 42.0, "normalized_temperature_factor": 1.0, "source_type": "derived", "source_reference": "Cached geometric shade snapshot and configured prototype temperature curve", "observed_or_estimated": "ESTIMATED", "modelled_or_interpolated": "MODELLED", "timestamp": "2026-05-15T15:00:00+05:30", "assumptions_version": "2026-10-09-prompt-5a-interventions", "computation_mode": "geometric", "shade_fraction": 0.5307771971834385, "direct_exposure_fraction": 0.4692228028165615}, "geometry": {"type": "LineString", "coordinates": [[75.8519616, 22.71560089999999], [75.8519403, 22.7154811], [75.8519157, 22.715324299999992]]}}, {"type": "Feature", "properties": {"segment_id": "osm-3734494541-3734494537-0", "length_m": 56.52403118764121, "canonical_time": "15:00", "exposure_value": 0.8263851849280386, "temperature_proxy_c": 42.0, "normalized_temperature_factor": 1.0, "source_type": "derived", "source_reference": "Cached geometric shade snapshot and configured prototype temperature curve", "observed_or_estimated": "ESTIMATED", "modelled_or_interpolated": "MODELLED", "timestamp": "2026-05-15T15:00:00+05:30", "assumptions_version": "2026-10-09-prompt-5a-interventions", "computation_mode": "geometric", "shade_fraction": 0.17361481507196147, "direct_exposure_fraction": 0.8263851849280386}, "geometry": {"type": "LineString", "coordinates": [[75.8519616, 22.71560089999999], [75.8517632, 22.7156016], [75.851735, 22.715589200000004], [75.8517176, 22.715565699999992], [75.85170950000001, 22.71552979999999], [75.8516716, 22.7153001]]}}, {"type": "Feature", "properties": {"segment_id": "osm-3734494544-3734538694-0", "length_m": 4.039808950690573, "canonical_time": "15:00", "exposure_value": 1.0, "temperature_proxy_c": 42.0, "normalized_temperature_factor": 1.0, "source_type": "derived", "source_reference": "Cached geometric shade snapshot and configured prototype temperature curve", "observed_or_estimated": "ESTIMATED", "modelled_or_interpolated": "MODELLED", "timestamp": "2026-05-15T15:00:00+05:30", "assumptions_version": "2026-10-09-prompt-5a-interventions", "computation_mode": "geometric", "shade_fraction": 0.0, "direct_exposure_fraction": 1.0}, "geometry": {"type": "LineString", "coordinates": [[75.8506922, 22.7156585], [75.850654, 22.715649799999994]]}}, {"type": "Feature", "properties": {"segment_id": "osm-3734494544-2027156485-0", "length_m": 33.73802690975518, "canonical_time": "15:00", "exposure_value": 1.0, "temperature_proxy_c": 42.0, "normalized_temperature_factor": 1.0, "source_type": "derived", "source_reference": "Cached geometric shade snapshot and configured prototype temperature curve", "observed_or_estimated": "ESTIMATED", "modelled_or_interpolated": "MODELLED", "timestamp": "2026-05-15T15:00:00+05:30", "assumptions_version": "2026-10-09-prompt-5a-interventions", "computation_mode": "geometric", "shade_fraction": 0.0, "direct_exposure_fraction": 1.0}, "geometry": {"type": "LineString", "coordinates": [[75.8506922, 22.7156585], [75.8510136, 22.715721500000004]]}}, {"type": "Feature", "properties": {"segment_id": "osm-3734494544-3734494554-0", "length_m": 43.23675028675637, "canonical_time": "15:00", "exposure_value": 1.0, "temperature_proxy_c": 42.0, "normalized_temperature_factor": 1.0, "source_type": "derived", "source_reference": "Cached geometric shade snapshot and configured prototype temperature curve", "observed_or_estimated": "ESTIMATED", "modelled_or_interpolated": "MODELLED", "timestamp": "2026-05-15T15:00:00+05:30", "assumptions_version": "2026-10-09-prompt-5a-interventions", "computation_mode": "geometric", "shade_fraction": 0.0, "direct_exposure_fraction": 1.0}, "geometry": {"type": "LineString", "coordinates": [[75.8506922, 22.7156585], [75.8506914, 22.715704299999995], [75.8506852, 22.716049]]}}, {"type": "Feature", "properties": {"segment_id": "osm-3734494548-8478005556-0", "length_m": 71.72121140017677, "canonical_time": "15:00", "exposure_value": 0.51908223411312, "temperature_proxy_c": 42.0, "normalized_temperature_factor": 1.0, "source_type": "derived", "source_reference": "Cached geometric shade snapshot and configured prototype temperature curve", "observed_or_estimated": "ESTIMATED", "modelled_or_interpolated": "MODELLED", "timestamp": "2026-05-15T15:00:00+05:30", "assumptions_version": "2026-10-09-prompt-5a-interventions", "computation_mode": "geometric", "shade_fraction": 0.48091776588688, "direct_exposure_fraction": 0.51908223411312}, "geometry": {"type": "LineString", "coordinates": [[75.8529876, 22.715783099999992], [75.8530162, 22.7152081], [75.8530257, 22.7151364]]}}, {"type": "Feature", "properties": {"segment_id": "osm-3734494548-2027156516-0", "length_m": 28.519413350486687, "canonical_time": "15:00", "exposure_value": 0.4045017547827192, "temperature_proxy_c": 42.0, "normalized_temperature_factor": 1.0, "source_type": "derived", "source_reference": "Cached geometric shade snapshot and configured prototype temperature curve", "observed_or_estimated": "ESTIMATED", "modelled_or_interpolated": "MODELLED", "timestamp": "2026-05-15T15:00:00+05:30", "assumptions_version": "2026-10-09-prompt-5a-interventions", "computation_mode": "geometric", "shade_fraction": 0.5954982452172808, "direct_exposure_fraction": 0.4045017547827192}, "geometry": {"type": "LineString", "coordinates": [[75.8529876, 22.715783099999992], [75.8530103, 22.715893199999996], [75.853004, 22.7160386]]}}, {"type": "Feature", "properties": {"segment_id": "osm-3734494548-3734494551-0", "length_m": 71.74508012975431, "canonical_time": "15:00", "exposure_value": 0.9258254434586852, "temperature_proxy_c": 42.0, "normalized_temperature_factor": 1.0, "source_type": "derived", "source_reference": "Cached geometric shade snapshot and configured prototype temperature curve", "observed_or_estimated": "ESTIMATED", "modelled_or_interpolated": "MODELLED", "timestamp": "2026-05-15T15:00:00+05:30", "assumptions_version": "2026-10-09-prompt-5a-interventions", "computation_mode": "geometric", "shade_fraction": 0.0741745565413148, "direct_exposure_fraction": 0.9258254434586852}, "geometry": {"type": "LineString", "coordinates": [[75.8529876, 22.715783099999992], [75.8527914, 22.715755599999994], [75.8525839, 22.7157389], [75.8525491, 22.7157401], [75.8525223, 22.71575869999999], [75.8525142, 22.715790800000004], [75.8525106, 22.7159652]]}}, {"type": "Feature", "properties": {"segment_id": "osm-3734494551-6611315823-0", "length_m": 38.08400138613958, "canonical_time": "15:00", "exposure_value": 1.0, "temperature_proxy_c": 42.0, "normalized_temperature_factor": 1.0, "source_type": "derived", "source_reference": "Cached geometric shade snapshot and configured prototype temperature curve", "observed_or_estimated": "ESTIMATED", "modelled_or_interpolated": "MODELLED", "timestamp": "2026-05-15T15:00:00+05:30", "assumptions_version": "2026-10-09-prompt-5a-interventions", "computation_mode": "geometric", "shade_fraction": 0.0, "direct_exposure_fraction": 1.0}, "geometry": {"type": "LineString", "coordinates": [[75.8525106, 22.7159652], [75.85214590000001, 22.715903]]}}, {"type": "Feature", "properties": {"segment_id": "osm-3734494551-2027156516-0", "length_m": 51.32172205590466, "canonical_time": "15:00", "exposure_value": 1.0, "temperature_proxy_c": 42.0, "normalized_temperature_factor": 1.0, "source_type": "derived", "source_reference": "Cached geometric shade snapshot and configured prototype temperature curve", "observed_or_estimated": "ESTIMATED", "modelled_or_interpolated": "MODELLED", "timestamp": "2026-05-15T15:00:00+05:30", "assumptions_version": "2026-10-09-prompt-5a-interventions", "computation_mode": "geometric", "shade_fraction": 0.0, "direct_exposure_fraction": 1.0}, "geometry": {"type": "LineString", "coordinates": [[75.8525106, 22.7159652], [75.853004, 22.7160386]]}}, {"type": "Feature", "properties": {"segment_id": "osm-3734494551-3734494548-0", "length_m": 71.74508012975431, "canonical_time": "15:00", "exposure_value": 0.9258254434586852, "temperature_proxy_c": 42.0, "normalized_temperature_factor": 1.0, "source_type": "derived", "source_reference": "Cached geometric shade snapshot and configured prototype temperature curve", "observed_or_estimated": "ESTIMATED", "modelled_or_interpolated": "MODELLED", "timestamp": "2026-05-15T15:00:00+05:30", "assumptions_version": "2026-10-09-prompt-5a-interventions", "computation_mode": "geometric", "shade_fraction": 0.0741745565413148, "direct_exposure_fraction": 0.9258254434586852}, "geometry": {"type": "LineString", "coordinates": [[75.8525106, 22.7159652], [75.8525142, 22.715790800000004], [75.8525223, 22.71575869999999], [75.8525491, 22.7157401], [75.8525839, 22.7157389], [75.8527914, 22.715755599999994], [75.8529876, 22.715783099999992]]}}, {"type": "Feature", "properties": {"segment_id": "osm-3734494554-3734494582-0", "length_m": 35.15430387259862, "canonical_time": "15:00", "exposure_value": 0.28999336255861974, "temperature_proxy_c": 42.0, "normalized_temperature_factor": 1.0, "source_type": "derived", "source_reference": "Cached geometric shade snapshot and configured prototype temperature curve", "observed_or_estimated": "ESTIMATED", "modelled_or_interpolated": "MODELLED", "timestamp": "2026-05-15T15:00:00+05:30", "assumptions_version": "2026-10-09-prompt-5a-interventions", "computation_mode": "geometric", "shade_fraction": 0.7100066374413803, "direct_exposure_fraction": 0.28999336255861974}, "geometry": {"type": "LineString", "coordinates": [[75.8506852, 22.716049], [75.8507116, 22.716365599999996]]}}, {"type": "Feature", "properties": {"segment_id": "osm-3734494554-3734494544-0", "length_m": 43.23675028675637, "canonical_time": "15:00", "exposure_value": 1.0, "temperature_proxy_c": 42.0, "normalized_temperature_factor": 1.0, "source_type": "derived", "source_reference": "Cached geometric shade snapshot and configured prototype temperature curve", "observed_or_estimated": "ESTIMATED", "modelled_or_interpolated": "MODELLED", "timestamp": "2026-05-15T15:00:00+05:30", "assumptions_version": "2026-10-09-prompt-5a-interventions", "computation_mode": "geometric", "shade_fraction": 0.0, "direct_exposure_fraction": 1.0}, "geometry": {"type": "LineString", "coordinates": [[75.8506852, 22.716049], [75.8506914, 22.715704299999995], [75.8506922, 22.7156585]]}}, {"type": "Feature", "properties": {"segment_id": "osm-3734494557-3734494569-0", "length_m": 17.455162699940065, "canonical_time": "15:00", "exposure_value": 0.8301125626391624, "temperature_proxy_c": 42.0, "normalized_temperature_factor": 1.0, "source_type": "derived", "source_reference": "Cached geometric shade snapshot and configured prototype temperature curve", "observed_or_estimated": "ESTIMATED", "modelled_or_interpolated": "MODELLED", "timestamp": "2026-05-15T15:00:00+05:30", "assumptions_version": "2026-10-09-prompt-5a-interventions", "computation_mode": "geometric", "shade_fraction": 0.16988743736083753, "direct_exposure_fraction": 0.8301125626391624}, "geometry": {"type": "LineString", "coordinates": [[75.8516515, 22.716103099999998], [75.8516464, 22.716260700000003]]}}, {"type": "Feature", "properties": {"segment_id": "osm-3734494557-6611315824-0", "length_m": 30.954895272465073, "canonical_time": "15:00", "exposure_value": 0.5610292197030412, "temperature_proxy_c": 42.0, "normalized_temperature_factor": 1.0, "source_type": "derived", "source_reference": "Cached geometric shade snapshot and configured prototype temperature curve", "observed_or_estimated": "ESTIMATED", "modelled_or_interpolated": "MODELLED", "timestamp": "2026-05-15T15:00:00+05:30", "assumptions_version": "2026-10-09-prompt-5a-interventions", "computation_mode": "geometric", "shade_fraction": 0.4389707802969588, "direct_exposure_fraction": 0.5610292197030412}, "geometry": {"type": "LineString", "coordinates": [[75.8516515, 22.716103099999998], [75.8516491, 22.715869], [75.8516486, 22.715823499999996]]}}, {"type": "Feature", "properties": {"segment_id": "osm-3734494557-3734494563-0", "length_m": 48.165535377115845, "canonical_time": "15:00", "exposure_value": 1.0, "temperature_proxy_c": 42.0, "normalized_temperature_factor": 1.0, "source_type": "derived", "source_reference": "Cached geometric shade snapshot and configured prototype temperature curve", "observed_or_estimated": "ESTIMATED", "modelled_or_interpolated": "MODELLED", "timestamp": "2026-05-15T15:00:00+05:30", "assumptions_version": "2026-10-09-prompt-5a-interventions", "computation_mode": "geometric", "shade_fraction": 0.0, "direct_exposure_fraction": 1.0}, "geometry": {"type": "LineString", "coordinates": [[75.8516515, 22.716103099999998], [75.8519212, 22.71612289999999], [75.8521187, 22.716140699999997]]}}, {"type": "Feature", "properties": {"segment_id": "osm-3734494563-6611315825-0", "length_m": 16.015730445049332, "canonical_time": "15:00", "exposure_value": 0.262379072935085, "temperature_proxy_c": 42.0, "normalized_temperature_factor": 1.0, "source_type": "derived", "source_reference": "Cached geometric shade snapshot and configured prototype temperature curve", "observed_or_estimated": "ESTIMATED", "modelled_or_interpolated": "MODELLED", "timestamp": "2026-05-15T15:00:00+05:30", "assumptions_version": "2026-10-09-prompt-5a-interventions", "computation_mode": "geometric", "shade_fraction": 0.737620927064915, "direct_exposure_fraction": 0.262379072935085}, "geometry": {"type": "LineString", "coordinates": [[75.8521187, 22.716140699999997], [75.8520973, 22.716284000000005]]}}, {"type": "Feature", "properties": {"segment_id": "osm-3734494563-6611315823-0", "length_m": 26.462739497854287, "canonical_time": "15:00", "exposure_value": 0.23863180408183948, "temperature_proxy_c": 42.0, "normalized_temperature_factor": 1.0, "source_type": "derived", "source_reference": "Cached geometric shade snapshot and configured prototype temperature curve", "observed_or_estimated": "ESTIMATED", "modelled_or_interpolated": "MODELLED", "timestamp": "2026-05-15T15:00:00+05:30", "assumptions_version": "2026-10-09-prompt-5a-interventions", "computation_mode": "geometric", "shade_fraction": 0.7613681959181605, "direct_exposure_fraction": 0.23863180408183948}, "geometry": {"type": "LineString", "coordinates": [[75.8521187, 22.716140699999997], [75.8521408, 22.715947799999984], [75.85214590000001, 22.715903]]}}, {"type": "Feature", "properties": {"segment_id": "osm-3734494563-3734494557-0", "length_m": 48.165535377115845, "canonical_time": "15:00", "exposure_value": 1.0, "temperature_proxy_c": 42.0, "normalized_temperature_factor": 1.0, "source_type": "derived", "source_reference": "Cached geometric shade snapshot and configured prototype temperature curve", "observed_or_estimated": "ESTIMATED", "modelled_or_interpolated": "MODELLED", "timestamp": "2026-05-15T15:00:00+05:30", "assumptions_version": "2026-10-09-prompt-5a-interventions", "computation_mode": "geometric", "shade_fraction": 0.0, "direct_exposure_fraction": 1.0}, "geometry": {"type": "LineString", "coordinates": [[75.8521187, 22.716140699999997], [75.8519212, 22.71612289999999], [75.8516515, 22.716103099999998]]}}, {"type": "Feature", "properties": {"segment_id": "osm-3734494567-3734494577-0", "length_m": 13.14943022214579, "canonical_time": "15:00", "exposure_value": 1.0, "temperature_proxy_c": 42.0, "normalized_temperature_factor": 1.0, "source_type": "derived", "source_reference": "Cached geometric shade snapshot and configured prototype temperature curve", "observed_or_estimated": "ESTIMATED", "modelled_or_interpolated": "MODELLED", "timestamp": "2026-05-15T15:00:00+05:30", "assumptions_version": "2026-10-09-prompt-5a-interventions", "computation_mode": "geometric", "shade_fraction": 0.0, "direct_exposure_fraction": 1.0}, "geometry": {"type": "LineString", "coordinates": [[75.8526987, 22.71621040000001], [75.85270570000002, 22.716329000000005]]}}, {"type": "Feature", "properties": {"segment_id": "osm-3734494568-3732489062-0", "length_m": 28.7519581013984, "canonical_time": "15:00", "exposure_value": 1.0, "temperature_proxy_c": 42.0, "normalized_temperature_factor": 1.0, "source_type": "derived", "source_reference": "Cached geometric shade snapshot and configured prototype temperature curve", "observed_or_estimated": "ESTIMATED", "modelled_or_interpolated": "MODELLED", "timestamp": "2026-05-15T15:00:00+05:30", "assumptions_version": "2026-10-09-prompt-5a-interventions", "computation_mode": "geometric", "shade_fraction": 0.0, "direct_exposure_fraction": 1.0}, "geometry": {"type": "LineString", "coordinates": [[75.8537394, 22.716150399999997], [75.8534638, 22.716104799999993]]}}, {"type": "Feature", "properties": {"segment_id": "osm-3734494568-2027156525-0", "length_m": 29.20508942843178, "canonical_time": "15:00", "exposure_value": 1.0, "temperature_proxy_c": 42.0, "normalized_temperature_factor": 1.0, "source_type": "derived", "source_reference": "Cached geometric shade snapshot and configured prototype temperature curve", "observed_or_estimated": "ESTIMATED", "modelled_or_interpolated": "MODELLED", "timestamp": "2026-05-15T15:00:00+05:30", "assumptions_version": "2026-10-09-prompt-5a-interventions", "computation_mode": "geometric", "shade_fraction": 0.0, "direct_exposure_fraction": 1.0}, "geometry": {"type": "LineString", "coordinates": [[75.8537394, 22.716150399999997], [75.8540169, 22.716208]]}}, {"type": "Feature", "properties": {"segment_id": "osm-3734494568-2027156502-0", "length_m": 48.73706806371819, "canonical_time": "15:00", "exposure_value": 0.6293251121096116, "temperature_proxy_c": 42.0, "normalized_temperature_factor": 1.0, "source_type": "derived", "source_reference": "Cached geometric shade snapshot and configured prototype temperature curve", "observed_or_estimated": "ESTIMATED", "modelled_or_interpolated": "MODELLED", "timestamp": "2026-05-15T15:00:00+05:30", "assumptions_version": "2026-10-09-prompt-5a-interventions", "computation_mode": "geometric", "shade_fraction": 0.3706748878903884, "direct_exposure_fraction": 0.6293251121096116}, "geometry": {"type": "LineString", "coordinates": [[75.8537394, 22.716150399999997], [75.8537204, 22.715971299999993], [75.8539987, 22.7159384]]}}, {"type": "Feature", "properties": {"segment_id": "osm-3734494569-3734494557-0", "length_m": 17.455162699940065, "canonical_time": "15:00", "exposure_value": 0.8301125626391624, "temperature_proxy_c": 42.0, "normalized_temperature_factor": 1.0, "source_type": "derived", "source_reference": "Cached geometric shade snapshot and configured prototype temperature curve", "observed_or_estimated": "ESTIMATED", "modelled_or_interpolated": "MODELLED", "timestamp": "2026-05-15T15:00:00+05:30", "assumptions_version": "2026-10-09-prompt-5a-interventions", "computation_mode": "geometric", "shade_fraction": 0.16988743736083753, "direct_exposure_fraction": 0.8301125626391624}, "geometry": {"type": "LineString", "coordinates": [[75.8516464, 22.716260700000003], [75.8516515, 22.716103099999998]]}}, {"type": "Feature", "properties": {"segment_id": "osm-3734494569-3734494570-0", "length_m": 30.367618128709395, "canonical_time": "15:00", "exposure_value": 1.0, "temperature_proxy_c": 42.0, "normalized_temperature_factor": 1.0, "source_type": "derived", "source_reference": "Cached geometric shade snapshot and configured prototype temperature curve", "observed_or_estimated": "ESTIMATED", "modelled_or_interpolated": "MODELLED", "timestamp": "2026-05-15T15:00:00+05:30", "assumptions_version": "2026-10-09-prompt-5a-interventions", "computation_mode": "geometric", "shade_fraction": 0.0, "direct_exposure_fraction": 1.0}, "geometry": {"type": "LineString", "coordinates": [[75.8516464, 22.716260700000003], [75.8515491, 22.7162515], [75.8513513, 22.716246399999992]]}}, {"type": "Feature", "properties": {"segment_id": "osm-3734494569-6611315825-0", "length_m": 46.495634473485616, "canonical_time": "15:00", "exposure_value": 1.0, "temperature_proxy_c": 42.0, "normalized_temperature_factor": 1.0, "source_type": "derived", "source_reference": "Cached geometric shade snapshot and configured prototype temperature curve", "observed_or_estimated": "ESTIMATED", "modelled_or_interpolated": "MODELLED", "timestamp": "2026-05-15T15:00:00+05:30", "assumptions_version": "2026-10-09-prompt-5a-interventions", "computation_mode": "geometric", "shade_fraction": 0.0, "direct_exposure_fraction": 1.0}, "geometry": {"type": "LineString", "coordinates": [[75.8516464, 22.716260700000003], [75.8520216, 22.716268999999997], [75.8520973, 22.716284000000005]]}}, {"type": "Feature", "properties": {"segment_id": "osm-3734494570-3734494585-0", "length_m": 13.353260314729344, "canonical_time": "15:00", "exposure_value": 1.0, "temperature_proxy_c": 42.0, "normalized_temperature_factor": 1.0, "source_type": "derived", "source_reference": "Cached geometric shade snapshot and configured prototype temperature curve", "observed_or_estimated": "ESTIMATED", "modelled_or_interpolated": "MODELLED", "timestamp": "2026-05-15T15:00:00+05:30", "assumptions_version": "2026-10-09-prompt-5a-interventions", "computation_mode": "geometric", "shade_fraction": 0.0, "direct_exposure_fraction": 1.0}, "geometry": {"type": "LineString", "coordinates": [[75.8513513, 22.716246399999992], [75.8513536, 22.716367000000005]]}}, {"type": "Feature", "properties": {"segment_id": "osm-3734494570-3734494569-0", "length_m": 30.367618128709395, "canonical_time": "15:00", "exposure_value": 1.0, "temperature_proxy_c": 42.0, "normalized_temperature_factor": 1.0, "source_type": "derived", "source_reference": "Cached geometric shade snapshot and configured prototype temperature curve", "observed_or_estimated": "ESTIMATED", "modelled_or_interpolated": "MODELLED", "timestamp": "2026-05-15T15:00:00+05:30", "assumptions_version": "2026-10-09-prompt-5a-interventions", "computation_mode": "geometric", "shade_fraction": 0.0, "direct_exposure_fraction": 1.0}, "geometry": {"type": "LineString", "coordinates": [[75.8513513, 22.716246399999992], [75.8515491, 22.7162515], [75.8516464, 22.716260700000003]]}}, {"type": "Feature", "properties": {"segment_id": "osm-3734494570-2027156492-0", "length_m": 53.47111805787932, "canonical_time": "15:00", "exposure_value": 1.0, "temperature_proxy_c": 42.0, "normalized_temperature_factor": 1.0, "source_type": "derived", "source_reference": "Cached geometric shade snapshot and configured prototype temperature curve", "observed_or_estimated": "ESTIMATED", "modelled_or_interpolated": "MODELLED", "timestamp": "2026-05-15T15:00:00+05:30", "assumptions_version": "2026-10-09-prompt-5a-interventions", "computation_mode": "geometric", "shade_fraction": 0.0, "direct_exposure_fraction": 1.0}, "geometry": {"type": "LineString", "coordinates": [[75.8513513, 22.716246399999992], [75.8513417, 22.715809599999996], [75.8513407, 22.715763499999994]]}}, {"type": "Feature", "properties": {"segment_id": "osm-3734494575-2027156516-0", "length_m": 32.45960624390125, "canonical_time": "15:00", "exposure_value": 0.4251046178246972, "temperature_proxy_c": 42.0, "normalized_temperature_factor": 1.0, "source_type": "derived", "source_reference": "Cached geometric shade snapshot and configured prototype temperature curve", "observed_or_estimated": "ESTIMATED", "modelled_or_interpolated": "MODELLED", "timestamp": "2026-05-15T15:00:00+05:30", "assumptions_version": "2026-10-09-prompt-5a-interventions", "computation_mode": "geometric", "shade_fraction": 0.5748953821753028, "direct_exposure_fraction": 0.4251046178246972}, "geometry": {"type": "LineString", "coordinates": [[75.8530058, 22.7163318], [75.8530042, 22.71607890000001], [75.853004, 22.7160386]]}}, {"type": "Feature", "properties": {"segment_id": "osm-3734494575-6611316866-0", "length_m": 40.703874250872374, "canonical_time": "15:00", "exposure_value": 0.6791653173699936, "temperature_proxy_c": 42.0, "normalized_temperature_factor": 1.0, "source_type": "derived", "source_reference": "Cached geometric shade snapshot and configured prototype temperature curve", "observed_or_estimated": "ESTIMATED", "modelled_or_interpolated": "MODELLED", "timestamp": "2026-05-15T15:00:00+05:30", "assumptions_version": "2026-10-09-prompt-5a-interventions", "computation_mode": "geometric", "shade_fraction": 0.3208346826300063, "direct_exposure_fraction": 0.6791653173699936}, "geometry": {"type": "LineString", "coordinates": [[75.8530058, 22.7163318], [75.8530077, 22.716670299999997], [75.8530144, 22.716698799999996]]}}, {"type": "Feature", "properties": {"segment_id": "osm-3734494575-3734494577-0", "length_m": 30.8279708279903, "canonical_time": "15:00", "exposure_value": 1.0, "temperature_proxy_c": 42.0, "normalized_temperature_factor": 1.0, "source_type": "derived", "source_reference": "Cached geometric shade snapshot and configured prototype temperature curve", "observed_or_estimated": "ESTIMATED", "modelled_or_interpolated": "MODELLED", "timestamp": "2026-05-15T15:00:00+05:30", "assumptions_version": "2026-10-09-prompt-5a-interventions", "computation_mode": "geometric", "shade_fraction": 0.0, "direct_exposure_fraction": 1.0}, "geometry": {"type": "LineString", "coordinates": [[75.8530058, 22.7163318], [75.8528897, 22.7163283], [75.85270570000002, 22.716329000000005]]}}, {"type": "Feature", "properties": {"segment_id": "osm-3734494577-3734494567-0", "length_m": 13.14943022214579, "canonical_time": "15:00", "exposure_value": 1.0, "temperature_proxy_c": 42.0, "normalized_temperature_factor": 1.0, "source_type": "derived", "source_reference": "Cached geometric shade snapshot and configured prototype temperature curve", "observed_or_estimated": "ESTIMATED", "modelled_or_interpolated": "MODELLED", "timestamp": "2026-05-15T15:00:00+05:30", "assumptions_version": "2026-10-09-prompt-5a-interventions", "computation_mode": "geometric", "shade_fraction": 0.0, "direct_exposure_fraction": 1.0}, "geometry": {"type": "LineString", "coordinates": [[75.85270570000002, 22.716329000000005], [75.8526987, 22.71621040000001]]}}, {"type": "Feature", "properties": {"segment_id": "osm-3734494577-6611315825-0", "length_m": 64.2091208823156, "canonical_time": "15:00", "exposure_value": 1.0, "temperature_proxy_c": 42.0, "normalized_temperature_factor": 1.0, "source_type": "derived", "source_reference": "Cached geometric shade snapshot and configured prototype temperature curve", "observed_or_estimated": "ESTIMATED", "modelled_or_interpolated": "MODELLED", "timestamp": "2026-05-15T15:00:00+05:30", "assumptions_version": "2026-10-09-prompt-5a-interventions", "computation_mode": "geometric", "shade_fraction": 0.0, "direct_exposure_fraction": 1.0}, "geometry": {"type": "LineString", "coordinates": [[75.85270570000002, 22.716329000000005], [75.8526571, 22.7163285], [75.8523199, 22.7163244], [75.8521296, 22.7163181], [75.8520973, 22.716284000000005]]}}, {"type": "Feature", "properties": {"segment_id": "osm-3734494577-3734494575-0", "length_m": 30.8279708279903, "canonical_time": "15:00", "exposure_value": 1.0, "temperature_proxy_c": 42.0, "normalized_temperature_factor": 1.0, "source_type": "derived", "source_reference": "Cached geometric shade snapshot and configured prototype temperature curve", "observed_or_estimated": "ESTIMATED", "modelled_or_interpolated": "MODELLED", "timestamp": "2026-05-15T15:00:00+05:30", "assumptions_version": "2026-10-09-prompt-5a-interventions", "computation_mode": "geometric", "shade_fraction": 0.0, "direct_exposure_fraction": 1.0}, "geometry": {"type": "LineString", "coordinates": [[75.85270570000002, 22.716329000000005], [75.8528897, 22.7163283], [75.8530058, 22.7163318]]}}, {"type": "Feature", "properties": {"segment_id": "osm-3734494580-3734494595-0", "length_m": 35.0882220965287, "canonical_time": "15:00", "exposure_value": 0.3885272271965511, "temperature_proxy_c": 42.0, "normalized_temperature_factor": 1.0, "source_type": "derived", "source_reference": "Cached geometric shade snapshot and configured prototype temperature curve", "observed_or_estimated": "ESTIMATED", "modelled_or_interpolated": "MODELLED", "timestamp": "2026-05-15T15:00:00+05:30", "assumptions_version": "2026-10-09-prompt-5a-interventions", "computation_mode": "geometric", "shade_fraction": 0.6114727728034489, "direct_exposure_fraction": 0.3885272271965511}, "geometry": {"type": "LineString", "coordinates": [[75.850406, 22.7163685], [75.8504261, 22.7166849]]}}, {"type": "Feature", "properties": {"segment_id": "osm-3734494580-3734494582-0", "length_m": 31.389091221180976, "canonical_time": "15:00", "exposure_value": 1.0, "temperature_proxy_c": 42.0, "normalized_temperature_factor": 1.0, "source_type": "derived", "source_reference": "Cached geometric shade snapshot and configured prototype temperature curve", "observed_or_estimated": "ESTIMATED", "modelled_or_interpolated": "MODELLED", "timestamp": "2026-05-15T15:00:00+05:30", "assumptions_version": "2026-10-09-prompt-5a-interventions", "computation_mode": "geometric", "shade_fraction": 0.0, "direct_exposure_fraction": 1.0}, "geometry": {"type": "LineString", "coordinates": [[75.850406, 22.7163685], [75.8504992, 22.716368700000004], [75.8507116, 22.716365599999996]]}}, {"type": "Feature", "properties": {"segment_id": "osm-3734494582-3734494554-0", "length_m": 35.15430387259862, "canonical_time": "15:00", "exposure_value": 0.28999336255861974, "temperature_proxy_c": 42.0, "normalized_temperature_factor": 1.0, "source_type": "derived", "source_reference": "Cached geometric shade snapshot and configured prototype temperature curve", "observed_or_estimated": "ESTIMATED", "modelled_or_interpolated": "MODELLED", "timestamp": "2026-05-15T15:00:00+05:30", "assumptions_version": "2026-10-09-prompt-5a-interventions", "computation_mode": "geometric", "shade_fraction": 0.7100066374413803, "direct_exposure_fraction": 0.28999336255861974}, "geometry": {"type": "LineString", "coordinates": [[75.8507116, 22.716365599999996], [75.8506852, 22.716049]]}}, {"type": "Feature", "properties": {"segment_id": "osm-3734494582-3734494584-0", "length_m": 31.941188557157684, "canonical_time": "15:00", "exposure_value": 1.0, "temperature_proxy_c": 42.0, "normalized_temperature_factor": 1.0, "source_type": "derived", "source_reference": "Cached geometric shade snapshot and configured prototype temperature curve", "observed_or_estimated": "ESTIMATED", "modelled_or_interpolated": "MODELLED", "timestamp": "2026-05-15T15:00:00+05:30", "assumptions_version": "2026-10-09-prompt-5a-interventions", "computation_mode": "geometric", "shade_fraction": 0.0, "direct_exposure_fraction": 1.0}, "geometry": {"type": "LineString", "coordinates": [[75.8507116, 22.716365599999996], [75.8510224, 22.7163552]]}}, {"type": "Feature", "properties": {"segment_id": "osm-3734494582-3734494580-0", "length_m": 31.389091221180976, "canonical_time": "15:00", "exposure_value": 1.0, "temperature_proxy_c": 42.0, "normalized_temperature_factor": 1.0, "source_type": "derived", "source_reference": "Cached geometric shade snapshot and configured prototype temperature curve", "observed_or_estimated": "ESTIMATED", "modelled_or_interpolated": "MODELLED", "timestamp": "2026-05-15T15:00:00+05:30", "assumptions_version": "2026-10-09-prompt-5a-interventions", "computation_mode": "geometric", "shade_fraction": 0.0, "direct_exposure_fraction": 1.0}, "geometry": {"type": "LineString", "coordinates": [[75.8507116, 22.716365599999996], [75.8504992, 22.716368700000004], [75.850406, 22.7163685]]}}, {"type": "Feature", "properties": {"segment_id": "osm-3734494584-3734494582-0", "length_m": 31.941188557157684, "canonical_time": "15:00", "exposure_value": 1.0, "temperature_proxy_c": 42.0, "normalized_temperature_factor": 1.0, "source_type": "derived", "source_reference": "Cached geometric shade snapshot and configured prototype temperature curve", "observed_or_estimated": "ESTIMATED", "modelled_or_interpolated": "MODELLED", "timestamp": "2026-05-15T15:00:00+05:30", "assumptions_version": "2026-10-09-prompt-5a-interventions", "computation_mode": "geometric", "shade_fraction": 0.0, "direct_exposure_fraction": 1.0}, "geometry": {"type": "LineString", "coordinates": [[75.8510224, 22.7163552], [75.8507116, 22.716365599999996]]}}, {"type": "Feature", "properties": {"segment_id": "osm-3734494584-2027156485-0", "length_m": 70.16101436577843, "canonical_time": "15:00", "exposure_value": 1.0, "temperature_proxy_c": 42.0, "normalized_temperature_factor": 1.0, "source_type": "derived", "source_reference": "Cached geometric shade snapshot and configured prototype temperature curve", "observed_or_estimated": "ESTIMATED", "modelled_or_interpolated": "MODELLED", "timestamp": "2026-05-15T15:00:00+05:30", "assumptions_version": "2026-10-09-prompt-5a-interventions", "computation_mode": "geometric", "shade_fraction": 0.0, "direct_exposure_fraction": 1.0}, "geometry": {"type": "LineString", "coordinates": [[75.8510224, 22.7163552], [75.851015, 22.715767], [75.8510136, 22.715721500000004]]}}, {"type": "Feature", "properties": {"segment_id": "osm-3734494584-8478005611-0", "length_m": 8.500192340293129, "canonical_time": "15:00", "exposure_value": 1.0, "temperature_proxy_c": 42.0, "normalized_temperature_factor": 1.0, "source_type": "derived", "source_reference": "Cached geometric shade snapshot and configured prototype temperature curve", "observed_or_estimated": "ESTIMATED", "modelled_or_interpolated": "MODELLED", "timestamp": "2026-05-15T15:00:00+05:30", "assumptions_version": "2026-10-09-prompt-5a-interventions", "computation_mode": "geometric", "shade_fraction": 0.0, "direct_exposure_fraction": 1.0}, "geometry": {"type": "LineString", "coordinates": [[75.8510224, 22.7163552], [75.8510206, 22.716386399999998], [75.8510156, 22.716431699999994]]}}, {"type": "Feature", "properties": {"segment_id": "osm-3734494585-3734494570-0", "length_m": 13.353260314729344, "canonical_time": "15:00", "exposure_value": 1.0, "temperature_proxy_c": 42.0, "normalized_temperature_factor": 1.0, "source_type": "derived", "source_reference": "Cached geometric shade snapshot and configured prototype temperature curve", "observed_or_estimated": "ESTIMATED", "modelled_or_interpolated": "MODELLED", "timestamp": "2026-05-15T15:00:00+05:30", "assumptions_version": "2026-10-09-prompt-5a-interventions", "computation_mode": "geometric", "shade_fraction": 0.0, "direct_exposure_fraction": 1.0}, "geometry": {"type": "LineString", "coordinates": [[75.8513536, 22.716367000000005], [75.8513513, 22.716246399999992]]}}, {"type": "Feature", "properties": {"segment_id": "osm-3734494585-8478005611-0", "length_m": 35.445228666764955, "canonical_time": "15:00", "exposure_value": 1.0, "temperature_proxy_c": 42.0, "normalized_temperature_factor": 1.0, "source_type": "derived", "source_reference": "Cached geometric shade snapshot and configured prototype temperature curve", "observed_or_estimated": "ESTIMATED", "modelled_or_interpolated": "MODELLED", "timestamp": "2026-05-15T15:00:00+05:30", "assumptions_version": "2026-10-09-prompt-5a-interventions", "computation_mode": "geometric", "shade_fraction": 0.0, "direct_exposure_fraction": 1.0}, "geometry": {"type": "LineString", "coordinates": [[75.8513536, 22.716367000000005], [75.8510156, 22.716431699999994]]}}, {"type": "Feature", "properties": {"segment_id": "osm-3734494585-3734494592-0", "length_m": 43.149253016772406, "canonical_time": "15:00", "exposure_value": 1.0, "temperature_proxy_c": 42.0, "normalized_temperature_factor": 1.0, "source_type": "derived", "source_reference": "Cached geometric shade snapshot and configured prototype temperature curve", "observed_or_estimated": "ESTIMATED", "modelled_or_interpolated": "MODELLED", "timestamp": "2026-05-15T15:00:00+05:30", "assumptions_version": "2026-10-09-prompt-5a-interventions", "computation_mode": "geometric", "shade_fraction": 0.0, "direct_exposure_fraction": 1.0}, "geometry": {"type": "LineString", "coordinates": [[75.8513536, 22.716367000000005], [75.8514279, 22.716379699999994], [75.8514695, 22.716393299999996], [75.85149090000002, 22.7164143], [75.8515124, 22.71644519999999], [75.8515307, 22.716657599999994]]}}, {"type": "Feature", "properties": {"segment_id": "osm-3734494592-6611316219-0", "length_m": 16.87353859728329, "canonical_time": "15:00", "exposure_value": 1.0, "temperature_proxy_c": 42.0, "normalized_temperature_factor": 1.0, "source_type": "derived", "source_reference": "Cached geometric shade snapshot and configured prototype temperature curve", "observed_or_estimated": "ESTIMATED", "modelled_or_interpolated": "MODELLED", "timestamp": "2026-05-15T15:00:00+05:30", "assumptions_version": "2026-10-09-prompt-5a-interventions", "computation_mode": "geometric", "shade_fraction": 0.0, "direct_exposure_fraction": 1.0}, "geometry": {"type": "LineString", "coordinates": [[75.8515307, 22.716657599999994], [75.8516947, 22.7166485]]}}, {"type": "Feature", "properties": {"segment_id": "osm-3734494592-6611316218-0", "length_m": 52.62760889409574, "canonical_time": "15:00", "exposure_value": 1.0, "temperature_proxy_c": 42.0, "normalized_temperature_factor": 1.0, "source_type": "derived", "source_reference": "Cached geometric shade snapshot and configured prototype temperature curve", "observed_or_estimated": "ESTIMATED", "modelled_or_interpolated": "MODELLED", "timestamp": "2026-05-15T15:00:00+05:30", "assumptions_version": "2026-10-09-prompt-5a-interventions", "computation_mode": "geometric", "shade_fraction": 0.0, "direct_exposure_fraction": 1.0}, "geometry": {"type": "LineString", "coordinates": [[75.8515307, 22.716657599999994], [75.8513218, 22.7166487], [75.8510191, 22.7166664]]}}, {"type": "Feature", "properties": {"segment_id": "osm-3734494592-3734494585-0", "length_m": 43.14925301677241, "canonical_time": "15:00", "exposure_value": 1.0, "temperature_proxy_c": 42.0, "normalized_temperature_factor": 1.0, "source_type": "derived", "source_reference": "Cached geometric shade snapshot and configured prototype temperature curve", "observed_or_estimated": "ESTIMATED", "modelled_or_interpolated": "MODELLED", "timestamp": "2026-05-15T15:00:00+05:30", "assumptions_version": "2026-10-09-prompt-5a-interventions", "computation_mode": "geometric", "shade_fraction": 0.0, "direct_exposure_fraction": 1.0}, "geometry": {"type": "LineString", "coordinates": [[75.8515307, 22.716657599999994], [75.8515124, 22.71644519999999], [75.85149090000002, 22.7164143], [75.8514695, 22.716393299999996], [75.8514279, 22.716379699999994], [75.8513536, 22.716367000000005]]}}, {"type": "Feature", "properties": {"segment_id": "osm-3734494595-3734494580-0", "length_m": 35.0882220965287, "canonical_time": "15:00", "exposure_value": 0.3885272271965511, "temperature_proxy_c": 42.0, "normalized_temperature_factor": 1.0, "source_type": "derived", "source_reference": "Cached geometric shade snapshot and configured prototype temperature curve", "observed_or_estimated": "ESTIMATED", "modelled_or_interpolated": "MODELLED", "timestamp": "2026-05-15T15:00:00+05:30", "assumptions_version": "2026-10-09-prompt-5a-interventions", "computation_mode": "geometric", "shade_fraction": 0.6114727728034489, "direct_exposure_fraction": 0.3885272271965511}, "geometry": {"type": "LineString", "coordinates": [[75.8504261, 22.7166849], [75.850406, 22.7163685]]}}, {"type": "Feature", "properties": {"segment_id": "osm-3734494595-3734494596-0", "length_m": 8.793964307959738, "canonical_time": "15:00", "exposure_value": 1.0, "temperature_proxy_c": 42.0, "normalized_temperature_factor": 1.0, "source_type": "derived", "source_reference": "Cached geometric shade snapshot and configured prototype temperature curve", "observed_or_estimated": "ESTIMATED", "modelled_or_interpolated": "MODELLED", "timestamp": "2026-05-15T15:00:00+05:30", "assumptions_version": "2026-10-09-prompt-5a-interventions", "computation_mode": "geometric", "shade_fraction": 0.0, "direct_exposure_fraction": 1.0}, "geometry": {"type": "LineString", "coordinates": [[75.8504261, 22.7166849], [75.8505113, 22.7166928]]}}, {"type": "Feature", "properties": {"segment_id": "osm-3734494596-6611316218-0", "length_m": 52.23484289640684, "canonical_time": "15:00", "exposure_value": 1.0, "temperature_proxy_c": 42.0, "normalized_temperature_factor": 1.0, "source_type": "derived", "source_reference": "Cached geometric shade snapshot and configured prototype temperature curve", "observed_or_estimated": "ESTIMATED", "modelled_or_interpolated": "MODELLED", "timestamp": "2026-05-15T15:00:00+05:30", "assumptions_version": "2026-10-09-prompt-5a-interventions", "computation_mode": "geometric", "shade_fraction": 0.0, "direct_exposure_fraction": 1.0}, "geometry": {"type": "LineString", "coordinates": [[75.8505113, 22.7166928], [75.8510191, 22.7166664]]}}, {"type": "Feature", "properties": {"segment_id": "osm-3734494596-3734494595-0", "length_m": 8.793964307959738, "canonical_time": "15:00", "exposure_value": 1.0, "temperature_proxy_c": 42.0, "normalized_temperature_factor": 1.0, "source_type": "derived", "source_reference": "Cached geometric shade snapshot and configured prototype temperature curve", "observed_or_estimated": "ESTIMATED", "modelled_or_interpolated": "MODELLED", "timestamp": "2026-05-15T15:00:00+05:30", "assumptions_version": "2026-10-09-prompt-5a-interventions", "computation_mode": "geometric", "shade_fraction": 0.0, "direct_exposure_fraction": 1.0}, "geometry": {"type": "LineString", "coordinates": [[75.8505113, 22.7166928], [75.8504261, 22.7166849]]}}, {"type": "Feature", "properties": {"segment_id": "osm-3734494596-3734496654-0", "length_m": 102.5124866847197, "canonical_time": "15:00", "exposure_value": 0.46773436699633675, "temperature_proxy_c": 42.0, "normalized_temperature_factor": 1.0, "source_type": "derived", "source_reference": "Cached geometric shade snapshot and configured prototype temperature curve", "observed_or_estimated": "ESTIMATED", "modelled_or_interpolated": "MODELLED", "timestamp": "2026-05-15T15:00:00+05:30", "assumptions_version": "2026-10-09-prompt-5a-interventions", "computation_mode": "geometric", "shade_fraction": 0.5322656330036633, "direct_exposure_fraction": 0.46773436699633675}, "geometry": {"type": "LineString", "coordinates": [[75.8505113, 22.7166928], [75.8505215, 22.7168462], [75.8505287, 22.717062499999997], [75.8505185, 22.717261599999997], [75.850501, 22.7172985], [75.85048, 22.717311199999994], [75.8504486, 22.7173356], [75.8504303, 22.717375199999992], [75.8504237, 22.7174041], [75.8503921, 22.717584100000003]]}}, {"type": "Feature", "properties": {"segment_id": "osm-3734494601-3734494617-0", "length_m": 24.11183768718711, "canonical_time": "15:00", "exposure_value": 1.0, "temperature_proxy_c": 42.0, "normalized_temperature_factor": 1.0, "source_type": "derived", "source_reference": "Cached geometric shade snapshot and configured prototype temperature curve", "observed_or_estimated": "ESTIMATED", "modelled_or_interpolated": "MODELLED", "timestamp": "2026-05-15T15:00:00+05:30", "assumptions_version": "2026-10-09-prompt-5a-interventions", "computation_mode": "geometric", "shade_fraction": 0.0, "direct_exposure_fraction": 1.0}, "geometry": {"type": "LineString", "coordinates": [[75.8535143, 22.7166878], [75.8535141, 22.716905599999997]]}}, {"type": "Feature", "properties": {"segment_id": "osm-3734494601-6611316866-0", "length_m": 51.35611793060415, "canonical_time": "15:00", "exposure_value": 1.0, "temperature_proxy_c": 42.0, "normalized_temperature_factor": 1.0, "source_type": "derived", "source_reference": "Cached geometric shade snapshot and configured prototype temperature curve", "observed_or_estimated": "ESTIMATED", "modelled_or_interpolated": "MODELLED", "timestamp": "2026-05-15T15:00:00+05:30", "assumptions_version": "2026-10-09-prompt-5a-interventions", "computation_mode": "geometric", "shade_fraction": 0.0, "direct_exposure_fraction": 1.0}, "geometry": {"type": "LineString", "coordinates": [[75.8535143, 22.7166878], [75.8530144, 22.716698799999996]]}}, {"type": "Feature", "properties": {"segment_id": "osm-3734494601-3732489062-0", "length_m": 64.74982074175853, "canonical_time": "15:00", "exposure_value": 1.0, "temperature_proxy_c": 42.0, "normalized_temperature_factor": 1.0, "source_type": "derived", "source_reference": "Cached geometric shade snapshot and configured prototype temperature curve", "observed_or_estimated": "ESTIMATED", "modelled_or_interpolated": "MODELLED", "timestamp": "2026-05-15T15:00:00+05:30", "assumptions_version": "2026-10-09-prompt-5a-interventions", "computation_mode": "geometric", "shade_fraction": 0.0, "direct_exposure_fraction": 1.0}, "geometry": {"type": "LineString", "coordinates": [[75.8535143, 22.7166878], [75.8534678, 22.7161511], [75.8534638, 22.716104799999993]]}}, {"type": "Feature", "properties": {"segment_id": "osm-3734494606-3734496670-0", "length_m": 176.38138486401547, "canonical_time": "15:00", "exposure_value": 0.8993709336863885, "temperature_proxy_c": 42.0, "normalized_temperature_factor": 1.0, "source_type": "derived", "source_reference": "Cached geometric shade snapshot and configured prototype temperature curve", "observed_or_estimated": "ESTIMATED", "modelled_or_interpolated": "MODELLED", "timestamp": "2026-05-15T15:00:00+05:30", "assumptions_version": "2026-10-09-prompt-5a-interventions", "computation_mode": "geometric", "shade_fraction": 0.10062906631361143, "direct_exposure_fraction": 0.8993709336863885}, "geometry": {"type": "LineString", "coordinates": [[75.8546448, 22.716781800000003], [75.8546986, 22.7168269], [75.854729, 22.7169004], [75.854767, 22.717037], [75.8547916, 22.71712449999999], [75.85487130000001, 22.717134999999992], [75.8549105, 22.7171475], [75.8548947, 22.7176126], [75.8550877, 22.7176094], [75.8551409, 22.71762469999999], [75.855191, 22.7176586], [75.8552958, 22.717657], [75.8554104, 22.717645199999993], [75.855566, 22.717633899999996]]}}, {"type": "Feature", "properties": {"segment_id": "osm-3734494606-2027156534-0", "length_m": 53.83341086813313, "canonical_time": "15:00", "exposure_value": 0.5084557714528292, "temperature_proxy_c": 42.0, "normalized_temperature_factor": 1.0, "source_type": "derived", "source_reference": "Cached geometric shade snapshot and configured prototype temperature curve", "observed_or_estimated": "ESTIMATED", "modelled_or_interpolated": "MODELLED", "timestamp": "2026-05-15T15:00:00+05:30", "assumptions_version": "2026-10-09-prompt-5a-interventions", "computation_mode": "geometric", "shade_fraction": 0.49154422854717084, "direct_exposure_fraction": 0.5084557714528292}, "geometry": {"type": "LineString", "coordinates": [[75.8546448, 22.716781800000003], [75.8546448, 22.7165615], [75.8546257, 22.716342799999993], [75.8546216, 22.716296399999994]]}}, {"type": "Feature", "properties": {"segment_id": "osm-3734494606-3734496627-0", "length_m": 33.7005342399895, "canonical_time": "15:00", "exposure_value": 0.8112353148772271, "temperature_proxy_c": 42.0, "normalized_temperature_factor": 1.0, "source_type": "derived", "source_reference": "Cached geometric shade snapshot and configured prototype temperature curve", "observed_or_estimated": "ESTIMATED", "modelled_or_interpolated": "MODELLED", "timestamp": "2026-05-15T15:00:00+05:30", "assumptions_version": "2026-10-09-prompt-5a-interventions", "computation_mode": "geometric", "shade_fraction": 0.18876468512277292, "direct_exposure_fraction": 0.8112353148772271}, "geometry": {"type": "LineString", "coordinates": [[75.8546448, 22.716781800000003], [75.854567, 22.716838699999997], [75.8544838, 22.716967499999992], [75.8544413, 22.7170158]]}}, {"type": "Feature", "properties": {"segment_id": "osm-3734494616-3734496627-0", "length_m": 46.288047481980925, "canonical_time": "15:00", "exposure_value": 1.0, "temperature_proxy_c": 42.0, "normalized_temperature_factor": 1.0, "source_type": "derived", "source_reference": "Cached geometric shade snapshot and configured prototype temperature curve", "observed_or_estimated": "ESTIMATED", "modelled_or_interpolated": "MODELLED", "timestamp": "2026-05-15T15:00:00+05:30", "assumptions_version": "2026-10-09-prompt-5a-interventions", "computation_mode": "geometric", "shade_fraction": 0.0, "direct_exposure_fraction": 1.0}, "geometry": {"type": "LineString", "coordinates": [[75.8540151, 22.7168913], [75.8541419, 22.716927100000003], [75.8542161, 22.71694409999999], [75.8543262, 22.716972200000008], [75.854404, 22.7169879], [75.8544413, 22.7170158]]}}, {"type": "Feature", "properties": {"segment_id": "osm-3734494616-3734494617-0", "length_m": 52.107252142764885, "canonical_time": "15:00", "exposure_value": 1.0, "temperature_proxy_c": 42.0, "normalized_temperature_factor": 1.0, "source_type": "derived", "source_reference": "Cached geometric shade snapshot and configured prototype temperature curve", "observed_or_estimated": "ESTIMATED", "modelled_or_interpolated": "MODELLED", "timestamp": "2026-05-15T15:00:00+05:30", "assumptions_version": "2026-10-09-prompt-5a-interventions", "computation_mode": "geometric", "shade_fraction": 0.0, "direct_exposure_fraction": 1.0}, "geometry": {"type": "LineString", "coordinates": [[75.8540151, 22.7168913], [75.8539702, 22.716871599999997], [75.8538975, 22.716878400000006], [75.8536474, 22.7169], [75.8535141, 22.716905599999997]]}}, {"type": "Feature", "properties": {"segment_id": "osm-3734494616-2027156525-0", "length_m": 75.90624523219836, "canonical_time": "15:00", "exposure_value": 0.38460512426356885, "temperature_proxy_c": 42.0, "normalized_temperature_factor": 1.0, "source_type": "derived", "source_reference": "Cached geometric shade snapshot and configured prototype temperature curve", "observed_or_estimated": "ESTIMATED", "modelled_or_interpolated": "MODELLED", "timestamp": "2026-05-15T15:00:00+05:30", "assumptions_version": "2026-10-09-prompt-5a-interventions", "computation_mode": "geometric", "shade_fraction": 0.6153948757364311, "direct_exposure_fraction": 0.38460512426356885}, "geometry": {"type": "LineString", "coordinates": [[75.8540151, 22.7168913], [75.85402460000002, 22.7168368], [75.8540193, 22.71674209999999], [75.854032, 22.716664499999993], [75.8540337, 22.7165889], [75.8540289, 22.716362500000002], [75.8540263, 22.716278899999992], [75.854023, 22.71625439999999], [75.8540169, 22.716208]]}}, {"type": "Feature", "properties": {"segment_id": "osm-3734494617-3734494601-0", "length_m": 24.11183768718711, "canonical_time": "15:00", "exposure_value": 1.0, "temperature_proxy_c": 42.0, "normalized_temperature_factor": 1.0, "source_type": "derived", "source_reference": "Cached geometric shade snapshot and configured prototype temperature curve", "observed_or_estimated": "ESTIMATED", "modelled_or_interpolated": "MODELLED", "timestamp": "2026-05-15T15:00:00+05:30", "assumptions_version": "2026-10-09-prompt-5a-interventions", "computation_mode": "geometric", "shade_fraction": 0.0, "direct_exposure_fraction": 1.0}, "geometry": {"type": "LineString", "coordinates": [[75.8535141, 22.716905599999997], [75.8535143, 22.7166878]]}}, {"type": "Feature", "properties": {"segment_id": "osm-3734494617-3732489063-0", "length_m": 123.81772789768391, "canonical_time": "15:00", "exposure_value": 0.9220554935391, "temperature_proxy_c": 42.0, "normalized_temperature_factor": 1.0, "source_type": "derived", "source_reference": "Cached geometric shade snapshot and configured prototype temperature curve", "observed_or_estimated": "ESTIMATED", "modelled_or_interpolated": "MODELLED", "timestamp": "2026-05-15T15:00:00+05:30", "assumptions_version": "2026-10-09-prompt-5a-interventions", "computation_mode": "geometric", "shade_fraction": 0.0779445064609, "direct_exposure_fraction": 0.9220554935391}, "geometry": {"type": "LineString", "coordinates": [[75.8535141, 22.716905599999997], [75.8535547, 22.718023399999993]]}}, {"type": "Feature", "properties": {"segment_id": "osm-3734494617-3734494616-0", "length_m": 52.107252142764885, "canonical_time": "15:00", "exposure_value": 1.0, "temperature_proxy_c": 42.0, "normalized_temperature_factor": 1.0, "source_type": "derived", "source_reference": "Cached geometric shade snapshot and configured prototype temperature curve", "observed_or_estimated": "ESTIMATED", "modelled_or_interpolated": "MODELLED", "timestamp": "2026-05-15T15:00:00+05:30", "assumptions_version": "2026-10-09-prompt-5a-interventions", "computation_mode": "geometric", "shade_fraction": 0.0, "direct_exposure_fraction": 1.0}, "geometry": {"type": "LineString", "coordinates": [[75.8535141, 22.716905599999997], [75.8536474, 22.7169], [75.8538975, 22.716878400000006], [75.8539702, 22.716871599999997], [75.8540151, 22.7168913]]}}, {"type": "Feature", "properties": {"segment_id": "osm-3734496625-8478005564-0", "length_m": 71.39664021062683, "canonical_time": "15:00", "exposure_value": 0.988225685186473, "temperature_proxy_c": 42.0, "normalized_temperature_factor": 1.0, "source_type": "derived", "source_reference": "Cached geometric shade snapshot and configured prototype temperature curve", "observed_or_estimated": "ESTIMATED", "modelled_or_interpolated": "MODELLED", "timestamp": "2026-05-15T15:00:00+05:30", "assumptions_version": "2026-10-09-prompt-5a-interventions", "computation_mode": "geometric", "shade_fraction": 0.011774314813527021, "direct_exposure_fraction": 0.988225685186473}, "geometry": {"type": "LineString", "coordinates": [[75.85235450000002, 22.717004899999996], [75.8525813, 22.716971], [75.8527315, 22.716963599999996], [75.8528414, 22.716966100000004], [75.853046, 22.716952800000005]]}}, {"type": "Feature", "properties": {"segment_id": "osm-3734496625-3734496628-0", "length_m": 67.23669951613871, "canonical_time": "15:00", "exposure_value": 0.9566364252141047, "temperature_proxy_c": 42.0, "normalized_temperature_factor": 1.0, "source_type": "derived", "source_reference": "Cached geometric shade snapshot and configured prototype temperature curve", "observed_or_estimated": "ESTIMATED", "modelled_or_interpolated": "MODELLED", "timestamp": "2026-05-15T15:00:00+05:30", "assumptions_version": "2026-10-09-prompt-5a-interventions", "computation_mode": "geometric", "shade_fraction": 0.04336357478589524, "direct_exposure_fraction": 0.9566364252141047}, "geometry": {"type": "LineString", "coordinates": [[75.85235450000002, 22.717004899999996], [75.8519438, 22.717009899999997], [75.8517002, 22.7170217]]}}, {"type": "Feature", "properties": {"segment_id": "osm-3734496625-3734496656-0", "length_m": 63.846387161075015, "canonical_time": "15:00", "exposure_value": 0.21325451653273975, "temperature_proxy_c": 42.0, "normalized_temperature_factor": 1.0, "source_type": "derived", "source_reference": "Cached geometric shade snapshot and configured prototype temperature curve", "observed_or_estimated": "ESTIMATED", "modelled_or_interpolated": "MODELLED", "timestamp": "2026-05-15T15:00:00+05:30", "assumptions_version": "2026-10-09-prompt-5a-interventions", "computation_mode": "geometric", "shade_fraction": 0.7867454834672603, "direct_exposure_fraction": 0.21325451653273975}, "geometry": {"type": "LineString", "coordinates": [[75.85235450000002, 22.717004899999996], [75.8523786, 22.7173268], [75.8523965, 22.71758029999999]]}}, {"type": "Feature", "properties": {"segment_id": "osm-3734496627-3734494616-0", "length_m": 46.288047481980925, "canonical_time": "15:00", "exposure_value": 1.0, "temperature_proxy_c": 42.0, "normalized_temperature_factor": 1.0, "source_type": "derived", "source_reference": "Cached geometric shade snapshot and configured prototype temperature curve", "observed_or_estimated": "ESTIMATED", "modelled_or_interpolated": "MODELLED", "timestamp": "2026-05-15T15:00:00+05:30", "assumptions_version": "2026-10-09-prompt-5a-interventions", "computation_mode": "geometric", "shade_fraction": 0.0, "direct_exposure_fraction": 1.0}, "geometry": {"type": "LineString", "coordinates": [[75.8544413, 22.7170158], [75.854404, 22.7169879], [75.8543262, 22.716972200000008], [75.8542161, 22.71694409999999], [75.8541419, 22.716927100000003], [75.8540151, 22.7168913]]}}, {"type": "Feature", "properties": {"segment_id": "osm-3734496627-3734496686-0", "length_m": 125.44545392189947, "canonical_time": "15:00", "exposure_value": 0.9636260970630597, "temperature_proxy_c": 42.0, "normalized_temperature_factor": 1.0, "source_type": "derived", "source_reference": "Cached geometric shade snapshot and configured prototype temperature curve", "observed_or_estimated": "ESTIMATED", "modelled_or_interpolated": "MODELLED", "timestamp": "2026-05-15T15:00:00+05:30", "assumptions_version": "2026-10-09-prompt-5a-interventions", "computation_mode": "geometric", "shade_fraction": 0.036373902936940275, "direct_exposure_fraction": 0.9636260970630597}, "geometry": {"type": "LineString", "coordinates": [[75.8544413, 22.7170158], [75.8543893, 22.717075], [75.8543576, 22.7171111], [75.8542557, 22.717224899999994], [75.8541671, 22.7173685], [75.8541322, 22.71750219999999], [75.8541134, 22.717668100000004], [75.8541, 22.717881000000002], [75.8540906, 22.718024800000006], [75.8540906, 22.7180599]]}}, {"type": "Feature", "properties": {"segment_id": "osm-3734496627-3734494606-0", "length_m": 33.7005342399895, "canonical_time": "15:00", "exposure_value": 0.8112353148772271, "temperature_proxy_c": 42.0, "normalized_temperature_factor": 1.0, "source_type": "derived", "source_reference": "Cached geometric shade snapshot and configured prototype temperature curve", "observed_or_estimated": "ESTIMATED", "modelled_or_interpolated": "MODELLED", "timestamp": "2026-05-15T15:00:00+05:30", "assumptions_version": "2026-10-09-prompt-5a-interventions", "computation_mode": "geometric", "shade_fraction": 0.18876468512277292, "direct_exposure_fraction": 0.8112353148772271}, "geometry": {"type": "LineString", "coordinates": [[75.8544413, 22.7170158], [75.8544838, 22.716967499999992], [75.854567, 22.716838699999997], [75.8546448, 22.716781800000003]]}}, {"type": "Feature", "properties": {"segment_id": "osm-3734496628-3734496625-0", "length_m": 67.23669951613871, "canonical_time": "15:00", "exposure_value": 0.9566364252141047, "temperature_proxy_c": 42.0, "normalized_temperature_factor": 1.0, "source_type": "derived", "source_reference": "Cached geometric shade snapshot and configured prototype temperature curve", "observed_or_estimated": "ESTIMATED", "modelled_or_interpolated": "MODELLED", "timestamp": "2026-05-15T15:00:00+05:30", "assumptions_version": "2026-10-09-prompt-5a-interventions", "computation_mode": "geometric", "shade_fraction": 0.04336357478589524, "direct_exposure_fraction": 0.9566364252141047}, "geometry": {"type": "LineString", "coordinates": [[75.8517002, 22.7170217], [75.8519438, 22.717009899999997], [75.85235450000002, 22.717004899999996]]}}, {"type": "Feature", "properties": {"segment_id": "osm-3734496628-6611316219-0", "length_m": 41.325581755601206, "canonical_time": "15:00", "exposure_value": 0.3107153654798115, "temperature_proxy_c": 42.0, "normalized_temperature_factor": 1.0, "source_type": "derived", "source_reference": "Cached geometric shade snapshot and configured prototype temperature curve", "observed_or_estimated": "ESTIMATED", "modelled_or_interpolated": "MODELLED", "timestamp": "2026-05-15T15:00:00+05:30", "assumptions_version": "2026-10-09-prompt-5a-interventions", "computation_mode": "geometric", "shade_fraction": 0.6892846345201885, "direct_exposure_fraction": 0.3107153654798115}, "geometry": {"type": "LineString", "coordinates": [[75.8517002, 22.7170217], [75.8516935, 22.716665599999995], [75.8516947, 22.7166485]]}}, {"type": "Feature", "properties": {"segment_id": "osm-3734496628-3734496656-0", "length_m": 136.38000988716476, "canonical_time": "15:00", "exposure_value": 0.7799108510209105, "temperature_proxy_c": 42.0, "normalized_temperature_factor": 1.0, "source_type": "derived", "source_reference": "Cached geometric shade snapshot and configured prototype temperature curve", "observed_or_estimated": "ESTIMATED", "modelled_or_interpolated": "MODELLED", "timestamp": "2026-05-15T15:00:00+05:30", "assumptions_version": "2026-10-09-prompt-5a-interventions", "computation_mode": "geometric", "shade_fraction": 0.2200891489790895, "direct_exposure_fraction": 0.7799108510209105}, "geometry": {"type": "LineString", "coordinates": [[75.8517002, 22.7170217], [75.851706, 22.717224800000004], [75.8516642, 22.7175718], [75.8518005, 22.7175681], [75.8520453, 22.717573399999996], [75.8521402, 22.7175734], [75.8523965, 22.71758029999999]]}}, {"type": "Feature", "properties": {"segment_id": "osm-3734496654-3734496665-0", "length_m": 32.79763701807656, "canonical_time": "15:00", "exposure_value": 1.0, "temperature_proxy_c": 42.0, "normalized_temperature_factor": 1.0, "source_type": "derived", "source_reference": "Cached geometric shade snapshot and configured prototype temperature curve", "observed_or_estimated": "ESTIMATED", "modelled_or_interpolated": "MODELLED", "timestamp": "2026-05-15T15:00:00+05:30", "assumptions_version": "2026-10-09-prompt-5a-interventions", "computation_mode": "geometric", "shade_fraction": 0.0, "direct_exposure_fraction": 1.0}, "geometry": {"type": "LineString", "coordinates": [[75.8503921, 22.717584100000003], [75.8504015, 22.717590899999998], [75.850422, 22.717602600000003], [75.850526, 22.7176115], [75.8506267, 22.7176277], [75.8507031, 22.7176341]]}}, {"type": "Feature", "properties": {"segment_id": "osm-3734496654-3734494596-0", "length_m": 102.51248668471975, "canonical_time": "15:00", "exposure_value": 0.46773436699633697, "temperature_proxy_c": 42.0, "normalized_temperature_factor": 1.0, "source_type": "derived", "source_reference": "Cached geometric shade snapshot and configured prototype temperature curve", "observed_or_estimated": "ESTIMATED", "modelled_or_interpolated": "MODELLED", "timestamp": "2026-05-15T15:00:00+05:30", "assumptions_version": "2026-10-09-prompt-5a-interventions", "computation_mode": "geometric", "shade_fraction": 0.532265633003663, "direct_exposure_fraction": 0.46773436699633697}, "geometry": {"type": "LineString", "coordinates": [[75.8503921, 22.717584100000003], [75.8504237, 22.7174041], [75.8504303, 22.717375199999992], [75.8504486, 22.7173356], [75.85048, 22.717311199999994], [75.850501, 22.7172985], [75.8505185, 22.717261599999997], [75.8505287, 22.717062499999997], [75.8505215, 22.7168462], [75.8505113, 22.7166928]]}}, {"type": "Feature", "properties": {"segment_id": "osm-3734496656-3734496628-0", "length_m": 136.38000988716476, "canonical_time": "15:00", "exposure_value": 0.7799108510209105, "temperature_proxy_c": 42.0, "normalized_temperature_factor": 1.0, "source_type": "derived", "source_reference": "Cached geometric shade snapshot and configured prototype temperature curve", "observed_or_estimated": "ESTIMATED", "modelled_or_interpolated": "MODELLED", "timestamp": "2026-05-15T15:00:00+05:30", "assumptions_version": "2026-10-09-prompt-5a-interventions", "computation_mode": "geometric", "shade_fraction": 0.2200891489790895, "direct_exposure_fraction": 0.7799108510209105}, "geometry": {"type": "LineString", "coordinates": [[75.8523965, 22.71758029999999], [75.8521402, 22.7175734], [75.8520453, 22.717573399999996], [75.8518005, 22.7175681], [75.8516642, 22.7175718], [75.851706, 22.717224800000004], [75.8517002, 22.7170217]]}}, {"type": "Feature", "properties": {"segment_id": "osm-3734496656-8478005564-0", "length_m": 144.69895578863324, "canonical_time": "15:00", "exposure_value": 0.7618423060998936, "temperature_proxy_c": 42.0, "normalized_temperature_factor": 1.0, "source_type": "derived", "source_reference": "Cached geometric shade snapshot and configured prototype temperature curve", "observed_or_estimated": "ESTIMATED", "modelled_or_interpolated": "MODELLED", "timestamp": "2026-05-15T15:00:00+05:30", "assumptions_version": "2026-10-09-prompt-5a-interventions", "computation_mode": "geometric", "shade_fraction": 0.2381576939001065, "direct_exposure_fraction": 0.7618423060998936}, "geometry": {"type": "LineString", "coordinates": [[75.8523965, 22.71758029999999], [75.8530126, 22.717628200000004], [75.8530493, 22.717622899999995], [75.8530985, 22.717591], [75.8531096, 22.7175445], [75.8530827, 22.717153799999995], [75.85306900000002, 22.7170427], [75.853046, 22.716952800000005]]}}, {"type": "Feature", "properties": {"segment_id": "osm-3734496656-3734496625-0", "length_m": 63.846387161075015, "canonical_time": "15:00", "exposure_value": 0.21325451653273975, "temperature_proxy_c": 42.0, "normalized_temperature_factor": 1.0, "source_type": "derived", "source_reference": "Cached geometric shade snapshot and configured prototype temperature curve", "observed_or_estimated": "ESTIMATED", "modelled_or_interpolated": "MODELLED", "timestamp": "2026-05-15T15:00:00+05:30", "assumptions_version": "2026-10-09-prompt-5a-interventions", "computation_mode": "geometric", "shade_fraction": 0.7867454834672603, "direct_exposure_fraction": 0.21325451653273975}, "geometry": {"type": "LineString", "coordinates": [[75.8523965, 22.71758029999999], [75.8523786, 22.7173268], [75.85235450000002, 22.717004899999996]]}}, {"type": "Feature", "properties": {"segment_id": "osm-3734496665-3734496654-0", "length_m": 32.79763701807656, "canonical_time": "15:00", "exposure_value": 1.0, "temperature_proxy_c": 42.0, "normalized_temperature_factor": 1.0, "source_type": "derived", "source_reference": "Cached geometric shade snapshot and configured prototype temperature curve", "observed_or_estimated": "ESTIMATED", "modelled_or_interpolated": "MODELLED", "timestamp": "2026-05-15T15:00:00+05:30", "assumptions_version": "2026-10-09-prompt-5a-interventions", "computation_mode": "geometric", "shade_fraction": 0.0, "direct_exposure_fraction": 1.0}, "geometry": {"type": "LineString", "coordinates": [[75.8507031, 22.7176341], [75.8506267, 22.7176277], [75.850526, 22.7176115], [75.850422, 22.717602600000003], [75.8504015, 22.717590899999998], [75.8503921, 22.717584100000003]]}}, {"type": "Feature", "properties": {"segment_id": "osm-3734496670-3734494606-0", "length_m": 176.38138486401544, "canonical_time": "15:00", "exposure_value": 0.8993709336863885, "temperature_proxy_c": 42.0, "normalized_temperature_factor": 1.0, "source_type": "derived", "source_reference": "Cached geometric shade snapshot and configured prototype temperature curve", "observed_or_estimated": "ESTIMATED", "modelled_or_interpolated": "MODELLED", "timestamp": "2026-05-15T15:00:00+05:30", "assumptions_version": "2026-10-09-prompt-5a-interventions", "computation_mode": "geometric", "shade_fraction": 0.10062906631361143, "direct_exposure_fraction": 0.8993709336863885}, "geometry": {"type": "LineString", "coordinates": [[75.855566, 22.717633899999996], [75.8554104, 22.717645199999993], [75.8552958, 22.717657], [75.855191, 22.7176586], [75.8551409, 22.71762469999999], [75.8550877, 22.7176094], [75.8548947, 22.7176126], [75.8549105, 22.7171475], [75.85487130000001, 22.717134999999992], [75.8547916, 22.71712449999999], [75.854767, 22.717037], [75.854729, 22.7169004], [75.8546986, 22.7168269], [75.8546448, 22.716781800000003]]}}, {"type": "Feature", "properties": {"segment_id": "osm-3734496670-9523322983-0", "length_m": 33.462618739906205, "canonical_time": "15:00", "exposure_value": 0.4542599274623005, "temperature_proxy_c": 42.0, "normalized_temperature_factor": 1.0, "source_type": "derived", "source_reference": "Cached geometric shade snapshot and configured prototype temperature curve", "observed_or_estimated": "ESTIMATED", "modelled_or_interpolated": "MODELLED", "timestamp": "2026-05-15T15:00:00+05:30", "assumptions_version": "2026-10-09-prompt-5a-interventions", "computation_mode": "geometric", "shade_fraction": 0.5457400725376995, "direct_exposure_fraction": 0.4542599274623005}, "geometry": {"type": "LineString", "coordinates": [[75.855566, 22.717633899999996], [75.8555608, 22.717850099999996], [75.8555792, 22.717934399999997]]}}, {"type": "Feature", "properties": {"segment_id": "osm-3734496670-9523322987-0", "length_m": 135.04408418716127, "canonical_time": "15:00", "exposure_value": 0.6940783476404215, "temperature_proxy_c": 42.0, "normalized_temperature_factor": 1.0, "source_type": "derived", "source_reference": "Cached geometric shade snapshot and configured prototype temperature curve", "observed_or_estimated": "ESTIMATED", "modelled_or_interpolated": "MODELLED", "timestamp": "2026-05-15T15:00:00+05:30", "assumptions_version": "2026-10-09-prompt-5a-interventions", "computation_mode": "geometric", "shade_fraction": 0.3059216523595785, "direct_exposure_fraction": 0.6940783476404215}, "geometry": {"type": "LineString", "coordinates": [[75.855566, 22.717633899999996], [75.855532, 22.7170346], [75.8555146, 22.716870399999998], [75.8554088, 22.716426399999985]]}}, {"type": "Feature", "properties": {"segment_id": "osm-3734496680-3732489063-0", "length_m": 151.62277774464837, "canonical_time": "15:00", "exposure_value": 1.0, "temperature_proxy_c": 42.0, "normalized_temperature_factor": 1.0, "source_type": "derived", "source_reference": "Cached geometric shade snapshot and configured prototype temperature curve", "observed_or_estimated": "ESTIMATED", "modelled_or_interpolated": "MODELLED", "timestamp": "2026-05-15T15:00:00+05:30", "assumptions_version": "2026-10-09-prompt-5a-interventions", "computation_mode": "geometric", "shade_fraction": 0.0, "direct_exposure_fraction": 1.0}, "geometry": {"type": "LineString", "coordinates": [[75.8520809, 22.717945600000004], [75.8527164, 22.7179698], [75.8535547, 22.718023399999993]]}}, {"type": "Feature", "properties": {"segment_id": "osm-3734496680-2025020003-0", "length_m": 98.3927514501522, "canonical_time": "15:00", "exposure_value": 1.0, "temperature_proxy_c": 42.0, "normalized_temperature_factor": 1.0, "source_type": "derived", "source_reference": "Cached geometric shade snapshot and configured prototype temperature curve", "observed_or_estimated": "ESTIMATED", "modelled_or_interpolated": "MODELLED", "timestamp": "2026-05-15T15:00:00+05:30", "assumptions_version": "2026-10-09-prompt-5a-interventions", "computation_mode": "geometric", "shade_fraction": 0.0, "direct_exposure_fraction": 1.0}, "geometry": {"type": "LineString", "coordinates": [[75.8520809, 22.717945600000004], [75.8513458, 22.7178984], [75.8511287, 22.717937599999992]]}}, {"type": "Feature", "properties": {"segment_id": "osm-3734496680-3734496695-0", "length_m": 40.177639613148486, "canonical_time": "15:00", "exposure_value": 0.9889447539523059, "temperature_proxy_c": 42.0, "normalized_temperature_factor": 1.0, "source_type": "derived", "source_reference": "Cached geometric shade snapshot and configured prototype temperature curve", "observed_or_estimated": "ESTIMATED", "modelled_or_interpolated": "MODELLED", "timestamp": "2026-05-15T15:00:00+05:30", "assumptions_version": "2026-10-09-prompt-5a-interventions", "computation_mode": "geometric", "shade_fraction": 0.011055246047694194, "direct_exposure_fraction": 0.9889447539523059}, "geometry": {"type": "LineString", "coordinates": [[75.8520809, 22.717945600000004], [75.8520803, 22.718259599999996], [75.8520872, 22.71830809999999]]}}, {"type": "Feature", "properties": {"segment_id": "osm-3734496685-2025020003-0", "length_m": 10.935980575244917, "canonical_time": "15:00", "exposure_value": 1.0, "temperature_proxy_c": 42.0, "normalized_temperature_factor": 1.0, "source_type": "derived", "source_reference": "Cached geometric shade snapshot and configured prototype temperature curve", "observed_or_estimated": "ESTIMATED", "modelled_or_interpolated": "MODELLED", "timestamp": "2026-05-15T15:00:00+05:30", "assumptions_version": "2026-10-09-prompt-5a-interventions", "computation_mode": "geometric", "shade_fraction": 0.0, "direct_exposure_fraction": 1.0}, "geometry": {"type": "LineString", "coordinates": [[75.851159, 22.7180323], [75.8511287, 22.717937599999992]]}}, {"type": "Feature", "properties": {"segment_id": "osm-3734496685-2025020078-0", "length_m": 121.8420606191732, "canonical_time": "15:00", "exposure_value": 1.0, "temperature_proxy_c": 42.0, "normalized_temperature_factor": 1.0, "source_type": "derived", "source_reference": "Cached geometric shade snapshot and configured prototype temperature curve", "observed_or_estimated": "ESTIMATED", "modelled_or_interpolated": "MODELLED", "timestamp": "2026-05-15T15:00:00+05:30", "assumptions_version": "2026-10-09-prompt-5a-interventions", "computation_mode": "geometric", "shade_fraction": 0.0, "direct_exposure_fraction": 1.0}, "geometry": {"type": "LineString", "coordinates": [[75.851159, 22.7180323], [75.8510731, 22.719129999999993]]}}, {"type": "Feature", "properties": {"segment_id": "osm-3734496686-2025020021-0", "length_m": 140.40221853402363, "canonical_time": "15:00", "exposure_value": 1.0, "temperature_proxy_c": 42.0, "normalized_temperature_factor": 1.0, "source_type": "derived", "source_reference": "Cached geometric shade snapshot and configured prototype temperature curve", "observed_or_estimated": "ESTIMATED", "modelled_or_interpolated": "MODELLED", "timestamp": "2026-05-15T15:00:00+05:30", "assumptions_version": "2026-10-09-prompt-5a-interventions", "computation_mode": "geometric", "shade_fraction": 0.0, "direct_exposure_fraction": 1.0}, "geometry": {"type": "LineString", "coordinates": [[75.8540906, 22.7180599], [75.8542752, 22.718073399999994], [75.8551934, 22.7180706], [75.8553029, 22.7181106], [75.8554029, 22.71820930000001]]}}, {"type": "Feature", "properties": {"segment_id": "osm-3734496686-3732489063-0", "length_m": 55.18729955110561, "canonical_time": "15:00", "exposure_value": 1.0, "temperature_proxy_c": 42.0, "normalized_temperature_factor": 1.0, "source_type": "derived", "source_reference": "Cached geometric shade snapshot and configured prototype temperature curve", "observed_or_estimated": "ESTIMATED", "modelled_or_interpolated": "MODELLED", "timestamp": "2026-05-15T15:00:00+05:30", "assumptions_version": "2026-10-09-prompt-5a-interventions", "computation_mode": "geometric", "shade_fraction": 0.0, "direct_exposure_fraction": 1.0}, "geometry": {"type": "LineString", "coordinates": [[75.8540906, 22.7180599], [75.8538547, 22.718042600000008], [75.8535547, 22.718023399999993]]}}, {"type": "Feature", "properties": {"segment_id": "osm-3734496686-3734496703-0", "length_m": 89.52203349002498, "canonical_time": "15:00", "exposure_value": 0.7418484515735777, "temperature_proxy_c": 42.0, "normalized_temperature_factor": 1.0, "source_type": "derived", "source_reference": "Cached geometric shade snapshot and configured prototype temperature curve", "observed_or_estimated": "ESTIMATED", "modelled_or_interpolated": "MODELLED", "timestamp": "2026-05-15T15:00:00+05:30", "assumptions_version": "2026-10-09-prompt-5a-interventions", "computation_mode": "geometric", "shade_fraction": 0.25815154842642235, "direct_exposure_fraction": 0.7418484515735777}, "geometry": {"type": "LineString", "coordinates": [[75.8540906, 22.7180599], [75.8540785, 22.718277099999995], [75.8540705, 22.718457799999996], [75.8540691, 22.7188681]]}}, {"type": "Feature", "properties": {"segment_id": "osm-3734496686-3734496627-0", "length_m": 125.44545392189947, "canonical_time": "15:00", "exposure_value": 0.9636260970630597, "temperature_proxy_c": 42.0, "normalized_temperature_factor": 1.0, "source_type": "derived", "source_reference": "Cached geometric shade snapshot and configured prototype temperature curve", "observed_or_estimated": "ESTIMATED", "modelled_or_interpolated": "MODELLED", "timestamp": "2026-05-15T15:00:00+05:30", "assumptions_version": "2026-10-09-prompt-5a-interventions", "computation_mode": "geometric", "shade_fraction": 0.036373902936940275, "direct_exposure_fraction": 0.9636260970630597}, "geometry": {"type": "LineString", "coordinates": [[75.8540906, 22.7180599], [75.8540906, 22.718024800000006], [75.8541, 22.717881000000002], [75.8541134, 22.717668100000004], [75.8541322, 22.71750219999999], [75.8541671, 22.7173685], [75.8542557, 22.717224899999994], [75.8543576, 22.7171111], [75.8543893, 22.717075], [75.8544413, 22.7170158]]}}, {"type": "Feature", "properties": {"segment_id": "osm-3734496687-3732489063-0", "length_m": 24.563731269389162, "canonical_time": "15:00", "exposure_value": 0.7309582369071992, "temperature_proxy_c": 42.0, "normalized_temperature_factor": 1.0, "source_type": "derived", "source_reference": "Cached geometric shade snapshot and configured prototype temperature curve", "observed_or_estimated": "ESTIMATED", "modelled_or_interpolated": "MODELLED", "timestamp": "2026-05-15T15:00:00+05:30", "assumptions_version": "2026-10-09-prompt-5a-interventions", "computation_mode": "geometric", "shade_fraction": 0.26904176309280087, "direct_exposure_fraction": 0.7309582369071992}, "geometry": {"type": "LineString", "coordinates": [[75.8535482, 22.7182452], [75.8535547, 22.718023399999993]]}}, {"type": "Feature", "properties": {"segment_id": "osm-3734496687-3732489064-0", "length_m": 74.39131421689721, "canonical_time": "15:00", "exposure_value": 0.7208896997626791, "temperature_proxy_c": 42.0, "normalized_temperature_factor": 1.0, "source_type": "derived", "source_reference": "Cached geometric shade snapshot and configured prototype temperature curve", "observed_or_estimated": "ESTIMATED", "modelled_or_interpolated": "MODELLED", "timestamp": "2026-05-15T15:00:00+05:30", "assumptions_version": "2026-10-09-prompt-5a-interventions", "computation_mode": "geometric", "shade_fraction": 0.27911030023732086, "direct_exposure_fraction": 0.7208896997626791}, "geometry": {"type": "LineString", "coordinates": [[75.8535482, 22.7182452], [75.8536022, 22.7189153]]}}, {"type": "Feature", "properties": {"segment_id": "osm-3734496687-3734496697-0", "length_m": 99.17746748742312, "canonical_time": "15:00", "exposure_value": 0.9103012727758086, "temperature_proxy_c": 42.0, "normalized_temperature_factor": 1.0, "source_type": "derived", "source_reference": "Cached geometric shade snapshot and configured prototype temperature curve", "observed_or_estimated": "ESTIMATED", "modelled_or_interpolated": "MODELLED", "timestamp": "2026-05-15T15:00:00+05:30", "assumptions_version": "2026-10-09-prompt-5a-interventions", "computation_mode": "geometric", "shade_fraction": 0.08969872722419141, "direct_exposure_fraction": 0.9103012727758086}, "geometry": {"type": "LineString", "coordinates": [[75.8535482, 22.7182452], [75.8532558, 22.718251399999993], [75.8530748, 22.7182588], [75.8529662, 22.718267399999988], [75.8527241, 22.718269000000006], [75.852704, 22.71827359999999], [75.8526926, 22.718284099999995], [75.8526886, 22.718300500000005], [75.8526872, 22.718380299999993]]}}, {"type": "Feature", "properties": {"segment_id": "osm-3734496695-3734496697-0", "length_m": 63.92451213098353, "canonical_time": "15:00", "exposure_value": 0.9326726545593972, "temperature_proxy_c": 42.0, "normalized_temperature_factor": 1.0, "source_type": "derived", "source_reference": "Cached geometric shade snapshot and configured prototype temperature curve", "observed_or_estimated": "ESTIMATED", "modelled_or_interpolated": "MODELLED", "timestamp": "2026-05-15T15:00:00+05:30", "assumptions_version": "2026-10-09-prompt-5a-interventions", "computation_mode": "geometric", "shade_fraction": 0.06732734544060283, "direct_exposure_fraction": 0.9326726545593972}, "geometry": {"type": "LineString", "coordinates": [[75.8520872, 22.71830809999999], [75.8523912, 22.7183141], [75.852414, 22.718318200000002], [75.8524425, 22.718329899999997], [75.8524592, 22.718347799999993], [75.8524713, 22.718362100000004], [75.8524907, 22.71837199999999], [75.8525102, 22.718373199999995], [75.8526872, 22.718380299999993]]}}, {"type": "Feature", "properties": {"segment_id": "osm-3734496695-3734496680-0", "length_m": 40.177639613148486, "canonical_time": "15:00", "exposure_value": 0.9889447539523059, "temperature_proxy_c": 42.0, "normalized_temperature_factor": 1.0, "source_type": "derived", "source_reference": "Cached geometric shade snapshot and configured prototype temperature curve", "observed_or_estimated": "ESTIMATED", "modelled_or_interpolated": "MODELLED", "timestamp": "2026-05-15T15:00:00+05:30", "assumptions_version": "2026-10-09-prompt-5a-interventions", "computation_mode": "geometric", "shade_fraction": 0.011055246047694194, "direct_exposure_fraction": 0.9889447539523059}, "geometry": {"type": "LineString", "coordinates": [[75.8520872, 22.71830809999999], [75.8520803, 22.718259599999996], [75.8520809, 22.717945600000004]]}}, {"type": "Feature", "properties": {"segment_id": "osm-3734496695-3734496706-0", "length_m": 87.79355632652911, "canonical_time": "15:00", "exposure_value": 0.9088028028223676, "temperature_proxy_c": 42.0, "normalized_temperature_factor": 1.0, "source_type": "derived", "source_reference": "Cached geometric shade snapshot and configured prototype temperature curve", "observed_or_estimated": "ESTIMATED", "modelled_or_interpolated": "MODELLED", "timestamp": "2026-05-15T15:00:00+05:30", "assumptions_version": "2026-10-09-prompt-5a-interventions", "computation_mode": "geometric", "shade_fraction": 0.09119719717763243, "direct_exposure_fraction": 0.9088028028223676}, "geometry": {"type": "LineString", "coordinates": [[75.8520872, 22.71830809999999], [75.8521071, 22.718447799999993], [75.8521313, 22.718631000000002], [75.8521384, 22.719098499999994]]}}, {"type": "Feature", "properties": {"segment_id": "osm-3734496697-8460931645-0", "length_m": 33.99152437121018, "canonical_time": "15:00", "exposure_value": 0.6732072546942827, "temperature_proxy_c": 42.0, "normalized_temperature_factor": 1.0, "source_type": "derived", "source_reference": "Cached geometric shade snapshot and configured prototype temperature curve", "observed_or_estimated": "ESTIMATED", "modelled_or_interpolated": "MODELLED", "timestamp": "2026-05-15T15:00:00+05:30", "assumptions_version": "2026-10-09-prompt-5a-interventions", "computation_mode": "geometric", "shade_fraction": 0.3267927453057174, "direct_exposure_fraction": 0.6732072546942827}, "geometry": {"type": "LineString", "coordinates": [[75.8526872, 22.718380299999993], [75.8526927, 22.718687300000003]]}}, {"type": "Feature", "properties": {"segment_id": "osm-3734496697-3734496695-0", "length_m": 63.92451213098352, "canonical_time": "15:00", "exposure_value": 0.9326726545593972, "temperature_proxy_c": 42.0, "normalized_temperature_factor": 1.0, "source_type": "derived", "source_reference": "Cached geometric shade snapshot and configured prototype temperature curve", "observed_or_estimated": "ESTIMATED", "modelled_or_interpolated": "MODELLED", "timestamp": "2026-05-15T15:00:00+05:30", "assumptions_version": "2026-10-09-prompt-5a-interventions", "computation_mode": "geometric", "shade_fraction": 0.06732734544060284, "direct_exposure_fraction": 0.9326726545593972}, "geometry": {"type": "LineString", "coordinates": [[75.8526872, 22.718380299999993], [75.8525102, 22.718373199999995], [75.8524907, 22.71837199999999], [75.8524713, 22.718362100000004], [75.8524592, 22.718347799999993], [75.8524425, 22.718329899999997], [75.852414, 22.718318200000002], [75.8523912, 22.7183141], [75.8520872, 22.71830809999999]]}}, {"type": "Feature", "properties": {"segment_id": "osm-3734496697-3734496687-0", "length_m": 99.17746748742313, "canonical_time": "15:00", "exposure_value": 0.9103012727758086, "temperature_proxy_c": 42.0, "normalized_temperature_factor": 1.0, "source_type": "derived", "source_reference": "Cached geometric shade snapshot and configured prototype temperature curve", "observed_or_estimated": "ESTIMATED", "modelled_or_interpolated": "MODELLED", "timestamp": "2026-05-15T15:00:00+05:30", "assumptions_version": "2026-10-09-prompt-5a-interventions", "computation_mode": "geometric", "shade_fraction": 0.0896987272241914, "direct_exposure_fraction": 0.9103012727758086}, "geometry": {"type": "LineString", "coordinates": [[75.8526872, 22.718380299999993], [75.8526886, 22.718300500000005], [75.8526926, 22.718284099999995], [75.852704, 22.71827359999999], [75.8527241, 22.718269000000006], [75.8529662, 22.718267399999988], [75.8530748, 22.7182588], [75.8532558, 22.718251399999993], [75.8535482, 22.7182452]]}}, {"type": "Feature", "properties": {"segment_id": "osm-3734496702-3734496705-0", "length_m": 16.495706389947944, "canonical_time": "15:00", "exposure_value": 0.7071941240724102, "temperature_proxy_c": 42.0, "normalized_temperature_factor": 1.0, "source_type": "derived", "source_reference": "Cached geometric shade snapshot and configured prototype temperature curve", "observed_or_estimated": "ESTIMATED", "modelled_or_interpolated": "MODELLED", "timestamp": "2026-05-15T15:00:00+05:30", "assumptions_version": "2026-10-09-prompt-5a-interventions", "computation_mode": "geometric", "shade_fraction": 0.29280587592758983, "direct_exposure_fraction": 0.7071941240724102}, "geometry": {"type": "LineString", "coordinates": [[75.8549209, 22.7188409], [75.8549221, 22.7189899]]}}, {"type": "Feature", "properties": {"segment_id": "osm-3734496702-2025020057-0", "length_m": 41.382508169192874, "canonical_time": "15:00", "exposure_value": 1.0, "temperature_proxy_c": 42.0, "normalized_temperature_factor": 1.0, "source_type": "derived", "source_reference": "Cached geometric shade snapshot and configured prototype temperature curve", "observed_or_estimated": "ESTIMATED", "modelled_or_interpolated": "MODELLED", "timestamp": "2026-05-15T15:00:00+05:30", "assumptions_version": "2026-10-09-prompt-5a-interventions", "computation_mode": "geometric", "shade_fraction": 0.0, "direct_exposure_fraction": 1.0}, "geometry": {"type": "LineString", "coordinates": [[75.8549209, 22.7188409], [75.8553232, 22.7188199]]}}, {"type": "Feature", "properties": {"segment_id": "osm-3734496702-3734496703-0", "length_m": 87.53651129832161, "canonical_time": "15:00", "exposure_value": 1.0, "temperature_proxy_c": 42.0, "normalized_temperature_factor": 1.0, "source_type": "derived", "source_reference": "Cached geometric shade snapshot and configured prototype temperature curve", "observed_or_estimated": "ESTIMATED", "modelled_or_interpolated": "MODELLED", "timestamp": "2026-05-15T15:00:00+05:30", "assumptions_version": "2026-10-09-prompt-5a-interventions", "computation_mode": "geometric", "shade_fraction": 0.0, "direct_exposure_fraction": 1.0}, "geometry": {"type": "LineString", "coordinates": [[75.8549209, 22.7188409], [75.8541544, 22.718867299999992], [75.8540691, 22.7188681]]}}, {"type": "Feature", "properties": {"segment_id": "osm-3734496703-6997700387-0", "length_m": 38.368879673759224, "canonical_time": "15:00", "exposure_value": 1.0, "temperature_proxy_c": 42.0, "normalized_temperature_factor": 1.0, "source_type": "derived", "source_reference": "Cached geometric shade snapshot and configured prototype temperature curve", "observed_or_estimated": "ESTIMATED", "modelled_or_interpolated": "MODELLED", "timestamp": "2026-05-15T15:00:00+05:30", "assumptions_version": "2026-10-09-prompt-5a-interventions", "computation_mode": "geometric", "shade_fraction": 0.0, "direct_exposure_fraction": 1.0}, "geometry": {"type": "LineString", "coordinates": [[75.8540691, 22.7188681], [75.8536977, 22.7189056]]}}, {"type": "Feature", "properties": {"segment_id": "osm-3734496703-3734496702-0", "length_m": 87.53651129832161, "canonical_time": "15:00", "exposure_value": 1.0, "temperature_proxy_c": 42.0, "normalized_temperature_factor": 1.0, "source_type": "derived", "source_reference": "Cached geometric shade snapshot and configured prototype temperature curve", "observed_or_estimated": "ESTIMATED", "modelled_or_interpolated": "MODELLED", "timestamp": "2026-05-15T15:00:00+05:30", "assumptions_version": "2026-10-09-prompt-5a-interventions", "computation_mode": "geometric", "shade_fraction": 0.0, "direct_exposure_fraction": 1.0}, "geometry": {"type": "LineString", "coordinates": [[75.8540691, 22.7188681], [75.8541544, 22.718867299999992], [75.8549209, 22.7188409]]}}, {"type": "Feature", "properties": {"segment_id": "osm-3734496703-3734496686-0", "length_m": 89.52203349002498, "canonical_time": "15:00", "exposure_value": 0.7418484515735777, "temperature_proxy_c": 42.0, "normalized_temperature_factor": 1.0, "source_type": "derived", "source_reference": "Cached geometric shade snapshot and configured prototype temperature curve", "observed_or_estimated": "ESTIMATED", "modelled_or_interpolated": "MODELLED", "timestamp": "2026-05-15T15:00:00+05:30", "assumptions_version": "2026-10-09-prompt-5a-interventions", "computation_mode": "geometric", "shade_fraction": 0.25815154842642235, "direct_exposure_fraction": 0.7418484515735777}, "geometry": {"type": "LineString", "coordinates": [[75.8540691, 22.7188681], [75.8540705, 22.718457799999996], [75.8540785, 22.718277099999995], [75.8540906, 22.7180599]]}}, {"type": "Feature", "properties": {"segment_id": "osm-3734496703-3734496825-0", "length_m": 78.31697162321046, "canonical_time": "15:00", "exposure_value": 1.0, "temperature_proxy_c": 42.0, "normalized_temperature_factor": 1.0, "source_type": "derived", "source_reference": "Cached geometric shade snapshot and configured prototype temperature curve", "observed_or_estimated": "ESTIMATED", "modelled_or_interpolated": "MODELLED", "timestamp": "2026-05-15T15:00:00+05:30", "assumptions_version": "2026-10-09-prompt-5a-interventions", "computation_mode": "geometric", "shade_fraction": 0.0, "direct_exposure_fraction": 1.0}, "geometry": {"type": "LineString", "coordinates": [[75.8540691, 22.7188681], [75.8541, 22.71921779999999], [75.85413350000002, 22.719573]]}}, {"type": "Feature", "properties": {"segment_id": "osm-3734496704-3734496705-0", "length_m": 48.77605639347511, "canonical_time": "15:00", "exposure_value": 1.0, "temperature_proxy_c": 42.0, "normalized_temperature_factor": 1.0, "source_type": "derived", "source_reference": "Cached geometric shade snapshot and configured prototype temperature curve", "observed_or_estimated": "ESTIMATED", "modelled_or_interpolated": "MODELLED", "timestamp": "2026-05-15T15:00:00+05:30", "assumptions_version": "2026-10-09-prompt-5a-interventions", "computation_mode": "geometric", "shade_fraction": 0.0, "direct_exposure_fraction": 1.0}, "geometry": {"type": "LineString", "coordinates": [[75.8544472, 22.7189946], [75.8549221, 22.7189899]]}}, {"type": "Feature", "properties": {"segment_id": "osm-3734496705-3734496704-0", "length_m": 48.77605639347511, "canonical_time": "15:00", "exposure_value": 1.0, "temperature_proxy_c": 42.0, "normalized_temperature_factor": 1.0, "source_type": "derived", "source_reference": "Cached geometric shade snapshot and configured prototype temperature curve", "observed_or_estimated": "ESTIMATED", "modelled_or_interpolated": "MODELLED", "timestamp": "2026-05-15T15:00:00+05:30", "assumptions_version": "2026-10-09-prompt-5a-interventions", "computation_mode": "geometric", "shade_fraction": 0.0, "direct_exposure_fraction": 1.0}, "geometry": {"type": "LineString", "coordinates": [[75.8549221, 22.7189899], [75.8544472, 22.7189946]]}}, {"type": "Feature", "properties": {"segment_id": "osm-3734496705-3734496713-0", "length_m": 40.56567956085933, "canonical_time": "15:00", "exposure_value": 1.0, "temperature_proxy_c": 42.0, "normalized_temperature_factor": 1.0, "source_type": "derived", "source_reference": "Cached geometric shade snapshot and configured prototype temperature curve", "observed_or_estimated": "ESTIMATED", "modelled_or_interpolated": "MODELLED", "timestamp": "2026-05-15T15:00:00+05:30", "assumptions_version": "2026-10-09-prompt-5a-interventions", "computation_mode": "geometric", "shade_fraction": 0.0, "direct_exposure_fraction": 1.0}, "geometry": {"type": "LineString", "coordinates": [[75.8549221, 22.7189899], [75.8549268, 22.719356299999994]]}}, {"type": "Feature", "properties": {"segment_id": "osm-3734496705-3734496702-0", "length_m": 16.495706389947944, "canonical_time": "15:00", "exposure_value": 0.7071941240724102, "temperature_proxy_c": 42.0, "normalized_temperature_factor": 1.0, "source_type": "derived", "source_reference": "Cached geometric shade snapshot and configured prototype temperature curve", "observed_or_estimated": "ESTIMATED", "modelled_or_interpolated": "MODELLED", "timestamp": "2026-05-15T15:00:00+05:30", "assumptions_version": "2026-10-09-prompt-5a-interventions", "computation_mode": "geometric", "shade_fraction": 0.29280587592758983, "direct_exposure_fraction": 0.7071941240724102}, "geometry": {"type": "LineString", "coordinates": [[75.8549221, 22.7189899], [75.8549209, 22.7188409]]}}, {"type": "Feature", "properties": {"segment_id": "osm-3734496706-3734496840-0", "length_m": 77.4509136567186, "canonical_time": "15:00", "exposure_value": 0.46375043744757294, "temperature_proxy_c": 42.0, "normalized_temperature_factor": 1.0, "source_type": "derived", "source_reference": "Cached geometric shade snapshot and configured prototype temperature curve", "observed_or_estimated": "ESTIMATED", "modelled_or_interpolated": "MODELLED", "timestamp": "2026-05-15T15:00:00+05:30", "assumptions_version": "2026-10-09-prompt-5a-interventions", "computation_mode": "geometric", "shade_fraction": 0.5362495625524271, "direct_exposure_fraction": 0.46375043744757294}, "geometry": {"type": "LineString", "coordinates": [[75.8521384, 22.719098499999994], [75.8521418, 22.7191593], [75.8521555, 22.719339000000005], [75.852176, 22.719541399999997], [75.852189, 22.719796399999996]]}}, {"type": "Feature", "properties": {"segment_id": "osm-3734496706-3732489064-0", "length_m": 151.75956089525351, "canonical_time": "15:00", "exposure_value": 1.0, "temperature_proxy_c": 42.0, "normalized_temperature_factor": 1.0, "source_type": "derived", "source_reference": "Cached geometric shade snapshot and configured prototype temperature curve", "observed_or_estimated": "ESTIMATED", "modelled_or_interpolated": "MODELLED", "timestamp": "2026-05-15T15:00:00+05:30", "assumptions_version": "2026-10-09-prompt-5a-interventions", "computation_mode": "geometric", "shade_fraction": 0.0, "direct_exposure_fraction": 1.0}, "geometry": {"type": "LineString", "coordinates": [[75.8521384, 22.719098499999994], [75.8530783, 22.718961899999996], [75.8536022, 22.7189153]]}}, {"type": "Feature", "properties": {"segment_id": "osm-3734496706-2025020078-0", "length_m": 109.46878225506524, "canonical_time": "15:00", "exposure_value": 1.0, "temperature_proxy_c": 42.0, "normalized_temperature_factor": 1.0, "source_type": "derived", "source_reference": "Cached geometric shade snapshot and configured prototype temperature curve", "observed_or_estimated": "ESTIMATED", "modelled_or_interpolated": "MODELLED", "timestamp": "2026-05-15T15:00:00+05:30", "assumptions_version": "2026-10-09-prompt-5a-interventions", "computation_mode": "geometric", "shade_fraction": 0.0, "direct_exposure_fraction": 1.0}, "geometry": {"type": "LineString", "coordinates": [[75.8521384, 22.719098499999994], [75.8517821, 22.719104699999995], [75.8510731, 22.719129999999993]]}}, {"type": "Feature", "properties": {"segment_id": "osm-3734496706-3734496695-0", "length_m": 87.79355632652911, "canonical_time": "15:00", "exposure_value": 0.9088028028223676, "temperature_proxy_c": 42.0, "normalized_temperature_factor": 1.0, "source_type": "derived", "source_reference": "Cached geometric shade snapshot and configured prototype temperature curve", "observed_or_estimated": "ESTIMATED", "modelled_or_interpolated": "MODELLED", "timestamp": "2026-05-15T15:00:00+05:30", "assumptions_version": "2026-10-09-prompt-5a-interventions", "computation_mode": "geometric", "shade_fraction": 0.09119719717763243, "direct_exposure_fraction": 0.9088028028223676}, "geometry": {"type": "LineString", "coordinates": [[75.8521384, 22.719098499999994], [75.8521313, 22.718631000000002], [75.8521071, 22.718447799999993], [75.8520872, 22.71830809999999]]}}, {"type": "Feature", "properties": {"segment_id": "osm-3734496707-2025020078-0", "length_m": 23.01582300193119, "canonical_time": "15:00", "exposure_value": 1.0, "temperature_proxy_c": 42.0, "normalized_temperature_factor": 1.0, "source_type": "derived", "source_reference": "Cached geometric shade snapshot and configured prototype temperature curve", "observed_or_estimated": "ESTIMATED", "modelled_or_interpolated": "MODELLED", "timestamp": "2026-05-15T15:00:00+05:30", "assumptions_version": "2026-10-09-prompt-5a-interventions", "computation_mode": "geometric", "shade_fraction": 0.0, "direct_exposure_fraction": 1.0}, "geometry": {"type": "LineString", "coordinates": [[75.8508491, 22.719136299999988], [75.8510731, 22.719129999999993]]}}, {"type": "Feature", "properties": {"segment_id": "osm-3734496707-3734496838-0", "length_m": 61.22969644270977, "canonical_time": "15:00", "exposure_value": 0.3391005824904523, "temperature_proxy_c": 42.0, "normalized_temperature_factor": 1.0, "source_type": "derived", "source_reference": "Cached geometric shade snapshot and configured prototype temperature curve", "observed_or_estimated": "ESTIMATED", "modelled_or_interpolated": "MODELLED", "timestamp": "2026-05-15T15:00:00+05:30", "assumptions_version": "2026-10-09-prompt-5a-interventions", "computation_mode": "geometric", "shade_fraction": 0.6608994175095477, "direct_exposure_fraction": 0.3391005824904523}, "geometry": {"type": "LineString", "coordinates": [[75.8508491, 22.719136299999988], [75.8508543, 22.7192391], [75.8508717, 22.719435199999992], [75.850854, 22.719595499999993], [75.8508502, 22.719687699999998]]}}, {"type": "Feature", "properties": {"segment_id": "osm-3734496713-3734496714-0", "length_m": 49.17262290366161, "canonical_time": "15:00", "exposure_value": 1.0, "temperature_proxy_c": 42.0, "normalized_temperature_factor": 1.0, "source_type": "derived", "source_reference": "Cached geometric shade snapshot and configured prototype temperature curve", "observed_or_estimated": "ESTIMATED", "modelled_or_interpolated": "MODELLED", "timestamp": "2026-05-15T15:00:00+05:30", "assumptions_version": "2026-10-09-prompt-5a-interventions", "computation_mode": "geometric", "shade_fraction": 0.0, "direct_exposure_fraction": 1.0}, "geometry": {"type": "LineString", "coordinates": [[75.8549268, 22.719356299999994], [75.8544482, 22.7193688]]}}, {"type": "Feature", "properties": {"segment_id": "osm-3734496713-3734496722-0", "length_m": 23.163057783361925, "canonical_time": "15:00", "exposure_value": 1.0, "temperature_proxy_c": 42.0, "normalized_temperature_factor": 1.0, "source_type": "derived", "source_reference": "Cached geometric shade snapshot and configured prototype temperature curve", "observed_or_estimated": "ESTIMATED", "modelled_or_interpolated": "MODELLED", "timestamp": "2026-05-15T15:00:00+05:30", "assumptions_version": "2026-10-09-prompt-5a-interventions", "computation_mode": "geometric", "shade_fraction": 0.0, "direct_exposure_fraction": 1.0}, "geometry": {"type": "LineString", "coordinates": [[75.8549268, 22.719356299999994], [75.8549306, 22.719565499999995]]}}, {"type": "Feature", "properties": {"segment_id": "osm-3734496713-3734496705-0", "length_m": 40.56567956085933, "canonical_time": "15:00", "exposure_value": 1.0, "temperature_proxy_c": 42.0, "normalized_temperature_factor": 1.0, "source_type": "derived", "source_reference": "Cached geometric shade snapshot and configured prototype temperature curve", "observed_or_estimated": "ESTIMATED", "modelled_or_interpolated": "MODELLED", "timestamp": "2026-05-15T15:00:00+05:30", "assumptions_version": "2026-10-09-prompt-5a-interventions", "computation_mode": "geometric", "shade_fraction": 0.0, "direct_exposure_fraction": 1.0}, "geometry": {"type": "LineString", "coordinates": [[75.8549268, 22.719356299999994], [75.8549221, 22.7189899]]}}, {"type": "Feature", "properties": {"segment_id": "osm-3734496714-3734496713-0", "length_m": 49.17262290366161, "canonical_time": "15:00", "exposure_value": 1.0, "temperature_proxy_c": 42.0, "normalized_temperature_factor": 1.0, "source_type": "derived", "source_reference": "Cached geometric shade snapshot and configured prototype temperature curve", "observed_or_estimated": "ESTIMATED", "modelled_or_interpolated": "MODELLED", "timestamp": "2026-05-15T15:00:00+05:30", "assumptions_version": "2026-10-09-prompt-5a-interventions", "computation_mode": "geometric", "shade_fraction": 0.0, "direct_exposure_fraction": 1.0}, "geometry": {"type": "LineString", "coordinates": [[75.8544482, 22.7193688], [75.8549268, 22.719356299999994]]}}, {"type": "Feature", "properties": {"segment_id": "osm-3734496722-3734496713-0", "length_m": 23.163057783361925, "canonical_time": "15:00", "exposure_value": 1.0, "temperature_proxy_c": 42.0, "normalized_temperature_factor": 1.0, "source_type": "derived", "source_reference": "Cached geometric shade snapshot and configured prototype temperature curve", "observed_or_estimated": "ESTIMATED", "modelled_or_interpolated": "MODELLED", "timestamp": "2026-05-15T15:00:00+05:30", "assumptions_version": "2026-10-09-prompt-5a-interventions", "computation_mode": "geometric", "shade_fraction": 0.0, "direct_exposure_fraction": 1.0}, "geometry": {"type": "LineString", "coordinates": [[75.8549306, 22.719565499999995], [75.8549268, 22.719356299999994]]}}, {"type": "Feature", "properties": {"segment_id": "osm-3734496722-3734496723-0", "length_m": 42.44665216137158, "canonical_time": "15:00", "exposure_value": 1.0, "temperature_proxy_c": 42.0, "normalized_temperature_factor": 1.0, "source_type": "derived", "source_reference": "Cached geometric shade snapshot and configured prototype temperature curve", "observed_or_estimated": "ESTIMATED", "modelled_or_interpolated": "MODELLED", "timestamp": "2026-05-15T15:00:00+05:30", "assumptions_version": "2026-10-09-prompt-5a-interventions", "computation_mode": "geometric", "shade_fraction": 0.0, "direct_exposure_fraction": 1.0}, "geometry": {"type": "LineString", "coordinates": [[75.8549306, 22.719565499999995], [75.8553439, 22.7195655]]}}, {"type": "Feature", "properties": {"segment_id": "osm-3734496722-3734496825-0", "length_m": 81.89433872774136, "canonical_time": "15:00", "exposure_value": 1.0, "temperature_proxy_c": 42.0, "normalized_temperature_factor": 1.0, "source_type": "derived", "source_reference": "Cached geometric shade snapshot and configured prototype temperature curve", "observed_or_estimated": "ESTIMATED", "modelled_or_interpolated": "MODELLED", "timestamp": "2026-05-15T15:00:00+05:30", "assumptions_version": "2026-10-09-prompt-5a-interventions", "computation_mode": "geometric", "shade_fraction": 0.0, "direct_exposure_fraction": 1.0}, "geometry": {"type": "LineString", "coordinates": [[75.8549306, 22.719565499999995], [75.8544609, 22.719570499999993], [75.85426770000001, 22.7195779], [75.85413350000002, 22.719573]]}}, {"type": "Feature", "properties": {"segment_id": "osm-3734496723-3734496722-0", "length_m": 42.44665216137158, "canonical_time": "15:00", "exposure_value": 1.0, "temperature_proxy_c": 42.0, "normalized_temperature_factor": 1.0, "source_type": "derived", "source_reference": "Cached geometric shade snapshot and configured prototype temperature curve", "observed_or_estimated": "ESTIMATED", "modelled_or_interpolated": "MODELLED", "timestamp": "2026-05-15T15:00:00+05:30", "assumptions_version": "2026-10-09-prompt-5a-interventions", "computation_mode": "geometric", "shade_fraction": 0.0, "direct_exposure_fraction": 1.0}, "geometry": {"type": "LineString", "coordinates": [[75.8553439, 22.7195655], [75.8549306, 22.719565499999995]]}}, {"type": "Feature", "properties": {"segment_id": "osm-3734496723-2025020057-0", "length_m": 82.57003697592934, "canonical_time": "15:00", "exposure_value": 1.0, "temperature_proxy_c": 42.0, "normalized_temperature_factor": 1.0, "source_type": "derived", "source_reference": "Cached geometric shade snapshot and configured prototype temperature curve", "observed_or_estimated": "ESTIMATED", "modelled_or_interpolated": "MODELLED", "timestamp": "2026-05-15T15:00:00+05:30", "assumptions_version": "2026-10-09-prompt-5a-interventions", "computation_mode": "geometric", "shade_fraction": 0.0, "direct_exposure_fraction": 1.0}, "geometry": {"type": "LineString", "coordinates": [[75.8553439, 22.7195655], [75.8553232, 22.7188199]]}}, {"type": "Feature", "properties": {"segment_id": "osm-3734496723-2025111198-0", "length_m": 24.311485414619504, "canonical_time": "15:00", "exposure_value": 1.0, "temperature_proxy_c": 42.0, "normalized_temperature_factor": 1.0, "source_type": "derived", "source_reference": "Cached geometric shade snapshot and configured prototype temperature curve", "observed_or_estimated": "ESTIMATED", "modelled_or_interpolated": "MODELLED", "timestamp": "2026-05-15T15:00:00+05:30", "assumptions_version": "2026-10-09-prompt-5a-interventions", "computation_mode": "geometric", "shade_fraction": 0.0, "direct_exposure_fraction": 1.0}, "geometry": {"type": "LineString", "coordinates": [[75.8553439, 22.7195655], [75.8553426, 22.7197851]]}}, {"type": "Feature", "properties": {"segment_id": "osm-3734496825-6997640180-0", "length_m": 9.738599660118545, "canonical_time": "15:00", "exposure_value": 1.0, "temperature_proxy_c": 42.0, "normalized_temperature_factor": 1.0, "source_type": "derived", "source_reference": "Cached geometric shade snapshot and configured prototype temperature curve", "observed_or_estimated": "ESTIMATED", "modelled_or_interpolated": "MODELLED", "timestamp": "2026-05-15T15:00:00+05:30", "assumptions_version": "2026-10-09-prompt-5a-interventions", "computation_mode": "geometric", "shade_fraction": 0.0, "direct_exposure_fraction": 1.0}, "geometry": {"type": "LineString", "coordinates": [[75.85413350000002, 22.719573], [75.8541489, 22.719659799999995]]}}, {"type": "Feature", "properties": {"segment_id": "osm-3734496825-3734496722-0", "length_m": 81.89433872774136, "canonical_time": "15:00", "exposure_value": 1.0, "temperature_proxy_c": 42.0, "normalized_temperature_factor": 1.0, "source_type": "derived", "source_reference": "Cached geometric shade snapshot and configured prototype temperature curve", "observed_or_estimated": "ESTIMATED", "modelled_or_interpolated": "MODELLED", "timestamp": "2026-05-15T15:00:00+05:30", "assumptions_version": "2026-10-09-prompt-5a-interventions", "computation_mode": "geometric", "shade_fraction": 0.0, "direct_exposure_fraction": 1.0}, "geometry": {"type": "LineString", "coordinates": [[75.85413350000002, 22.719573], [75.85426770000001, 22.7195779], [75.8544609, 22.719570499999993], [75.8549306, 22.719565499999995]]}}, {"type": "Feature", "properties": {"segment_id": "osm-3734496825-3734496703-0", "length_m": 78.31697162321046, "canonical_time": "15:00", "exposure_value": 1.0, "temperature_proxy_c": 42.0, "normalized_temperature_factor": 1.0, "source_type": "derived", "source_reference": "Cached geometric shade snapshot and configured prototype temperature curve", "observed_or_estimated": "ESTIMATED", "modelled_or_interpolated": "MODELLED", "timestamp": "2026-05-15T15:00:00+05:30", "assumptions_version": "2026-10-09-prompt-5a-interventions", "computation_mode": "geometric", "shade_fraction": 0.0, "direct_exposure_fraction": 1.0}, "geometry": {"type": "LineString", "coordinates": [[75.85413350000002, 22.719573], [75.8541, 22.71921779999999], [75.8540691, 22.7188681]]}}, {"type": "Feature", "properties": {"segment_id": "osm-3734496833-8460931649-0", "length_m": 19.061934067195235, "canonical_time": "15:00", "exposure_value": 0.5919076515921433, "temperature_proxy_c": 42.0, "normalized_temperature_factor": 1.0, "source_type": "derived", "source_reference": "Cached geometric shade snapshot and configured prototype temperature curve", "observed_or_estimated": "ESTIMATED", "modelled_or_interpolated": "MODELLED", "timestamp": "2026-05-15T15:00:00+05:30", "assumptions_version": "2026-10-09-prompt-5a-interventions", "computation_mode": "geometric", "shade_fraction": 0.4080923484078567, "direct_exposure_fraction": 0.5919076515921433}, "geometry": {"type": "LineString", "coordinates": [[75.8515994, 22.719633], [75.8516275, 22.719803200000005]]}}, {"type": "Feature", "properties": {"segment_id": "osm-3734496834-3734496838-0", "length_m": 29.844312467164734, "canonical_time": "15:00", "exposure_value": 0.9437244214121416, "temperature_proxy_c": 42.0, "normalized_temperature_factor": 1.0, "source_type": "derived", "source_reference": "Cached geometric shade snapshot and configured prototype temperature curve", "observed_or_estimated": "ESTIMATED", "modelled_or_interpolated": "MODELLED", "timestamp": "2026-05-15T15:00:00+05:30", "assumptions_version": "2026-10-09-prompt-5a-interventions", "computation_mode": "geometric", "shade_fraction": 0.05627557858785832, "direct_exposure_fraction": 0.9437244214121416}, "geometry": {"type": "LineString", "coordinates": [[75.8505597, 22.719680899999993], [75.8508502, 22.719687699999998]]}}, {"type": "Feature", "properties": {"segment_id": "osm-3734496838-3734496834-0", "length_m": 29.844312467164734, "canonical_time": "15:00", "exposure_value": 0.9437244214121416, "temperature_proxy_c": 42.0, "normalized_temperature_factor": 1.0, "source_type": "derived", "source_reference": "Cached geometric shade snapshot and configured prototype temperature curve", "observed_or_estimated": "ESTIMATED", "modelled_or_interpolated": "MODELLED", "timestamp": "2026-05-15T15:00:00+05:30", "assumptions_version": "2026-10-09-prompt-5a-interventions", "computation_mode": "geometric", "shade_fraction": 0.05627557858785832, "direct_exposure_fraction": 0.9437244214121416}, "geometry": {"type": "LineString", "coordinates": [[75.8508502, 22.719687699999998], [75.8505597, 22.719680899999993]]}}, {"type": "Feature", "properties": {"segment_id": "osm-3734496838-3734496707-0", "length_m": 61.22969644270977, "canonical_time": "15:00", "exposure_value": 0.3391005824904523, "temperature_proxy_c": 42.0, "normalized_temperature_factor": 1.0, "source_type": "derived", "source_reference": "Cached geometric shade snapshot and configured prototype temperature curve", "observed_or_estimated": "ESTIMATED", "modelled_or_interpolated": "MODELLED", "timestamp": "2026-05-15T15:00:00+05:30", "assumptions_version": "2026-10-09-prompt-5a-interventions", "computation_mode": "geometric", "shade_fraction": 0.6608994175095477, "direct_exposure_fraction": 0.3391005824904523}, "geometry": {"type": "LineString", "coordinates": [[75.8508502, 22.719687699999998], [75.850854, 22.719595499999993], [75.8508717, 22.719435199999992], [75.8508543, 22.7192391], [75.8508491, 22.719136299999988]]}}, {"type": "Feature", "properties": {"segment_id": "osm-3734496838-3734496844-0", "length_m": 12.50418957892046, "canonical_time": "15:00", "exposure_value": 0.13832018059907403, "temperature_proxy_c": 42.0, "normalized_temperature_factor": 1.0, "source_type": "derived", "source_reference": "Cached geometric shade snapshot and configured prototype temperature curve", "observed_or_estimated": "ESTIMATED", "modelled_or_interpolated": "MODELLED", "timestamp": "2026-05-15T15:00:00+05:30", "assumptions_version": "2026-10-09-prompt-5a-interventions", "computation_mode": "geometric", "shade_fraction": 0.861679819400926, "direct_exposure_fraction": 0.13832018059907403}, "geometry": {"type": "LineString", "coordinates": [[75.8508502, 22.719687699999998], [75.8508334, 22.71976699999999], [75.8508429, 22.719797899999996]]}}, {"type": "Feature", "properties": {"segment_id": "osm-3734496839-2025020078-0", "length_m": 66.52832980112417, "canonical_time": "15:00", "exposure_value": 0.6939111417636374, "temperature_proxy_c": 42.0, "normalized_temperature_factor": 1.0, "source_type": "derived", "source_reference": "Cached geometric shade snapshot and configured prototype temperature curve", "observed_or_estimated": "ESTIMATED", "modelled_or_interpolated": "MODELLED", "timestamp": "2026-05-15T15:00:00+05:30", "assumptions_version": "2026-10-09-prompt-5a-interventions", "computation_mode": "geometric", "shade_fraction": 0.3060888582363625, "direct_exposure_fraction": 0.6939111417636374}, "geometry": {"type": "LineString", "coordinates": [[75.8509629, 22.71971630000001], [75.851018, 22.7195845], [75.8510602, 22.719428399999995], [75.8510656, 22.7192811], [75.8510731, 22.719129999999993]]}}, {"type": "Feature", "properties": {"segment_id": "osm-3734496839-3734496844-0", "length_m": 16.199847649133286, "canonical_time": "15:00", "exposure_value": 0.7445235342007348, "temperature_proxy_c": 42.0, "normalized_temperature_factor": 1.0, "source_type": "derived", "source_reference": "Cached geometric shade snapshot and configured prototype temperature curve", "observed_or_estimated": "ESTIMATED", "modelled_or_interpolated": "MODELLED", "timestamp": "2026-05-15T15:00:00+05:30", "assumptions_version": "2026-10-09-prompt-5a-interventions", "computation_mode": "geometric", "shade_fraction": 0.2554764657992652, "direct_exposure_fraction": 0.7445235342007348}, "geometry": {"type": "LineString", "coordinates": [[75.8509629, 22.71971630000001], [75.8509032, 22.71978619999999], [75.8508429, 22.719797899999996]]}}, {"type": "Feature", "properties": {"segment_id": "osm-3734496839-8460931654-0", "length_m": 17.52200231116027, "canonical_time": "15:00", "exposure_value": 0.9479144009459943, "temperature_proxy_c": 42.0, "normalized_temperature_factor": 1.0, "source_type": "derived", "source_reference": "Cached geometric shade snapshot and configured prototype temperature curve", "observed_or_estimated": "ESTIMATED", "modelled_or_interpolated": "MODELLED", "timestamp": "2026-05-15T15:00:00+05:30", "assumptions_version": "2026-10-09-prompt-5a-interventions", "computation_mode": "geometric", "shade_fraction": 0.052085599054005685, "direct_exposure_fraction": 0.9479144009459943}, "geometry": {"type": "LineString", "coordinates": [[75.8509629, 22.71971630000001], [75.8510014, 22.7197902], [75.8510081, 22.7198311], [75.8510113, 22.719865799999994]]}}, {"type": "Feature", "properties": {"segment_id": "osm-3734496840-3734496706-0", "length_m": 77.4509136567186, "canonical_time": "15:00", "exposure_value": 0.46375043744757294, "temperature_proxy_c": 42.0, "normalized_temperature_factor": 1.0, "source_type": "derived", "source_reference": "Cached geometric shade snapshot and configured prototype temperature curve", "observed_or_estimated": "ESTIMATED", "modelled_or_interpolated": "MODELLED", "timestamp": "2026-05-15T15:00:00+05:30", "assumptions_version": "2026-10-09-prompt-5a-interventions", "computation_mode": "geometric", "shade_fraction": 0.5362495625524271, "direct_exposure_fraction": 0.46375043744757294}, "geometry": {"type": "LineString", "coordinates": [[75.852189, 22.719796399999996], [75.852176, 22.719541399999997], [75.8521555, 22.719339000000005], [75.8521418, 22.7191593], [75.8521384, 22.719098499999994]]}}, {"type": "Feature", "properties": {"segment_id": "osm-3734496840-3734496860-0", "length_m": 36.656661172892996, "canonical_time": "15:00", "exposure_value": 0.39843816956888445, "temperature_proxy_c": 42.0, "normalized_temperature_factor": 1.0, "source_type": "derived", "source_reference": "Cached geometric shade snapshot and configured prototype temperature curve", "observed_or_estimated": "ESTIMATED", "modelled_or_interpolated": "MODELLED", "timestamp": "2026-05-15T15:00:00+05:30", "assumptions_version": "2026-10-09-prompt-5a-interventions", "computation_mode": "geometric", "shade_fraction": 0.6015618304311156, "direct_exposure_fraction": 0.39843816956888445}, "geometry": {"type": "LineString", "coordinates": [[75.852189, 22.719796399999996], [75.8521777, 22.719963799999988], [75.852151, 22.7201253]]}}, {"type": "Feature", "properties": {"segment_id": "osm-3734496840-3734496845-0", "length_m": 57.634027141835745, "canonical_time": "15:00", "exposure_value": 1.0, "temperature_proxy_c": 42.0, "normalized_temperature_factor": 1.0, "source_type": "derived", "source_reference": "Cached geometric shade snapshot and configured prototype temperature curve", "observed_or_estimated": "ESTIMATED", "modelled_or_interpolated": "MODELLED", "timestamp": "2026-05-15T15:00:00+05:30", "assumptions_version": "2026-10-09-prompt-5a-interventions", "computation_mode": "geometric", "shade_fraction": 0.0, "direct_exposure_fraction": 1.0}, "geometry": {"type": "LineString", "coordinates": [[75.852189, 22.719796399999996], [75.85205270000002, 22.71980589999999], [75.8518447, 22.719815100000005], [75.8516285, 22.7198198]]}}, {"type": "Feature", "properties": {"segment_id": "osm-3734496844-3734496838-0", "length_m": 12.50418957892046, "canonical_time": "15:00", "exposure_value": 0.13832018059907403, "temperature_proxy_c": 42.0, "normalized_temperature_factor": 1.0, "source_type": "derived", "source_reference": "Cached geometric shade snapshot and configured prototype temperature curve", "observed_or_estimated": "ESTIMATED", "modelled_or_interpolated": "MODELLED", "timestamp": "2026-05-15T15:00:00+05:30", "assumptions_version": "2026-10-09-prompt-5a-interventions", "computation_mode": "geometric", "shade_fraction": 0.861679819400926, "direct_exposure_fraction": 0.13832018059907403}, "geometry": {"type": "LineString", "coordinates": [[75.8508429, 22.719797899999996], [75.8508334, 22.71976699999999], [75.8508502, 22.719687699999998]]}}, {"type": "Feature", "properties": {"segment_id": "osm-3734496844-3665539304-0", "length_m": 118.97993882491296, "canonical_time": "15:00", "exposure_value": 0.6963919875723226, "temperature_proxy_c": 42.0, "normalized_temperature_factor": 1.0, "source_type": "derived", "source_reference": "Cached geometric shade snapshot and configured prototype temperature curve", "observed_or_estimated": "ESTIMATED", "modelled_or_interpolated": "MODELLED", "timestamp": "2026-05-15T15:00:00+05:30", "assumptions_version": "2026-10-09-prompt-5a-interventions", "computation_mode": "geometric", "shade_fraction": 0.3036080124276775, "direct_exposure_fraction": 0.6963919875723226}, "geometry": {"type": "LineString", "coordinates": [[75.8508429, 22.719797899999996], [75.8507852, 22.7200838], [75.850765, 22.720306599999986], [75.8507664, 22.720504699999992], [75.8507865, 22.7207027], [75.8508353, 22.720859600000008]]}}, {"type": "Feature", "properties": {"segment_id": "osm-3734496844-3734496839-0", "length_m": 16.199847649133286, "canonical_time": "15:00", "exposure_value": 0.7445235342007348, "temperature_proxy_c": 42.0, "normalized_temperature_factor": 1.0, "source_type": "derived", "source_reference": "Cached geometric shade snapshot and configured prototype temperature curve", "observed_or_estimated": "ESTIMATED", "modelled_or_interpolated": "MODELLED", "timestamp": "2026-05-15T15:00:00+05:30", "assumptions_version": "2026-10-09-prompt-5a-interventions", "computation_mode": "geometric", "shade_fraction": 0.2554764657992652, "direct_exposure_fraction": 0.7445235342007348}, "geometry": {"type": "LineString", "coordinates": [[75.8508429, 22.719797899999996], [75.8509032, 22.71978619999999], [75.8509629, 22.71971630000001]]}}, {"type": "Feature", "properties": {"segment_id": "osm-3734496845-8460931649-0", "length_m": 1.8405917592323766, "canonical_time": "15:00", "exposure_value": 1.0, "temperature_proxy_c": 42.0, "normalized_temperature_factor": 1.0, "source_type": "derived", "source_reference": "Cached geometric shade snapshot and configured prototype temperature curve", "observed_or_estimated": "ESTIMATED", "modelled_or_interpolated": "MODELLED", "timestamp": "2026-05-15T15:00:00+05:30", "assumptions_version": "2026-10-09-prompt-5a-interventions", "computation_mode": "geometric", "shade_fraction": 0.0, "direct_exposure_fraction": 1.0}, "geometry": {"type": "LineString", "coordinates": [[75.8516285, 22.7198198], [75.8516275, 22.719803200000005]]}}, {"type": "Feature", "properties": {"segment_id": "osm-3734496845-3734496840-0", "length_m": 57.634027141835745, "canonical_time": "15:00", "exposure_value": 1.0, "temperature_proxy_c": 42.0, "normalized_temperature_factor": 1.0, "source_type": "derived", "source_reference": "Cached geometric shade snapshot and configured prototype temperature curve", "observed_or_estimated": "ESTIMATED", "modelled_or_interpolated": "MODELLED", "timestamp": "2026-05-15T15:00:00+05:30", "assumptions_version": "2026-10-09-prompt-5a-interventions", "computation_mode": "geometric", "shade_fraction": 0.0, "direct_exposure_fraction": 1.0}, "geometry": {"type": "LineString", "coordinates": [[75.8516285, 22.7198198], [75.8518447, 22.719815100000005], [75.85205270000002, 22.71980589999999], [75.852189, 22.719796399999996]]}}, {"type": "Feature", "properties": {"segment_id": "osm-3734496845-3734496866-0", "length_m": 77.0371783911169, "canonical_time": "15:00", "exposure_value": 0.5132165812666092, "temperature_proxy_c": 42.0, "normalized_temperature_factor": 1.0, "source_type": "derived", "source_reference": "Cached geometric shade snapshot and configured prototype temperature curve", "observed_or_estimated": "ESTIMATED", "modelled_or_interpolated": "MODELLED", "timestamp": "2026-05-15T15:00:00+05:30", "assumptions_version": "2026-10-09-prompt-5a-interventions", "computation_mode": "geometric", "shade_fraction": 0.48678341873339076, "direct_exposure_fraction": 0.5132165812666092}, "geometry": {"type": "LineString", "coordinates": [[75.8516285, 22.7198198], [75.8516383, 22.7199133], [75.8516697, 22.720179399999985], [75.8518223, 22.720179], [75.85194, 22.720186400000006], [75.8520297, 22.7201882]]}}, {"type": "Feature", "properties": {"segment_id": "osm-3734496853-3734463378-0", "length_m": 5.025128994276172, "canonical_time": "15:00", "exposure_value": 1.0, "temperature_proxy_c": 42.0, "normalized_temperature_factor": 1.0, "source_type": "derived", "source_reference": "Cached geometric shade snapshot and configured prototype temperature curve", "observed_or_estimated": "ESTIMATED", "modelled_or_interpolated": "MODELLED", "timestamp": "2026-05-15T15:00:00+05:30", "assumptions_version": "2026-10-09-prompt-5a-interventions", "computation_mode": "geometric", "shade_fraction": 0.0, "direct_exposure_fraction": 1.0}, "geometry": {"type": "LineString", "coordinates": [[75.8542055, 22.719978100000002], [75.8541567, 22.719981399999988]]}}, {"type": "Feature", "properties": {"segment_id": "osm-3734496853-6997640180-0", "length_m": 35.714065994283494, "canonical_time": "15:00", "exposure_value": 1.0, "temperature_proxy_c": 42.0, "normalized_temperature_factor": 1.0, "source_type": "derived", "source_reference": "Cached geometric shade snapshot and configured prototype temperature curve", "observed_or_estimated": "ESTIMATED", "modelled_or_interpolated": "MODELLED", "timestamp": "2026-05-15T15:00:00+05:30", "assumptions_version": "2026-10-09-prompt-5a-interventions", "computation_mode": "geometric", "shade_fraction": 0.0, "direct_exposure_fraction": 1.0}, "geometry": {"type": "LineString", "coordinates": [[75.8542055, 22.719978100000002], [75.8541489, 22.719659799999995]]}}, {"type": "Feature", "properties": {"segment_id": "osm-3734496853-3734463375-0", "length_m": 60.229128374837714, "canonical_time": "15:00", "exposure_value": 1.0, "temperature_proxy_c": 42.0, "normalized_temperature_factor": 1.0, "source_type": "derived", "source_reference": "Cached geometric shade snapshot and configured prototype temperature curve", "observed_or_estimated": "ESTIMATED", "modelled_or_interpolated": "MODELLED", "timestamp": "2026-05-15T15:00:00+05:30", "assumptions_version": "2026-10-09-prompt-5a-interventions", "computation_mode": "geometric", "shade_fraction": 0.0, "direct_exposure_fraction": 1.0}, "geometry": {"type": "LineString", "coordinates": [[75.8542055, 22.719978100000002], [75.8542777, 22.7199556], [75.8545804, 22.7199469], [75.8547878, 22.719950599999994]]}}, {"type": "Feature", "properties": {"segment_id": "osm-3734496854-2025111228-0", "length_m": 44.78008150756786, "canonical_time": "15:00", "exposure_value": 1.0, "temperature_proxy_c": 42.0, "normalized_temperature_factor": 1.0, "source_type": "derived", "source_reference": "Cached geometric shade snapshot and configured prototype temperature curve", "observed_or_estimated": "ESTIMATED", "modelled_or_interpolated": "MODELLED", "timestamp": "2026-05-15T15:00:00+05:30", "assumptions_version": "2026-10-09-prompt-5a-interventions", "computation_mode": "geometric", "shade_fraction": 0.0, "direct_exposure_fraction": 1.0}, "geometry": {"type": "LineString", "coordinates": [[75.855238, 22.719984699999998], [75.855636, 22.7201499]]}}, {"type": "Feature", "properties": {"segment_id": "osm-3734496854-2025111198-0", "length_m": 24.569903097468877, "canonical_time": "15:00", "exposure_value": 0.8135588986829674, "temperature_proxy_c": 42.0, "normalized_temperature_factor": 1.0, "source_type": "derived", "source_reference": "Cached geometric shade snapshot and configured prototype temperature curve", "observed_or_estimated": "ESTIMATED", "modelled_or_interpolated": "MODELLED", "timestamp": "2026-05-15T15:00:00+05:30", "assumptions_version": "2026-10-09-prompt-5a-interventions", "computation_mode": "geometric", "shade_fraction": 0.18644110131703265, "direct_exposure_fraction": 0.8135588986829674}, "geometry": {"type": "LineString", "coordinates": [[75.855238, 22.719984699999998], [75.8553426, 22.7197851]]}}, {"type": "Feature", "properties": {"segment_id": "osm-3734496854-3734463375-0", "length_m": 46.73267330197824, "canonical_time": "15:00", "exposure_value": 1.0, "temperature_proxy_c": 42.0, "normalized_temperature_factor": 1.0, "source_type": "derived", "source_reference": "Cached geometric shade snapshot and configured prototype temperature curve", "observed_or_estimated": "ESTIMATED", "modelled_or_interpolated": "MODELLED", "timestamp": "2026-05-15T15:00:00+05:30", "assumptions_version": "2026-10-09-prompt-5a-interventions", "computation_mode": "geometric", "shade_fraction": 0.0, "direct_exposure_fraction": 1.0}, "geometry": {"type": "LineString", "coordinates": [[75.855238, 22.719984699999998], [75.8551462, 22.719970000000004], [75.8549508, 22.719938399999993], [75.8547878, 22.719950599999994]]}}, {"type": "Feature", "properties": {"segment_id": "osm-3734496854-2025111260-0", "length_m": 133.63093346282716, "canonical_time": "15:00", "exposure_value": 0.48447813161386466, "temperature_proxy_c": 42.0, "normalized_temperature_factor": 1.0, "source_type": "derived", "source_reference": "Cached geometric shade snapshot and configured prototype temperature curve", "observed_or_estimated": "ESTIMATED", "modelled_or_interpolated": "MODELLED", "timestamp": "2026-05-15T15:00:00+05:30", "assumptions_version": "2026-10-09-prompt-5a-interventions", "computation_mode": "geometric", "shade_fraction": 0.5155218683861353, "direct_exposure_fraction": 0.48447813161386466}, "geometry": {"type": "LineString", "coordinates": [[75.855238, 22.719984699999998], [75.8551438, 22.7201769], [75.854995, 22.7205373], [75.8548203, 22.7208865], [75.8547272, 22.7210943]]}}, {"type": "Feature", "properties": {"segment_id": "osm-3734496860-3734496840-0", "length_m": 36.656661172892996, "canonical_time": "15:00", "exposure_value": 0.39843816956888445, "temperature_proxy_c": 42.0, "normalized_temperature_factor": 1.0, "source_type": "derived", "source_reference": "Cached geometric shade snapshot and configured prototype temperature curve", "observed_or_estimated": "ESTIMATED", "modelled_or_interpolated": "MODELLED", "timestamp": "2026-05-15T15:00:00+05:30", "assumptions_version": "2026-10-09-prompt-5a-interventions", "computation_mode": "geometric", "shade_fraction": 0.6015618304311156, "direct_exposure_fraction": 0.39843816956888445}, "geometry": {"type": "LineString", "coordinates": [[75.852151, 22.7201253], [75.8521777, 22.719963799999988], [75.852189, 22.719796399999996]]}}, {"type": "Feature", "properties": {"segment_id": "osm-3734496860-3734463385-0", "length_m": 35.014281799277356, "canonical_time": "15:00", "exposure_value": 0.8175860112823213, "temperature_proxy_c": 42.0, "normalized_temperature_factor": 1.0, "source_type": "derived", "source_reference": "Cached geometric shade snapshot and configured prototype temperature curve", "observed_or_estimated": "ESTIMATED", "modelled_or_interpolated": "MODELLED", "timestamp": "2026-05-15T15:00:00+05:30", "assumptions_version": "2026-10-09-prompt-5a-interventions", "computation_mode": "geometric", "shade_fraction": 0.18241398871767867, "direct_exposure_fraction": 0.8175860112823213}, "geometry": {"type": "LineString", "coordinates": [[75.852151, 22.7201253], [75.8521824, 22.720194099999993], [75.8522449, 22.720274899999996], [75.85231870000001, 22.720315399999997], [75.8523801, 22.720341300000005]]}}, {"type": "Feature", "properties": {"segment_id": "osm-3734496860-3734496866-0", "length_m": 15.326828609101245, "canonical_time": "15:00", "exposure_value": 1.0, "temperature_proxy_c": 42.0, "normalized_temperature_factor": 1.0, "source_type": "derived", "source_reference": "Cached geometric shade snapshot and configured prototype temperature curve", "observed_or_estimated": "ESTIMATED", "modelled_or_interpolated": "MODELLED", "timestamp": "2026-05-15T15:00:00+05:30", "assumptions_version": "2026-10-09-prompt-5a-interventions", "computation_mode": "geometric", "shade_fraction": 0.0, "direct_exposure_fraction": 1.0}, "geometry": {"type": "LineString", "coordinates": [[75.852151, 22.7201253], [75.8521053, 22.720126599999993], [75.852061, 22.72014769999999], [75.8520297, 22.7201882]]}}, {"type": "Feature", "properties": {"segment_id": "osm-3734496866-3734496845-0", "length_m": 77.03717839111688, "canonical_time": "15:00", "exposure_value": 0.5132165812666092, "temperature_proxy_c": 42.0, "normalized_temperature_factor": 1.0, "source_type": "derived", "source_reference": "Cached geometric shade snapshot and configured prototype temperature curve", "observed_or_estimated": "ESTIMATED", "modelled_or_interpolated": "MODELLED", "timestamp": "2026-05-15T15:00:00+05:30", "assumptions_version": "2026-10-09-prompt-5a-interventions", "computation_mode": "geometric", "shade_fraction": 0.4867834187333908, "direct_exposure_fraction": 0.5132165812666092}, "geometry": {"type": "LineString", "coordinates": [[75.8520297, 22.7201882], [75.85194, 22.720186400000006], [75.8518223, 22.720179], [75.8516697, 22.720179399999985], [75.8516383, 22.7199133], [75.8516285, 22.7198198]]}}, {"type": "Feature", "properties": {"segment_id": "osm-3734496866-3665539298-0", "length_m": 65.39188445812279, "canonical_time": "15:00", "exposure_value": 0.7244794407425557, "temperature_proxy_c": 42.0, "normalized_temperature_factor": 1.0, "source_type": "derived", "source_reference": "Cached geometric shade snapshot and configured prototype temperature curve", "observed_or_estimated": "ESTIMATED", "modelled_or_interpolated": "MODELLED", "timestamp": "2026-05-15T15:00:00+05:30", "assumptions_version": "2026-10-09-prompt-5a-interventions", "computation_mode": "geometric", "shade_fraction": 0.27552055925744434, "direct_exposure_fraction": 0.7244794407425557}, "geometry": {"type": "LineString", "coordinates": [[75.8520297, 22.7201882], [75.8520047, 22.72021819999999], [75.8519859, 22.72029869999999], [75.85188350000001, 22.7207594]]}}, {"type": "Feature", "properties": {"segment_id": "osm-3734496866-3734496860-0", "length_m": 15.326828609101243, "canonical_time": "15:00", "exposure_value": 1.0, "temperature_proxy_c": 42.0, "normalized_temperature_factor": 1.0, "source_type": "derived", "source_reference": "Cached geometric shade snapshot and configured prototype temperature curve", "observed_or_estimated": "ESTIMATED", "modelled_or_interpolated": "MODELLED", "timestamp": "2026-05-15T15:00:00+05:30", "assumptions_version": "2026-10-09-prompt-5a-interventions", "computation_mode": "geometric", "shade_fraction": 0.0, "direct_exposure_fraction": 1.0}, "geometry": {"type": "LineString", "coordinates": [[75.8520297, 22.7201882], [75.852061, 22.72014769999999], [75.8521053, 22.720126599999993], [75.852151, 22.7201253]]}}, {"type": "Feature", "properties": {"segment_id": "osm-3734538653-2027103687-0", "length_m": 42.65926855150046, "canonical_time": "15:00", "exposure_value": 1.0, "temperature_proxy_c": 42.0, "normalized_temperature_factor": 1.0, "source_type": "derived", "source_reference": "Cached geometric shade snapshot and configured prototype temperature curve", "observed_or_estimated": "ESTIMATED", "modelled_or_interpolated": "MODELLED", "timestamp": "2026-05-15T15:00:00+05:30", "assumptions_version": "2026-10-09-prompt-5a-interventions", "computation_mode": "geometric", "shade_fraction": 0.0, "direct_exposure_fraction": 1.0}, "geometry": {"type": "LineString", "coordinates": [[75.8548908, 22.713287099999988], [75.8552993, 22.713217399999994]]}}, {"type": "Feature", "properties": {"segment_id": "osm-3734538653-2027103692-0", "length_m": 50.380415782377284, "canonical_time": "15:00", "exposure_value": 0.9734002911036465, "temperature_proxy_c": 42.0, "normalized_temperature_factor": 1.0, "source_type": "derived", "source_reference": "Cached geometric shade snapshot and configured prototype temperature curve", "observed_or_estimated": "ESTIMATED", "modelled_or_interpolated": "MODELLED", "timestamp": "2026-05-15T15:00:00+05:30", "assumptions_version": "2026-10-09-prompt-5a-interventions", "computation_mode": "geometric", "shade_fraction": 0.026599708896353536, "direct_exposure_fraction": 0.9734002911036465}, "geometry": {"type": "LineString", "coordinates": [[75.8548908, 22.713287099999988], [75.85441040000002, 22.713379100000004]]}}, {"type": "Feature", "properties": {"segment_id": "osm-3734538655-2027103703-0", "length_m": 20.203165107398288, "canonical_time": "15:00", "exposure_value": 1.0, "temperature_proxy_c": 42.0, "normalized_temperature_factor": 1.0, "source_type": "derived", "source_reference": "Cached geometric shade snapshot and configured prototype temperature curve", "observed_or_estimated": "ESTIMATED", "modelled_or_interpolated": "MODELLED", "timestamp": "2026-05-15T15:00:00+05:30", "assumptions_version": "2026-10-09-prompt-5a-interventions", "computation_mode": "geometric", "shade_fraction": 0.0, "direct_exposure_fraction": 1.0}, "geometry": {"type": "LineString", "coordinates": [[75.8540093, 22.713774899999994], [75.854206, 22.713776599999992]]}}, {"type": "Feature", "properties": {"segment_id": "osm-3734538655-2027103702-0", "length_m": 20.47675952690482, "canonical_time": "15:00", "exposure_value": 1.0, "temperature_proxy_c": 42.0, "normalized_temperature_factor": 1.0, "source_type": "derived", "source_reference": "Cached geometric shade snapshot and configured prototype temperature curve", "observed_or_estimated": "ESTIMATED", "modelled_or_interpolated": "MODELLED", "timestamp": "2026-05-15T15:00:00+05:30", "assumptions_version": "2026-10-09-prompt-5a-interventions", "computation_mode": "geometric", "shade_fraction": 0.0, "direct_exposure_fraction": 1.0}, "geometry": {"type": "LineString", "coordinates": [[75.8540093, 22.713774899999994], [75.8538103, 22.713786199999994]]}}, {"type": "Feature", "properties": {"segment_id": "osm-3734538655-3734538662-0", "length_m": 34.30297092660931, "canonical_time": "15:00", "exposure_value": 0.42484396614601005, "temperature_proxy_c": 42.0, "normalized_temperature_factor": 1.0, "source_type": "derived", "source_reference": "Cached geometric shade snapshot and configured prototype temperature curve", "observed_or_estimated": "ESTIMATED", "modelled_or_interpolated": "MODELLED", "timestamp": "2026-05-15T15:00:00+05:30", "assumptions_version": "2026-10-09-prompt-5a-interventions", "computation_mode": "geometric", "shade_fraction": 0.57515603385399, "direct_exposure_fraction": 0.42484396614601005}, "geometry": {"type": "LineString", "coordinates": [[75.8540093, 22.713774899999994], [75.8540253, 22.714084399999997]]}}, {"type": "Feature", "properties": {"segment_id": "osm-3734538656-2027032511-0", "length_m": 212.5583628652784, "canonical_time": "15:00", "exposure_value": 0.9740496034155127, "temperature_proxy_c": 42.0, "normalized_temperature_factor": 1.0, "source_type": "derived", "source_reference": "Cached geometric shade snapshot and configured prototype temperature curve", "observed_or_estimated": "ESTIMATED", "modelled_or_interpolated": "MODELLED", "timestamp": "2026-05-15T15:00:00+05:30", "assumptions_version": "2026-10-09-prompt-5a-interventions", "computation_mode": "geometric", "shade_fraction": 0.02595039658448725, "direct_exposure_fraction": 0.9740496034155127}, "geometry": {"type": "LineString", "coordinates": [[75.8528371, 22.713764600000008], [75.8528557, 22.713798399999998], [75.8529047, 22.713877799999988], [75.8529857, 22.7139514], [75.8530782, 22.714024], [75.853175, 22.7140862], [75.8532705, 22.7141385], [75.8534327, 22.7142186], [75.8536033, 22.714255000000005], [75.8538267, 22.714289800000007], [75.8539816, 22.7142937], [75.8541584, 22.714286099999995], [75.8543038, 22.714270699999993], [75.8544099, 22.7142374], [75.8544928, 22.714184799999998], [75.8545395, 22.71414369999999], [75.8546154, 22.714116300000004], [75.8546563, 22.7141337]]}}, {"type": "Feature", "properties": {"segment_id": "osm-3734538662-3734538655-0", "length_m": 34.30297092660931, "canonical_time": "15:00", "exposure_value": 0.42484396614601005, "temperature_proxy_c": 42.0, "normalized_temperature_factor": 1.0, "source_type": "derived", "source_reference": "Cached geometric shade snapshot and configured prototype temperature curve", "observed_or_estimated": "ESTIMATED", "modelled_or_interpolated": "MODELLED", "timestamp": "2026-05-15T15:00:00+05:30", "assumptions_version": "2026-10-09-prompt-5a-interventions", "computation_mode": "geometric", "shade_fraction": 0.57515603385399, "direct_exposure_fraction": 0.42484396614601005}, "geometry": {"type": "LineString", "coordinates": [[75.8540253, 22.714084399999997], [75.8540093, 22.713774899999994]]}}, {"type": "Feature", "properties": {"segment_id": "osm-3734538662-2027103712-0", "length_m": 22.278002973855262, "canonical_time": "15:00", "exposure_value": 1.0, "temperature_proxy_c": 42.0, "normalized_temperature_factor": 1.0, "source_type": "derived", "source_reference": "Cached geometric shade snapshot and configured prototype temperature curve", "observed_or_estimated": "ESTIMATED", "modelled_or_interpolated": "MODELLED", "timestamp": "2026-05-15T15:00:00+05:30", "assumptions_version": "2026-10-09-prompt-5a-interventions", "computation_mode": "geometric", "shade_fraction": 0.0, "direct_exposure_fraction": 1.0}, "geometry": {"type": "LineString", "coordinates": [[75.8540253, 22.714084399999997], [75.8539634, 22.714085399999995], [75.8538084, 22.714084800000002]]}}, {"type": "Feature", "properties": {"segment_id": "osm-3734538662-2027103703-0", "length_m": 46.590054460099964, "canonical_time": "15:00", "exposure_value": 0.5303404046150778, "temperature_proxy_c": 42.0, "normalized_temperature_factor": 1.0, "source_type": "derived", "source_reference": "Cached geometric shade snapshot and configured prototype temperature curve", "observed_or_estimated": "ESTIMATED", "modelled_or_interpolated": "MODELLED", "timestamp": "2026-05-15T15:00:00+05:30", "assumptions_version": "2026-10-09-prompt-5a-interventions", "computation_mode": "geometric", "shade_fraction": 0.4696595953849222, "direct_exposure_fraction": 0.5303404046150778}, "geometry": {"type": "LineString", "coordinates": [[75.8540253, 22.714084399999997], [75.85416000000001, 22.7140472], [75.8542135, 22.7139947], [75.854206, 22.713776599999992]]}}, {"type": "Feature", "properties": {"segment_id": "osm-3734538674-2027156353-0", "length_m": 29.949191922528687, "canonical_time": "15:00", "exposure_value": 0.7999730299909125, "temperature_proxy_c": 42.0, "normalized_temperature_factor": 1.0, "source_type": "derived", "source_reference": "Cached geometric shade snapshot and configured prototype temperature curve", "observed_or_estimated": "ESTIMATED", "modelled_or_interpolated": "MODELLED", "timestamp": "2026-05-15T15:00:00+05:30", "assumptions_version": "2026-10-09-prompt-5a-interventions", "computation_mode": "geometric", "shade_fraction": 0.20002697000908748, "direct_exposure_fraction": 0.7999730299909125}, "geometry": {"type": "LineString", "coordinates": [[75.8514588, 22.7142643], [75.8514112, 22.714531200000007]]}}, {"type": "Feature", "properties": {"segment_id": "osm-3734538674-2027156315-0", "length_m": 18.628834985621385, "canonical_time": "15:00", "exposure_value": 0.21935144070225598, "temperature_proxy_c": 42.0, "normalized_temperature_factor": 1.0, "source_type": "derived", "source_reference": "Cached geometric shade snapshot and configured prototype temperature curve", "observed_or_estimated": "ESTIMATED", "modelled_or_interpolated": "MODELLED", "timestamp": "2026-05-15T15:00:00+05:30", "assumptions_version": "2026-10-09-prompt-5a-interventions", "computation_mode": "geometric", "shade_fraction": 0.780648559297744, "direct_exposure_fraction": 0.21935144070225598}, "geometry": {"type": "LineString", "coordinates": [[75.8514588, 22.7142643], [75.851503, 22.714101100000004]]}}, {"type": "Feature", "properties": {"segment_id": "osm-3734538674-3734538687-0", "length_m": 99.44310306103881, "canonical_time": "15:00", "exposure_value": 0.9929481294473682, "temperature_proxy_c": 42.0, "normalized_temperature_factor": 1.0, "source_type": "derived", "source_reference": "Cached geometric shade snapshot and configured prototype temperature curve", "observed_or_estimated": "ESTIMATED", "modelled_or_interpolated": "MODELLED", "timestamp": "2026-05-15T15:00:00+05:30", "assumptions_version": "2026-10-09-prompt-5a-interventions", "computation_mode": "geometric", "shade_fraction": 0.007051870552631773, "direct_exposure_fraction": 0.9929481294473682}, "geometry": {"type": "LineString", "coordinates": [[75.8514588, 22.7142643], [75.8515969, 22.7142841], [75.8516479, 22.714296399999995], [75.8516881, 22.71432119999999], [75.8517377, 22.714355799999993], [75.8517779, 22.71436819999999], [75.8518383, 22.7143781], [75.8520617, 22.714395399999997], [75.8521946, 22.7143993], [75.8523166, 22.714401], [75.8523987, 22.714392500000002]]}}, {"type": "Feature", "properties": {"segment_id": "osm-3734538687-2027156304-0", "length_m": 36.23574666266662, "canonical_time": "15:00", "exposure_value": 1.0, "temperature_proxy_c": 42.0, "normalized_temperature_factor": 1.0, "source_type": "derived", "source_reference": "Cached geometric shade snapshot and configured prototype temperature curve", "observed_or_estimated": "ESTIMATED", "modelled_or_interpolated": "MODELLED", "timestamp": "2026-05-15T15:00:00+05:30", "assumptions_version": "2026-10-09-prompt-5a-interventions", "computation_mode": "geometric", "shade_fraction": 0.0, "direct_exposure_fraction": 1.0}, "geometry": {"type": "LineString", "coordinates": [[75.8523987, 22.714392500000002], [75.8524326, 22.71406669999999]]}}, {"type": "Feature", "properties": {"segment_id": "osm-3734538687-2027156370-0", "length_m": 34.77343067932083, "canonical_time": "15:00", "exposure_value": 0.9996384999892293, "temperature_proxy_c": 42.0, "normalized_temperature_factor": 1.0, "source_type": "derived", "source_reference": "Cached geometric shade snapshot and configured prototype temperature curve", "observed_or_estimated": "ESTIMATED", "modelled_or_interpolated": "MODELLED", "timestamp": "2026-05-15T15:00:00+05:30", "assumptions_version": "2026-10-09-prompt-5a-interventions", "computation_mode": "geometric", "shade_fraction": 0.00036150001077071923, "direct_exposure_fraction": 0.9996384999892293}, "geometry": {"type": "LineString", "coordinates": [[75.8523987, 22.714392500000002], [75.8523795, 22.714706099999997]]}}, {"type": "Feature", "properties": {"segment_id": "osm-3734538687-3734538674-0", "length_m": 99.4431030610388, "canonical_time": "15:00", "exposure_value": 0.9929481294473682, "temperature_proxy_c": 42.0, "normalized_temperature_factor": 1.0, "source_type": "derived", "source_reference": "Cached geometric shade snapshot and configured prototype temperature curve", "observed_or_estimated": "ESTIMATED", "modelled_or_interpolated": "MODELLED", "timestamp": "2026-05-15T15:00:00+05:30", "assumptions_version": "2026-10-09-prompt-5a-interventions", "computation_mode": "geometric", "shade_fraction": 0.007051870552631774, "direct_exposure_fraction": 0.9929481294473682}, "geometry": {"type": "LineString", "coordinates": [[75.8523987, 22.714392500000002], [75.8523166, 22.714401], [75.8521946, 22.7143993], [75.8520617, 22.714395399999997], [75.8518383, 22.7143781], [75.8517779, 22.71436819999999], [75.8517377, 22.714355799999993], [75.8516881, 22.71432119999999], [75.8516479, 22.714296399999995], [75.8515969, 22.7142841], [75.8514588, 22.7142643]]}}, {"type": "Feature", "properties": {"segment_id": "osm-3734538694-3734494544-0", "length_m": 4.039808950690573, "canonical_time": "15:00", "exposure_value": 1.0, "temperature_proxy_c": 42.0, "normalized_temperature_factor": 1.0, "source_type": "derived", "source_reference": "Cached geometric shade snapshot and configured prototype temperature curve", "observed_or_estimated": "ESTIMATED", "modelled_or_interpolated": "MODELLED", "timestamp": "2026-05-15T15:00:00+05:30", "assumptions_version": "2026-10-09-prompt-5a-interventions", "computation_mode": "geometric", "shade_fraction": 0.0, "direct_exposure_fraction": 1.0}, "geometry": {"type": "LineString", "coordinates": [[75.850654, 22.715649799999994], [75.8506922, 22.7156585]]}}, {"type": "Feature", "properties": {"segment_id": "osm-3735831760-3665539324-0", "length_m": 5.547355232855593, "canonical_time": "15:00", "exposure_value": 1.0, "temperature_proxy_c": 42.0, "normalized_temperature_factor": 1.0, "source_type": "derived", "source_reference": "Cached geometric shade snapshot and configured prototype temperature curve", "observed_or_estimated": "ESTIMATED", "modelled_or_interpolated": "MODELLED", "timestamp": "2026-05-15T15:00:00+05:30", "assumptions_version": "2026-10-09-prompt-5a-interventions", "computation_mode": "geometric", "shade_fraction": 0.0, "direct_exposure_fraction": 1.0}, "geometry": {"type": "LineString", "coordinates": [[75.850195, 22.721710799999993], [75.8502063, 22.721661799999993]]}}, {"type": "Feature", "properties": {"segment_id": "osm-6610174289-2027131470-0", "length_m": 16.429826136637843, "canonical_time": "15:00", "exposure_value": 1.0, "temperature_proxy_c": 42.0, "normalized_temperature_factor": 1.0, "source_type": "derived", "source_reference": "Cached geometric shade snapshot and configured prototype temperature curve", "observed_or_estimated": "ESTIMATED", "modelled_or_interpolated": "MODELLED", "timestamp": "2026-05-15T15:00:00+05:30", "assumptions_version": "2026-10-09-prompt-5a-interventions", "computation_mode": "geometric", "shade_fraction": 0.0, "direct_exposure_fraction": 1.0}, "geometry": {"type": "LineString", "coordinates": [[75.8590266, 22.7151995], [75.8590054, 22.715052399999994]]}}, {"type": "Feature", "properties": {"segment_id": "osm-6610174557-2027131422-0", "length_m": 49.86703893246219, "canonical_time": "15:00", "exposure_value": 1.0, "temperature_proxy_c": 42.0, "normalized_temperature_factor": 1.0, "source_type": "derived", "source_reference": "Cached geometric shade snapshot and configured prototype temperature curve", "observed_or_estimated": "ESTIMATED", "modelled_or_interpolated": "MODELLED", "timestamp": "2026-05-15T15:00:00+05:30", "assumptions_version": "2026-10-09-prompt-5a-interventions", "computation_mode": "geometric", "shade_fraction": 0.0, "direct_exposure_fraction": 1.0}, "geometry": {"type": "LineString", "coordinates": [[75.8582514, 22.7145073], [75.8582446, 22.7140569]]}}, {"type": "Feature", "properties": {"segment_id": "osm-6610174558-2027131460-0", "length_m": 34.0809116439167, "canonical_time": "15:00", "exposure_value": 1.0, "temperature_proxy_c": 42.0, "normalized_temperature_factor": 1.0, "source_type": "derived", "source_reference": "Cached geometric shade snapshot and configured prototype temperature curve", "observed_or_estimated": "ESTIMATED", "modelled_or_interpolated": "MODELLED", "timestamp": "2026-05-15T15:00:00+05:30", "assumptions_version": "2026-10-09-prompt-5a-interventions", "computation_mode": "geometric", "shade_fraction": 0.0, "direct_exposure_fraction": 1.0}, "geometry": {"type": "LineString", "coordinates": [[75.8579331, 22.715021099999998], [75.8581836, 22.71481919999999]]}}, {"type": "Feature", "properties": {"segment_id": "osm-6610174558-2027131479-0", "length_m": 15.633315705013132, "canonical_time": "15:00", "exposure_value": 1.0, "temperature_proxy_c": 42.0, "normalized_temperature_factor": 1.0, "source_type": "derived", "source_reference": "Cached geometric shade snapshot and configured prototype temperature curve", "observed_or_estimated": "ESTIMATED", "modelled_or_interpolated": "MODELLED", "timestamp": "2026-05-15T15:00:00+05:30", "assumptions_version": "2026-10-09-prompt-5a-interventions", "computation_mode": "geometric", "shade_fraction": 0.0, "direct_exposure_fraction": 1.0}, "geometry": {"type": "LineString", "coordinates": [[75.8579331, 22.715021099999998], [75.8579096, 22.7150401], [75.8578179, 22.7151134]]}}, {"type": "Feature", "properties": {"segment_id": "osm-6610174558-2027131485-0", "length_m": 108.64717503007986, "canonical_time": "15:00", "exposure_value": 0.5363386834154964, "temperature_proxy_c": 42.0, "normalized_temperature_factor": 1.0, "source_type": "derived", "source_reference": "Cached geometric shade snapshot and configured prototype temperature curve", "observed_or_estimated": "ESTIMATED", "modelled_or_interpolated": "MODELLED", "timestamp": "2026-05-15T15:00:00+05:30", "assumptions_version": "2026-10-09-prompt-5a-interventions", "computation_mode": "geometric", "shade_fraction": 0.46366131658450355, "direct_exposure_fraction": 0.5363386834154964}, "geometry": {"type": "LineString", "coordinates": [[75.8579331, 22.715021099999998], [75.8580288, 22.715114200000002], [75.8580771, 22.715163599999997], [75.8580919, 22.7152181], [75.858082, 22.715271999999995], [75.85813880000002, 22.7153962], [75.858167, 22.7154321], [75.8581991, 22.715460500000006], [75.8582407, 22.7154828], [75.8582836, 22.715484], [75.858437, 22.715440899999997], [75.8584646, 22.7154056], [75.8584741, 22.7153541], [75.8584773, 22.715295899999997], [75.858474, 22.715228499999995]]}}, {"type": "Feature", "properties": {"segment_id": "osm-6611315823-2027156504-0", "length_m": 22.497036312471653, "canonical_time": "15:00", "exposure_value": 1.0, "temperature_proxy_c": 42.0, "normalized_temperature_factor": 1.0, "source_type": "derived", "source_reference": "Cached geometric shade snapshot and configured prototype temperature curve", "observed_or_estimated": "ESTIMATED", "modelled_or_interpolated": "MODELLED", "timestamp": "2026-05-15T15:00:00+05:30", "assumptions_version": "2026-10-09-prompt-5a-interventions", "computation_mode": "geometric", "shade_fraction": 0.0, "direct_exposure_fraction": 1.0}, "geometry": {"type": "LineString", "coordinates": [[75.85214590000001, 22.715903], [75.8519308, 22.715864599999996]]}}, {"type": "Feature", "properties": {"segment_id": "osm-6611315823-3734494551-0", "length_m": 38.08400138613958, "canonical_time": "15:00", "exposure_value": 1.0, "temperature_proxy_c": 42.0, "normalized_temperature_factor": 1.0, "source_type": "derived", "source_reference": "Cached geometric shade snapshot and configured prototype temperature curve", "observed_or_estimated": "ESTIMATED", "modelled_or_interpolated": "MODELLED", "timestamp": "2026-05-15T15:00:00+05:30", "assumptions_version": "2026-10-09-prompt-5a-interventions", "computation_mode": "geometric", "shade_fraction": 0.0, "direct_exposure_fraction": 1.0}, "geometry": {"type": "LineString", "coordinates": [[75.85214590000001, 22.715903], [75.8525106, 22.7159652]]}}, {"type": "Feature", "properties": {"segment_id": "osm-6611315823-3734494563-0", "length_m": 26.462739497854287, "canonical_time": "15:00", "exposure_value": 0.23863180408183948, "temperature_proxy_c": 42.0, "normalized_temperature_factor": 1.0, "source_type": "derived", "source_reference": "Cached geometric shade snapshot and configured prototype temperature curve", "observed_or_estimated": "ESTIMATED", "modelled_or_interpolated": "MODELLED", "timestamp": "2026-05-15T15:00:00+05:30", "assumptions_version": "2026-10-09-prompt-5a-interventions", "computation_mode": "geometric", "shade_fraction": 0.7613681959181605, "direct_exposure_fraction": 0.23863180408183948}, "geometry": {"type": "LineString", "coordinates": [[75.85214590000001, 22.715903], [75.8521408, 22.715947799999984], [75.8521187, 22.716140699999997]]}}, {"type": "Feature", "properties": {"segment_id": "osm-6611315824-2027156492-0", "length_m": 32.31281171279715, "canonical_time": "15:00", "exposure_value": 1.0, "temperature_proxy_c": 42.0, "normalized_temperature_factor": 1.0, "source_type": "derived", "source_reference": "Cached geometric shade snapshot and configured prototype temperature curve", "observed_or_estimated": "ESTIMATED", "modelled_or_interpolated": "MODELLED", "timestamp": "2026-05-15T15:00:00+05:30", "assumptions_version": "2026-10-09-prompt-5a-interventions", "computation_mode": "geometric", "shade_fraction": 0.0, "direct_exposure_fraction": 1.0}, "geometry": {"type": "LineString", "coordinates": [[75.8516486, 22.715823499999996], [75.8513407, 22.715763499999994]]}}, {"type": "Feature", "properties": {"segment_id": "osm-6611315824-2027156504-0", "length_m": 29.33818567382451, "canonical_time": "15:00", "exposure_value": 1.0, "temperature_proxy_c": 42.0, "normalized_temperature_factor": 1.0, "source_type": "derived", "source_reference": "Cached geometric shade snapshot and configured prototype temperature curve", "observed_or_estimated": "ESTIMATED", "modelled_or_interpolated": "MODELLED", "timestamp": "2026-05-15T15:00:00+05:30", "assumptions_version": "2026-10-09-prompt-5a-interventions", "computation_mode": "geometric", "shade_fraction": 0.0, "direct_exposure_fraction": 1.0}, "geometry": {"type": "LineString", "coordinates": [[75.8516486, 22.715823499999996], [75.8519308, 22.715864599999996]]}}, {"type": "Feature", "properties": {"segment_id": "osm-6611315824-3734494557-0", "length_m": 30.954895272465073, "canonical_time": "15:00", "exposure_value": 0.5610292197030412, "temperature_proxy_c": 42.0, "normalized_temperature_factor": 1.0, "source_type": "derived", "source_reference": "Cached geometric shade snapshot and configured prototype temperature curve", "observed_or_estimated": "ESTIMATED", "modelled_or_interpolated": "MODELLED", "timestamp": "2026-05-15T15:00:00+05:30", "assumptions_version": "2026-10-09-prompt-5a-interventions", "computation_mode": "geometric", "shade_fraction": 0.4389707802969588, "direct_exposure_fraction": 0.5610292197030412}, "geometry": {"type": "LineString", "coordinates": [[75.8516486, 22.715823499999996], [75.8516491, 22.715869], [75.8516515, 22.716103099999998]]}}, {"type": "Feature", "properties": {"segment_id": "osm-6611315825-3734494563-0", "length_m": 16.015730445049332, "canonical_time": "15:00", "exposure_value": 0.262379072935085, "temperature_proxy_c": 42.0, "normalized_temperature_factor": 1.0, "source_type": "derived", "source_reference": "Cached geometric shade snapshot and configured prototype temperature curve", "observed_or_estimated": "ESTIMATED", "modelled_or_interpolated": "MODELLED", "timestamp": "2026-05-15T15:00:00+05:30", "assumptions_version": "2026-10-09-prompt-5a-interventions", "computation_mode": "geometric", "shade_fraction": 0.737620927064915, "direct_exposure_fraction": 0.262379072935085}, "geometry": {"type": "LineString", "coordinates": [[75.8520973, 22.716284000000005], [75.8521187, 22.716140699999997]]}}, {"type": "Feature", "properties": {"segment_id": "osm-6611315825-3734494569-0", "length_m": 46.495634473485616, "canonical_time": "15:00", "exposure_value": 1.0, "temperature_proxy_c": 42.0, "normalized_temperature_factor": 1.0, "source_type": "derived", "source_reference": "Cached geometric shade snapshot and configured prototype temperature curve", "observed_or_estimated": "ESTIMATED", "modelled_or_interpolated": "MODELLED", "timestamp": "2026-05-15T15:00:00+05:30", "assumptions_version": "2026-10-09-prompt-5a-interventions", "computation_mode": "geometric", "shade_fraction": 0.0, "direct_exposure_fraction": 1.0}, "geometry": {"type": "LineString", "coordinates": [[75.8520973, 22.716284000000005], [75.8520216, 22.716268999999997], [75.8516464, 22.716260700000003]]}}, {"type": "Feature", "properties": {"segment_id": "osm-6611315825-3734494577-0", "length_m": 64.2091208823156, "canonical_time": "15:00", "exposure_value": 1.0, "temperature_proxy_c": 42.0, "normalized_temperature_factor": 1.0, "source_type": "derived", "source_reference": "Cached geometric shade snapshot and configured prototype temperature curve", "observed_or_estimated": "ESTIMATED", "modelled_or_interpolated": "MODELLED", "timestamp": "2026-05-15T15:00:00+05:30", "assumptions_version": "2026-10-09-prompt-5a-interventions", "computation_mode": "geometric", "shade_fraction": 0.0, "direct_exposure_fraction": 1.0}, "geometry": {"type": "LineString", "coordinates": [[75.8520973, 22.716284000000005], [75.8521296, 22.7163181], [75.8523199, 22.7163244], [75.8526571, 22.7163285], [75.85270570000002, 22.716329000000005]]}}, {"type": "Feature", "properties": {"segment_id": "osm-6611316218-8478005611-0", "length_m": 25.98523637119605, "canonical_time": "15:00", "exposure_value": 1.0, "temperature_proxy_c": 42.0, "normalized_temperature_factor": 1.0, "source_type": "derived", "source_reference": "Cached geometric shade snapshot and configured prototype temperature curve", "observed_or_estimated": "ESTIMATED", "modelled_or_interpolated": "MODELLED", "timestamp": "2026-05-15T15:00:00+05:30", "assumptions_version": "2026-10-09-prompt-5a-interventions", "computation_mode": "geometric", "shade_fraction": 0.0, "direct_exposure_fraction": 1.0}, "geometry": {"type": "LineString", "coordinates": [[75.8510191, 22.7166664], [75.8510156, 22.716431699999994]]}}, {"type": "Feature", "properties": {"segment_id": "osm-6611316218-3734494596-0", "length_m": 52.23484289640684, "canonical_time": "15:00", "exposure_value": 1.0, "temperature_proxy_c": 42.0, "normalized_temperature_factor": 1.0, "source_type": "derived", "source_reference": "Cached geometric shade snapshot and configured prototype temperature curve", "observed_or_estimated": "ESTIMATED", "modelled_or_interpolated": "MODELLED", "timestamp": "2026-05-15T15:00:00+05:30", "assumptions_version": "2026-10-09-prompt-5a-interventions", "computation_mode": "geometric", "shade_fraction": 0.0, "direct_exposure_fraction": 1.0}, "geometry": {"type": "LineString", "coordinates": [[75.8510191, 22.7166664], [75.8505113, 22.7166928]]}}, {"type": "Feature", "properties": {"segment_id": "osm-6611316218-2025020003-0", "length_m": 143.11853270615276, "canonical_time": "15:00", "exposure_value": 0.552234055484508, "temperature_proxy_c": 42.0, "normalized_temperature_factor": 1.0, "source_type": "derived", "source_reference": "Cached geometric shade snapshot and configured prototype temperature curve", "observed_or_estimated": "ESTIMATED", "modelled_or_interpolated": "MODELLED", "timestamp": "2026-05-15T15:00:00+05:30", "assumptions_version": "2026-10-09-prompt-5a-interventions", "computation_mode": "geometric", "shade_fraction": 0.44776594451549195, "direct_exposure_fraction": 0.552234055484508}, "geometry": {"type": "LineString", "coordinates": [[75.8510191, 22.7166664], [75.851037, 22.717218], [75.851043, 22.717598299999995], [75.8510559, 22.717808400000003], [75.8510792, 22.7178883], [75.8511287, 22.717937599999992]]}}, {"type": "Feature", "properties": {"segment_id": "osm-6611316218-3734494592-0", "length_m": 52.62760889409574, "canonical_time": "15:00", "exposure_value": 1.0, "temperature_proxy_c": 42.0, "normalized_temperature_factor": 1.0, "source_type": "derived", "source_reference": "Cached geometric shade snapshot and configured prototype temperature curve", "observed_or_estimated": "ESTIMATED", "modelled_or_interpolated": "MODELLED", "timestamp": "2026-05-15T15:00:00+05:30", "assumptions_version": "2026-10-09-prompt-5a-interventions", "computation_mode": "geometric", "shade_fraction": 0.0, "direct_exposure_fraction": 1.0}, "geometry": {"type": "LineString", "coordinates": [[75.8510191, 22.7166664], [75.8513218, 22.7166487], [75.8515307, 22.716657599999994]]}}, {"type": "Feature", "properties": {"segment_id": "osm-6611316219-3734494592-0", "length_m": 16.87353859728329, "canonical_time": "15:00", "exposure_value": 1.0, "temperature_proxy_c": 42.0, "normalized_temperature_factor": 1.0, "source_type": "derived", "source_reference": "Cached geometric shade snapshot and configured prototype temperature curve", "observed_or_estimated": "ESTIMATED", "modelled_or_interpolated": "MODELLED", "timestamp": "2026-05-15T15:00:00+05:30", "assumptions_version": "2026-10-09-prompt-5a-interventions", "computation_mode": "geometric", "shade_fraction": 0.0, "direct_exposure_fraction": 1.0}, "geometry": {"type": "LineString", "coordinates": [[75.8516947, 22.7166485], [75.8515307, 22.716657599999994]]}}, {"type": "Feature", "properties": {"segment_id": "osm-6611316219-3734496628-0", "length_m": 41.325581755601206, "canonical_time": "15:00", "exposure_value": 0.3107153654798115, "temperature_proxy_c": 42.0, "normalized_temperature_factor": 1.0, "source_type": "derived", "source_reference": "Cached geometric shade snapshot and configured prototype temperature curve", "observed_or_estimated": "ESTIMATED", "modelled_or_interpolated": "MODELLED", "timestamp": "2026-05-15T15:00:00+05:30", "assumptions_version": "2026-10-09-prompt-5a-interventions", "computation_mode": "geometric", "shade_fraction": 0.6892846345201885, "direct_exposure_fraction": 0.3107153654798115}, "geometry": {"type": "LineString", "coordinates": [[75.8516947, 22.7166485], [75.8516935, 22.716665599999995], [75.8517002, 22.7170217]]}}, {"type": "Feature", "properties": {"segment_id": "osm-6611316219-6611316866-0", "length_m": 135.67575855398914, "canonical_time": "15:00", "exposure_value": 1.0, "temperature_proxy_c": 42.0, "normalized_temperature_factor": 1.0, "source_type": "derived", "source_reference": "Cached geometric shade snapshot and configured prototype temperature curve", "observed_or_estimated": "ESTIMATED", "modelled_or_interpolated": "MODELLED", "timestamp": "2026-05-15T15:00:00+05:30", "assumptions_version": "2026-10-09-prompt-5a-interventions", "computation_mode": "geometric", "shade_fraction": 0.0, "direct_exposure_fraction": 1.0}, "geometry": {"type": "LineString", "coordinates": [[75.8516947, 22.7166485], [75.8527108, 22.7166777], [75.8530144, 22.716698799999996]]}}, {"type": "Feature", "properties": {"segment_id": "osm-6611316866-3734494601-0", "length_m": 51.35611793060415, "canonical_time": "15:00", "exposure_value": 1.0, "temperature_proxy_c": 42.0, "normalized_temperature_factor": 1.0, "source_type": "derived", "source_reference": "Cached geometric shade snapshot and configured prototype temperature curve", "observed_or_estimated": "ESTIMATED", "modelled_or_interpolated": "MODELLED", "timestamp": "2026-05-15T15:00:00+05:30", "assumptions_version": "2026-10-09-prompt-5a-interventions", "computation_mode": "geometric", "shade_fraction": 0.0, "direct_exposure_fraction": 1.0}, "geometry": {"type": "LineString", "coordinates": [[75.8530144, 22.716698799999996], [75.8535143, 22.7166878]]}}, {"type": "Feature", "properties": {"segment_id": "osm-6611316866-3734494575-0", "length_m": 40.703874250872374, "canonical_time": "15:00", "exposure_value": 0.6791653173699936, "temperature_proxy_c": 42.0, "normalized_temperature_factor": 1.0, "source_type": "derived", "source_reference": "Cached geometric shade snapshot and configured prototype temperature curve", "observed_or_estimated": "ESTIMATED", "modelled_or_interpolated": "MODELLED", "timestamp": "2026-05-15T15:00:00+05:30", "assumptions_version": "2026-10-09-prompt-5a-interventions", "computation_mode": "geometric", "shade_fraction": 0.3208346826300063, "direct_exposure_fraction": 0.6791653173699936}, "geometry": {"type": "LineString", "coordinates": [[75.8530144, 22.716698799999996], [75.8530077, 22.716670299999997], [75.8530058, 22.7163318]]}}, {"type": "Feature", "properties": {"segment_id": "osm-6611316866-8478005564-0", "length_m": 28.365849988336777, "canonical_time": "15:00", "exposure_value": 0.3546564188256599, "temperature_proxy_c": 42.0, "normalized_temperature_factor": 1.0, "source_type": "derived", "source_reference": "Cached geometric shade snapshot and configured prototype temperature curve", "observed_or_estimated": "ESTIMATED", "modelled_or_interpolated": "MODELLED", "timestamp": "2026-05-15T15:00:00+05:30", "assumptions_version": "2026-10-09-prompt-5a-interventions", "computation_mode": "geometric", "shade_fraction": 0.6453435811743401, "direct_exposure_fraction": 0.3546564188256599}, "geometry": {"type": "LineString", "coordinates": [[75.8530144, 22.716698799999996], [75.8530311, 22.7168944], [75.853046, 22.716952800000005]]}}, {"type": "Feature", "properties": {"segment_id": "osm-6611316866-6611316219-0", "length_m": 135.67575855398914, "canonical_time": "15:00", "exposure_value": 1.0, "temperature_proxy_c": 42.0, "normalized_temperature_factor": 1.0, "source_type": "derived", "source_reference": "Cached geometric shade snapshot and configured prototype temperature curve", "observed_or_estimated": "ESTIMATED", "modelled_or_interpolated": "MODELLED", "timestamp": "2026-05-15T15:00:00+05:30", "assumptions_version": "2026-10-09-prompt-5a-interventions", "computation_mode": "geometric", "shade_fraction": 0.0, "direct_exposure_fraction": 1.0}, "geometry": {"type": "LineString", "coordinates": [[75.8530144, 22.716698799999996], [75.8527108, 22.7166777], [75.8516947, 22.7166485]]}}, {"type": "Feature", "properties": {"segment_id": "osm-6616739535-2025111297-0", "length_m": 43.79947187990224, "canonical_time": "15:00", "exposure_value": 0.6654076162090463, "temperature_proxy_c": 42.0, "normalized_temperature_factor": 1.0, "source_type": "derived", "source_reference": "Cached geometric shade snapshot and configured prototype temperature curve", "observed_or_estimated": "ESTIMATED", "modelled_or_interpolated": "MODELLED", "timestamp": "2026-05-15T15:00:00+05:30", "assumptions_version": "2026-10-09-prompt-5a-interventions", "computation_mode": "geometric", "shade_fraction": 0.33459238379095374, "direct_exposure_fraction": 0.6654076162090463}, "geometry": {"type": "LineString", "coordinates": [[75.8544584, 22.721836599999993], [75.8545924, 22.721461]]}}, {"type": "Feature", "properties": {"segment_id": "osm-6616739535-8477883142-0", "length_m": 122.94584225299313, "canonical_time": "15:00", "exposure_value": 1.0, "temperature_proxy_c": 42.0, "normalized_temperature_factor": 1.0, "source_type": "derived", "source_reference": "Cached geometric shade snapshot and configured prototype temperature curve", "observed_or_estimated": "ESTIMATED", "modelled_or_interpolated": "MODELLED", "timestamp": "2026-05-15T15:00:00+05:30", "assumptions_version": "2026-10-09-prompt-5a-interventions", "computation_mode": "geometric", "shade_fraction": 0.0, "direct_exposure_fraction": 1.0}, "geometry": {"type": "LineString", "coordinates": [[75.8544584, 22.721836599999993], [75.854146, 22.721784499999995], [75.8533628, 22.721832199999994], [75.8533224, 22.7219118]]}}, {"type": "Feature", "properties": {"segment_id": "osm-6616739535-2025111355-0", "length_m": 38.176386289316135, "canonical_time": "15:00", "exposure_value": 1.0, "temperature_proxy_c": 42.0, "normalized_temperature_factor": 1.0, "source_type": "derived", "source_reference": "Cached geometric shade snapshot and configured prototype temperature curve", "observed_or_estimated": "ESTIMATED", "modelled_or_interpolated": "MODELLED", "timestamp": "2026-05-15T15:00:00+05:30", "assumptions_version": "2026-10-09-prompt-5a-interventions", "computation_mode": "geometric", "shade_fraction": 0.0, "direct_exposure_fraction": 1.0}, "geometry": {"type": "LineString", "coordinates": [[75.8544584, 22.721836599999993], [75.8545874, 22.7218731], [75.8548174, 22.7219256]]}}, {"type": "Feature", "properties": {"segment_id": "osm-6617250816-3732996662-0", "length_m": 16.543237704136253, "canonical_time": "15:00", "exposure_value": 1.0, "temperature_proxy_c": 42.0, "normalized_temperature_factor": 1.0, "source_type": "derived", "source_reference": "Cached geometric shade snapshot and configured prototype temperature curve", "observed_or_estimated": "ESTIMATED", "modelled_or_interpolated": "MODELLED", "timestamp": "2026-05-15T15:00:00+05:30", "assumptions_version": "2026-10-09-prompt-5a-interventions", "computation_mode": "geometric", "shade_fraction": 0.0, "direct_exposure_fraction": 1.0}, "geometry": {"type": "LineString", "coordinates": [[75.8570003, 22.7221455], [75.8571598, 22.7221664]]}}, {"type": "Feature", "properties": {"segment_id": "osm-6617250816-3732996660-0", "length_m": 33.90284523961031, "canonical_time": "15:00", "exposure_value": 1.0, "temperature_proxy_c": 42.0, "normalized_temperature_factor": 1.0, "source_type": "derived", "source_reference": "Cached geometric shade snapshot and configured prototype temperature curve", "observed_or_estimated": "ESTIMATED", "modelled_or_interpolated": "MODELLED", "timestamp": "2026-05-15T15:00:00+05:30", "assumptions_version": "2026-10-09-prompt-5a-interventions", "computation_mode": "geometric", "shade_fraction": 0.0, "direct_exposure_fraction": 1.0}, "geometry": {"type": "LineString", "coordinates": [[75.8570003, 22.7221455], [75.8569364, 22.7219917], [75.8568782, 22.721861000000004]]}}, {"type": "Feature", "properties": {"segment_id": "osm-6997640180-3734496853-0", "length_m": 35.714065994283494, "canonical_time": "15:00", "exposure_value": 1.0, "temperature_proxy_c": 42.0, "normalized_temperature_factor": 1.0, "source_type": "derived", "source_reference": "Cached geometric shade snapshot and configured prototype temperature curve", "observed_or_estimated": "ESTIMATED", "modelled_or_interpolated": "MODELLED", "timestamp": "2026-05-15T15:00:00+05:30", "assumptions_version": "2026-10-09-prompt-5a-interventions", "computation_mode": "geometric", "shade_fraction": 0.0, "direct_exposure_fraction": 1.0}, "geometry": {"type": "LineString", "coordinates": [[75.8541489, 22.719659799999995], [75.8542055, 22.719978100000002]]}}, {"type": "Feature", "properties": {"segment_id": "osm-6997640180-3734496825-0", "length_m": 9.738599660118545, "canonical_time": "15:00", "exposure_value": 1.0, "temperature_proxy_c": 42.0, "normalized_temperature_factor": 1.0, "source_type": "derived", "source_reference": "Cached geometric shade snapshot and configured prototype temperature curve", "observed_or_estimated": "ESTIMATED", "modelled_or_interpolated": "MODELLED", "timestamp": "2026-05-15T15:00:00+05:30", "assumptions_version": "2026-10-09-prompt-5a-interventions", "computation_mode": "geometric", "shade_fraction": 0.0, "direct_exposure_fraction": 1.0}, "geometry": {"type": "LineString", "coordinates": [[75.8541489, 22.719659799999995], [75.85413350000002, 22.719573]]}}, {"type": "Feature", "properties": {"segment_id": "osm-6997640180-6997700387-0", "length_m": 116.93861484668011, "canonical_time": "15:00", "exposure_value": 0.6516665427803465, "temperature_proxy_c": 42.0, "normalized_temperature_factor": 1.0, "source_type": "derived", "source_reference": "Cached geometric shade snapshot and configured prototype temperature curve", "observed_or_estimated": "ESTIMATED", "modelled_or_interpolated": "MODELLED", "timestamp": "2026-05-15T15:00:00+05:30", "assumptions_version": "2026-10-09-prompt-5a-interventions", "computation_mode": "geometric", "shade_fraction": 0.34833345721965353, "direct_exposure_fraction": 0.6516665427803465}, "geometry": {"type": "LineString", "coordinates": [[75.8541489, 22.719659799999995], [75.853921, 22.719674], [75.8538821, 22.7196691], [75.8538446, 22.719655399999994], [75.853811, 22.7196208], [75.853799, 22.719584899999997], [75.8537212, 22.7191705], [75.8536977, 22.7189056]]}}, {"type": "Feature", "properties": {"segment_id": "osm-6997700387-3734496703-0", "length_m": 38.368879673759224, "canonical_time": "15:00", "exposure_value": 1.0, "temperature_proxy_c": 42.0, "normalized_temperature_factor": 1.0, "source_type": "derived", "source_reference": "Cached geometric shade snapshot and configured prototype temperature curve", "observed_or_estimated": "ESTIMATED", "modelled_or_interpolated": "MODELLED", "timestamp": "2026-05-15T15:00:00+05:30", "assumptions_version": "2026-10-09-prompt-5a-interventions", "computation_mode": "geometric", "shade_fraction": 0.0, "direct_exposure_fraction": 1.0}, "geometry": {"type": "LineString", "coordinates": [[75.8536977, 22.7189056], [75.8540691, 22.7188681]]}}, {"type": "Feature", "properties": {"segment_id": "osm-6997700387-3732489064-0", "length_m": 9.866675948743183, "canonical_time": "15:00", "exposure_value": 1.0, "temperature_proxy_c": 42.0, "normalized_temperature_factor": 1.0, "source_type": "derived", "source_reference": "Cached geometric shade snapshot and configured prototype temperature curve", "observed_or_estimated": "ESTIMATED", "modelled_or_interpolated": "MODELLED", "timestamp": "2026-05-15T15:00:00+05:30", "assumptions_version": "2026-10-09-prompt-5a-interventions", "computation_mode": "geometric", "shade_fraction": 0.0, "direct_exposure_fraction": 1.0}, "geometry": {"type": "LineString", "coordinates": [[75.8536977, 22.7189056], [75.8536022, 22.7189153]]}}, {"type": "Feature", "properties": {"segment_id": "osm-6997700387-6997640180-0", "length_m": 116.93861484668011, "canonical_time": "15:00", "exposure_value": 0.6516665427803465, "temperature_proxy_c": 42.0, "normalized_temperature_factor": 1.0, "source_type": "derived", "source_reference": "Cached geometric shade snapshot and configured prototype temperature curve", "observed_or_estimated": "ESTIMATED", "modelled_or_interpolated": "MODELLED", "timestamp": "2026-05-15T15:00:00+05:30", "assumptions_version": "2026-10-09-prompt-5a-interventions", "computation_mode": "geometric", "shade_fraction": 0.34833345721965353, "direct_exposure_fraction": 0.6516665427803465}, "geometry": {"type": "LineString", "coordinates": [[75.8536977, 22.7189056], [75.8537212, 22.7191705], [75.853799, 22.719584899999997], [75.853811, 22.7196208], [75.8538446, 22.719655399999994], [75.8538821, 22.7196691], [75.853921, 22.719674], [75.8541489, 22.719659799999995]]}}, {"type": "Feature", "properties": {"segment_id": "osm-7010384308-8461125296-0", "length_m": 33.83848884201786, "canonical_time": "15:00", "exposure_value": 1.0, "temperature_proxy_c": 42.0, "normalized_temperature_factor": 1.0, "source_type": "derived", "source_reference": "Cached geometric shade snapshot and configured prototype temperature curve", "observed_or_estimated": "ESTIMATED", "modelled_or_interpolated": "MODELLED", "timestamp": "2026-05-15T15:00:00+05:30", "assumptions_version": "2026-10-09-prompt-5a-interventions", "computation_mode": "geometric", "shade_fraction": 0.0, "direct_exposure_fraction": 1.0}, "geometry": {"type": "LineString", "coordinates": [[75.8587012, 22.7195061], [75.8585624, 22.71972209999999], [75.8585337, 22.719769300000003]]}}, {"type": "Feature", "properties": {"segment_id": "osm-7010384308-8461125292-0", "length_m": 59.54222819017199, "canonical_time": "15:00", "exposure_value": 1.0, "temperature_proxy_c": 42.0, "normalized_temperature_factor": 1.0, "source_type": "derived", "source_reference": "Cached geometric shade snapshot and configured prototype temperature curve", "observed_or_estimated": "ESTIMATED", "modelled_or_interpolated": "MODELLED", "timestamp": "2026-05-15T15:00:00+05:30", "assumptions_version": "2026-10-09-prompt-5a-interventions", "computation_mode": "geometric", "shade_fraction": 0.0, "direct_exposure_fraction": 1.0}, "geometry": {"type": "LineString", "coordinates": [[75.8587012, 22.7195061], [75.8587436, 22.71940959999999], [75.8588536, 22.719200199999992], [75.8589211, 22.7190898], [75.8589669, 22.7190295]]}}, {"type": "Feature", "properties": {"segment_id": "osm-7010384308-2025020116-0", "length_m": 43.98748471800382, "canonical_time": "15:00", "exposure_value": 1.0, "temperature_proxy_c": 42.0, "normalized_temperature_factor": 1.0, "source_type": "derived", "source_reference": "Cached geometric shade snapshot and configured prototype temperature curve", "observed_or_estimated": "ESTIMATED", "modelled_or_interpolated": "MODELLED", "timestamp": "2026-05-15T15:00:00+05:30", "assumptions_version": "2026-10-09-prompt-5a-interventions", "computation_mode": "geometric", "shade_fraction": 0.0, "direct_exposure_fraction": 1.0}, "geometry": {"type": "LineString", "coordinates": [[75.8587012, 22.7195061], [75.8587195, 22.7196282], [75.8587383, 22.7197234], [75.8587651, 22.719807599999996], [75.8588112, 22.719886199999994]]}}, {"type": "Feature", "properties": {"segment_id": "osm-8460393366-3732908385-0", "length_m": 105.46541024316751, "canonical_time": "15:00", "exposure_value": 0.9874305988217548, "temperature_proxy_c": 42.0, "normalized_temperature_factor": 1.0, "source_type": "derived", "source_reference": "Cached geometric shade snapshot and configured prototype temperature curve", "observed_or_estimated": "ESTIMATED", "modelled_or_interpolated": "MODELLED", "timestamp": "2026-05-15T15:00:00+05:30", "assumptions_version": "2026-10-09-prompt-5a-interventions", "computation_mode": "geometric", "shade_fraction": 0.012569401178245255, "direct_exposure_fraction": 0.9874305988217548}, "geometry": {"type": "LineString", "coordinates": [[75.8575363, 22.720450700000008], [75.8575378, 22.720783299999997], [75.8575469, 22.7209704], [75.8575587, 22.7212139], [75.8575869, 22.721401100000005]]}}, {"type": "Feature", "properties": {"segment_id": "osm-8460393366-2025111171-0", "length_m": 98.8302298524207, "canonical_time": "15:00", "exposure_value": 0.623137555381222, "temperature_proxy_c": 42.0, "normalized_temperature_factor": 1.0, "source_type": "derived", "source_reference": "Cached geometric shade snapshot and configured prototype temperature curve", "observed_or_estimated": "ESTIMATED", "modelled_or_interpolated": "MODELLED", "timestamp": "2026-05-15T15:00:00+05:30", "assumptions_version": "2026-10-09-prompt-5a-interventions", "computation_mode": "geometric", "shade_fraction": 0.3768624446187781, "direct_exposure_fraction": 0.623137555381222}, "geometry": {"type": "LineString", "coordinates": [[75.8575363, 22.720450700000008], [75.8575429, 22.7203012], [75.8575918, 22.719895199999993], [75.8577065, 22.719578]]}}, {"type": "Feature", "properties": {"segment_id": "osm-8460393366-2025111240-0", "length_m": 61.592923046395015, "canonical_time": "15:00", "exposure_value": 1.0, "temperature_proxy_c": 42.0, "normalized_temperature_factor": 1.0, "source_type": "derived", "source_reference": "Cached geometric shade snapshot and configured prototype temperature curve", "observed_or_estimated": "ESTIMATED", "modelled_or_interpolated": "MODELLED", "timestamp": "2026-05-15T15:00:00+05:30", "assumptions_version": "2026-10-09-prompt-5a-interventions", "computation_mode": "geometric", "shade_fraction": 0.0, "direct_exposure_fraction": 1.0}, "geometry": {"type": "LineString", "coordinates": [[75.8575363, 22.720450700000008], [75.8573302, 22.7204453], [75.8569371, 22.7204279]]}}, {"type": "Feature", "properties": {"segment_id": "osm-8460393386-2025111313-0", "length_m": 8.934282084370254, "canonical_time": "15:00", "exposure_value": 1.0, "temperature_proxy_c": 42.0, "normalized_temperature_factor": 1.0, "source_type": "derived", "source_reference": "Cached geometric shade snapshot and configured prototype temperature curve", "observed_or_estimated": "ESTIMATED", "modelled_or_interpolated": "MODELLED", "timestamp": "2026-05-15T15:00:00+05:30", "assumptions_version": "2026-10-09-prompt-5a-interventions", "computation_mode": "geometric", "shade_fraction": 0.0, "direct_exposure_fraction": 1.0}, "geometry": {"type": "LineString", "coordinates": [[75.8567592, 22.7215136], [75.8567096, 22.72157989999999]]}}, {"type": "Feature", "properties": {"segment_id": "osm-8460393386-3732908384-0", "length_m": 18.50209012220145, "canonical_time": "15:00", "exposure_value": 0.7576513696012723, "temperature_proxy_c": 42.0, "normalized_temperature_factor": 1.0, "source_type": "derived", "source_reference": "Cached geometric shade snapshot and configured prototype temperature curve", "observed_or_estimated": "ESTIMATED", "modelled_or_interpolated": "MODELLED", "timestamp": "2026-05-15T15:00:00+05:30", "assumptions_version": "2026-10-09-prompt-5a-interventions", "computation_mode": "geometric", "shade_fraction": 0.24234863039872773, "direct_exposure_fraction": 0.7576513696012723}, "geometry": {"type": "LineString", "coordinates": [[75.8567592, 22.7215136], [75.856808, 22.72140609999999], [75.8568318, 22.72136070000001]]}}, {"type": "Feature", "properties": {"segment_id": "osm-8460393386-3732996657-0", "length_m": 36.06676300532204, "canonical_time": "15:00", "exposure_value": 1.0, "temperature_proxy_c": 42.0, "normalized_temperature_factor": 1.0, "source_type": "derived", "source_reference": "Cached geometric shade snapshot and configured prototype temperature curve", "observed_or_estimated": "ESTIMATED", "modelled_or_interpolated": "MODELLED", "timestamp": "2026-05-15T15:00:00+05:30", "assumptions_version": "2026-10-09-prompt-5a-interventions", "computation_mode": "geometric", "shade_fraction": 0.0, "direct_exposure_fraction": 1.0}, "geometry": {"type": "LineString", "coordinates": [[75.8567592, 22.7215136], [75.85679820000001, 22.7215206], [75.8568581, 22.7215488], [75.8570274, 22.721557099999995], [75.8571019, 22.7215628]]}}, {"type": "Feature", "properties": {"segment_id": "osm-8460393393-3732908390-0", "length_m": 46.86801479107695, "canonical_time": "15:00", "exposure_value": 0.6446281683316913, "temperature_proxy_c": 42.0, "normalized_temperature_factor": 1.0, "source_type": "derived", "source_reference": "Cached geometric shade snapshot and configured prototype temperature curve", "observed_or_estimated": "ESTIMATED", "modelled_or_interpolated": "MODELLED", "timestamp": "2026-05-15T15:00:00+05:30", "assumptions_version": "2026-10-09-prompt-5a-interventions", "computation_mode": "geometric", "shade_fraction": 0.35537183166830866, "direct_exposure_fraction": 0.6446281683316913}, "geometry": {"type": "LineString", "coordinates": [[75.8555451, 22.721892799999996], [75.855543, 22.721805799999995], [75.8555351, 22.721751099999988], [75.8555267, 22.7216761], [75.8555256, 22.721621199999998], [75.8555264, 22.72152699999999], [75.8555245, 22.7214704]]}}, {"type": "Feature", "properties": {"segment_id": "osm-8460393393-3732908390-1", "length_m": 86.36520423030858, "canonical_time": "15:00", "exposure_value": 0.7231100280174223, "temperature_proxy_c": 42.0, "normalized_temperature_factor": 1.0, "source_type": "derived", "source_reference": "Cached geometric shade snapshot and configured prototype temperature curve", "observed_or_estimated": "ESTIMATED", "modelled_or_interpolated": "MODELLED", "timestamp": "2026-05-15T15:00:00+05:30", "assumptions_version": "2026-10-09-prompt-5a-interventions", "computation_mode": "geometric", "shade_fraction": 0.2768899719825777, "direct_exposure_fraction": 0.7231100280174223}, "geometry": {"type": "LineString", "coordinates": [[75.8555451, 22.721892799999996], [75.8554319, 22.7218923], [75.8553685, 22.721851899999997], [75.8553354, 22.7218291], [75.8553111, 22.7218015], [75.8552987, 22.7217277], [75.8552809, 22.721512199999992], [75.8552927, 22.721492500000007], [75.85532220000002, 22.72148609999999], [75.85538, 22.721479000000006], [75.8555245, 22.7214704]]}}, {"type": "Feature", "properties": {"segment_id": "osm-8460393393-3732908418-0", "length_m": 11.473966943996441, "canonical_time": "15:00", "exposure_value": 0.9173398396155159, "temperature_proxy_c": 42.0, "normalized_temperature_factor": 1.0, "source_type": "derived", "source_reference": "Cached geometric shade snapshot and configured prototype temperature curve", "observed_or_estimated": "ESTIMATED", "modelled_or_interpolated": "MODELLED", "timestamp": "2026-05-15T15:00:00+05:30", "assumptions_version": "2026-10-09-prompt-5a-interventions", "computation_mode": "geometric", "shade_fraction": 0.08266016038448408, "direct_exposure_fraction": 0.9173398396155159}, "geometry": {"type": "LineString", "coordinates": [[75.8555451, 22.721892799999996], [75.8555798, 22.721897399999996], [75.8556081, 22.721903600000008], [75.8556522, 22.7219202]]}}, {"type": "Feature", "properties": {"segment_id": "osm-8460452094-8460452095-0", "length_m": 64.80801154994973, "canonical_time": "15:00", "exposure_value": 1.0, "temperature_proxy_c": 42.0, "normalized_temperature_factor": 1.0, "source_type": "derived", "source_reference": "Cached geometric shade snapshot and configured prototype temperature curve", "observed_or_estimated": "ESTIMATED", "modelled_or_interpolated": "MODELLED", "timestamp": "2026-05-15T15:00:00+05:30", "assumptions_version": "2026-10-09-prompt-5a-interventions", "computation_mode": "geometric", "shade_fraction": 0.0, "direct_exposure_fraction": 1.0}, "geometry": {"type": "LineString", "coordinates": [[75.8594799, 22.719337500000005], [75.8595006, 22.719812000000005], [75.8595026, 22.719922500000003]]}}, {"type": "Feature", "properties": {"segment_id": "osm-8460452095-8460513407-0", "length_m": 44.490201649060246, "canonical_time": "15:00", "exposure_value": 1.0, "temperature_proxy_c": 42.0, "normalized_temperature_factor": 1.0, "source_type": "derived", "source_reference": "Cached geometric shade snapshot and configured prototype temperature curve", "observed_or_estimated": "ESTIMATED", "modelled_or_interpolated": "MODELLED", "timestamp": "2026-05-15T15:00:00+05:30", "assumptions_version": "2026-10-09-prompt-5a-interventions", "computation_mode": "geometric", "shade_fraction": 0.0, "direct_exposure_fraction": 1.0}, "geometry": {"type": "LineString", "coordinates": [[75.8595026, 22.719922500000003], [75.8592032, 22.719928999999993], [75.8590704, 22.7199145]]}}, {"type": "Feature", "properties": {"segment_id": "osm-8460452095-8460452094-0", "length_m": 64.80801154994973, "canonical_time": "15:00", "exposure_value": 1.0, "temperature_proxy_c": 42.0, "normalized_temperature_factor": 1.0, "source_type": "derived", "source_reference": "Cached geometric shade snapshot and configured prototype temperature curve", "observed_or_estimated": "ESTIMATED", "modelled_or_interpolated": "MODELLED", "timestamp": "2026-05-15T15:00:00+05:30", "assumptions_version": "2026-10-09-prompt-5a-interventions", "computation_mode": "geometric", "shade_fraction": 0.0, "direct_exposure_fraction": 1.0}, "geometry": {"type": "LineString", "coordinates": [[75.8595026, 22.719922500000003], [75.8595006, 22.719812000000005], [75.8594799, 22.719337500000005]]}}, {"type": "Feature", "properties": {"segment_id": "osm-8460457256-8460457257-0", "length_m": 56.32271987762119, "canonical_time": "15:00", "exposure_value": 0.9745926371988425, "temperature_proxy_c": 42.0, "normalized_temperature_factor": 1.0, "source_type": "derived", "source_reference": "Cached geometric shade snapshot and configured prototype temperature curve", "observed_or_estimated": "ESTIMATED", "modelled_or_interpolated": "MODELLED", "timestamp": "2026-05-15T15:00:00+05:30", "assumptions_version": "2026-10-09-prompt-5a-interventions", "computation_mode": "geometric", "shade_fraction": 0.0254073628011575, "direct_exposure_fraction": 0.9745926371988425}, "geometry": {"type": "LineString", "coordinates": [[75.8561581, 22.719491399999995], [75.855682, 22.719238900000008]]}}, {"type": "Feature", "properties": {"segment_id": "osm-8460457256-2025111179-0", "length_m": 26.46070939739643, "canonical_time": "15:00", "exposure_value": 0.05681577719221054, "temperature_proxy_c": 42.0, "normalized_temperature_factor": 1.0, "source_type": "derived", "source_reference": "Cached geometric shade snapshot and configured prototype temperature curve", "observed_or_estimated": "ESTIMATED", "modelled_or_interpolated": "MODELLED", "timestamp": "2026-05-15T15:00:00+05:30", "assumptions_version": "2026-10-09-prompt-5a-interventions", "computation_mode": "geometric", "shade_fraction": 0.9431842228077895, "direct_exposure_fraction": 0.05681577719221054}, "geometry": {"type": "LineString", "coordinates": [[75.8561581, 22.719491399999995], [75.8561134, 22.71958419999999], [75.8560358, 22.7197012]]}}, {"type": "Feature", "properties": {"segment_id": "osm-8460457256-2025111142-0", "length_m": 48.374405967986775, "canonical_time": "15:00", "exposure_value": 0.4130890428475358, "temperature_proxy_c": 42.0, "normalized_temperature_factor": 1.0, "source_type": "derived", "source_reference": "Cached geometric shade snapshot and configured prototype temperature curve", "observed_or_estimated": "ESTIMATED", "modelled_or_interpolated": "MODELLED", "timestamp": "2026-05-15T15:00:00+05:30", "assumptions_version": "2026-10-09-prompt-5a-interventions", "computation_mode": "geometric", "shade_fraction": 0.5869109571524642, "direct_exposure_fraction": 0.4130890428475358}, "geometry": {"type": "LineString", "coordinates": [[75.8561581, 22.719491399999995], [75.8562256, 22.719350999999993], [75.8563147, 22.7190801]]}}, {"type": "Feature", "properties": {"segment_id": "osm-8460457257-8460457256-0", "length_m": 56.32271987762119, "canonical_time": "15:00", "exposure_value": 0.9745926371988425, "temperature_proxy_c": 42.0, "normalized_temperature_factor": 1.0, "source_type": "derived", "source_reference": "Cached geometric shade snapshot and configured prototype temperature curve", "observed_or_estimated": "ESTIMATED", "modelled_or_interpolated": "MODELLED", "timestamp": "2026-05-15T15:00:00+05:30", "assumptions_version": "2026-10-09-prompt-5a-interventions", "computation_mode": "geometric", "shade_fraction": 0.0254073628011575, "direct_exposure_fraction": 0.9745926371988425}, "geometry": {"type": "LineString", "coordinates": [[75.855682, 22.719238900000008], [75.8561581, 22.719491399999995]]}}, {"type": "Feature", "properties": {"segment_id": "osm-8460457257-2025111198-0", "length_m": 69.79518712849581, "canonical_time": "15:00", "exposure_value": 0.3220941812960927, "temperature_proxy_c": 42.0, "normalized_temperature_factor": 1.0, "source_type": "derived", "source_reference": "Cached geometric shade snapshot and configured prototype temperature curve", "observed_or_estimated": "ESTIMATED", "modelled_or_interpolated": "MODELLED", "timestamp": "2026-05-15T15:00:00+05:30", "assumptions_version": "2026-10-09-prompt-5a-interventions", "computation_mode": "geometric", "shade_fraction": 0.6779058187039073, "direct_exposure_fraction": 0.3220941812960927}, "geometry": {"type": "LineString", "coordinates": [[75.855682, 22.719238900000008], [75.8553426, 22.7197851]]}}, {"type": "Feature", "properties": {"segment_id": "osm-8460457257-2025111132-0", "length_m": 40.361463507178215, "canonical_time": "15:00", "exposure_value": 0.8558117469862523, "temperature_proxy_c": 42.0, "normalized_temperature_factor": 1.0, "source_type": "derived", "source_reference": "Cached geometric shade snapshot and configured prototype temperature curve", "observed_or_estimated": "ESTIMATED", "modelled_or_interpolated": "MODELLED", "timestamp": "2026-05-15T15:00:00+05:30", "assumptions_version": "2026-10-09-prompt-5a-interventions", "computation_mode": "geometric", "shade_fraction": 0.14418825301374777, "direct_exposure_fraction": 0.8558117469862523}, "geometry": {"type": "LineString", "coordinates": [[75.855682, 22.719238900000008], [75.8557288, 22.7191507], [75.855744, 22.7191005], [75.8557516, 22.719040600000007], [75.855742, 22.7189891], [75.8557141, 22.7188909]]}}, {"type": "Feature", "properties": {"segment_id": "osm-8460457262-2025111179-0", "length_m": 23.78841087333602, "canonical_time": "15:00", "exposure_value": 0.0010613828854570961, "temperature_proxy_c": 42.0, "normalized_temperature_factor": 1.0, "source_type": "derived", "source_reference": "Cached geometric shade snapshot and configured prototype temperature curve", "observed_or_estimated": "ESTIMATED", "modelled_or_interpolated": "MODELLED", "timestamp": "2026-05-15T15:00:00+05:30", "assumptions_version": "2026-10-09-prompt-5a-interventions", "computation_mode": "geometric", "shade_fraction": 0.9989386171145429, "direct_exposure_fraction": 0.0010613828854570961}, "geometry": {"type": "LineString", "coordinates": [[75.8559144, 22.719884199999992], [75.8560358, 22.7197012]]}}, {"type": "Feature", "properties": {"segment_id": "osm-8460457262-2025111283-0", "length_m": 201.980859677018, "canonical_time": "15:00", "exposure_value": 0.5637999949678051, "temperature_proxy_c": 42.0, "normalized_temperature_factor": 1.0, "source_type": "derived", "source_reference": "Cached geometric shade snapshot and configured prototype temperature curve", "observed_or_estimated": "ESTIMATED", "modelled_or_interpolated": "MODELLED", "timestamp": "2026-05-15T15:00:00+05:30", "assumptions_version": "2026-10-09-prompt-5a-interventions", "computation_mode": "geometric", "shade_fraction": 0.4362000050321949, "direct_exposure_fraction": 0.5637999949678051}, "geometry": {"type": "LineString", "coordinates": [[75.8559144, 22.719884199999992], [75.8562572, 22.719927600000002], [75.8562867, 22.719937499999986], [75.8563068, 22.71995849999999], [75.8563136, 22.719991899999997], [75.8563141, 22.720014200000005], [75.8563154, 22.7202743], [75.8562988, 22.720443], [75.8562852, 22.720613399999994], [75.856276, 22.720865299999993], [75.85628340000001, 22.7210285], [75.8562948, 22.7211275], [75.8563007, 22.721196599999995], [75.8562941, 22.721401899999993]]}}, {"type": "Feature", "properties": {"segment_id": "osm-8460457262-2025111227-0", "length_m": 20.809923149875956, "canonical_time": "15:00", "exposure_value": 0.33426276966246926, "temperature_proxy_c": 42.0, "normalized_temperature_factor": 1.0, "source_type": "derived", "source_reference": "Cached geometric shade snapshot and configured prototype temperature curve", "observed_or_estimated": "ESTIMATED", "modelled_or_interpolated": "MODELLED", "timestamp": "2026-05-15T15:00:00+05:30", "assumptions_version": "2026-10-09-prompt-5a-interventions", "computation_mode": "geometric", "shade_fraction": 0.6657372303375307, "direct_exposure_fraction": 0.33426276966246926}, "geometry": {"type": "LineString", "coordinates": [[75.8559144, 22.719884199999992], [75.855848, 22.719959499999998], [75.8557852, 22.720029]]}}, {"type": "Feature", "properties": {"segment_id": "osm-8460457267-2025111240-0", "length_m": 2.7066026391879943, "canonical_time": "15:00", "exposure_value": 1.0, "temperature_proxy_c": 42.0, "normalized_temperature_factor": 1.0, "source_type": "derived", "source_reference": "Cached geometric shade snapshot and configured prototype temperature curve", "observed_or_estimated": "ESTIMATED", "modelled_or_interpolated": "MODELLED", "timestamp": "2026-05-15T15:00:00+05:30", "assumptions_version": "2026-10-09-prompt-5a-interventions", "computation_mode": "geometric", "shade_fraction": 0.0, "direct_exposure_fraction": 1.0}, "geometry": {"type": "LineString", "coordinates": [[75.85694, 22.720452199999997], [75.8569371, 22.7204279]]}}, {"type": "Feature", "properties": {"segment_id": "osm-8460457267-8460457268-0", "length_m": 39.149875548891316, "canonical_time": "15:00", "exposure_value": 1.0, "temperature_proxy_c": 42.0, "normalized_temperature_factor": 1.0, "source_type": "derived", "source_reference": "Cached geometric shade snapshot and configured prototype temperature curve", "observed_or_estimated": "ESTIMATED", "modelled_or_interpolated": "MODELLED", "timestamp": "2026-05-15T15:00:00+05:30", "assumptions_version": "2026-10-09-prompt-5a-interventions", "computation_mode": "geometric", "shade_fraction": 0.0, "direct_exposure_fraction": 1.0}, "geometry": {"type": "LineString", "coordinates": [[75.85694, 22.720452199999997], [75.8565588, 22.720453299999996]]}}, {"type": "Feature", "properties": {"segment_id": "osm-8460457267-3732908384-0", "length_m": 101.60667253846671, "canonical_time": "15:00", "exposure_value": 0.542002727441135, "temperature_proxy_c": 42.0, "normalized_temperature_factor": 1.0, "source_type": "derived", "source_reference": "Cached geometric shade snapshot and configured prototype temperature curve", "observed_or_estimated": "ESTIMATED", "modelled_or_interpolated": "MODELLED", "timestamp": "2026-05-15T15:00:00+05:30", "assumptions_version": "2026-10-09-prompt-5a-interventions", "computation_mode": "geometric", "shade_fraction": 0.45799727255886497, "direct_exposure_fraction": 0.542002727441135}, "geometry": {"type": "LineString", "coordinates": [[75.85694, 22.720452199999997], [75.8569171, 22.721013400000007], [75.8568318, 22.72136070000001]]}}, {"type": "Feature", "properties": {"segment_id": "osm-8460457268-8460457267-0", "length_m": 39.149875548891316, "canonical_time": "15:00", "exposure_value": 1.0, "temperature_proxy_c": 42.0, "normalized_temperature_factor": 1.0, "source_type": "derived", "source_reference": "Cached geometric shade snapshot and configured prototype temperature curve", "observed_or_estimated": "ESTIMATED", "modelled_or_interpolated": "MODELLED", "timestamp": "2026-05-15T15:00:00+05:30", "assumptions_version": "2026-10-09-prompt-5a-interventions", "computation_mode": "geometric", "shade_fraction": 0.0, "direct_exposure_fraction": 1.0}, "geometry": {"type": "LineString", "coordinates": [[75.8565588, 22.720453299999996], [75.85694, 22.720452199999997]]}}, {"type": "Feature", "properties": {"segment_id": "osm-8460513399-8460513407-0", "length_m": 122.51657036178469, "canonical_time": "15:00", "exposure_value": 0.8858814942269845, "temperature_proxy_c": 42.0, "normalized_temperature_factor": 1.0, "source_type": "derived", "source_reference": "Cached geometric shade snapshot and configured prototype temperature curve", "observed_or_estimated": "ESTIMATED", "modelled_or_interpolated": "MODELLED", "timestamp": "2026-05-15T15:00:00+05:30", "assumptions_version": "2026-10-09-prompt-5a-interventions", "computation_mode": "geometric", "shade_fraction": 0.11411850577301556, "direct_exposure_fraction": 0.8858814942269845}, "geometry": {"type": "LineString", "coordinates": [[75.8589864, 22.7209939], [75.8589904, 22.720866499999996], [75.8589984, 22.720826899999988], [75.8590199, 22.720794700000003], [75.8590427, 22.72077], [75.8590628, 22.7207421], [75.8590829, 22.720709399999997], [75.8590917, 22.720685199999995], [75.8590977, 22.720658600000004], [75.859099, 22.720603], [75.8590704, 22.7199145]]}}, {"type": "Feature", "properties": {"segment_id": "osm-8460513407-2025020116-0", "length_m": 26.803993387972945, "canonical_time": "15:00", "exposure_value": 1.0, "temperature_proxy_c": 42.0, "normalized_temperature_factor": 1.0, "source_type": "derived", "source_reference": "Cached geometric shade snapshot and configured prototype temperature curve", "observed_or_estimated": "ESTIMATED", "modelled_or_interpolated": "MODELLED", "timestamp": "2026-05-15T15:00:00+05:30", "assumptions_version": "2026-10-09-prompt-5a-interventions", "computation_mode": "geometric", "shade_fraction": 0.0, "direct_exposure_fraction": 1.0}, "geometry": {"type": "LineString", "coordinates": [[75.8590704, 22.7199145], [75.8588112, 22.719886199999994]]}}, {"type": "Feature", "properties": {"segment_id": "osm-8460513407-8460452095-0", "length_m": 44.490201649060246, "canonical_time": "15:00", "exposure_value": 1.0, "temperature_proxy_c": 42.0, "normalized_temperature_factor": 1.0, "source_type": "derived", "source_reference": "Cached geometric shade snapshot and configured prototype temperature curve", "observed_or_estimated": "ESTIMATED", "modelled_or_interpolated": "MODELLED", "timestamp": "2026-05-15T15:00:00+05:30", "assumptions_version": "2026-10-09-prompt-5a-interventions", "computation_mode": "geometric", "shade_fraction": 0.0, "direct_exposure_fraction": 1.0}, "geometry": {"type": "LineString", "coordinates": [[75.8590704, 22.7199145], [75.8592032, 22.719928999999993], [75.8595026, 22.719922500000003]]}}, {"type": "Feature", "properties": {"segment_id": "osm-8460513407-8460513399-0", "length_m": 122.51657036178467, "canonical_time": "15:00", "exposure_value": 0.8858814942269844, "temperature_proxy_c": 42.0, "normalized_temperature_factor": 1.0, "source_type": "derived", "source_reference": "Cached geometric shade snapshot and configured prototype temperature curve", "observed_or_estimated": "ESTIMATED", "modelled_or_interpolated": "MODELLED", "timestamp": "2026-05-15T15:00:00+05:30", "assumptions_version": "2026-10-09-prompt-5a-interventions", "computation_mode": "geometric", "shade_fraction": 0.11411850577301558, "direct_exposure_fraction": 0.8858814942269844}, "geometry": {"type": "LineString", "coordinates": [[75.8590704, 22.7199145], [75.859099, 22.720603], [75.8590977, 22.720658600000004], [75.8590917, 22.720685199999995], [75.8590829, 22.720709399999997], [75.8590628, 22.7207421], [75.8590427, 22.72077], [75.8590199, 22.720794700000003], [75.8589984, 22.720826899999988], [75.8589904, 22.720866499999996], [75.8589864, 22.7209939]]}}, {"type": "Feature", "properties": {"segment_id": "osm-8460755401-2027131531-0", "length_m": 11.82107883303307, "canonical_time": "15:00", "exposure_value": 1.0, "temperature_proxy_c": 42.0, "normalized_temperature_factor": 1.0, "source_type": "derived", "source_reference": "Cached geometric shade snapshot and configured prototype temperature curve", "observed_or_estimated": "ESTIMATED", "modelled_or_interpolated": "MODELLED", "timestamp": "2026-05-15T15:00:00+05:30", "assumptions_version": "2026-10-09-prompt-5a-interventions", "computation_mode": "geometric", "shade_fraction": 0.0, "direct_exposure_fraction": 1.0}, "geometry": {"type": "LineString", "coordinates": [[75.8574013, 22.715646799999995], [75.8574239, 22.7157515]]}}, {"type": "Feature", "properties": {"segment_id": "osm-8460755401-2027131511-0", "length_m": 23.88639871824011, "canonical_time": "15:00", "exposure_value": 0.8633346752686389, "temperature_proxy_c": 42.0, "normalized_temperature_factor": 1.0, "source_type": "derived", "source_reference": "Cached geometric shade snapshot and configured prototype temperature curve", "observed_or_estimated": "ESTIMATED", "modelled_or_interpolated": "MODELLED", "timestamp": "2026-05-15T15:00:00+05:30", "assumptions_version": "2026-10-09-prompt-5a-interventions", "computation_mode": "geometric", "shade_fraction": 0.13666532473136106, "direct_exposure_fraction": 0.8633346752686389}, "geometry": {"type": "LineString", "coordinates": [[75.8574013, 22.715646799999995], [75.8573677, 22.71543329999999]]}}, {"type": "Feature", "properties": {"segment_id": "osm-8460755401-8460755411-0", "length_m": 62.336789296402046, "canonical_time": "15:00", "exposure_value": 1.0, "temperature_proxy_c": 42.0, "normalized_temperature_factor": 1.0, "source_type": "derived", "source_reference": "Cached geometric shade snapshot and configured prototype temperature curve", "observed_or_estimated": "ESTIMATED", "modelled_or_interpolated": "MODELLED", "timestamp": "2026-05-15T15:00:00+05:30", "assumptions_version": "2026-10-09-prompt-5a-interventions", "computation_mode": "geometric", "shade_fraction": 0.0, "direct_exposure_fraction": 1.0}, "geometry": {"type": "LineString", "coordinates": [[75.8574013, 22.715646799999995], [75.8573596, 22.715647299999997], [75.8573207, 22.715653499999988], [75.8572671, 22.715667099999997], [75.85714500000002, 22.7156956], [75.8570471, 22.7157203], [75.8569466, 22.715738899999998], [75.8568084, 22.7157617]]}}, {"type": "Feature", "properties": {"segment_id": "osm-8460755407-2027131540-0", "length_m": 38.71021386578008, "canonical_time": "15:00", "exposure_value": 0.9736002249815792, "temperature_proxy_c": 42.0, "normalized_temperature_factor": 1.0, "source_type": "derived", "source_reference": "Cached geometric shade snapshot and configured prototype temperature curve", "observed_or_estimated": "ESTIMATED", "modelled_or_interpolated": "MODELLED", "timestamp": "2026-05-15T15:00:00+05:30", "assumptions_version": "2026-10-09-prompt-5a-interventions", "computation_mode": "geometric", "shade_fraction": 0.02639977501842087, "direct_exposure_fraction": 0.9736002249815792}, "geometry": {"type": "LineString", "coordinates": [[75.8563691, 22.715744600000004], [75.8562678, 22.71608139999999]]}}, {"type": "Feature", "properties": {"segment_id": "osm-8460755407-8460755415-0", "length_m": 10.645815851806706, "canonical_time": "15:00", "exposure_value": 1.0, "temperature_proxy_c": 42.0, "normalized_temperature_factor": 1.0, "source_type": "derived", "source_reference": "Cached geometric shade snapshot and configured prototype temperature curve", "observed_or_estimated": "ESTIMATED", "modelled_or_interpolated": "MODELLED", "timestamp": "2026-05-15T15:00:00+05:30", "assumptions_version": "2026-10-09-prompt-5a-interventions", "computation_mode": "geometric", "shade_fraction": 0.0, "direct_exposure_fraction": 1.0}, "geometry": {"type": "LineString", "coordinates": [[75.8563691, 22.715744600000004], [75.8563787, 22.715707799999997], [75.8563986, 22.715652500000004]]}}, {"type": "Feature", "properties": {"segment_id": "osm-8460755407-8460755411-0", "length_m": 47.163110428794866, "canonical_time": "15:00", "exposure_value": 1.0, "temperature_proxy_c": 42.0, "normalized_temperature_factor": 1.0, "source_type": "derived", "source_reference": "Cached geometric shade snapshot and configured prototype temperature curve", "observed_or_estimated": "ESTIMATED", "modelled_or_interpolated": "MODELLED", "timestamp": "2026-05-15T15:00:00+05:30", "assumptions_version": "2026-10-09-prompt-5a-interventions", "computation_mode": "geometric", "shade_fraction": 0.0, "direct_exposure_fraction": 1.0}, "geometry": {"type": "LineString", "coordinates": [[75.8563691, 22.715744600000004], [75.8566998, 22.715806900000004], [75.85675480000002, 22.715797000000002], [75.8567843, 22.715777199999998], [75.8568084, 22.7157617]]}}, {"type": "Feature", "properties": {"segment_id": "osm-8460755411-8460755407-0", "length_m": 47.163110428794866, "canonical_time": "15:00", "exposure_value": 1.0, "temperature_proxy_c": 42.0, "normalized_temperature_factor": 1.0, "source_type": "derived", "source_reference": "Cached geometric shade snapshot and configured prototype temperature curve", "observed_or_estimated": "ESTIMATED", "modelled_or_interpolated": "MODELLED", "timestamp": "2026-05-15T15:00:00+05:30", "assumptions_version": "2026-10-09-prompt-5a-interventions", "computation_mode": "geometric", "shade_fraction": 0.0, "direct_exposure_fraction": 1.0}, "geometry": {"type": "LineString", "coordinates": [[75.8568084, 22.7157617], [75.8567843, 22.715777199999998], [75.85675480000002, 22.715797000000002], [75.8566998, 22.715806900000004], [75.8563691, 22.715744600000004]]}}, {"type": "Feature", "properties": {"segment_id": "osm-8460755411-8460755412-0", "length_m": 77.97806285173726, "canonical_time": "15:00", "exposure_value": 0.5437291803706104, "temperature_proxy_c": 42.0, "normalized_temperature_factor": 1.0, "source_type": "derived", "source_reference": "Cached geometric shade snapshot and configured prototype temperature curve", "observed_or_estimated": "ESTIMATED", "modelled_or_interpolated": "MODELLED", "timestamp": "2026-05-15T15:00:00+05:30", "assumptions_version": "2026-10-09-prompt-5a-interventions", "computation_mode": "geometric", "shade_fraction": 0.4562708196293897, "direct_exposure_fraction": 0.5437291803706104}, "geometry": {"type": "LineString", "coordinates": [[75.8568084, 22.7157617], [75.856826, 22.715726899999996], [75.8568595, 22.715554699999995], [75.8568744, 22.715446], [75.8568711, 22.715409599999994], [75.8568487, 22.715386300000002], [75.8568245, 22.71536899999999], [75.8565312, 22.7152833]]}}, {"type": "Feature", "properties": {"segment_id": "osm-8460755411-8460755401-0", "length_m": 62.33678929640205, "canonical_time": "15:00", "exposure_value": 1.0, "temperature_proxy_c": 42.0, "normalized_temperature_factor": 1.0, "source_type": "derived", "source_reference": "Cached geometric shade snapshot and configured prototype temperature curve", "observed_or_estimated": "ESTIMATED", "modelled_or_interpolated": "MODELLED", "timestamp": "2026-05-15T15:00:00+05:30", "assumptions_version": "2026-10-09-prompt-5a-interventions", "computation_mode": "geometric", "shade_fraction": 0.0, "direct_exposure_fraction": 1.0}, "geometry": {"type": "LineString", "coordinates": [[75.8568084, 22.7157617], [75.8569466, 22.715738899999998], [75.8570471, 22.7157203], [75.85714500000002, 22.7156956], [75.8572671, 22.715667099999997], [75.8573207, 22.715653499999988], [75.8573596, 22.715647299999997], [75.8574013, 22.715646799999995]]}}, {"type": "Feature", "properties": {"segment_id": "osm-8460755412-8460755415-0", "length_m": 43.08192557317705, "canonical_time": "15:00", "exposure_value": 0.9321352916467419, "temperature_proxy_c": 42.0, "normalized_temperature_factor": 1.0, "source_type": "derived", "source_reference": "Cached geometric shade snapshot and configured prototype temperature curve", "observed_or_estimated": "ESTIMATED", "modelled_or_interpolated": "MODELLED", "timestamp": "2026-05-15T15:00:00+05:30", "assumptions_version": "2026-10-09-prompt-5a-interventions", "computation_mode": "geometric", "shade_fraction": 0.0678647083532581, "direct_exposure_fraction": 0.9321352916467419}, "geometry": {"type": "LineString", "coordinates": [[75.8565312, 22.7152833], [75.8563986, 22.715652500000004]]}}, {"type": "Feature", "properties": {"segment_id": "osm-8460755412-8460772828-0", "length_m": 4.9910400276296, "canonical_time": "15:00", "exposure_value": 0.23901916000225676, "temperature_proxy_c": 42.0, "normalized_temperature_factor": 1.0, "source_type": "derived", "source_reference": "Cached geometric shade snapshot and configured prototype temperature curve", "observed_or_estimated": "ESTIMATED", "modelled_or_interpolated": "MODELLED", "timestamp": "2026-05-15T15:00:00+05:30", "assumptions_version": "2026-10-09-prompt-5a-interventions", "computation_mode": "geometric", "shade_fraction": 0.7609808399977432, "direct_exposure_fraction": 0.23901916000225676}, "geometry": {"type": "LineString", "coordinates": [[75.8565312, 22.7152833], [75.8565451, 22.71524009999999]]}}, {"type": "Feature", "properties": {"segment_id": "osm-8460755412-8460755411-0", "length_m": 77.97806285173726, "canonical_time": "15:00", "exposure_value": 0.5437291803706104, "temperature_proxy_c": 42.0, "normalized_temperature_factor": 1.0, "source_type": "derived", "source_reference": "Cached geometric shade snapshot and configured prototype temperature curve", "observed_or_estimated": "ESTIMATED", "modelled_or_interpolated": "MODELLED", "timestamp": "2026-05-15T15:00:00+05:30", "assumptions_version": "2026-10-09-prompt-5a-interventions", "computation_mode": "geometric", "shade_fraction": 0.4562708196293897, "direct_exposure_fraction": 0.5437291803706104}, "geometry": {"type": "LineString", "coordinates": [[75.8565312, 22.7152833], [75.8568245, 22.71536899999999], [75.8568487, 22.715386300000002], [75.8568711, 22.715409599999994], [75.8568744, 22.715446], [75.8568595, 22.715554699999995], [75.856826, 22.715726899999996], [75.8568084, 22.7157617]]}}, {"type": "Feature", "properties": {"segment_id": "osm-8460755415-8460755412-0", "length_m": 43.08192557317705, "canonical_time": "15:00", "exposure_value": 0.9321352916467419, "temperature_proxy_c": 42.0, "normalized_temperature_factor": 1.0, "source_type": "derived", "source_reference": "Cached geometric shade snapshot and configured prototype temperature curve", "observed_or_estimated": "ESTIMATED", "modelled_or_interpolated": "MODELLED", "timestamp": "2026-05-15T15:00:00+05:30", "assumptions_version": "2026-10-09-prompt-5a-interventions", "computation_mode": "geometric", "shade_fraction": 0.0678647083532581, "direct_exposure_fraction": 0.9321352916467419}, "geometry": {"type": "LineString", "coordinates": [[75.8563986, 22.715652500000004], [75.8565312, 22.7152833]]}}, {"type": "Feature", "properties": {"segment_id": "osm-8460755415-8460755407-0", "length_m": 10.645815851806706, "canonical_time": "15:00", "exposure_value": 1.0, "temperature_proxy_c": 42.0, "normalized_temperature_factor": 1.0, "source_type": "derived", "source_reference": "Cached geometric shade snapshot and configured prototype temperature curve", "observed_or_estimated": "ESTIMATED", "modelled_or_interpolated": "MODELLED", "timestamp": "2026-05-15T15:00:00+05:30", "assumptions_version": "2026-10-09-prompt-5a-interventions", "computation_mode": "geometric", "shade_fraction": 0.0, "direct_exposure_fraction": 1.0}, "geometry": {"type": "LineString", "coordinates": [[75.8563986, 22.715652500000004], [75.8563787, 22.715707799999997], [75.8563691, 22.715744600000004]]}}, {"type": "Feature", "properties": {"segment_id": "osm-8460755415-2027131532-0", "length_m": 82.12290734437256, "canonical_time": "15:00", "exposure_value": 0.7594996697821421, "temperature_proxy_c": 42.0, "normalized_temperature_factor": 1.0, "source_type": "derived", "source_reference": "Cached geometric shade snapshot and configured prototype temperature curve", "observed_or_estimated": "ESTIMATED", "modelled_or_interpolated": "MODELLED", "timestamp": "2026-05-15T15:00:00+05:30", "assumptions_version": "2026-10-09-prompt-5a-interventions", "computation_mode": "geometric", "shade_fraction": 0.24050033021785783, "direct_exposure_fraction": 0.7594996697821421}, "geometry": {"type": "LineString", "coordinates": [[75.8563986, 22.715652500000004], [75.8560189, 22.715574799999988], [75.8559811, 22.715569000000002], [75.8559648, 22.715581099999998], [75.8559389, 22.715604], [75.8559093, 22.7156841], [75.8559164, 22.715892300000004]]}}, {"type": "Feature", "properties": {"segment_id": "osm-8460772819-12778907738-0", "length_m": 76.96356149318987, "canonical_time": "15:00", "exposure_value": 1.0, "temperature_proxy_c": 42.0, "normalized_temperature_factor": 1.0, "source_type": "derived", "source_reference": "Cached geometric shade snapshot and configured prototype temperature curve", "observed_or_estimated": "ESTIMATED", "modelled_or_interpolated": "MODELLED", "timestamp": "2026-05-15T15:00:00+05:30", "assumptions_version": "2026-10-09-prompt-5a-interventions", "computation_mode": "geometric", "shade_fraction": 0.0, "direct_exposure_fraction": 1.0}, "geometry": {"type": "LineString", "coordinates": [[75.8553994, 22.714898900000005], [75.8555538, 22.714902399999993], [75.85564530000002, 22.71492909999999], [75.8557328, 22.714937699999997], [75.85601540000002, 22.7149636], [75.8561379, 22.714994799999996]]}}, {"type": "Feature", "properties": {"segment_id": "osm-8460772819-2027131464-0", "length_m": 43.32567190409834, "canonical_time": "15:00", "exposure_value": 1.0, "temperature_proxy_c": 42.0, "normalized_temperature_factor": 1.0, "source_type": "derived", "source_reference": "Cached geometric shade snapshot and configured prototype temperature curve", "observed_or_estimated": "ESTIMATED", "modelled_or_interpolated": "MODELLED", "timestamp": "2026-05-15T15:00:00+05:30", "assumptions_version": "2026-10-09-prompt-5a-interventions", "computation_mode": "geometric", "shade_fraction": 0.0, "direct_exposure_fraction": 1.0}, "geometry": {"type": "LineString", "coordinates": [[75.8553994, 22.714898900000005], [75.8551199, 22.714915900000005], [75.8549782, 22.7149192]]}}, {"type": "Feature", "properties": {"segment_id": "osm-8460772819-2027131533-0", "length_m": 133.54538718736683, "canonical_time": "15:00", "exposure_value": 0.43986499170792426, "temperature_proxy_c": 42.0, "normalized_temperature_factor": 1.0, "source_type": "derived", "source_reference": "Cached geometric shade snapshot and configured prototype temperature curve", "observed_or_estimated": "ESTIMATED", "modelled_or_interpolated": "MODELLED", "timestamp": "2026-05-15T15:00:00+05:30", "assumptions_version": "2026-10-09-prompt-5a-interventions", "computation_mode": "geometric", "shade_fraction": 0.5601350082920757, "direct_exposure_fraction": 0.43986499170792426}, "geometry": {"type": "LineString", "coordinates": [[75.8553994, 22.714898900000005], [75.8554499, 22.714992899999988], [75.8554713, 22.715058499999987], [75.8555035, 22.715101799999996], [75.8555438, 22.7151426], [75.8556122, 22.715169799999998], [75.8557154, 22.715197000000007], [75.8557463, 22.715209399999992], [75.8557597, 22.7152205], [75.855759, 22.715250899999994], [75.8557427, 22.715283400000008], [75.8556894, 22.715429199999996], [75.8556462, 22.7155958], [75.855633, 22.715736299999993], [75.8556462, 22.7159116]]}}, {"type": "Feature", "properties": {"segment_id": "osm-8460772828-8460755412-0", "length_m": 4.9910400276296, "canonical_time": "15:00", "exposure_value": 0.23901916000225676, "temperature_proxy_c": 42.0, "normalized_temperature_factor": 1.0, "source_type": "derived", "source_reference": "Cached geometric shade snapshot and configured prototype temperature curve", "observed_or_estimated": "ESTIMATED", "modelled_or_interpolated": "MODELLED", "timestamp": "2026-05-15T15:00:00+05:30", "assumptions_version": "2026-10-09-prompt-5a-interventions", "computation_mode": "geometric", "shade_fraction": 0.7609808399977432, "direct_exposure_fraction": 0.23901916000225676}, "geometry": {"type": "LineString", "coordinates": [[75.8565451, 22.71524009999999], [75.8565312, 22.7152833]]}}, {"type": "Feature", "properties": {"segment_id": "osm-8460772828-2025110932-0", "length_m": 18.175340161303797, "canonical_time": "15:00", "exposure_value": 1.0, "temperature_proxy_c": 42.0, "normalized_temperature_factor": 1.0, "source_type": "derived", "source_reference": "Cached geometric shade snapshot and configured prototype temperature curve", "observed_or_estimated": "ESTIMATED", "modelled_or_interpolated": "MODELLED", "timestamp": "2026-05-15T15:00:00+05:30", "assumptions_version": "2026-10-09-prompt-5a-interventions", "computation_mode": "geometric", "shade_fraction": 0.0, "direct_exposure_fraction": 1.0}, "geometry": {"type": "LineString", "coordinates": [[75.8565451, 22.71524009999999], [75.8566025, 22.715084799999996]]}}, {"type": "Feature", "properties": {"segment_id": "osm-8460772828-8460772829-0", "length_m": 51.23404565910196, "canonical_time": "15:00", "exposure_value": 1.0, "temperature_proxy_c": 42.0, "normalized_temperature_factor": 1.0, "source_type": "derived", "source_reference": "Cached geometric shade snapshot and configured prototype temperature curve", "observed_or_estimated": "ESTIMATED", "modelled_or_interpolated": "MODELLED", "timestamp": "2026-05-15T15:00:00+05:30", "assumptions_version": "2026-10-09-prompt-5a-interventions", "computation_mode": "geometric", "shade_fraction": 0.0, "direct_exposure_fraction": 1.0}, "geometry": {"type": "LineString", "coordinates": [[75.8565451, 22.71524009999999], [75.8560545, 22.7151563]]}}, {"type": "Feature", "properties": {"segment_id": "osm-8460772829-8460772828-0", "length_m": 51.23404565910196, "canonical_time": "15:00", "exposure_value": 1.0, "temperature_proxy_c": 42.0, "normalized_temperature_factor": 1.0, "source_type": "derived", "source_reference": "Cached geometric shade snapshot and configured prototype temperature curve", "observed_or_estimated": "ESTIMATED", "modelled_or_interpolated": "MODELLED", "timestamp": "2026-05-15T15:00:00+05:30", "assumptions_version": "2026-10-09-prompt-5a-interventions", "computation_mode": "geometric", "shade_fraction": 0.0, "direct_exposure_fraction": 1.0}, "geometry": {"type": "LineString", "coordinates": [[75.8560545, 22.7151563], [75.8565451, 22.71524009999999]]}}, {"type": "Feature", "properties": {"segment_id": "osm-8460772838-2027103687-0", "length_m": 18.809477231132558, "canonical_time": "15:00", "exposure_value": 0.1653033877487291, "temperature_proxy_c": 42.0, "normalized_temperature_factor": 1.0, "source_type": "derived", "source_reference": "Cached geometric shade snapshot and configured prototype temperature curve", "observed_or_estimated": "ESTIMATED", "modelled_or_interpolated": "MODELLED", "timestamp": "2026-05-15T15:00:00+05:30", "assumptions_version": "2026-10-09-prompt-5a-interventions", "computation_mode": "geometric", "shade_fraction": 0.8346966122512709, "direct_exposure_fraction": 0.1653033877487291}, "geometry": {"type": "LineString", "coordinates": [[75.8553347, 22.713384099999995], [75.8552993, 22.713217399999994]]}}, {"type": "Feature", "properties": {"segment_id": "osm-8460772838-8460772839-0", "length_m": 97.0161843202199, "canonical_time": "15:00", "exposure_value": 0.8599864513385003, "temperature_proxy_c": 42.0, "normalized_temperature_factor": 1.0, "source_type": "derived", "source_reference": "Cached geometric shade snapshot and configured prototype temperature curve", "observed_or_estimated": "ESTIMATED", "modelled_or_interpolated": "MODELLED", "timestamp": "2026-05-15T15:00:00+05:30", "assumptions_version": "2026-10-09-prompt-5a-interventions", "computation_mode": "geometric", "shade_fraction": 0.14001354866149973, "direct_exposure_fraction": 0.8599864513385003}, "geometry": {"type": "LineString", "coordinates": [[75.8553347, 22.713384099999995], [75.854412, 22.7135717]]}}, {"type": "Feature", "properties": {"segment_id": "osm-8460772838-2027103699-0", "length_m": 110.29674778678569, "canonical_time": "15:00", "exposure_value": 0.9921830745566044, "temperature_proxy_c": 42.0, "normalized_temperature_factor": 1.0, "source_type": "derived", "source_reference": "Cached geometric shade snapshot and configured prototype temperature curve", "observed_or_estimated": "ESTIMATED", "modelled_or_interpolated": "MODELLED", "timestamp": "2026-05-15T15:00:00+05:30", "assumptions_version": "2026-10-09-prompt-5a-interventions", "computation_mode": "geometric", "shade_fraction": 0.007816925443395677, "direct_exposure_fraction": 0.9921830745566044}, "geometry": {"type": "LineString", "coordinates": [[75.8553347, 22.713384099999995], [75.8553544, 22.7134844], [75.85534790000001, 22.7135554], [75.855299, 22.71357769999999], [75.8552379, 22.71359009999999], [75.8548638, 22.7136847], [75.854491, 22.713763799999995]]}}, {"type": "Feature", "properties": {"segment_id": "osm-8460772839-2027103692-0", "length_m": 21.322659295397347, "canonical_time": "15:00", "exposure_value": 0.38433809335216396, "temperature_proxy_c": 42.0, "normalized_temperature_factor": 1.0, "source_type": "derived", "source_reference": "Cached geometric shade snapshot and configured prototype temperature curve", "observed_or_estimated": "ESTIMATED", "modelled_or_interpolated": "MODELLED", "timestamp": "2026-05-15T15:00:00+05:30", "assumptions_version": "2026-10-09-prompt-5a-interventions", "computation_mode": "geometric", "shade_fraction": 0.615661906647836, "direct_exposure_fraction": 0.38433809335216396}, "geometry": {"type": "LineString", "coordinates": [[75.854412, 22.7135717], [75.85441040000002, 22.713379100000004]]}}, {"type": "Feature", "properties": {"segment_id": "osm-8460772839-2027103700-0", "length_m": 21.918612360441614, "canonical_time": "15:00", "exposure_value": 0.3896775929448638, "temperature_proxy_c": 42.0, "normalized_temperature_factor": 1.0, "source_type": "derived", "source_reference": "Cached geometric shade snapshot and configured prototype temperature curve", "observed_or_estimated": "ESTIMATED", "modelled_or_interpolated": "MODELLED", "timestamp": "2026-05-15T15:00:00+05:30", "assumptions_version": "2026-10-09-prompt-5a-interventions", "computation_mode": "geometric", "shade_fraction": 0.6103224070551362, "direct_exposure_fraction": 0.3896775929448638}, "geometry": {"type": "LineString", "coordinates": [[75.854412, 22.7135717], [75.8543918, 22.713768799999997]]}}, {"type": "Feature", "properties": {"segment_id": "osm-8460772839-8460772838-0", "length_m": 97.0161843202199, "canonical_time": "15:00", "exposure_value": 0.8599864513385003, "temperature_proxy_c": 42.0, "normalized_temperature_factor": 1.0, "source_type": "derived", "source_reference": "Cached geometric shade snapshot and configured prototype temperature curve", "observed_or_estimated": "ESTIMATED", "modelled_or_interpolated": "MODELLED", "timestamp": "2026-05-15T15:00:00+05:30", "assumptions_version": "2026-10-09-prompt-5a-interventions", "computation_mode": "geometric", "shade_fraction": 0.14001354866149973, "direct_exposure_fraction": 0.8599864513385003}, "geometry": {"type": "LineString", "coordinates": [[75.854412, 22.7135717], [75.8553347, 22.713384099999995]]}}, {"type": "Feature", "properties": {"segment_id": "osm-8460931645-3734496697-0", "length_m": 33.99152437121018, "canonical_time": "15:00", "exposure_value": 0.6732072546942827, "temperature_proxy_c": 42.0, "normalized_temperature_factor": 1.0, "source_type": "derived", "source_reference": "Cached geometric shade snapshot and configured prototype temperature curve", "observed_or_estimated": "ESTIMATED", "modelled_or_interpolated": "MODELLED", "timestamp": "2026-05-15T15:00:00+05:30", "assumptions_version": "2026-10-09-prompt-5a-interventions", "computation_mode": "geometric", "shade_fraction": 0.3267927453057174, "direct_exposure_fraction": 0.6732072546942827}, "geometry": {"type": "LineString", "coordinates": [[75.8526927, 22.718687300000003], [75.8526872, 22.718380299999993]]}}, {"type": "Feature", "properties": {"segment_id": "osm-8460931649-3734496833-0", "length_m": 19.061934067195235, "canonical_time": "15:00", "exposure_value": 0.5919076515921433, "temperature_proxy_c": 42.0, "normalized_temperature_factor": 1.0, "source_type": "derived", "source_reference": "Cached geometric shade snapshot and configured prototype temperature curve", "observed_or_estimated": "ESTIMATED", "modelled_or_interpolated": "MODELLED", "timestamp": "2026-05-15T15:00:00+05:30", "assumptions_version": "2026-10-09-prompt-5a-interventions", "computation_mode": "geometric", "shade_fraction": 0.4080923484078567, "direct_exposure_fraction": 0.5919076515921433}, "geometry": {"type": "LineString", "coordinates": [[75.8516275, 22.719803200000005], [75.8515994, 22.719633]]}}, {"type": "Feature", "properties": {"segment_id": "osm-8460931649-3734496845-0", "length_m": 1.8405917592323766, "canonical_time": "15:00", "exposure_value": 1.0, "temperature_proxy_c": 42.0, "normalized_temperature_factor": 1.0, "source_type": "derived", "source_reference": "Cached geometric shade snapshot and configured prototype temperature curve", "observed_or_estimated": "ESTIMATED", "modelled_or_interpolated": "MODELLED", "timestamp": "2026-05-15T15:00:00+05:30", "assumptions_version": "2026-10-09-prompt-5a-interventions", "computation_mode": "geometric", "shade_fraction": 0.0, "direct_exposure_fraction": 1.0}, "geometry": {"type": "LineString", "coordinates": [[75.8516275, 22.719803200000005], [75.8516285, 22.7198198]]}}, {"type": "Feature", "properties": {"segment_id": "osm-8460931649-8460931654-0", "length_m": 64.04415469853674, "canonical_time": "15:00", "exposure_value": 0.7153815269226378, "temperature_proxy_c": 42.0, "normalized_temperature_factor": 1.0, "source_type": "derived", "source_reference": "Cached geometric shade snapshot and configured prototype temperature curve", "observed_or_estimated": "ESTIMATED", "modelled_or_interpolated": "MODELLED", "timestamp": "2026-05-15T15:00:00+05:30", "assumptions_version": "2026-10-09-prompt-5a-interventions", "computation_mode": "geometric", "shade_fraction": 0.28461847307736227, "direct_exposure_fraction": 0.7153815269226378}, "geometry": {"type": "LineString", "coordinates": [[75.8516275, 22.719803200000005], [75.8515298, 22.7198075], [75.8514623, 22.719815700000005], [75.8513893, 22.719828899999992], [75.8512862, 22.719855299999992], [75.8511655, 22.719872000000002], [75.8510113, 22.719865799999994]]}}, {"type": "Feature", "properties": {"segment_id": "osm-8460931654-8460931649-0", "length_m": 64.04415469853674, "canonical_time": "15:00", "exposure_value": 0.7153815269226378, "temperature_proxy_c": 42.0, "normalized_temperature_factor": 1.0, "source_type": "derived", "source_reference": "Cached geometric shade snapshot and configured prototype temperature curve", "observed_or_estimated": "ESTIMATED", "modelled_or_interpolated": "MODELLED", "timestamp": "2026-05-15T15:00:00+05:30", "assumptions_version": "2026-10-09-prompt-5a-interventions", "computation_mode": "geometric", "shade_fraction": 0.28461847307736227, "direct_exposure_fraction": 0.7153815269226378}, "geometry": {"type": "LineString", "coordinates": [[75.8510113, 22.719865799999994], [75.8511655, 22.719872000000002], [75.8512862, 22.719855299999992], [75.8513893, 22.719828899999992], [75.8514623, 22.719815700000005], [75.8515298, 22.7198075], [75.8516275, 22.719803200000005]]}}, {"type": "Feature", "properties": {"segment_id": "osm-8460931654-3734496839-0", "length_m": 17.52200231116027, "canonical_time": "15:00", "exposure_value": 0.9479144009459943, "temperature_proxy_c": 42.0, "normalized_temperature_factor": 1.0, "source_type": "derived", "source_reference": "Cached geometric shade snapshot and configured prototype temperature curve", "observed_or_estimated": "ESTIMATED", "modelled_or_interpolated": "MODELLED", "timestamp": "2026-05-15T15:00:00+05:30", "assumptions_version": "2026-10-09-prompt-5a-interventions", "computation_mode": "geometric", "shade_fraction": 0.052085599054005685, "direct_exposure_fraction": 0.9479144009459943}, "geometry": {"type": "LineString", "coordinates": [[75.8510113, 22.719865799999994], [75.8510081, 22.7198311], [75.8510014, 22.7197902], [75.8509629, 22.71971630000001]]}}, {"type": "Feature", "properties": {"segment_id": "osm-8460931654-3734463399-0", "length_m": 105.40362433190975, "canonical_time": "15:00", "exposure_value": 0.5013939877794409, "temperature_proxy_c": 42.0, "normalized_temperature_factor": 1.0, "source_type": "derived", "source_reference": "Cached geometric shade snapshot and configured prototype temperature curve", "observed_or_estimated": "ESTIMATED", "modelled_or_interpolated": "MODELLED", "timestamp": "2026-05-15T15:00:00+05:30", "assumptions_version": "2026-10-09-prompt-5a-interventions", "computation_mode": "geometric", "shade_fraction": 0.49860601222055917, "direct_exposure_fraction": 0.5013939877794409}, "geometry": {"type": "LineString", "coordinates": [[75.8510113, 22.719865799999994], [75.8510148, 22.719905300000008], [75.8511041, 22.720814]]}}, {"type": "Feature", "properties": {"segment_id": "osm-8461059601-2025111085-0", "length_m": 10.301660296671853, "canonical_time": "15:00", "exposure_value": 1.0, "temperature_proxy_c": 42.0, "normalized_temperature_factor": 1.0, "source_type": "derived", "source_reference": "Cached geometric shade snapshot and configured prototype temperature curve", "observed_or_estimated": "ESTIMATED", "modelled_or_interpolated": "MODELLED", "timestamp": "2026-05-15T15:00:00+05:30", "assumptions_version": "2026-10-09-prompt-5a-interventions", "computation_mode": "geometric", "shade_fraction": 0.0, "direct_exposure_fraction": 1.0}, "geometry": {"type": "LineString", "coordinates": [[75.8558428, 22.718295900000005], [75.85593460000001, 22.718258399999996]]}}, {"type": "Feature", "properties": {"segment_id": "osm-8461059601-2025020019-0", "length_m": 32.64849986587634, "canonical_time": "15:00", "exposure_value": 1.0, "temperature_proxy_c": 42.0, "normalized_temperature_factor": 1.0, "source_type": "derived", "source_reference": "Cached geometric shade snapshot and configured prototype temperature curve", "observed_or_estimated": "ESTIMATED", "modelled_or_interpolated": "MODELLED", "timestamp": "2026-05-15T15:00:00+05:30", "assumptions_version": "2026-10-09-prompt-5a-interventions", "computation_mode": "geometric", "shade_fraction": 0.0, "direct_exposure_fraction": 1.0}, "geometry": {"type": "LineString", "coordinates": [[75.8558428, 22.718295900000005], [75.8556232, 22.718168000000002], [75.85557, 22.7181452]]}}, {"type": "Feature", "properties": {"segment_id": "osm-8461059601-2025020058-0", "length_m": 62.81290576833748, "canonical_time": "15:00", "exposure_value": 1.0, "temperature_proxy_c": 42.0, "normalized_temperature_factor": 1.0, "source_type": "derived", "source_reference": "Cached geometric shade snapshot and configured prototype temperature curve", "observed_or_estimated": "ESTIMATED", "modelled_or_interpolated": "MODELLED", "timestamp": "2026-05-15T15:00:00+05:30", "assumptions_version": "2026-10-09-prompt-5a-interventions", "computation_mode": "geometric", "shade_fraction": 0.0, "direct_exposure_fraction": 1.0}, "geometry": {"type": "LineString", "coordinates": [[75.8558428, 22.718295900000005], [75.85586830000001, 22.7183627], [75.8558817, 22.718440600000008], [75.8558777, 22.7186781], [75.85586830000001, 22.7187437], [75.8558321, 22.718826599999993], [75.8558247, 22.7188501]]}}, {"type": "Feature", "properties": {"segment_id": "osm-8461059612-11153056521-0", "length_m": 17.129041906734315, "canonical_time": "15:00", "exposure_value": 1.0, "temperature_proxy_c": 42.0, "normalized_temperature_factor": 1.0, "source_type": "derived", "source_reference": "Cached geometric shade snapshot and configured prototype temperature curve", "observed_or_estimated": "ESTIMATED", "modelled_or_interpolated": "MODELLED", "timestamp": "2026-05-15T15:00:00+05:30", "assumptions_version": "2026-10-09-prompt-5a-interventions", "computation_mode": "geometric", "shade_fraction": 0.0, "direct_exposure_fraction": 1.0}, "geometry": {"type": "LineString", "coordinates": [[75.859656, 22.716444900000006], [75.8596493, 22.7165995]]}}, {"type": "Feature", "properties": {"segment_id": "osm-8461059612-11153056522-0", "length_m": 4.2010679404869435, "canonical_time": "15:00", "exposure_value": 1.0, "temperature_proxy_c": 42.0, "normalized_temperature_factor": 1.0, "source_type": "derived", "source_reference": "Cached geometric shade snapshot and configured prototype temperature curve", "observed_or_estimated": "ESTIMATED", "modelled_or_interpolated": "MODELLED", "timestamp": "2026-05-15T15:00:00+05:30", "assumptions_version": "2026-10-09-prompt-5a-interventions", "computation_mode": "geometric", "shade_fraction": 0.0, "direct_exposure_fraction": 1.0}, "geometry": {"type": "LineString", "coordinates": [[75.859656, 22.716444900000006], [75.8596157, 22.7164384]]}}, {"type": "Feature", "properties": {"segment_id": "osm-8461059612-13720039497-0", "length_m": 17.902413386407993, "canonical_time": "15:00", "exposure_value": 1.0, "temperature_proxy_c": 42.0, "normalized_temperature_factor": 1.0, "source_type": "derived", "source_reference": "Cached geometric shade snapshot and configured prototype temperature curve", "observed_or_estimated": "ESTIMATED", "modelled_or_interpolated": "MODELLED", "timestamp": "2026-05-15T15:00:00+05:30", "assumptions_version": "2026-10-09-prompt-5a-interventions", "computation_mode": "geometric", "shade_fraction": 0.0, "direct_exposure_fraction": 1.0}, "geometry": {"type": "LineString", "coordinates": [[75.859656, 22.716444900000006], [75.8596452, 22.7162835]]}}, {"type": "Feature", "properties": {"segment_id": "osm-8461121384-2025110922-0", "length_m": 50.14433774484731, "canonical_time": "15:00", "exposure_value": 1.0, "temperature_proxy_c": 42.0, "normalized_temperature_factor": 1.0, "source_type": "derived", "source_reference": "Cached geometric shade snapshot and configured prototype temperature curve", "observed_or_estimated": "ESTIMATED", "modelled_or_interpolated": "MODELLED", "timestamp": "2026-05-15T15:00:00+05:30", "assumptions_version": "2026-10-09-prompt-5a-interventions", "computation_mode": "geometric", "shade_fraction": 0.0, "direct_exposure_fraction": 1.0}, "geometry": {"type": "LineString", "coordinates": [[75.8582104, 22.713523], [75.8578831, 22.713682800000004], [75.8577703, 22.713716099999992]]}}, {"type": "Feature", "properties": {"segment_id": "osm-8461121384-2027131379-0", "length_m": 45.31517721946123, "canonical_time": "15:00", "exposure_value": 1.0, "temperature_proxy_c": 42.0, "normalized_temperature_factor": 1.0, "source_type": "derived", "source_reference": "Cached geometric shade snapshot and configured prototype temperature curve", "observed_or_estimated": "ESTIMATED", "modelled_or_interpolated": "MODELLED", "timestamp": "2026-05-15T15:00:00+05:30", "assumptions_version": "2026-10-09-prompt-5a-interventions", "computation_mode": "geometric", "shade_fraction": 0.0, "direct_exposure_fraction": 1.0}, "geometry": {"type": "LineString", "coordinates": [[75.8582104, 22.713523], [75.8582826, 22.713487799999992], [75.8584189, 22.7134212], [75.8586078, 22.71334589999999]]}}, {"type": "Feature", "properties": {"segment_id": "osm-8461121397-2027131379-0", "length_m": 8.635021108440334, "canonical_time": "15:00", "exposure_value": 1.0, "temperature_proxy_c": 42.0, "normalized_temperature_factor": 1.0, "source_type": "derived", "source_reference": "Cached geometric shade snapshot and configured prototype temperature curve", "observed_or_estimated": "ESTIMATED", "modelled_or_interpolated": "MODELLED", "timestamp": "2026-05-15T15:00:00+05:30", "assumptions_version": "2026-10-09-prompt-5a-interventions", "computation_mode": "geometric", "shade_fraction": 0.0, "direct_exposure_fraction": 1.0}, "geometry": {"type": "LineString", "coordinates": [[75.8586672, 22.71329069999999], [75.8586078, 22.71334589999999]]}}, {"type": "Feature", "properties": {"segment_id": "osm-8461125223-2027131536-0", "length_m": 45.88502980797901, "canonical_time": "15:00", "exposure_value": 1.0, "temperature_proxy_c": 42.0, "normalized_temperature_factor": 1.0, "source_type": "derived", "source_reference": "Cached geometric shade snapshot and configured prototype temperature curve", "observed_or_estimated": "ESTIMATED", "modelled_or_interpolated": "MODELLED", "timestamp": "2026-05-15T15:00:00+05:30", "assumptions_version": "2026-10-09-prompt-5a-interventions", "computation_mode": "geometric", "shade_fraction": 0.0, "direct_exposure_fraction": 1.0}, "geometry": {"type": "LineString", "coordinates": [[75.8554764, 22.716376199999992], [75.8553291, 22.7159849]]}}, {"type": "Feature", "properties": {"segment_id": "osm-8461125223-9523322989-0", "length_m": 7.481057391000052, "canonical_time": "15:00", "exposure_value": 1.0, "temperature_proxy_c": 42.0, "normalized_temperature_factor": 1.0, "source_type": "derived", "source_reference": "Cached geometric shade snapshot and configured prototype temperature curve", "observed_or_estimated": "ESTIMATED", "modelled_or_interpolated": "MODELLED", "timestamp": "2026-05-15T15:00:00+05:30", "assumptions_version": "2026-10-09-prompt-5a-interventions", "computation_mode": "geometric", "shade_fraction": 0.0, "direct_exposure_fraction": 1.0}, "geometry": {"type": "LineString", "coordinates": [[75.8554764, 22.716376199999992], [75.8554037, 22.716380400000006]]}}, {"type": "Feature", "properties": {"segment_id": "osm-8461125223-9523322984-0", "length_m": 5.018334377773094, "canonical_time": "15:00", "exposure_value": 1.0, "temperature_proxy_c": 42.0, "normalized_temperature_factor": 1.0, "source_type": "derived", "source_reference": "Cached geometric shade snapshot and configured prototype temperature curve", "observed_or_estimated": "ESTIMATED", "modelled_or_interpolated": "MODELLED", "timestamp": "2026-05-15T15:00:00+05:30", "assumptions_version": "2026-10-09-prompt-5a-interventions", "computation_mode": "geometric", "shade_fraction": 0.0, "direct_exposure_fraction": 1.0}, "geometry": {"type": "LineString", "coordinates": [[75.8554764, 22.716376199999992], [75.85548010000001, 22.7164214]]}}, {"type": "Feature", "properties": {"segment_id": "osm-8461125223-9523323008-0", "length_m": 73.83217299171642, "canonical_time": "15:00", "exposure_value": 1.0, "temperature_proxy_c": 42.0, "normalized_temperature_factor": 1.0, "source_type": "derived", "source_reference": "Cached geometric shade snapshot and configured prototype temperature curve", "observed_or_estimated": "ESTIMATED", "modelled_or_interpolated": "MODELLED", "timestamp": "2026-05-15T15:00:00+05:30", "assumptions_version": "2026-10-09-prompt-5a-interventions", "computation_mode": "geometric", "shade_fraction": 0.0, "direct_exposure_fraction": 1.0}, "geometry": {"type": "LineString", "coordinates": [[75.8554764, 22.716376199999992], [75.8557389, 22.716367900000005], [75.8561951, 22.7163727]]}}, {"type": "Feature", "properties": {"segment_id": "osm-8461125292-2025020069-0", "length_m": 29.321185635213848, "canonical_time": "15:00", "exposure_value": 1.0, "temperature_proxy_c": 42.0, "normalized_temperature_factor": 1.0, "source_type": "derived", "source_reference": "Cached geometric shade snapshot and configured prototype temperature curve", "observed_or_estimated": "ESTIMATED", "modelled_or_interpolated": "MODELLED", "timestamp": "2026-05-15T15:00:00+05:30", "assumptions_version": "2026-10-09-prompt-5a-interventions", "computation_mode": "geometric", "shade_fraction": 0.0, "direct_exposure_fraction": 1.0}, "geometry": {"type": "LineString", "coordinates": [[75.8589669, 22.7190295], [75.859207, 22.718886200000007]]}}, {"type": "Feature", "properties": {"segment_id": "osm-8461125292-9526164258-0", "length_m": 21.05362594932896, "canonical_time": "15:00", "exposure_value": 1.0, "temperature_proxy_c": 42.0, "normalized_temperature_factor": 1.0, "source_type": "derived", "source_reference": "Cached geometric shade snapshot and configured prototype temperature curve", "observed_or_estimated": "ESTIMATED", "modelled_or_interpolated": "MODELLED", "timestamp": "2026-05-15T15:00:00+05:30", "assumptions_version": "2026-10-09-prompt-5a-interventions", "computation_mode": "geometric", "shade_fraction": 0.0, "direct_exposure_fraction": 1.0}, "geometry": {"type": "LineString", "coordinates": [[75.8589669, 22.7190295], [75.8590843, 22.718873600000006]]}}, {"type": "Feature", "properties": {"segment_id": "osm-8461125292-7010384308-0", "length_m": 59.54222819017199, "canonical_time": "15:00", "exposure_value": 1.0, "temperature_proxy_c": 42.0, "normalized_temperature_factor": 1.0, "source_type": "derived", "source_reference": "Cached geometric shade snapshot and configured prototype temperature curve", "observed_or_estimated": "ESTIMATED", "modelled_or_interpolated": "MODELLED", "timestamp": "2026-05-15T15:00:00+05:30", "assumptions_version": "2026-10-09-prompt-5a-interventions", "computation_mode": "geometric", "shade_fraction": 0.0, "direct_exposure_fraction": 1.0}, "geometry": {"type": "LineString", "coordinates": [[75.8589669, 22.7190295], [75.8589211, 22.7190898], [75.8588536, 22.719200199999992], [75.8587436, 22.71940959999999], [75.8587012, 22.7195061]]}}, {"type": "Feature", "properties": {"segment_id": "osm-8461125296-8461125324-0", "length_m": 11.17571671991539, "canonical_time": "15:00", "exposure_value": 1.0, "temperature_proxy_c": 42.0, "normalized_temperature_factor": 1.0, "source_type": "derived", "source_reference": "Cached geometric shade snapshot and configured prototype temperature curve", "observed_or_estimated": "ESTIMATED", "modelled_or_interpolated": "MODELLED", "timestamp": "2026-05-15T15:00:00+05:30", "assumptions_version": "2026-10-09-prompt-5a-interventions", "computation_mode": "geometric", "shade_fraction": 0.0, "direct_exposure_fraction": 1.0}, "geometry": {"type": "LineString", "coordinates": [[75.8585337, 22.719769300000003], [75.8586033, 22.71984689999999]]}}, {"type": "Feature", "properties": {"segment_id": "osm-8461125296-8461125322-0", "length_m": 10.795096329705906, "canonical_time": "15:00", "exposure_value": 1.0, "temperature_proxy_c": 42.0, "normalized_temperature_factor": 1.0, "source_type": "derived", "source_reference": "Cached geometric shade snapshot and configured prototype temperature curve", "observed_or_estimated": "ESTIMATED", "modelled_or_interpolated": "MODELLED", "timestamp": "2026-05-15T15:00:00+05:30", "assumptions_version": "2026-10-09-prompt-5a-interventions", "computation_mode": "geometric", "shade_fraction": 0.0, "direct_exposure_fraction": 1.0}, "geometry": {"type": "LineString", "coordinates": [[75.8585337, 22.719769300000003], [75.8584965, 22.7198605]]}}, {"type": "Feature", "properties": {"segment_id": "osm-8461125296-7010384308-0", "length_m": 33.83848884201786, "canonical_time": "15:00", "exposure_value": 1.0, "temperature_proxy_c": 42.0, "normalized_temperature_factor": 1.0, "source_type": "derived", "source_reference": "Cached geometric shade snapshot and configured prototype temperature curve", "observed_or_estimated": "ESTIMATED", "modelled_or_interpolated": "MODELLED", "timestamp": "2026-05-15T15:00:00+05:30", "assumptions_version": "2026-10-09-prompt-5a-interventions", "computation_mode": "geometric", "shade_fraction": 0.0, "direct_exposure_fraction": 1.0}, "geometry": {"type": "LineString", "coordinates": [[75.8585337, 22.719769300000003], [75.8585624, 22.71972209999999], [75.8587012, 22.7195061]]}}, {"type": "Feature", "properties": {"segment_id": "osm-8461125296-8461125325-0", "length_m": 105.51763063709573, "canonical_time": "15:00", "exposure_value": 1.0, "temperature_proxy_c": 42.0, "normalized_temperature_factor": 1.0, "source_type": "derived", "source_reference": "Cached geometric shade snapshot and configured prototype temperature curve", "observed_or_estimated": "ESTIMATED", "modelled_or_interpolated": "MODELLED", "timestamp": "2026-05-15T15:00:00+05:30", "assumptions_version": "2026-10-09-prompt-5a-interventions", "computation_mode": "geometric", "shade_fraction": 0.0, "direct_exposure_fraction": 1.0}, "geometry": {"type": "LineString", "coordinates": [[75.8585337, 22.719769300000003], [75.858398, 22.719719099999992], [75.8578736, 22.719538199999988], [75.8577413, 22.719491100000003], [75.8576948, 22.719446100000003], [75.8576857, 22.7194021], [75.8576468, 22.7193542]]}}, {"type": "Feature", "properties": {"segment_id": "osm-8461125318-8478005576-0", "length_m": 13.83097160030603, "canonical_time": "15:00", "exposure_value": 1.0, "temperature_proxy_c": 42.0, "normalized_temperature_factor": 1.0, "source_type": "derived", "source_reference": "Cached geometric shade snapshot and configured prototype temperature curve", "observed_or_estimated": "ESTIMATED", "modelled_or_interpolated": "MODELLED", "timestamp": "2026-05-15T15:00:00+05:30", "assumptions_version": "2026-10-09-prompt-5a-interventions", "computation_mode": "geometric", "shade_fraction": 0.0, "direct_exposure_fraction": 1.0}, "geometry": {"type": "LineString", "coordinates": [[75.8585224, 22.72090979999999], [75.8586502, 22.72087039999999]]}}, {"type": "Feature", "properties": {"segment_id": "osm-8461125318-2025020163-0", "length_m": 92.8822537045861, "canonical_time": "15:00", "exposure_value": 1.0, "temperature_proxy_c": 42.0, "normalized_temperature_factor": 1.0, "source_type": "derived", "source_reference": "Cached geometric shade snapshot and configured prototype temperature curve", "observed_or_estimated": "ESTIMATED", "modelled_or_interpolated": "MODELLED", "timestamp": "2026-05-15T15:00:00+05:30", "assumptions_version": "2026-10-09-prompt-5a-interventions", "computation_mode": "geometric", "shade_fraction": 0.0, "direct_exposure_fraction": 1.0}, "geometry": {"type": "LineString", "coordinates": [[75.8585224, 22.72090979999999], [75.8585465, 22.7210211], [75.8586109, 22.72120909999999], [75.8586538, 22.721352599999992], [75.85870740000001, 22.721465199999994], [75.85875440000001, 22.7215493], [75.8588415, 22.7216891]]}}, {"type": "Feature", "properties": {"segment_id": "osm-8461125318-8461125322-0", "length_m": 116.87138556582572, "canonical_time": "15:00", "exposure_value": 1.0, "temperature_proxy_c": 42.0, "normalized_temperature_factor": 1.0, "source_type": "derived", "source_reference": "Cached geometric shade snapshot and configured prototype temperature curve", "observed_or_estimated": "ESTIMATED", "modelled_or_interpolated": "MODELLED", "timestamp": "2026-05-15T15:00:00+05:30", "assumptions_version": "2026-10-09-prompt-5a-interventions", "computation_mode": "geometric", "shade_fraction": 0.0, "direct_exposure_fraction": 1.0}, "geometry": {"type": "LineString", "coordinates": [[75.8585224, 22.72090979999999], [75.8585093, 22.7208414], [75.8584902, 22.7207415], [75.8584794, 22.72060919999999], [75.8584714, 22.720261599999994], [75.858466, 22.7200896], [75.8584694, 22.7199585], [75.8584865, 22.7198934], [75.8584965, 22.7198605]]}}, {"type": "Feature", "properties": {"segment_id": "osm-8461125322-8461125324-0", "length_m": 11.07138935635839, "canonical_time": "15:00", "exposure_value": 1.0, "temperature_proxy_c": 42.0, "normalized_temperature_factor": 1.0, "source_type": "derived", "source_reference": "Cached geometric shade snapshot and configured prototype temperature curve", "observed_or_estimated": "ESTIMATED", "modelled_or_interpolated": "MODELLED", "timestamp": "2026-05-15T15:00:00+05:30", "assumptions_version": "2026-10-09-prompt-5a-interventions", "computation_mode": "geometric", "shade_fraction": 0.0, "direct_exposure_fraction": 1.0}, "geometry": {"type": "LineString", "coordinates": [[75.8584965, 22.7198605], [75.8586033, 22.71984689999999]]}}, {"type": "Feature", "properties": {"segment_id": "osm-8461125322-8461125296-0", "length_m": 10.795096329705906, "canonical_time": "15:00", "exposure_value": 1.0, "temperature_proxy_c": 42.0, "normalized_temperature_factor": 1.0, "source_type": "derived", "source_reference": "Cached geometric shade snapshot and configured prototype temperature curve", "observed_or_estimated": "ESTIMATED", "modelled_or_interpolated": "MODELLED", "timestamp": "2026-05-15T15:00:00+05:30", "assumptions_version": "2026-10-09-prompt-5a-interventions", "computation_mode": "geometric", "shade_fraction": 0.0, "direct_exposure_fraction": 1.0}, "geometry": {"type": "LineString", "coordinates": [[75.8584965, 22.7198605], [75.8585337, 22.719769300000003]]}}, {"type": "Feature", "properties": {"segment_id": "osm-8461125322-8461125318-0", "length_m": 116.87138556582572, "canonical_time": "15:00", "exposure_value": 1.0, "temperature_proxy_c": 42.0, "normalized_temperature_factor": 1.0, "source_type": "derived", "source_reference": "Cached geometric shade snapshot and configured prototype temperature curve", "observed_or_estimated": "ESTIMATED", "modelled_or_interpolated": "MODELLED", "timestamp": "2026-05-15T15:00:00+05:30", "assumptions_version": "2026-10-09-prompt-5a-interventions", "computation_mode": "geometric", "shade_fraction": 0.0, "direct_exposure_fraction": 1.0}, "geometry": {"type": "LineString", "coordinates": [[75.8584965, 22.7198605], [75.8584865, 22.7198934], [75.8584694, 22.7199585], [75.858466, 22.7200896], [75.8584714, 22.720261599999994], [75.8584794, 22.72060919999999], [75.8584902, 22.7207415], [75.8585093, 22.7208414], [75.8585224, 22.72090979999999]]}}, {"type": "Feature", "properties": {"segment_id": "osm-8461125322-2025111171-0", "length_m": 86.98265431737549, "canonical_time": "15:00", "exposure_value": 1.0, "temperature_proxy_c": 42.0, "normalized_temperature_factor": 1.0, "source_type": "derived", "source_reference": "Cached geometric shade snapshot and configured prototype temperature curve", "observed_or_estimated": "ESTIMATED", "modelled_or_interpolated": "MODELLED", "timestamp": "2026-05-15T15:00:00+05:30", "assumptions_version": "2026-10-09-prompt-5a-interventions", "computation_mode": "geometric", "shade_fraction": 0.0, "direct_exposure_fraction": 1.0}, "geometry": {"type": "LineString", "coordinates": [[75.8584965, 22.7198605], [75.8583711, 22.71980930000001], [75.8578442, 22.719630899999995], [75.8577065, 22.719578]]}}, {"type": "Feature", "properties": {"segment_id": "osm-8461125324-2025020116-0", "length_m": 21.79043624884235, "canonical_time": "15:00", "exposure_value": 1.0, "temperature_proxy_c": 42.0, "normalized_temperature_factor": 1.0, "source_type": "derived", "source_reference": "Cached geometric shade snapshot and configured prototype temperature curve", "observed_or_estimated": "ESTIMATED", "modelled_or_interpolated": "MODELLED", "timestamp": "2026-05-15T15:00:00+05:30", "assumptions_version": "2026-10-09-prompt-5a-interventions", "computation_mode": "geometric", "shade_fraction": 0.0, "direct_exposure_fraction": 1.0}, "geometry": {"type": "LineString", "coordinates": [[75.8586033, 22.71984689999999], [75.8588112, 22.719886199999994]]}}, {"type": "Feature", "properties": {"segment_id": "osm-8461125324-8461125296-0", "length_m": 11.17571671991539, "canonical_time": "15:00", "exposure_value": 1.0, "temperature_proxy_c": 42.0, "normalized_temperature_factor": 1.0, "source_type": "derived", "source_reference": "Cached geometric shade snapshot and configured prototype temperature curve", "observed_or_estimated": "ESTIMATED", "modelled_or_interpolated": "MODELLED", "timestamp": "2026-05-15T15:00:00+05:30", "assumptions_version": "2026-10-09-prompt-5a-interventions", "computation_mode": "geometric", "shade_fraction": 0.0, "direct_exposure_fraction": 1.0}, "geometry": {"type": "LineString", "coordinates": [[75.8586033, 22.71984689999999], [75.8585337, 22.719769300000003]]}}, {"type": "Feature", "properties": {"segment_id": "osm-8461125324-8461125322-0", "length_m": 11.07138935635839, "canonical_time": "15:00", "exposure_value": 1.0, "temperature_proxy_c": 42.0, "normalized_temperature_factor": 1.0, "source_type": "derived", "source_reference": "Cached geometric shade snapshot and configured prototype temperature curve", "observed_or_estimated": "ESTIMATED", "modelled_or_interpolated": "MODELLED", "timestamp": "2026-05-15T15:00:00+05:30", "assumptions_version": "2026-10-09-prompt-5a-interventions", "computation_mode": "geometric", "shade_fraction": 0.0, "direct_exposure_fraction": 1.0}, "geometry": {"type": "LineString", "coordinates": [[75.8586033, 22.71984689999999], [75.8584965, 22.7198605]]}}, {"type": "Feature", "properties": {"segment_id": "osm-8461125324-8478005576-0", "length_m": 115.24169932688007, "canonical_time": "15:00", "exposure_value": 1.0, "temperature_proxy_c": 42.0, "normalized_temperature_factor": 1.0, "source_type": "derived", "source_reference": "Cached geometric shade snapshot and configured prototype temperature curve", "observed_or_estimated": "ESTIMATED", "modelled_or_interpolated": "MODELLED", "timestamp": "2026-05-15T15:00:00+05:30", "assumptions_version": "2026-10-09-prompt-5a-interventions", "computation_mode": "geometric", "shade_fraction": 0.0, "direct_exposure_fraction": 1.0}, "geometry": {"type": "LineString", "coordinates": [[75.8586033, 22.71984689999999], [75.8585492, 22.719964699999988], [75.8585558, 22.7200798], [75.8585649, 22.7202277], [75.8585921, 22.72063259999999], [75.8586502, 22.72087039999999]]}}, {"type": "Feature", "properties": {"segment_id": "osm-8461125325-8461125296-0", "length_m": 105.51763063709575, "canonical_time": "15:00", "exposure_value": 1.0, "temperature_proxy_c": 42.0, "normalized_temperature_factor": 1.0, "source_type": "derived", "source_reference": "Cached geometric shade snapshot and configured prototype temperature curve", "observed_or_estimated": "ESTIMATED", "modelled_or_interpolated": "MODELLED", "timestamp": "2026-05-15T15:00:00+05:30", "assumptions_version": "2026-10-09-prompt-5a-interventions", "computation_mode": "geometric", "shade_fraction": 0.0, "direct_exposure_fraction": 1.0}, "geometry": {"type": "LineString", "coordinates": [[75.8576468, 22.7193542], [75.8576857, 22.7194021], [75.8576948, 22.719446100000003], [75.8577413, 22.719491100000003], [75.8578736, 22.719538199999988], [75.858398, 22.719719099999992], [75.8585337, 22.719769300000003]]}}, {"type": "Feature", "properties": {"segment_id": "osm-8461125325-2025111134-0", "length_m": 47.99335243213983, "canonical_time": "15:00", "exposure_value": 1.0, "temperature_proxy_c": 42.0, "normalized_temperature_factor": 1.0, "source_type": "derived", "source_reference": "Cached geometric shade snapshot and configured prototype temperature curve", "observed_or_estimated": "ESTIMATED", "modelled_or_interpolated": "MODELLED", "timestamp": "2026-05-15T15:00:00+05:30", "assumptions_version": "2026-10-09-prompt-5a-interventions", "computation_mode": "geometric", "shade_fraction": 0.0, "direct_exposure_fraction": 1.0}, "geometry": {"type": "LineString", "coordinates": [[75.8576468, 22.7193542], [75.8576474, 22.7191725], [75.8576361, 22.718920899999993]]}}, {"type": "Feature", "properties": {"segment_id": "osm-8461125325-2025111163-0", "length_m": 21.329198377571448, "canonical_time": "15:00", "exposure_value": 1.0, "temperature_proxy_c": 42.0, "normalized_temperature_factor": 1.0, "source_type": "derived", "source_reference": "Cached geometric shade snapshot and configured prototype temperature curve", "observed_or_estimated": "ESTIMATED", "modelled_or_interpolated": "MODELLED", "timestamp": "2026-05-15T15:00:00+05:30", "assumptions_version": "2026-10-09-prompt-5a-interventions", "computation_mode": "geometric", "shade_fraction": 0.0, "direct_exposure_fraction": 1.0}, "geometry": {"type": "LineString", "coordinates": [[75.8576468, 22.7193542], [75.8576092, 22.719410699999997], [75.8576112, 22.71946139999999], [75.8576325, 22.719534299999996]]}}, {"type": "Feature", "properties": {"segment_id": "osm-8461150029-2025111022-0", "length_m": 13.125281992276546, "canonical_time": "15:00", "exposure_value": 1.0, "temperature_proxy_c": 42.0, "normalized_temperature_factor": 1.0, "source_type": "derived", "source_reference": "Cached geometric shade snapshot and configured prototype temperature curve", "observed_or_estimated": "ESTIMATED", "modelled_or_interpolated": "MODELLED", "timestamp": "2026-05-15T15:00:00+05:30", "assumptions_version": "2026-10-09-prompt-5a-interventions", "computation_mode": "geometric", "shade_fraction": 0.0, "direct_exposure_fraction": 1.0}, "geometry": {"type": "LineString", "coordinates": [[75.856789, 22.7172057], [75.8567766, 22.717323700000012]]}}, {"type": "Feature", "properties": {"segment_id": "osm-8461150029-2025110981-0", "length_m": 57.651476785067935, "canonical_time": "15:00", "exposure_value": 0.6490277237798577, "temperature_proxy_c": 42.0, "normalized_temperature_factor": 1.0, "source_type": "derived", "source_reference": "Cached geometric shade snapshot and configured prototype temperature curve", "observed_or_estimated": "ESTIMATED", "modelled_or_interpolated": "MODELLED", "timestamp": "2026-05-15T15:00:00+05:30", "assumptions_version": "2026-10-09-prompt-5a-interventions", "computation_mode": "geometric", "shade_fraction": 0.35097227622014227, "direct_exposure_fraction": 0.6490277237798577}, "geometry": {"type": "LineString", "coordinates": [[75.856789, 22.7172057], [75.8568435, 22.7166874]]}}, {"type": "Feature", "properties": {"segment_id": "osm-8461150029-2025111040-0", "length_m": 125.32476644396617, "canonical_time": "15:00", "exposure_value": 0.7238356897659808, "temperature_proxy_c": 42.0, "normalized_temperature_factor": 1.0, "source_type": "derived", "source_reference": "Cached geometric shade snapshot and configured prototype temperature curve", "observed_or_estimated": "ESTIMATED", "modelled_or_interpolated": "MODELLED", "timestamp": "2026-05-15T15:00:00+05:30", "assumptions_version": "2026-10-09-prompt-5a-interventions", "computation_mode": "geometric", "shade_fraction": 0.2761643102340193, "direct_exposure_fraction": 0.7238356897659808}, "geometry": {"type": "LineString", "coordinates": [[75.856789, 22.7172057], [75.8568916, 22.717205999999997], [75.8569801, 22.71721349999999], [75.857023, 22.717245599999995], [75.8570793, 22.717275299999994], [75.857133, 22.717295099999994], [75.8572483, 22.7172926], [75.8573288, 22.717307499999993], [75.857361, 22.717334700000002], [75.8573838, 22.717384199999994], [75.8574454, 22.717533199999988], [75.85746690000002, 22.717568499999995], [75.8574924, 22.71757649999999], [75.8575299, 22.7175735], [75.8575775, 22.717574099999997], [75.8576386, 22.717581500000005], [75.8576754, 22.7175951], [75.85768550000002, 22.717603100000005], [75.8577244, 22.717624199999996], [75.8577686, 22.717668]]}}, {"type": "Feature", "properties": {"segment_id": "osm-8461150038-8461150044-0", "length_m": 85.48056768271485, "canonical_time": "15:00", "exposure_value": 0.7003992919533608, "temperature_proxy_c": 42.0, "normalized_temperature_factor": 1.0, "source_type": "derived", "source_reference": "Cached geometric shade snapshot and configured prototype temperature curve", "observed_or_estimated": "ESTIMATED", "modelled_or_interpolated": "MODELLED", "timestamp": "2026-05-15T15:00:00+05:30", "assumptions_version": "2026-10-09-prompt-5a-interventions", "computation_mode": "geometric", "shade_fraction": 0.29960070804663913, "direct_exposure_fraction": 0.7003992919533608}, "geometry": {"type": "LineString", "coordinates": [[75.8570673, 22.718972599999997], [75.8569291, 22.7189528], [75.8568005, 22.718929300000003], [75.8566824, 22.7188982], [75.8565911, 22.7188612], [75.85652010000001, 22.7188244], [75.856292, 22.718713199999996]]}}, {"type": "Feature", "properties": {"segment_id": "osm-8461150044-2025111137-0", "length_m": 36.203836875779935, "canonical_time": "15:00", "exposure_value": 1.0, "temperature_proxy_c": 42.0, "normalized_temperature_factor": 1.0, "source_type": "derived", "source_reference": "Cached geometric shade snapshot and configured prototype temperature curve", "observed_or_estimated": "ESTIMATED", "modelled_or_interpolated": "MODELLED", "timestamp": "2026-05-15T15:00:00+05:30", "assumptions_version": "2026-10-09-prompt-5a-interventions", "computation_mode": "geometric", "shade_fraction": 0.0, "direct_exposure_fraction": 1.0}, "geometry": {"type": "LineString", "coordinates": [[75.856292, 22.718713199999996], [75.8561067, 22.7189914]]}}, {"type": "Feature", "properties": {"segment_id": "osm-8461150044-2025111115-0", "length_m": 30.596716781290766, "canonical_time": "15:00", "exposure_value": 1.0, "temperature_proxy_c": 42.0, "normalized_temperature_factor": 1.0, "source_type": "derived", "source_reference": "Cached geometric shade snapshot and configured prototype temperature curve", "observed_or_estimated": "ESTIMATED", "modelled_or_interpolated": "MODELLED", "timestamp": "2026-05-15T15:00:00+05:30", "assumptions_version": "2026-10-09-prompt-5a-interventions", "computation_mode": "geometric", "shade_fraction": 0.0, "direct_exposure_fraction": 1.0}, "geometry": {"type": "LineString", "coordinates": [[75.856292, 22.718713199999996], [75.8564481, 22.71847779999999]]}}, {"type": "Feature", "properties": {"segment_id": "osm-8461150044-8461150038-0", "length_m": 85.48056768271485, "canonical_time": "15:00", "exposure_value": 0.7003992919533608, "temperature_proxy_c": 42.0, "normalized_temperature_factor": 1.0, "source_type": "derived", "source_reference": "Cached geometric shade snapshot and configured prototype temperature curve", "observed_or_estimated": "ESTIMATED", "modelled_or_interpolated": "MODELLED", "timestamp": "2026-05-15T15:00:00+05:30", "assumptions_version": "2026-10-09-prompt-5a-interventions", "computation_mode": "geometric", "shade_fraction": 0.29960070804663913, "direct_exposure_fraction": 0.7003992919533608}, "geometry": {"type": "LineString", "coordinates": [[75.856292, 22.718713199999996], [75.85652010000001, 22.7188244], [75.8565911, 22.7188612], [75.8566824, 22.7188982], [75.8568005, 22.718929300000003], [75.8569291, 22.7189528], [75.8570673, 22.718972599999997]]}}, {"type": "Feature", "properties": {"segment_id": "osm-8474349604-9790247256-0", "length_m": 148.0485648949067, "canonical_time": "15:00", "exposure_value": 1.0, "temperature_proxy_c": 42.0, "normalized_temperature_factor": 1.0, "source_type": "derived", "source_reference": "Cached geometric shade snapshot and configured prototype temperature curve", "observed_or_estimated": "ESTIMATED", "modelled_or_interpolated": "MODELLED", "timestamp": "2026-05-15T15:00:00+05:30", "assumptions_version": "2026-10-09-prompt-5a-interventions", "computation_mode": "geometric", "shade_fraction": 0.0, "direct_exposure_fraction": 1.0}, "geometry": {"type": "LineString", "coordinates": [[75.8595561, 22.7137388], [75.859683, 22.714065800000004], [75.8597551, 22.714333500000002], [75.8597765, 22.714587000000012], [75.8597841, 22.7150465]]}}, {"type": "Feature", "properties": {"segment_id": "osm-8474365287-9523322985-0", "length_m": 53.1828871835166, "canonical_time": "15:00", "exposure_value": 0.713811861627011, "temperature_proxy_c": 42.0, "normalized_temperature_factor": 1.0, "source_type": "derived", "source_reference": "Cached geometric shade snapshot and configured prototype temperature curve", "observed_or_estimated": "ESTIMATED", "modelled_or_interpolated": "MODELLED", "timestamp": "2026-05-15T15:00:00+05:30", "assumptions_version": "2026-10-09-prompt-5a-interventions", "computation_mode": "geometric", "shade_fraction": 0.286188138372989, "direct_exposure_fraction": 0.713811861627011}, "geometry": {"type": "LineString", "coordinates": [[75.8560907, 22.7168822], [75.8561842, 22.716409699999986]]}}, {"type": "Feature", "properties": {"segment_id": "osm-8474365287-8474365291-0", "length_m": 54.46158768013696, "canonical_time": "15:00", "exposure_value": 1.0, "temperature_proxy_c": 42.0, "normalized_temperature_factor": 1.0, "source_type": "derived", "source_reference": "Cached geometric shade snapshot and configured prototype temperature curve", "observed_or_estimated": "ESTIMATED", "modelled_or_interpolated": "MODELLED", "timestamp": "2026-05-15T15:00:00+05:30", "assumptions_version": "2026-10-09-prompt-5a-interventions", "computation_mode": "geometric", "shade_fraction": 0.0, "direct_exposure_fraction": 1.0}, "geometry": {"type": "LineString", "coordinates": [[75.8560907, 22.7168822], [75.8558696, 22.716839899999997], [75.8557878, 22.7168381], [75.8557248, 22.71684229999999], [75.855567, 22.71686409999999]]}}, {"type": "Feature", "properties": {"segment_id": "osm-8474365287-2025111019-0", "length_m": 47.314049873156115, "canonical_time": "15:00", "exposure_value": 0.6636858734578397, "temperature_proxy_c": 42.0, "normalized_temperature_factor": 1.0, "source_type": "derived", "source_reference": "Cached geometric shade snapshot and configured prototype temperature curve", "observed_or_estimated": "ESTIMATED", "modelled_or_interpolated": "MODELLED", "timestamp": "2026-05-15T15:00:00+05:30", "assumptions_version": "2026-10-09-prompt-5a-interventions", "computation_mode": "geometric", "shade_fraction": 0.3363141265421603, "direct_exposure_fraction": 0.6636858734578397}, "geometry": {"type": "LineString", "coordinates": [[75.8560907, 22.7168822], [75.8560755, 22.7169502], [75.8560344, 22.717306100000005]]}}, {"type": "Feature", "properties": {"segment_id": "osm-8474365291-9523322984-0", "length_m": 49.81571299090426, "canonical_time": "15:00", "exposure_value": 1.0, "temperature_proxy_c": 42.0, "normalized_temperature_factor": 1.0, "source_type": "derived", "source_reference": "Cached geometric shade snapshot and configured prototype temperature curve", "observed_or_estimated": "ESTIMATED", "modelled_or_interpolated": "MODELLED", "timestamp": "2026-05-15T15:00:00+05:30", "assumptions_version": "2026-10-09-prompt-5a-interventions", "computation_mode": "geometric", "shade_fraction": 0.0, "direct_exposure_fraction": 1.0}, "geometry": {"type": "LineString", "coordinates": [[75.855567, 22.71686409999999], [75.85548010000001, 22.7164214]]}}, {"type": "Feature", "properties": {"segment_id": "osm-8474365291-8474365287-0", "length_m": 54.46158768013696, "canonical_time": "15:00", "exposure_value": 1.0, "temperature_proxy_c": 42.0, "normalized_temperature_factor": 1.0, "source_type": "derived", "source_reference": "Cached geometric shade snapshot and configured prototype temperature curve", "observed_or_estimated": "ESTIMATED", "modelled_or_interpolated": "MODELLED", "timestamp": "2026-05-15T15:00:00+05:30", "assumptions_version": "2026-10-09-prompt-5a-interventions", "computation_mode": "geometric", "shade_fraction": 0.0, "direct_exposure_fraction": 1.0}, "geometry": {"type": "LineString", "coordinates": [[75.855567, 22.71686409999999], [75.8557248, 22.71684229999999], [75.8557878, 22.7168381], [75.8558696, 22.716839899999997], [75.8560907, 22.7168822]]}}, {"type": "Feature", "properties": {"segment_id": "osm-8474365291-9523322983-0", "length_m": 119.4279688759615, "canonical_time": "15:00", "exposure_value": 1.0, "temperature_proxy_c": 42.0, "normalized_temperature_factor": 1.0, "source_type": "derived", "source_reference": "Cached geometric shade snapshot and configured prototype temperature curve", "observed_or_estimated": "ESTIMATED", "modelled_or_interpolated": "MODELLED", "timestamp": "2026-05-15T15:00:00+05:30", "assumptions_version": "2026-10-09-prompt-5a-interventions", "computation_mode": "geometric", "shade_fraction": 0.0, "direct_exposure_fraction": 1.0}, "geometry": {"type": "LineString", "coordinates": [[75.855567, 22.71686409999999], [75.8556105, 22.71729609999999], [75.8556241, 22.717625200000004], [75.8556124, 22.71785979999999], [75.8555792, 22.717934399999997]]}}, {"type": "Feature", "properties": {"segment_id": "osm-8474397649-2027156392-0", "length_m": 34.38712575565008, "canonical_time": "15:00", "exposure_value": 1.0, "temperature_proxy_c": 42.0, "normalized_temperature_factor": 1.0, "source_type": "derived", "source_reference": "Cached geometric shade snapshot and configured prototype temperature curve", "observed_or_estimated": "ESTIMATED", "modelled_or_interpolated": "MODELLED", "timestamp": "2026-05-15T15:00:00+05:30", "assumptions_version": "2026-10-09-prompt-5a-interventions", "computation_mode": "geometric", "shade_fraction": 0.0, "direct_exposure_fraction": 1.0}, "geometry": {"type": "LineString", "coordinates": [[75.8513538, 22.715250299999997], [75.8513689, 22.71493999999999]]}}, {"type": "Feature", "properties": {"segment_id": "osm-8474397649-3734494537-0", "length_m": 33.101963066605784, "canonical_time": "15:00", "exposure_value": 1.0, "temperature_proxy_c": 42.0, "normalized_temperature_factor": 1.0, "source_type": "derived", "source_reference": "Cached geometric shade snapshot and configured prototype temperature curve", "observed_or_estimated": "ESTIMATED", "modelled_or_interpolated": "MODELLED", "timestamp": "2026-05-15T15:00:00+05:30", "assumptions_version": "2026-10-09-prompt-5a-interventions", "computation_mode": "geometric", "shade_fraction": 0.0, "direct_exposure_fraction": 1.0}, "geometry": {"type": "LineString", "coordinates": [[75.8513538, 22.715250299999997], [75.8516716, 22.7153001]]}}, {"type": "Feature", "properties": {"segment_id": "osm-8474397649-2027156492-0", "length_m": 56.83075169479074, "canonical_time": "15:00", "exposure_value": 1.0, "temperature_proxy_c": 42.0, "normalized_temperature_factor": 1.0, "source_type": "derived", "source_reference": "Cached geometric shade snapshot and configured prototype temperature curve", "observed_or_estimated": "ESTIMATED", "modelled_or_interpolated": "MODELLED", "timestamp": "2026-05-15T15:00:00+05:30", "assumptions_version": "2026-10-09-prompt-5a-interventions", "computation_mode": "geometric", "shade_fraction": 0.0, "direct_exposure_fraction": 1.0}, "geometry": {"type": "LineString", "coordinates": [[75.8513538, 22.715250299999997], [75.8513508, 22.71533749999999], [75.8513407, 22.715763499999994]]}}, {"type": "Feature", "properties": {"segment_id": "osm-8477820369-2025110993-0", "length_m": 96.10542893678664, "canonical_time": "15:00", "exposure_value": 1.0, "temperature_proxy_c": 42.0, "normalized_temperature_factor": 1.0, "source_type": "derived", "source_reference": "Cached geometric shade snapshot and configured prototype temperature curve", "observed_or_estimated": "ESTIMATED", "modelled_or_interpolated": "MODELLED", "timestamp": "2026-05-15T15:00:00+05:30", "assumptions_version": "2026-10-09-prompt-5a-interventions", "computation_mode": "geometric", "shade_fraction": 0.0, "direct_exposure_fraction": 1.0}, "geometry": {"type": "LineString", "coordinates": [[75.8588174, 22.71727529999999], [75.8588563, 22.7170762], [75.8588482, 22.717048899999995], [75.8588268, 22.7170279], [75.8587906, 22.7170143], [75.8586659, 22.71699200000001], [75.8581831, 22.716914799999998]]}}, {"type": "Feature", "properties": {"segment_id": "osm-8477883142-6616739535-0", "length_m": 122.94584225299313, "canonical_time": "15:00", "exposure_value": 1.0, "temperature_proxy_c": 42.0, "normalized_temperature_factor": 1.0, "source_type": "derived", "source_reference": "Cached geometric shade snapshot and configured prototype temperature curve", "observed_or_estimated": "ESTIMATED", "modelled_or_interpolated": "MODELLED", "timestamp": "2026-05-15T15:00:00+05:30", "assumptions_version": "2026-10-09-prompt-5a-interventions", "computation_mode": "geometric", "shade_fraction": 0.0, "direct_exposure_fraction": 1.0}, "geometry": {"type": "LineString", "coordinates": [[75.8533224, 22.7219118], [75.8533628, 22.721832199999994], [75.854146, 22.721784499999995], [75.8544584, 22.721836599999993]]}}, {"type": "Feature", "properties": {"segment_id": "osm-8477883142-10292786102-0", "length_m": 129.2665183211565, "canonical_time": "15:00", "exposure_value": 0.8470746431058142, "temperature_proxy_c": 42.0, "normalized_temperature_factor": 1.0, "source_type": "derived", "source_reference": "Cached geometric shade snapshot and configured prototype temperature curve", "observed_or_estimated": "ESTIMATED", "modelled_or_interpolated": "MODELLED", "timestamp": "2026-05-15T15:00:00+05:30", "assumptions_version": "2026-10-09-prompt-5a-interventions", "computation_mode": "geometric", "shade_fraction": 0.15292535689418585, "direct_exposure_fraction": 0.8470746431058142}, "geometry": {"type": "LineString", "coordinates": [[75.8533224, 22.7219118], [75.8529308, 22.72190719999999], [75.8528753, 22.7218877], [75.8528552, 22.72185939999999], [75.8528415, 22.721762600000005], [75.8528102, 22.721735499999994], [75.85246340000002, 22.721775899999994], [75.8524179, 22.721777], [75.8524225, 22.721711900000003], [75.8523885, 22.721569000000002]]}}, {"type": "Feature", "properties": {"segment_id": "osm-8477883142-3665539318-0", "length_m": 68.86210371354068, "canonical_time": "15:00", "exposure_value": 0.33676870586676433, "temperature_proxy_c": 42.0, "normalized_temperature_factor": 1.0, "source_type": "derived", "source_reference": "Cached geometric shade snapshot and configured prototype temperature curve", "observed_or_estimated": "ESTIMATED", "modelled_or_interpolated": "MODELLED", "timestamp": "2026-05-15T15:00:00+05:30", "assumptions_version": "2026-10-09-prompt-5a-interventions", "computation_mode": "geometric", "shade_fraction": 0.6632312941332357, "direct_exposure_fraction": 0.33676870586676433}, "geometry": {"type": "LineString", "coordinates": [[75.8533224, 22.7219118], [75.85331250000002, 22.7216344], [75.8532975, 22.721529799999992], [75.8532896, 22.7214702], [75.8532753, 22.721396699999993], [75.8532556, 22.72129409999999]]}}, {"type": "Feature", "properties": {"segment_id": "osm-8478005556-2027156401-0", "length_m": 13.845027769542913, "canonical_time": "15:00", "exposure_value": 1.0, "temperature_proxy_c": 42.0, "normalized_temperature_factor": 1.0, "source_type": "derived", "source_reference": "Cached geometric shade snapshot and configured prototype temperature curve", "observed_or_estimated": "ESTIMATED", "modelled_or_interpolated": "MODELLED", "timestamp": "2026-05-15T15:00:00+05:30", "assumptions_version": "2026-10-09-prompt-5a-interventions", "computation_mode": "geometric", "shade_fraction": 0.0, "direct_exposure_fraction": 1.0}, "geometry": {"type": "LineString", "coordinates": [[75.8530257, 22.7151364], [75.8530487, 22.715096799999998], [75.8531104, 22.715040799999997]]}}, {"type": "Feature", "properties": {"segment_id": "osm-8478005556-3734494548-0", "length_m": 71.72121140017677, "canonical_time": "15:00", "exposure_value": 0.51908223411312, "temperature_proxy_c": 42.0, "normalized_temperature_factor": 1.0, "source_type": "derived", "source_reference": "Cached geometric shade snapshot and configured prototype temperature curve", "observed_or_estimated": "ESTIMATED", "modelled_or_interpolated": "MODELLED", "timestamp": "2026-05-15T15:00:00+05:30", "assumptions_version": "2026-10-09-prompt-5a-interventions", "computation_mode": "geometric", "shade_fraction": 0.48091776588688, "direct_exposure_fraction": 0.51908223411312}, "geometry": {"type": "LineString", "coordinates": [[75.8530257, 22.7151364], [75.8530162, 22.7152081], [75.8529876, 22.715783099999992]]}}, {"type": "Feature", "properties": {"segment_id": "osm-8478005556-8478005563-0", "length_m": 116.56987703562287, "canonical_time": "15:00", "exposure_value": 1.0, "temperature_proxy_c": 42.0, "normalized_temperature_factor": 1.0, "source_type": "derived", "source_reference": "Cached geometric shade snapshot and configured prototype temperature curve", "observed_or_estimated": "ESTIMATED", "modelled_or_interpolated": "MODELLED", "timestamp": "2026-05-15T15:00:00+05:30", "assumptions_version": "2026-10-09-prompt-5a-interventions", "computation_mode": "geometric", "shade_fraction": 0.0, "direct_exposure_fraction": 1.0}, "geometry": {"type": "LineString", "coordinates": [[75.8530257, 22.7151364], [75.8527449, 22.7151278], [75.8526054, 22.715132699999998], [75.8525088, 22.715152499999995], [75.85236130000001, 22.715196999999993], [75.8521977, 22.7152465], [75.8520716, 22.715281200000003], [75.8519159, 22.7152984]]}}, {"type": "Feature", "properties": {"segment_id": "osm-8478005563-3734494538-0", "length_m": 2.867364819025283, "canonical_time": "15:00", "exposure_value": 1.0, "temperature_proxy_c": 42.0, "normalized_temperature_factor": 1.0, "source_type": "derived", "source_reference": "Cached geometric shade snapshot and configured prototype temperature curve", "observed_or_estimated": "ESTIMATED", "modelled_or_interpolated": "MODELLED", "timestamp": "2026-05-15T15:00:00+05:30", "assumptions_version": "2026-10-09-prompt-5a-interventions", "computation_mode": "geometric", "shade_fraction": 0.0, "direct_exposure_fraction": 1.0}, "geometry": {"type": "LineString", "coordinates": [[75.8519159, 22.7152984], [75.8519157, 22.715324299999992]]}}, {"type": "Feature", "properties": {"segment_id": "osm-8478005563-2027156364-0", "length_m": 70.24535255199491, "canonical_time": "15:00", "exposure_value": 0.3588415022929585, "temperature_proxy_c": 42.0, "normalized_temperature_factor": 1.0, "source_type": "derived", "source_reference": "Cached geometric shade snapshot and configured prototype temperature curve", "observed_or_estimated": "ESTIMATED", "modelled_or_interpolated": "MODELLED", "timestamp": "2026-05-15T15:00:00+05:30", "assumptions_version": "2026-10-09-prompt-5a-interventions", "computation_mode": "geometric", "shade_fraction": 0.6411584977070415, "direct_exposure_fraction": 0.3588415022929585}, "geometry": {"type": "LineString", "coordinates": [[75.8519159, 22.7152984], [75.8519181, 22.7150098], [75.8519493, 22.7146651]]}}, {"type": "Feature", "properties": {"segment_id": "osm-8478005563-8478005556-0", "length_m": 116.56987703562288, "canonical_time": "15:00", "exposure_value": 1.0, "temperature_proxy_c": 42.0, "normalized_temperature_factor": 1.0, "source_type": "derived", "source_reference": "Cached geometric shade snapshot and configured prototype temperature curve", "observed_or_estimated": "ESTIMATED", "modelled_or_interpolated": "MODELLED", "timestamp": "2026-05-15T15:00:00+05:30", "assumptions_version": "2026-10-09-prompt-5a-interventions", "computation_mode": "geometric", "shade_fraction": 0.0, "direct_exposure_fraction": 1.0}, "geometry": {"type": "LineString", "coordinates": [[75.8519159, 22.7152984], [75.8520716, 22.715281200000003], [75.8521977, 22.7152465], [75.85236130000001, 22.715196999999993], [75.8525088, 22.715152499999995], [75.8526054, 22.715132699999998], [75.8527449, 22.7151278], [75.8530257, 22.7151364]]}}, {"type": "Feature", "properties": {"segment_id": "osm-8478005564-3734496625-0", "length_m": 71.39664021062683, "canonical_time": "15:00", "exposure_value": 0.988225685186473, "temperature_proxy_c": 42.0, "normalized_temperature_factor": 1.0, "source_type": "derived", "source_reference": "Cached geometric shade snapshot and configured prototype temperature curve", "observed_or_estimated": "ESTIMATED", "modelled_or_interpolated": "MODELLED", "timestamp": "2026-05-15T15:00:00+05:30", "assumptions_version": "2026-10-09-prompt-5a-interventions", "computation_mode": "geometric", "shade_fraction": 0.011774314813527021, "direct_exposure_fraction": 0.988225685186473}, "geometry": {"type": "LineString", "coordinates": [[75.853046, 22.716952800000005], [75.8528414, 22.716966100000004], [75.8527315, 22.716963599999996], [75.8525813, 22.716971], [75.85235450000002, 22.717004899999996]]}}, {"type": "Feature", "properties": {"segment_id": "osm-8478005564-6611316866-0", "length_m": 28.365849988336777, "canonical_time": "15:00", "exposure_value": 0.3546564188256599, "temperature_proxy_c": 42.0, "normalized_temperature_factor": 1.0, "source_type": "derived", "source_reference": "Cached geometric shade snapshot and configured prototype temperature curve", "observed_or_estimated": "ESTIMATED", "modelled_or_interpolated": "MODELLED", "timestamp": "2026-05-15T15:00:00+05:30", "assumptions_version": "2026-10-09-prompt-5a-interventions", "computation_mode": "geometric", "shade_fraction": 0.6453435811743401, "direct_exposure_fraction": 0.3546564188256599}, "geometry": {"type": "LineString", "coordinates": [[75.853046, 22.716952800000005], [75.8530311, 22.7168944], [75.8530144, 22.716698799999996]]}}, {"type": "Feature", "properties": {"segment_id": "osm-8478005564-3734496656-0", "length_m": 144.69895578863327, "canonical_time": "15:00", "exposure_value": 0.7618423060998936, "temperature_proxy_c": 42.0, "normalized_temperature_factor": 1.0, "source_type": "derived", "source_reference": "Cached geometric shade snapshot and configured prototype temperature curve", "observed_or_estimated": "ESTIMATED", "modelled_or_interpolated": "MODELLED", "timestamp": "2026-05-15T15:00:00+05:30", "assumptions_version": "2026-10-09-prompt-5a-interventions", "computation_mode": "geometric", "shade_fraction": 0.23815769390010644, "direct_exposure_fraction": 0.7618423060998936}, "geometry": {"type": "LineString", "coordinates": [[75.853046, 22.716952800000005], [75.85306900000002, 22.7170427], [75.8530827, 22.717153799999995], [75.8531096, 22.7175445], [75.8530985, 22.717591], [75.8530493, 22.717622899999995], [75.8530126, 22.717628200000004], [75.8523965, 22.71758029999999]]}}, {"type": "Feature", "properties": {"segment_id": "osm-8478005576-8461125318-0", "length_m": 13.83097160030603, "canonical_time": "15:00", "exposure_value": 1.0, "temperature_proxy_c": 42.0, "normalized_temperature_factor": 1.0, "source_type": "derived", "source_reference": "Cached geometric shade snapshot and configured prototype temperature curve", "observed_or_estimated": "ESTIMATED", "modelled_or_interpolated": "MODELLED", "timestamp": "2026-05-15T15:00:00+05:30", "assumptions_version": "2026-10-09-prompt-5a-interventions", "computation_mode": "geometric", "shade_fraction": 0.0, "direct_exposure_fraction": 1.0}, "geometry": {"type": "LineString", "coordinates": [[75.8586502, 22.72087039999999], [75.8585224, 22.72090979999999]]}}, {"type": "Feature", "properties": {"segment_id": "osm-8478005576-8461125324-0", "length_m": 115.24169932688007, "canonical_time": "15:00", "exposure_value": 1.0, "temperature_proxy_c": 42.0, "normalized_temperature_factor": 1.0, "source_type": "derived", "source_reference": "Cached geometric shade snapshot and configured prototype temperature curve", "observed_or_estimated": "ESTIMATED", "modelled_or_interpolated": "MODELLED", "timestamp": "2026-05-15T15:00:00+05:30", "assumptions_version": "2026-10-09-prompt-5a-interventions", "computation_mode": "geometric", "shade_fraction": 0.0, "direct_exposure_fraction": 1.0}, "geometry": {"type": "LineString", "coordinates": [[75.8586502, 22.72087039999999], [75.8585921, 22.72063259999999], [75.8585649, 22.7202277], [75.8585558, 22.7200798], [75.8585492, 22.719964699999988], [75.8586033, 22.71984689999999]]}}, {"type": "Feature", "properties": {"segment_id": "osm-8478005576-2025111319-0", "length_m": 95.28819925104398, "canonical_time": "15:00", "exposure_value": 1.0, "temperature_proxy_c": 42.0, "normalized_temperature_factor": 1.0, "source_type": "derived", "source_reference": "Cached geometric shade snapshot and configured prototype temperature curve", "observed_or_estimated": "ESTIMATED", "modelled_or_interpolated": "MODELLED", "timestamp": "2026-05-15T15:00:00+05:30", "assumptions_version": "2026-10-09-prompt-5a-interventions", "computation_mode": "geometric", "shade_fraction": 0.0, "direct_exposure_fraction": 1.0}, "geometry": {"type": "LineString", "coordinates": [[75.8586502, 22.72087039999999], [75.8587176, 22.721146499999996], [75.8587705, 22.721315199999996], [75.858847, 22.721472099999993], [75.8589484, 22.721681700000005]]}}, {"type": "Feature", "properties": {"segment_id": "osm-8478005593-3732996655-0", "length_m": 19.570918173793373, "canonical_time": "15:00", "exposure_value": 1.0, "temperature_proxy_c": 42.0, "normalized_temperature_factor": 1.0, "source_type": "derived", "source_reference": "Cached geometric shade snapshot and configured prototype temperature curve", "observed_or_estimated": "ESTIMATED", "modelled_or_interpolated": "MODELLED", "timestamp": "2026-05-15T15:00:00+05:30", "assumptions_version": "2026-10-09-prompt-5a-interventions", "computation_mode": "geometric", "shade_fraction": 0.0, "direct_exposure_fraction": 1.0}, "geometry": {"type": "LineString", "coordinates": [[75.855335, 22.7211802], [75.8555244, 22.721199700000003]]}}, {"type": "Feature", "properties": {"segment_id": "osm-8478005593-2025111254-0", "length_m": 43.14475376244302, "canonical_time": "15:00", "exposure_value": 0.33601893102520475, "temperature_proxy_c": 42.0, "normalized_temperature_factor": 1.0, "source_type": "derived", "source_reference": "Cached geometric shade snapshot and configured prototype temperature curve", "observed_or_estimated": "ESTIMATED", "modelled_or_interpolated": "MODELLED", "timestamp": "2026-05-15T15:00:00+05:30", "assumptions_version": "2026-10-09-prompt-5a-interventions", "computation_mode": "geometric", "shade_fraction": 0.6639810689747953, "direct_exposure_fraction": 0.33601893102520475}, "geometry": {"type": "LineString", "coordinates": [[75.855335, 22.7211802], [75.8553798, 22.720792699999997]]}}, {"type": "Feature", "properties": {"segment_id": "osm-8478005593-2025111260-0", "length_m": 63.144010072738574, "canonical_time": "15:00", "exposure_value": 1.0, "temperature_proxy_c": 42.0, "normalized_temperature_factor": 1.0, "source_type": "derived", "source_reference": "Cached geometric shade snapshot and configured prototype temperature curve", "observed_or_estimated": "ESTIMATED", "modelled_or_interpolated": "MODELLED", "timestamp": "2026-05-15T15:00:00+05:30", "assumptions_version": "2026-10-09-prompt-5a-interventions", "computation_mode": "geometric", "shade_fraction": 0.0, "direct_exposure_fraction": 1.0}, "geometry": {"type": "LineString", "coordinates": [[75.855335, 22.7211802], [75.8552146, 22.721161199999997], [75.8547272, 22.7210943]]}}, {"type": "Feature", "properties": {"segment_id": "osm-8478005594-2025111077-0", "length_m": 11.532106337348383, "canonical_time": "15:00", "exposure_value": 1.0, "temperature_proxy_c": 42.0, "normalized_temperature_factor": 1.0, "source_type": "derived", "source_reference": "Cached geometric shade snapshot and configured prototype temperature curve", "observed_or_estimated": "ESTIMATED", "modelled_or_interpolated": "MODELLED", "timestamp": "2026-05-15T15:00:00+05:30", "assumptions_version": "2026-10-09-prompt-5a-interventions", "computation_mode": "geometric", "shade_fraction": 0.0, "direct_exposure_fraction": 1.0}, "geometry": {"type": "LineString", "coordinates": [[75.8595227, 22.71810149999999], [75.8594116, 22.718086399999997]]}}, {"type": "Feature", "properties": {"segment_id": "osm-8478005594-11153056521-0", "length_m": 168.97769878557605, "canonical_time": "15:00", "exposure_value": 1.0, "temperature_proxy_c": 42.0, "normalized_temperature_factor": 1.0, "source_type": "derived", "source_reference": "Cached geometric shade snapshot and configured prototype temperature curve", "observed_or_estimated": "ESTIMATED", "modelled_or_interpolated": "MODELLED", "timestamp": "2026-05-15T15:00:00+05:30", "assumptions_version": "2026-10-09-prompt-5a-interventions", "computation_mode": "geometric", "shade_fraction": 0.0, "direct_exposure_fraction": 1.0}, "geometry": {"type": "LineString", "coordinates": [[75.8595227, 22.71810149999999], [75.8595206, 22.71802859999999], [75.8594708, 22.717635399999992], [75.85948580000002, 22.717407399999992], [75.8595704, 22.717096799999993], [75.8596671, 22.7166541], [75.8596493, 22.7165995]]}}, {"type": "Feature", "properties": {"segment_id": "osm-8478005594-2025111095-0", "length_m": 33.03911403206349, "canonical_time": "15:00", "exposure_value": 1.0, "temperature_proxy_c": 42.0, "normalized_temperature_factor": 1.0, "source_type": "derived", "source_reference": "Cached geometric shade snapshot and configured prototype temperature curve", "observed_or_estimated": "ESTIMATED", "modelled_or_interpolated": "MODELLED", "timestamp": "2026-05-15T15:00:00+05:30", "assumptions_version": "2026-10-09-prompt-5a-interventions", "computation_mode": "geometric", "shade_fraction": 0.0, "direct_exposure_fraction": 1.0}, "geometry": {"type": "LineString", "coordinates": [[75.8595227, 22.71810149999999], [75.8595256, 22.7182], [75.8594424, 22.7183844]]}}, {"type": "Feature", "properties": {"segment_id": "osm-8478005611-6611316218-0", "length_m": 25.98523637119605, "canonical_time": "15:00", "exposure_value": 1.0, "temperature_proxy_c": 42.0, "normalized_temperature_factor": 1.0, "source_type": "derived", "source_reference": "Cached geometric shade snapshot and configured prototype temperature curve", "observed_or_estimated": "ESTIMATED", "modelled_or_interpolated": "MODELLED", "timestamp": "2026-05-15T15:00:00+05:30", "assumptions_version": "2026-10-09-prompt-5a-interventions", "computation_mode": "geometric", "shade_fraction": 0.0, "direct_exposure_fraction": 1.0}, "geometry": {"type": "LineString", "coordinates": [[75.8510156, 22.716431699999994], [75.8510191, 22.7166664]]}}, {"type": "Feature", "properties": {"segment_id": "osm-8478005611-3734494585-0", "length_m": 35.445228666764955, "canonical_time": "15:00", "exposure_value": 1.0, "temperature_proxy_c": 42.0, "normalized_temperature_factor": 1.0, "source_type": "derived", "source_reference": "Cached geometric shade snapshot and configured prototype temperature curve", "observed_or_estimated": "ESTIMATED", "modelled_or_interpolated": "MODELLED", "timestamp": "2026-05-15T15:00:00+05:30", "assumptions_version": "2026-10-09-prompt-5a-interventions", "computation_mode": "geometric", "shade_fraction": 0.0, "direct_exposure_fraction": 1.0}, "geometry": {"type": "LineString", "coordinates": [[75.8510156, 22.716431699999994], [75.8513536, 22.716367000000005]]}}, {"type": "Feature", "properties": {"segment_id": "osm-8478005611-3734494584-0", "length_m": 8.500192340293129, "canonical_time": "15:00", "exposure_value": 1.0, "temperature_proxy_c": 42.0, "normalized_temperature_factor": 1.0, "source_type": "derived", "source_reference": "Cached geometric shade snapshot and configured prototype temperature curve", "observed_or_estimated": "ESTIMATED", "modelled_or_interpolated": "MODELLED", "timestamp": "2026-05-15T15:00:00+05:30", "assumptions_version": "2026-10-09-prompt-5a-interventions", "computation_mode": "geometric", "shade_fraction": 0.0, "direct_exposure_fraction": 1.0}, "geometry": {"type": "LineString", "coordinates": [[75.8510156, 22.716431699999994], [75.8510206, 22.716386399999998], [75.8510224, 22.7163552]]}}, {"type": "Feature", "properties": {"segment_id": "osm-9523322983-2025020019-0", "length_m": 23.356019349666404, "canonical_time": "15:00", "exposure_value": 1.0, "temperature_proxy_c": 42.0, "normalized_temperature_factor": 1.0, "source_type": "derived", "source_reference": "Cached geometric shade snapshot and configured prototype temperature curve", "observed_or_estimated": "ESTIMATED", "modelled_or_interpolated": "MODELLED", "timestamp": "2026-05-15T15:00:00+05:30", "assumptions_version": "2026-10-09-prompt-5a-interventions", "computation_mode": "geometric", "shade_fraction": 0.0, "direct_exposure_fraction": 1.0}, "geometry": {"type": "LineString", "coordinates": [[75.8555792, 22.717934399999997], [75.85557, 22.7181452]]}}, {"type": "Feature", "properties": {"segment_id": "osm-9523322983-8474365291-0", "length_m": 119.4279688759615, "canonical_time": "15:00", "exposure_value": 1.0, "temperature_proxy_c": 42.0, "normalized_temperature_factor": 1.0, "source_type": "derived", "source_reference": "Cached geometric shade snapshot and configured prototype temperature curve", "observed_or_estimated": "ESTIMATED", "modelled_or_interpolated": "MODELLED", "timestamp": "2026-05-15T15:00:00+05:30", "assumptions_version": "2026-10-09-prompt-5a-interventions", "computation_mode": "geometric", "shade_fraction": 0.0, "direct_exposure_fraction": 1.0}, "geometry": {"type": "LineString", "coordinates": [[75.8555792, 22.717934399999997], [75.8556124, 22.71785979999999], [75.8556241, 22.717625200000004], [75.8556105, 22.71729609999999], [75.855567, 22.71686409999999]]}}, {"type": "Feature", "properties": {"segment_id": "osm-9523322983-3734496670-0", "length_m": 33.462618739906205, "canonical_time": "15:00", "exposure_value": 0.4542599274623004, "temperature_proxy_c": 42.0, "normalized_temperature_factor": 1.0, "source_type": "derived", "source_reference": "Cached geometric shade snapshot and configured prototype temperature curve", "observed_or_estimated": "ESTIMATED", "modelled_or_interpolated": "MODELLED", "timestamp": "2026-05-15T15:00:00+05:30", "assumptions_version": "2026-10-09-prompt-5a-interventions", "computation_mode": "geometric", "shade_fraction": 0.5457400725376996, "direct_exposure_fraction": 0.4542599274623004}, "geometry": {"type": "LineString", "coordinates": [[75.8555792, 22.717934399999997], [75.8555608, 22.717850099999996], [75.855566, 22.717633899999996]]}}, {"type": "Feature", "properties": {"segment_id": "osm-9523322984-8474365291-0", "length_m": 49.81571299090426, "canonical_time": "15:00", "exposure_value": 1.0, "temperature_proxy_c": 42.0, "normalized_temperature_factor": 1.0, "source_type": "derived", "source_reference": "Cached geometric shade snapshot and configured prototype temperature curve", "observed_or_estimated": "ESTIMATED", "modelled_or_interpolated": "MODELLED", "timestamp": "2026-05-15T15:00:00+05:30", "assumptions_version": "2026-10-09-prompt-5a-interventions", "computation_mode": "geometric", "shade_fraction": 0.0, "direct_exposure_fraction": 1.0}, "geometry": {"type": "LineString", "coordinates": [[75.85548010000001, 22.7164214], [75.855567, 22.71686409999999]]}}, {"type": "Feature", "properties": {"segment_id": "osm-9523322984-9523322987-0", "length_m": 7.3436966718639844, "canonical_time": "15:00", "exposure_value": 1.0, "temperature_proxy_c": 42.0, "normalized_temperature_factor": 1.0, "source_type": "derived", "source_reference": "Cached geometric shade snapshot and configured prototype temperature curve", "observed_or_estimated": "ESTIMATED", "modelled_or_interpolated": "MODELLED", "timestamp": "2026-05-15T15:00:00+05:30", "assumptions_version": "2026-10-09-prompt-5a-interventions", "computation_mode": "geometric", "shade_fraction": 0.0, "direct_exposure_fraction": 1.0}, "geometry": {"type": "LineString", "coordinates": [[75.85548010000001, 22.7164214], [75.8554088, 22.716426399999985]]}}, {"type": "Feature", "properties": {"segment_id": "osm-9523322984-8461125223-0", "length_m": 5.018334377773094, "canonical_time": "15:00", "exposure_value": 1.0, "temperature_proxy_c": 42.0, "normalized_temperature_factor": 1.0, "source_type": "derived", "source_reference": "Cached geometric shade snapshot and configured prototype temperature curve", "observed_or_estimated": "ESTIMATED", "modelled_or_interpolated": "MODELLED", "timestamp": "2026-05-15T15:00:00+05:30", "assumptions_version": "2026-10-09-prompt-5a-interventions", "computation_mode": "geometric", "shade_fraction": 0.0, "direct_exposure_fraction": 1.0}, "geometry": {"type": "LineString", "coordinates": [[75.85548010000001, 22.7164214], [75.8554764, 22.716376199999992]]}}, {"type": "Feature", "properties": {"segment_id": "osm-9523322984-9523322985-0", "length_m": 72.36960659573853, "canonical_time": "15:00", "exposure_value": 1.0, "temperature_proxy_c": 42.0, "normalized_temperature_factor": 1.0, "source_type": "derived", "source_reference": "Cached geometric shade snapshot and configured prototype temperature curve", "observed_or_estimated": "ESTIMATED", "modelled_or_interpolated": "MODELLED", "timestamp": "2026-05-15T15:00:00+05:30", "assumptions_version": "2026-10-09-prompt-5a-interventions", "computation_mode": "geometric", "shade_fraction": 0.0, "direct_exposure_fraction": 1.0}, "geometry": {"type": "LineString", "coordinates": [[75.85548010000001, 22.7164214], [75.8557314, 22.716406299999992], [75.8561842, 22.716409699999986]]}}, {"type": "Feature", "properties": {"segment_id": "osm-9523322985-2025019941-0", "length_m": 33.07235873975501, "canonical_time": "15:00", "exposure_value": 1.0, "temperature_proxy_c": 42.0, "normalized_temperature_factor": 1.0, "source_type": "derived", "source_reference": "Cached geometric shade snapshot and configured prototype temperature curve", "observed_or_estimated": "ESTIMATED", "modelled_or_interpolated": "MODELLED", "timestamp": "2026-05-15T15:00:00+05:30", "assumptions_version": "2026-10-09-prompt-5a-interventions", "computation_mode": "geometric", "shade_fraction": 0.0, "direct_exposure_fraction": 1.0}, "geometry": {"type": "LineString", "coordinates": [[75.8561842, 22.716409699999986], [75.8565036, 22.716447699999996]]}}, {"type": "Feature", "properties": {"segment_id": "osm-9523322985-9523323008-0", "length_m": 4.246356788820471, "canonical_time": "15:00", "exposure_value": 1.0, "temperature_proxy_c": 42.0, "normalized_temperature_factor": 1.0, "source_type": "derived", "source_reference": "Cached geometric shade snapshot and configured prototype temperature curve", "observed_or_estimated": "ESTIMATED", "modelled_or_interpolated": "MODELLED", "timestamp": "2026-05-15T15:00:00+05:30", "assumptions_version": "2026-10-09-prompt-5a-interventions", "computation_mode": "geometric", "shade_fraction": 0.0, "direct_exposure_fraction": 1.0}, "geometry": {"type": "LineString", "coordinates": [[75.8561842, 22.716409699999986], [75.8561951, 22.7163727]]}}, {"type": "Feature", "properties": {"segment_id": "osm-9523322985-8474365287-0", "length_m": 53.1828871835166, "canonical_time": "15:00", "exposure_value": 0.713811861627011, "temperature_proxy_c": 42.0, "normalized_temperature_factor": 1.0, "source_type": "derived", "source_reference": "Cached geometric shade snapshot and configured prototype temperature curve", "observed_or_estimated": "ESTIMATED", "modelled_or_interpolated": "MODELLED", "timestamp": "2026-05-15T15:00:00+05:30", "assumptions_version": "2026-10-09-prompt-5a-interventions", "computation_mode": "geometric", "shade_fraction": 0.286188138372989, "direct_exposure_fraction": 0.713811861627011}, "geometry": {"type": "LineString", "coordinates": [[75.8561842, 22.716409699999986], [75.8560907, 22.7168822]]}}, {"type": "Feature", "properties": {"segment_id": "osm-9523322985-9523322984-0", "length_m": 72.36960659573853, "canonical_time": "15:00", "exposure_value": 1.0, "temperature_proxy_c": 42.0, "normalized_temperature_factor": 1.0, "source_type": "derived", "source_reference": "Cached geometric shade snapshot and configured prototype temperature curve", "observed_or_estimated": "ESTIMATED", "modelled_or_interpolated": "MODELLED", "timestamp": "2026-05-15T15:00:00+05:30", "assumptions_version": "2026-10-09-prompt-5a-interventions", "computation_mode": "geometric", "shade_fraction": 0.0, "direct_exposure_fraction": 1.0}, "geometry": {"type": "LineString", "coordinates": [[75.8561842, 22.716409699999986], [75.8557314, 22.716406299999992], [75.85548010000001, 22.7164214]]}}, {"type": "Feature", "properties": {"segment_id": "osm-9523322987-9523322984-0", "length_m": 7.3436966718639844, "canonical_time": "15:00", "exposure_value": 1.0, "temperature_proxy_c": 42.0, "normalized_temperature_factor": 1.0, "source_type": "derived", "source_reference": "Cached geometric shade snapshot and configured prototype temperature curve", "observed_or_estimated": "ESTIMATED", "modelled_or_interpolated": "MODELLED", "timestamp": "2026-05-15T15:00:00+05:30", "assumptions_version": "2026-10-09-prompt-5a-interventions", "computation_mode": "geometric", "shade_fraction": 0.0, "direct_exposure_fraction": 1.0}, "geometry": {"type": "LineString", "coordinates": [[75.8554088, 22.716426399999985], [75.85548010000001, 22.7164214]]}}, {"type": "Feature", "properties": {"segment_id": "osm-9523322987-9523322989-0", "length_m": 5.1193575813067795, "canonical_time": "15:00", "exposure_value": 1.0, "temperature_proxy_c": 42.0, "normalized_temperature_factor": 1.0, "source_type": "derived", "source_reference": "Cached geometric shade snapshot and configured prototype temperature curve", "observed_or_estimated": "ESTIMATED", "modelled_or_interpolated": "MODELLED", "timestamp": "2026-05-15T15:00:00+05:30", "assumptions_version": "2026-10-09-prompt-5a-interventions", "computation_mode": "geometric", "shade_fraction": 0.0, "direct_exposure_fraction": 1.0}, "geometry": {"type": "LineString", "coordinates": [[75.8554088, 22.716426399999985], [75.8554037, 22.716380400000006]]}}, {"type": "Feature", "properties": {"segment_id": "osm-9523322987-2025019937-0", "length_m": 40.34589257845364, "canonical_time": "15:00", "exposure_value": 1.0, "temperature_proxy_c": 42.0, "normalized_temperature_factor": 1.0, "source_type": "derived", "source_reference": "Cached geometric shade snapshot and configured prototype temperature curve", "observed_or_estimated": "ESTIMATED", "modelled_or_interpolated": "MODELLED", "timestamp": "2026-05-15T15:00:00+05:30", "assumptions_version": "2026-10-09-prompt-5a-interventions", "computation_mode": "geometric", "shade_fraction": 0.0, "direct_exposure_fraction": 1.0}, "geometry": {"type": "LineString", "coordinates": [[75.8554088, 22.716426399999985], [75.855117, 22.716401099999995], [75.85502400000001, 22.716367600000005]]}}, {"type": "Feature", "properties": {"segment_id": "osm-9523322987-3734496670-0", "length_m": 135.04408418716127, "canonical_time": "15:00", "exposure_value": 0.6940783476404215, "temperature_proxy_c": 42.0, "normalized_temperature_factor": 1.0, "source_type": "derived", "source_reference": "Cached geometric shade snapshot and configured prototype temperature curve", "observed_or_estimated": "ESTIMATED", "modelled_or_interpolated": "MODELLED", "timestamp": "2026-05-15T15:00:00+05:30", "assumptions_version": "2026-10-09-prompt-5a-interventions", "computation_mode": "geometric", "shade_fraction": 0.3059216523595785, "direct_exposure_fraction": 0.6940783476404215}, "geometry": {"type": "LineString", "coordinates": [[75.8554088, 22.716426399999985], [75.8555146, 22.716870399999998], [75.855532, 22.7170346], [75.855566, 22.717633899999996]]}}, {"type": "Feature", "properties": {"segment_id": "osm-9523322989-8461125223-0", "length_m": 7.481057391000052, "canonical_time": "15:00", "exposure_value": 1.0, "temperature_proxy_c": 42.0, "normalized_temperature_factor": 1.0, "source_type": "derived", "source_reference": "Cached geometric shade snapshot and configured prototype temperature curve", "observed_or_estimated": "ESTIMATED", "modelled_or_interpolated": "MODELLED", "timestamp": "2026-05-15T15:00:00+05:30", "assumptions_version": "2026-10-09-prompt-5a-interventions", "computation_mode": "geometric", "shade_fraction": 0.0, "direct_exposure_fraction": 1.0}, "geometry": {"type": "LineString", "coordinates": [[75.8554037, 22.716380400000006], [75.8554764, 22.716376199999992]]}}, {"type": "Feature", "properties": {"segment_id": "osm-9523322989-9523322987-0", "length_m": 5.1193575813067795, "canonical_time": "15:00", "exposure_value": 1.0, "temperature_proxy_c": 42.0, "normalized_temperature_factor": 1.0, "source_type": "derived", "source_reference": "Cached geometric shade snapshot and configured prototype temperature curve", "observed_or_estimated": "ESTIMATED", "modelled_or_interpolated": "MODELLED", "timestamp": "2026-05-15T15:00:00+05:30", "assumptions_version": "2026-10-09-prompt-5a-interventions", "computation_mode": "geometric", "shade_fraction": 0.0, "direct_exposure_fraction": 1.0}, "geometry": {"type": "LineString", "coordinates": [[75.8554037, 22.716380400000006], [75.8554088, 22.716426399999985]]}}, {"type": "Feature", "properties": {"segment_id": "osm-9523322989-2025019937-0", "length_m": 39.09054266614313, "canonical_time": "15:00", "exposure_value": 1.0, "temperature_proxy_c": 42.0, "normalized_temperature_factor": 1.0, "source_type": "derived", "source_reference": "Cached geometric shade snapshot and configured prototype temperature curve", "observed_or_estimated": "ESTIMATED", "modelled_or_interpolated": "MODELLED", "timestamp": "2026-05-15T15:00:00+05:30", "assumptions_version": "2026-10-09-prompt-5a-interventions", "computation_mode": "geometric", "shade_fraction": 0.0, "direct_exposure_fraction": 1.0}, "geometry": {"type": "LineString", "coordinates": [[75.8554037, 22.716380400000006], [75.8551241, 22.7163618], [75.85502400000001, 22.716367600000005]]}}, {"type": "Feature", "properties": {"segment_id": "osm-9523322989-2027131456-0", "length_m": 182.28229393633433, "canonical_time": "15:00", "exposure_value": 0.7990188531586647, "temperature_proxy_c": 42.0, "normalized_temperature_factor": 1.0, "source_type": "derived", "source_reference": "Cached geometric shade snapshot and configured prototype temperature curve", "observed_or_estimated": "ESTIMATED", "modelled_or_interpolated": "MODELLED", "timestamp": "2026-05-15T15:00:00+05:30", "assumptions_version": "2026-10-09-prompt-5a-interventions", "computation_mode": "geometric", "shade_fraction": 0.20098114684133525, "direct_exposure_fraction": 0.7990188531586647}, "geometry": {"type": "LineString", "coordinates": [[75.8554037, 22.716380400000006], [75.8552569, 22.7159376], [75.8551561, 22.715652899999995], [75.8550553, 22.715350999999995], [75.8548901, 22.71490239999999], [75.8548821, 22.714809200000005]]}}, {"type": "Feature", "properties": {"segment_id": "osm-9523323008-2027131540-0", "length_m": 33.10185147854552, "canonical_time": "15:00", "exposure_value": 1.0, "temperature_proxy_c": 42.0, "normalized_temperature_factor": 1.0, "source_type": "derived", "source_reference": "Cached geometric shade snapshot and configured prototype temperature curve", "observed_or_estimated": "ESTIMATED", "modelled_or_interpolated": "MODELLED", "timestamp": "2026-05-15T15:00:00+05:30", "assumptions_version": "2026-10-09-prompt-5a-interventions", "computation_mode": "geometric", "shade_fraction": 0.0, "direct_exposure_fraction": 1.0}, "geometry": {"type": "LineString", "coordinates": [[75.8561951, 22.7163727], [75.8562678, 22.71608139999999]]}}, {"type": "Feature", "properties": {"segment_id": "osm-9523323008-9523322985-0", "length_m": 4.246356788820471, "canonical_time": "15:00", "exposure_value": 1.0, "temperature_proxy_c": 42.0, "normalized_temperature_factor": 1.0, "source_type": "derived", "source_reference": "Cached geometric shade snapshot and configured prototype temperature curve", "observed_or_estimated": "ESTIMATED", "modelled_or_interpolated": "MODELLED", "timestamp": "2026-05-15T15:00:00+05:30", "assumptions_version": "2026-10-09-prompt-5a-interventions", "computation_mode": "geometric", "shade_fraction": 0.0, "direct_exposure_fraction": 1.0}, "geometry": {"type": "LineString", "coordinates": [[75.8561951, 22.7163727], [75.8561842, 22.716409699999986]]}}, {"type": "Feature", "properties": {"segment_id": "osm-9523323008-8461125223-0", "length_m": 73.83217299171642, "canonical_time": "15:00", "exposure_value": 1.0, "temperature_proxy_c": 42.0, "normalized_temperature_factor": 1.0, "source_type": "derived", "source_reference": "Cached geometric shade snapshot and configured prototype temperature curve", "observed_or_estimated": "ESTIMATED", "modelled_or_interpolated": "MODELLED", "timestamp": "2026-05-15T15:00:00+05:30", "assumptions_version": "2026-10-09-prompt-5a-interventions", "computation_mode": "geometric", "shade_fraction": 0.0, "direct_exposure_fraction": 1.0}, "geometry": {"type": "LineString", "coordinates": [[75.8561951, 22.7163727], [75.8557389, 22.716367900000005], [75.8554764, 22.716376199999992]]}}, {"type": "Feature", "properties": {"segment_id": "osm-9523323008-2027131582-0", "length_m": 93.5862831023537, "canonical_time": "15:00", "exposure_value": 1.0, "temperature_proxy_c": 42.0, "normalized_temperature_factor": 1.0, "source_type": "derived", "source_reference": "Cached geometric shade snapshot and configured prototype temperature curve", "observed_or_estimated": "ESTIMATED", "modelled_or_interpolated": "MODELLED", "timestamp": "2026-05-15T15:00:00+05:30", "assumptions_version": "2026-10-09-prompt-5a-interventions", "computation_mode": "geometric", "shade_fraction": 0.0, "direct_exposure_fraction": 1.0}, "geometry": {"type": "LineString", "coordinates": [[75.8561951, 22.7163727], [75.856514, 22.7164111], [75.8571035, 22.716423299999995]]}}, {"type": "Feature", "properties": {"segment_id": "osm-9523323012-2025019935-0", "length_m": 5.289406819948061, "canonical_time": "15:00", "exposure_value": 1.0, "temperature_proxy_c": 42.0, "normalized_temperature_factor": 1.0, "source_type": "derived", "source_reference": "Cached geometric shade snapshot and configured prototype temperature curve", "observed_or_estimated": "ESTIMATED", "modelled_or_interpolated": "MODELLED", "timestamp": "2026-05-15T15:00:00+05:30", "assumptions_version": "2026-10-09-prompt-5a-interventions", "computation_mode": "geometric", "shade_fraction": 0.0, "direct_exposure_fraction": 1.0}, "geometry": {"type": "LineString", "coordinates": [[75.8580069, 22.716431299999993], [75.8580248, 22.7164761]]}}, {"type": "Feature", "properties": {"segment_id": "osm-9523323012-11153056522-0", "length_m": 166.98601772613353, "canonical_time": "15:00", "exposure_value": 1.0, "temperature_proxy_c": 42.0, "normalized_temperature_factor": 1.0, "source_type": "derived", "source_reference": "Cached geometric shade snapshot and configured prototype temperature curve", "observed_or_estimated": "ESTIMATED", "modelled_or_interpolated": "MODELLED", "timestamp": "2026-05-15T15:00:00+05:30", "assumptions_version": "2026-10-09-prompt-5a-interventions", "computation_mode": "geometric", "shade_fraction": 0.0, "direct_exposure_fraction": 1.0}, "geometry": {"type": "LineString", "coordinates": [[75.8580069, 22.716431299999993], [75.8585323, 22.71637859999999], [75.8588561, 22.716375199999995], [75.8590185, 22.716376000000004], [75.8595052, 22.7164022], [75.8595606, 22.716401], [75.8596157, 22.7164384]]}}, {"type": "Feature", "properties": {"segment_id": "osm-9523323012-2027131546-0", "length_m": 30.142700451362593, "canonical_time": "15:00", "exposure_value": 1.0, "temperature_proxy_c": 42.0, "normalized_temperature_factor": 1.0, "source_type": "derived", "source_reference": "Cached geometric shade snapshot and configured prototype temperature curve", "observed_or_estimated": "ESTIMATED", "modelled_or_interpolated": "MODELLED", "timestamp": "2026-05-15T15:00:00+05:30", "assumptions_version": "2026-10-09-prompt-5a-interventions", "computation_mode": "geometric", "shade_fraction": 0.0, "direct_exposure_fraction": 1.0}, "geometry": {"type": "LineString", "coordinates": [[75.8580069, 22.716431299999993], [75.8579627, 22.7163339], [75.8578977, 22.716178599999996]]}}, {"type": "Feature", "properties": {"segment_id": "osm-9523323012-2027131582-0", "length_m": 93.03245190899202, "canonical_time": "15:00", "exposure_value": 1.0, "temperature_proxy_c": 42.0, "normalized_temperature_factor": 1.0, "source_type": "derived", "source_reference": "Cached geometric shade snapshot and configured prototype temperature curve", "observed_or_estimated": "ESTIMATED", "modelled_or_interpolated": "MODELLED", "timestamp": "2026-05-15T15:00:00+05:30", "assumptions_version": "2026-10-09-prompt-5a-interventions", "computation_mode": "geometric", "shade_fraction": 0.0, "direct_exposure_fraction": 1.0}, "geometry": {"type": "LineString", "coordinates": [[75.8580069, 22.716431299999993], [75.8579147, 22.716444200000005], [75.85755090000002, 22.716454099999993], [75.8571035, 22.716423299999995]]}}, {"type": "Feature", "properties": {"segment_id": "osm-9526164258-8461125292-0", "length_m": 21.05362594932896, "canonical_time": "15:00", "exposure_value": 1.0, "temperature_proxy_c": 42.0, "normalized_temperature_factor": 1.0, "source_type": "derived", "source_reference": "Cached geometric shade snapshot and configured prototype temperature curve", "observed_or_estimated": "ESTIMATED", "modelled_or_interpolated": "MODELLED", "timestamp": "2026-05-15T15:00:00+05:30", "assumptions_version": "2026-10-09-prompt-5a-interventions", "computation_mode": "geometric", "shade_fraction": 0.0, "direct_exposure_fraction": 1.0}, "geometry": {"type": "LineString", "coordinates": [[75.8590843, 22.718873600000006], [75.8589669, 22.7190295]]}}, {"type": "Feature", "properties": {"segment_id": "osm-9526164258-2025020069-0", "length_m": 12.678551935726505, "canonical_time": "15:00", "exposure_value": 1.0, "temperature_proxy_c": 42.0, "normalized_temperature_factor": 1.0, "source_type": "derived", "source_reference": "Cached geometric shade snapshot and configured prototype temperature curve", "observed_or_estimated": "ESTIMATED", "modelled_or_interpolated": "MODELLED", "timestamp": "2026-05-15T15:00:00+05:30", "assumptions_version": "2026-10-09-prompt-5a-interventions", "computation_mode": "geometric", "shade_fraction": 0.0, "direct_exposure_fraction": 1.0}, "geometry": {"type": "LineString", "coordinates": [[75.8590843, 22.718873600000006], [75.859207, 22.718886200000007]]}}, {"type": "Feature", "properties": {"segment_id": "osm-9526164258-2025111077-0", "length_m": 94.47853289958582, "canonical_time": "15:00", "exposure_value": 1.0, "temperature_proxy_c": 42.0, "normalized_temperature_factor": 1.0, "source_type": "derived", "source_reference": "Cached geometric shade snapshot and configured prototype temperature curve", "observed_or_estimated": "ESTIMATED", "modelled_or_interpolated": "MODELLED", "timestamp": "2026-05-15T15:00:00+05:30", "assumptions_version": "2026-10-09-prompt-5a-interventions", "computation_mode": "geometric", "shade_fraction": 0.0, "direct_exposure_fraction": 1.0}, "geometry": {"type": "LineString", "coordinates": [[75.8590843, 22.718873600000006], [75.8591833, 22.71871949999999], [75.859307, 22.718422600000004], [75.85941750000002, 22.7181602], [75.8594116, 22.718086399999997]]}}, {"type": "Feature", "properties": {"segment_id": "osm-9790247256-8474349604-0", "length_m": 148.04856489490666, "canonical_time": "15:00", "exposure_value": 1.0, "temperature_proxy_c": 42.0, "normalized_temperature_factor": 1.0, "source_type": "derived", "source_reference": "Cached geometric shade snapshot and configured prototype temperature curve", "observed_or_estimated": "ESTIMATED", "modelled_or_interpolated": "MODELLED", "timestamp": "2026-05-15T15:00:00+05:30", "assumptions_version": "2026-10-09-prompt-5a-interventions", "computation_mode": "geometric", "shade_fraction": 0.0, "direct_exposure_fraction": 1.0}, "geometry": {"type": "LineString", "coordinates": [[75.8597841, 22.7150465], [75.8597765, 22.714587000000012], [75.8597551, 22.714333500000002], [75.859683, 22.714065800000004], [75.8595561, 22.7137388]]}}, {"type": "Feature", "properties": {"segment_id": "osm-9790247256-13720039497-0", "length_m": 139.4055558563975, "canonical_time": "15:00", "exposure_value": 1.0, "temperature_proxy_c": 42.0, "normalized_temperature_factor": 1.0, "source_type": "derived", "source_reference": "Cached geometric shade snapshot and configured prototype temperature curve", "observed_or_estimated": "ESTIMATED", "modelled_or_interpolated": "MODELLED", "timestamp": "2026-05-15T15:00:00+05:30", "assumptions_version": "2026-10-09-prompt-5a-interventions", "computation_mode": "geometric", "shade_fraction": 0.0, "direct_exposure_fraction": 1.0}, "geometry": {"type": "LineString", "coordinates": [[75.8597841, 22.7150465], [75.8597357, 22.7151259], [75.8596137, 22.7161889], [75.8596452, 22.7162835]]}}, {"type": "Feature", "properties": {"segment_id": "osm-9790247256-13720039497-1", "length_m": 139.2520759694672, "canonical_time": "15:00", "exposure_value": 1.0, "temperature_proxy_c": 42.0, "normalized_temperature_factor": 1.0, "source_type": "derived", "source_reference": "Cached geometric shade snapshot and configured prototype temperature curve", "observed_or_estimated": "ESTIMATED", "modelled_or_interpolated": "MODELLED", "timestamp": "2026-05-15T15:00:00+05:30", "assumptions_version": "2026-10-09-prompt-5a-interventions", "computation_mode": "geometric", "shade_fraction": 0.0, "direct_exposure_fraction": 1.0}, "geometry": {"type": "LineString", "coordinates": [[75.8597841, 22.7150465], [75.8598118, 22.715134600000003], [75.8596922, 22.716206200000002], [75.8596452, 22.7162835]]}}, {"type": "Feature", "properties": {"segment_id": "osm-10292786102-3665594025-0", "length_m": 61.75692380475522, "canonical_time": "15:00", "exposure_value": 1.0, "temperature_proxy_c": 42.0, "normalized_temperature_factor": 1.0, "source_type": "derived", "source_reference": "Cached geometric shade snapshot and configured prototype temperature curve", "observed_or_estimated": "ESTIMATED", "modelled_or_interpolated": "MODELLED", "timestamp": "2026-05-15T15:00:00+05:30", "assumptions_version": "2026-10-09-prompt-5a-interventions", "computation_mode": "geometric", "shade_fraction": 0.0, "direct_exposure_fraction": 1.0}, "geometry": {"type": "LineString", "coordinates": [[75.8523885, 22.721569000000002], [75.8517937, 22.721651]]}}, {"type": "Feature", "properties": {"segment_id": "osm-10292786102-3665539322-0", "length_m": 31.19403265430197, "canonical_time": "15:00", "exposure_value": 1.0, "temperature_proxy_c": 42.0, "normalized_temperature_factor": 1.0, "source_type": "derived", "source_reference": "Cached geometric shade snapshot and configured prototype temperature curve", "observed_or_estimated": "ESTIMATED", "modelled_or_interpolated": "MODELLED", "timestamp": "2026-05-15T15:00:00+05:30", "assumptions_version": "2026-10-09-prompt-5a-interventions", "computation_mode": "geometric", "shade_fraction": 0.0, "direct_exposure_fraction": 1.0}, "geometry": {"type": "LineString", "coordinates": [[75.8523885, 22.721569000000002], [75.8525691, 22.7214777], [75.8526636, 22.7214534]]}}, {"type": "Feature", "properties": {"segment_id": "osm-10292786102-8477883142-0", "length_m": 129.26651832115652, "canonical_time": "15:00", "exposure_value": 0.8470746431058143, "temperature_proxy_c": 42.0, "normalized_temperature_factor": 1.0, "source_type": "derived", "source_reference": "Cached geometric shade snapshot and configured prototype temperature curve", "observed_or_estimated": "ESTIMATED", "modelled_or_interpolated": "MODELLED", "timestamp": "2026-05-15T15:00:00+05:30", "assumptions_version": "2026-10-09-prompt-5a-interventions", "computation_mode": "geometric", "shade_fraction": 0.15292535689418577, "direct_exposure_fraction": 0.8470746431058143}, "geometry": {"type": "LineString", "coordinates": [[75.8523885, 22.721569000000002], [75.8524225, 22.721711900000003], [75.8524179, 22.721777], [75.85246340000002, 22.721775899999994], [75.8528102, 22.721735499999994], [75.8528415, 22.721762600000005], [75.8528552, 22.72185939999999], [75.8528753, 22.7218877], [75.8529308, 22.72190719999999], [75.8533224, 22.7219118]]}}, {"type": "Feature", "properties": {"segment_id": "osm-11153056521-8461059612-0", "length_m": 17.129041906734315, "canonical_time": "15:00", "exposure_value": 1.0, "temperature_proxy_c": 42.0, "normalized_temperature_factor": 1.0, "source_type": "derived", "source_reference": "Cached geometric shade snapshot and configured prototype temperature curve", "observed_or_estimated": "ESTIMATED", "modelled_or_interpolated": "MODELLED", "timestamp": "2026-05-15T15:00:00+05:30", "assumptions_version": "2026-10-09-prompt-5a-interventions", "computation_mode": "geometric", "shade_fraction": 0.0, "direct_exposure_fraction": 1.0}, "geometry": {"type": "LineString", "coordinates": [[75.8596493, 22.7165995], [75.859656, 22.716444900000006]]}}, {"type": "Feature", "properties": {"segment_id": "osm-11153056521-8478005594-0", "length_m": 168.97769878557605, "canonical_time": "15:00", "exposure_value": 1.0, "temperature_proxy_c": 42.0, "normalized_temperature_factor": 1.0, "source_type": "derived", "source_reference": "Cached geometric shade snapshot and configured prototype temperature curve", "observed_or_estimated": "ESTIMATED", "modelled_or_interpolated": "MODELLED", "timestamp": "2026-05-15T15:00:00+05:30", "assumptions_version": "2026-10-09-prompt-5a-interventions", "computation_mode": "geometric", "shade_fraction": 0.0, "direct_exposure_fraction": 1.0}, "geometry": {"type": "LineString", "coordinates": [[75.8596493, 22.7165995], [75.8596671, 22.7166541], [75.8595704, 22.717096799999993], [75.85948580000002, 22.717407399999992], [75.8594708, 22.717635399999992], [75.8595206, 22.71802859999999], [75.8595227, 22.71810149999999]]}}, {"type": "Feature", "properties": {"segment_id": "osm-11153056521-2025111077-0", "length_m": 169.8661901231822, "canonical_time": "15:00", "exposure_value": 1.0, "temperature_proxy_c": 42.0, "normalized_temperature_factor": 1.0, "source_type": "derived", "source_reference": "Cached geometric shade snapshot and configured prototype temperature curve", "observed_or_estimated": "ESTIMATED", "modelled_or_interpolated": "MODELLED", "timestamp": "2026-05-15T15:00:00+05:30", "assumptions_version": "2026-10-09-prompt-5a-interventions", "computation_mode": "geometric", "shade_fraction": 0.0, "direct_exposure_fraction": 1.0}, "geometry": {"type": "LineString", "coordinates": [[75.8596493, 22.7165995], [75.85961, 22.716635099999994], [75.859394, 22.717312], [75.8593659, 22.71755429999999], [75.859394, 22.71786809999999], [75.8594116, 22.718086399999997]]}}, {"type": "Feature", "properties": {"segment_id": "osm-11153056522-8461059612-0", "length_m": 4.2010679404869435, "canonical_time": "15:00", "exposure_value": 1.0, "temperature_proxy_c": 42.0, "normalized_temperature_factor": 1.0, "source_type": "derived", "source_reference": "Cached geometric shade snapshot and configured prototype temperature curve", "observed_or_estimated": "ESTIMATED", "modelled_or_interpolated": "MODELLED", "timestamp": "2026-05-15T15:00:00+05:30", "assumptions_version": "2026-10-09-prompt-5a-interventions", "computation_mode": "geometric", "shade_fraction": 0.0, "direct_exposure_fraction": 1.0}, "geometry": {"type": "LineString", "coordinates": [[75.8596157, 22.7164384], [75.859656, 22.716444900000006]]}}, {"type": "Feature", "properties": {"segment_id": "osm-11153056522-9523323012-0", "length_m": 166.98601772613353, "canonical_time": "15:00", "exposure_value": 1.0, "temperature_proxy_c": 42.0, "normalized_temperature_factor": 1.0, "source_type": "derived", "source_reference": "Cached geometric shade snapshot and configured prototype temperature curve", "observed_or_estimated": "ESTIMATED", "modelled_or_interpolated": "MODELLED", "timestamp": "2026-05-15T15:00:00+05:30", "assumptions_version": "2026-10-09-prompt-5a-interventions", "computation_mode": "geometric", "shade_fraction": 0.0, "direct_exposure_fraction": 1.0}, "geometry": {"type": "LineString", "coordinates": [[75.8596157, 22.7164384], [75.8595606, 22.716401], [75.8595052, 22.7164022], [75.8590185, 22.716376000000004], [75.8588561, 22.716375199999995], [75.8585323, 22.71637859999999], [75.8580069, 22.716431299999993]]}}, {"type": "Feature", "properties": {"segment_id": "osm-11153056522-2025019935-0", "length_m": 164.7085400145531, "canonical_time": "15:00", "exposure_value": 1.0, "temperature_proxy_c": 42.0, "normalized_temperature_factor": 1.0, "source_type": "derived", "source_reference": "Cached geometric shade snapshot and configured prototype temperature curve", "observed_or_estimated": "ESTIMATED", "modelled_or_interpolated": "MODELLED", "timestamp": "2026-05-15T15:00:00+05:30", "assumptions_version": "2026-10-09-prompt-5a-interventions", "computation_mode": "geometric", "shade_fraction": 0.0, "direct_exposure_fraction": 1.0}, "geometry": {"type": "LineString", "coordinates": [[75.8596157, 22.7164384], [75.8595568, 22.71647009999999], [75.859503, 22.7164661], [75.8590176, 22.716445199999992], [75.8588469, 22.716435600000004], [75.8585682, 22.716427799999995], [75.8580248, 22.7164761]]}}, {"type": "Feature", "properties": {"segment_id": "osm-12504458052-2027156248-0", "length_m": 5.702118310404492, "canonical_time": "15:00", "exposure_value": 1.0, "temperature_proxy_c": 42.0, "normalized_temperature_factor": 1.0, "source_type": "derived", "source_reference": "Cached geometric shade snapshot and configured prototype temperature curve", "observed_or_estimated": "ESTIMATED", "modelled_or_interpolated": "MODELLED", "timestamp": "2026-05-15T15:00:00+05:30", "assumptions_version": "2026-10-09-prompt-5a-interventions", "computation_mode": "geometric", "shade_fraction": 0.0, "direct_exposure_fraction": 1.0}, "geometry": {"type": "LineString", "coordinates": [[75.8515593, 22.713680699999994], [75.8515584, 22.713732199999995]]}}, {"type": "Feature", "properties": {"segment_id": "osm-12504458052-12504458055-0", "length_m": 51.66483817455925, "canonical_time": "15:00", "exposure_value": 1.0, "temperature_proxy_c": 42.0, "normalized_temperature_factor": 1.0, "source_type": "derived", "source_reference": "Cached geometric shade snapshot and configured prototype temperature curve", "observed_or_estimated": "ESTIMATED", "modelled_or_interpolated": "MODELLED", "timestamp": "2026-05-15T15:00:00+05:30", "assumptions_version": "2026-10-09-prompt-5a-interventions", "computation_mode": "geometric", "shade_fraction": 0.0, "direct_exposure_fraction": 1.0}, "geometry": {"type": "LineString", "coordinates": [[75.8515593, 22.713680699999994], [75.8518358, 22.713692599999998], [75.851971, 22.71370350000001], [75.8520606, 22.713715499999985]]}}, {"type": "Feature", "properties": {"segment_id": "osm-12504458055-2027156252-0", "length_m": 6.818056674012589, "canonical_time": "15:00", "exposure_value": 1.0, "temperature_proxy_c": 42.0, "normalized_temperature_factor": 1.0, "source_type": "derived", "source_reference": "Cached geometric shade snapshot and configured prototype temperature curve", "observed_or_estimated": "ESTIMATED", "modelled_or_interpolated": "MODELLED", "timestamp": "2026-05-15T15:00:00+05:30", "assumptions_version": "2026-10-09-prompt-5a-interventions", "computation_mode": "geometric", "shade_fraction": 0.0, "direct_exposure_fraction": 1.0}, "geometry": {"type": "LineString", "coordinates": [[75.8520606, 22.713715499999985], [75.8520471, 22.713775800000004]]}}, {"type": "Feature", "properties": {"segment_id": "osm-12504458055-12504458052-0", "length_m": 51.66483817455925, "canonical_time": "15:00", "exposure_value": 1.0, "temperature_proxy_c": 42.0, "normalized_temperature_factor": 1.0, "source_type": "derived", "source_reference": "Cached geometric shade snapshot and configured prototype temperature curve", "observed_or_estimated": "ESTIMATED", "modelled_or_interpolated": "MODELLED", "timestamp": "2026-05-15T15:00:00+05:30", "assumptions_version": "2026-10-09-prompt-5a-interventions", "computation_mode": "geometric", "shade_fraction": 0.0, "direct_exposure_fraction": 1.0}, "geometry": {"type": "LineString", "coordinates": [[75.8520606, 22.713715499999985], [75.851971, 22.71370350000001], [75.8518358, 22.713692599999998], [75.8515593, 22.713680699999994]]}}, {"type": "Feature", "properties": {"segment_id": "osm-12504458055-12504458061-0", "length_m": 65.07414466953259, "canonical_time": "15:00", "exposure_value": 1.0, "temperature_proxy_c": 42.0, "normalized_temperature_factor": 1.0, "source_type": "derived", "source_reference": "Cached geometric shade snapshot and configured prototype temperature curve", "observed_or_estimated": "ESTIMATED", "modelled_or_interpolated": "MODELLED", "timestamp": "2026-05-15T15:00:00+05:30", "assumptions_version": "2026-10-09-prompt-5a-interventions", "computation_mode": "geometric", "shade_fraction": 0.0, "direct_exposure_fraction": 1.0}, "geometry": {"type": "LineString", "coordinates": [[75.8520606, 22.713715499999985], [75.8521126, 22.713724299999996], [75.8522102, 22.713745099999986], [75.85228, 22.713799499999993], [75.8524162, 22.7139321], [75.8524516, 22.713997499999994], [75.8525036, 22.7140907]]}}, {"type": "Feature", "properties": {"segment_id": "osm-12504458061-2027156304-0", "length_m": 7.761076270625, "canonical_time": "15:00", "exposure_value": 1.0, "temperature_proxy_c": 42.0, "normalized_temperature_factor": 1.0, "source_type": "derived", "source_reference": "Cached geometric shade snapshot and configured prototype temperature curve", "observed_or_estimated": "ESTIMATED", "modelled_or_interpolated": "MODELLED", "timestamp": "2026-05-15T15:00:00+05:30", "assumptions_version": "2026-10-09-prompt-5a-interventions", "computation_mode": "geometric", "shade_fraction": 0.0, "direct_exposure_fraction": 1.0}, "geometry": {"type": "LineString", "coordinates": [[75.8525036, 22.7140907], [75.8524326, 22.71406669999999]]}}, {"type": "Feature", "properties": {"segment_id": "osm-12504458061-2027156359-0", "length_m": 128.49761070538693, "canonical_time": "15:00", "exposure_value": 1.0, "temperature_proxy_c": 42.0, "normalized_temperature_factor": 1.0, "source_type": "derived", "source_reference": "Cached geometric shade snapshot and configured prototype temperature curve", "observed_or_estimated": "ESTIMATED", "modelled_or_interpolated": "MODELLED", "timestamp": "2026-05-15T15:00:00+05:30", "assumptions_version": "2026-10-09-prompt-5a-interventions", "computation_mode": "geometric", "shade_fraction": 0.0, "direct_exposure_fraction": 1.0}, "geometry": {"type": "LineString", "coordinates": [[75.8525036, 22.7140907], [75.8528561, 22.714210299999998], [75.8533019, 22.7144308], [75.8536272, 22.7145955]]}}, {"type": "Feature", "properties": {"segment_id": "osm-12504458061-12504458055-0", "length_m": 65.07414466953259, "canonical_time": "15:00", "exposure_value": 1.0, "temperature_proxy_c": 42.0, "normalized_temperature_factor": 1.0, "source_type": "derived", "source_reference": "Cached geometric shade snapshot and configured prototype temperature curve", "observed_or_estimated": "ESTIMATED", "modelled_or_interpolated": "MODELLED", "timestamp": "2026-05-15T15:00:00+05:30", "assumptions_version": "2026-10-09-prompt-5a-interventions", "computation_mode": "geometric", "shade_fraction": 0.0, "direct_exposure_fraction": 1.0}, "geometry": {"type": "LineString", "coordinates": [[75.8525036, 22.7140907], [75.8524516, 22.713997499999994], [75.8524162, 22.7139321], [75.85228, 22.713799499999993], [75.8522102, 22.713745099999986], [75.8521126, 22.713724299999996], [75.8520606, 22.713715499999985]]}}, {"type": "Feature", "properties": {"segment_id": "osm-12778907738-8460772819-0", "length_m": 76.96356149318987, "canonical_time": "15:00", "exposure_value": 1.0, "temperature_proxy_c": 42.0, "normalized_temperature_factor": 1.0, "source_type": "derived", "source_reference": "Cached geometric shade snapshot and configured prototype temperature curve", "observed_or_estimated": "ESTIMATED", "modelled_or_interpolated": "MODELLED", "timestamp": "2026-05-15T15:00:00+05:30", "assumptions_version": "2026-10-09-prompt-5a-interventions", "computation_mode": "geometric", "shade_fraction": 0.0, "direct_exposure_fraction": 1.0}, "geometry": {"type": "LineString", "coordinates": [[75.8561379, 22.714994799999996], [75.85601540000002, 22.7149636], [75.8557328, 22.714937699999997], [75.85564530000002, 22.71492909999999], [75.8555538, 22.714902399999993], [75.8553994, 22.714898900000005]]}}, {"type": "Feature", "properties": {"segment_id": "osm-13720039497-8461059612-0", "length_m": 17.902413386407993, "canonical_time": "15:00", "exposure_value": 1.0, "temperature_proxy_c": 42.0, "normalized_temperature_factor": 1.0, "source_type": "derived", "source_reference": "Cached geometric shade snapshot and configured prototype temperature curve", "observed_or_estimated": "ESTIMATED", "modelled_or_interpolated": "MODELLED", "timestamp": "2026-05-15T15:00:00+05:30", "assumptions_version": "2026-10-09-prompt-5a-interventions", "computation_mode": "geometric", "shade_fraction": 0.0, "direct_exposure_fraction": 1.0}, "geometry": {"type": "LineString", "coordinates": [[75.8596452, 22.7162835], [75.859656, 22.716444900000006]]}}, {"type": "Feature", "properties": {"segment_id": "osm-13720039497-9790247256-0", "length_m": 139.4055558563975, "canonical_time": "15:00", "exposure_value": 1.0, "temperature_proxy_c": 42.0, "normalized_temperature_factor": 1.0, "source_type": "derived", "source_reference": "Cached geometric shade snapshot and configured prototype temperature curve", "observed_or_estimated": "ESTIMATED", "modelled_or_interpolated": "MODELLED", "timestamp": "2026-05-15T15:00:00+05:30", "assumptions_version": "2026-10-09-prompt-5a-interventions", "computation_mode": "geometric", "shade_fraction": 0.0, "direct_exposure_fraction": 1.0}, "geometry": {"type": "LineString", "coordinates": [[75.8596452, 22.7162835], [75.8596137, 22.7161889], [75.8597357, 22.7151259], [75.8597841, 22.7150465]]}}, {"type": "Feature", "properties": {"segment_id": "osm-13720039497-9790247256-1", "length_m": 139.2520759694672, "canonical_time": "15:00", "exposure_value": 1.0, "temperature_proxy_c": 42.0, "normalized_temperature_factor": 1.0, "source_type": "derived", "source_reference": "Cached geometric shade snapshot and configured prototype temperature curve", "observed_or_estimated": "ESTIMATED", "modelled_or_interpolated": "MODELLED", "timestamp": "2026-05-15T15:00:00+05:30", "assumptions_version": "2026-10-09-prompt-5a-interventions", "computation_mode": "geometric", "shade_fraction": 0.0, "direct_exposure_fraction": 1.0}, "geometry": {"type": "LineString", "coordinates": [[75.8596452, 22.7162835], [75.8596922, 22.716206200000002], [75.8598118, 22.715134600000003], [75.8597841, 22.7150465]]}}, {"type": "Feature", "properties": {"segment_id": "osm-13720090021-1807247763-0", "length_m": 33.08773013414899, "canonical_time": "15:00", "exposure_value": 1.0, "temperature_proxy_c": 42.0, "normalized_temperature_factor": 1.0, "source_type": "derived", "source_reference": "Cached geometric shade snapshot and configured prototype temperature curve", "observed_or_estimated": "ESTIMATED", "modelled_or_interpolated": "MODELLED", "timestamp": "2026-05-15T15:00:00+05:30", "assumptions_version": "2026-10-09-prompt-5a-interventions", "computation_mode": "geometric", "shade_fraction": 0.0, "direct_exposure_fraction": 1.0}, "geometry": {"type": "LineString", "coordinates": [[75.8584669, 22.718254], [75.8585841, 22.717975599999992]]}}], "metadata": {"canonical_time": "15:00", "computation_mode": "geometric", "modelled_or_interpolated": "MODELLED", "observed_or_estimated": "ESTIMATED", "config_version": "2026-10-09-prompt-5a-interventions", "temperature_proxy_c": 42.0, "normalized_temperature_factor": 1.0, "temperature_proxy_label": "Prototype assumption, not observed data or a medical measurement.", "exposure_duration_factor": 1.0, "formula": "clip(direct_exposure_fraction * (direct_weight + temperature_weight * normalized_temperature_factor) * exposure_duration_factor, 0, 1)"}}