{"type": "FeatureCollection", "features": [{"id": "0", "type": "Feature", "properties": {"segment_id": "osm-1807247763-13720090021-0", "length_m": 33.08773013414899, "shade_fraction": 0.0, "exposure_fraction": 1.0, "canonical_time": "15:00", "solar_azimuth_deg": 271.54425686027565, "solar_elevation_deg": 53.21021702250467, "estimated_height_building_count": 3793, "source_type": "derived", "source_reference": "Cached OSM streets intersected with modelled building shadows", "observed_or_estimated": "ESTIMATED", "modelled_or_interpolated": "MODELLED", "timestamp": "2026-10-09T01:39:38.179956+00:00", "assumptions_version": "2026-10-09-prompt-4b-risk-explainability", "computation_mode": "geometric"}, "geometry": {"type": "LineString", "coordinates": [[75.8585841, 22.717975599999992], [75.8584669, 22.718254]]}}, {"id": "1", "type": "Feature", "properties": {"segment_id": "osm-1807247763-2025111077-0", "length_m": 85.87014519881586, "shade_fraction": 0.0, "exposure_fraction": 1.0, "canonical_time": "15:00", "solar_azimuth_deg": 271.54425686027565, "solar_elevation_deg": 53.21021702250467, "estimated_height_building_count": 3793, "source_type": "derived", "source_reference": "Cached OSM streets intersected with modelled building shadows", "observed_or_estimated": "ESTIMATED", "modelled_or_interpolated": "MODELLED", "timestamp": "2026-10-09T01:39:38.179956+00:00", "assumptions_version": "2026-10-09-prompt-4b-risk-explainability", "computation_mode": "geometric"}, "geometry": {"type": "LineString", "coordinates": [[75.8585841, 22.717975599999992], [75.8591601, 22.7180551], [75.8592201, 22.7180634], [75.8594116, 22.718086399999997]]}}, {"id": "2", "type": "Feature", "properties": {"segment_id": "osm-1807247763-2025111041-0", "length_m": 34.58059412768449, "shade_fraction": 0.0, "exposure_fraction": 1.0, "canonical_time": "15:00", "solar_azimuth_deg": 271.54425686027565, "solar_elevation_deg": 53.21021702250467, "estimated_height_building_count": 3793, "source_type": "derived", "source_reference": "Cached OSM streets intersected with modelled building shadows", "observed_or_estimated": "ESTIMATED", "modelled_or_interpolated": "MODELLED", "timestamp": "2026-10-09T01:39:38.179956+00:00", "assumptions_version": "2026-10-09-prompt-4b-risk-explainability", "computation_mode": "geometric"}, "geometry": {"type": "LineString", "coordinates": [[75.8585841, 22.717975599999992], [75.8585848, 22.717905], [75.8585701, 22.717777400000003], [75.8585289, 22.7176706]]}}, {"id": "3", "type": "Feature", "properties": {"segment_id": "osm-2025019748-2025019765-0", "length_m": 27.945787119283153, "shade_fraction": 0.0, "exposure_fraction": 1.0, "canonical_time": "15:00", "solar_azimuth_deg": 271.54425686027565, "solar_elevation_deg": 53.21021702250467, "estimated_height_building_count": 3793, "source_type": "derived", "source_reference": "Cached OSM streets intersected with modelled building shadows", "observed_or_estimated": "ESTIMATED", "modelled_or_interpolated": "MODELLED", "timestamp": "2026-10-09T01:39:38.179956+00:00", "assumptions_version": "2026-10-09-prompt-4b-risk-explainability", "computation_mode": "geometric"}, "geometry": {"type": "LineString", "coordinates": [[75.8565897, 22.713301900000005], [75.8565992, 22.71337359999999], [75.856599, 22.713442599999993], [75.8565692, 22.713550300000005]]}}, {"id": "4", "type": "Feature", "properties": {"segment_id": "osm-2025019765-2025019779-0", "length_m": 53.01593281724173, "shade_fraction": 0.0, "exposure_fraction": 1.0, "canonical_time": "15:00", "solar_azimuth_deg": 271.54425686027565, "solar_elevation_deg": 53.21021702250467, "estimated_height_building_count": 3793, "source_type": "derived", "source_reference": "Cached OSM streets intersected with modelled building shadows", "observed_or_estimated": "ESTIMATED", "modelled_or_interpolated": "MODELLED", "timestamp": "2026-10-09T01:39:38.179956+00:00", "assumptions_version": "2026-10-09-prompt-4b-risk-explainability", "computation_mode": "geometric"}, "geometry": {"type": "LineString", "coordinates": [[75.8565692, 22.713550300000005], [75.8564639, 22.71368], [75.8563338, 22.713798200000006], [75.8562009, 22.713879300000002]]}}, {"id": "5", "type": "Feature", "properties": {"segment_id": "osm-2025019765-2025019748-0", "length_m": 27.945787119283157, "shade_fraction": 0.0, "exposure_fraction": 1.0, "canonical_time": "15:00", "solar_azimuth_deg": 271.54425686027565, "solar_elevation_deg": 53.21021702250467, "estimated_height_building_count": 3793, "source_type": "derived", "source_reference": "Cached OSM streets intersected with modelled building shadows", "observed_or_estimated": "ESTIMATED", "modelled_or_interpolated": "MODELLED", "timestamp": "2026-10-09T01:39:38.179956+00:00", "assumptions_version": "2026-10-09-prompt-4b-risk-explainability", "computation_mode": "geometric"}, "geometry": {"type": "LineString", "coordinates": [[75.8565692, 22.713550300000005], [75.856599, 22.713442599999993], [75.8565992, 22.71337359999999], [75.8565897, 22.713301900000005]]}}, {"id": "6", "type": "Feature", "properties": {"segment_id": "osm-2025019765-2025019775-0", "length_m": 25.66463860800033, "shade_fraction": 0.0, "exposure_fraction": 1.0, "canonical_time": "15:00", "solar_azimuth_deg": 271.54425686027565, "solar_elevation_deg": 53.21021702250467, "estimated_height_building_count": 3793, "source_type": "derived", "source_reference": "Cached OSM streets intersected with modelled building shadows", "observed_or_estimated": "ESTIMATED", "modelled_or_interpolated": "MODELLED", "timestamp": "2026-10-09T01:39:38.179956+00:00", "assumptions_version": "2026-10-09-prompt-4b-risk-explainability", "computation_mode": "geometric"}, "geometry": {"type": "LineString", "coordinates": [[75.8565692, 22.713550300000005], [75.8565867, 22.7136923], [75.8565872, 22.7137812]]}}, {"id": "7", "type": "Feature", "properties": {"segment_id": "osm-2025019775-2025019791-0", "length_m": 25.252245589890236, "shade_fraction": 0.0, "exposure_fraction": 1.0, "canonical_time": "15:00", "solar_azimuth_deg": 271.54425686027565, "solar_elevation_deg": 53.21021702250467, "estimated_height_building_count": 3793, "source_type": "derived", "source_reference": "Cached OSM streets intersected with modelled building shadows", "observed_or_estimated": "ESTIMATED", "modelled_or_interpolated": "MODELLED", "timestamp": "2026-10-09T01:39:38.179956+00:00", "assumptions_version": "2026-10-09-prompt-4b-risk-explainability", "computation_mode": "geometric"}, "geometry": {"type": "LineString", "coordinates": [[75.8565872, 22.7137812], [75.85658640000001, 22.7140093]]}}, {"id": "8", "type": "Feature", "properties": {"segment_id": "osm-2025019775-2027131406-0", "length_m": 69.7932764794284, "shade_fraction": 0.0, "exposure_fraction": 1.0, "canonical_time": "15:00", "solar_azimuth_deg": 271.54425686027565, "solar_elevation_deg": 53.21021702250467, "estimated_height_building_count": 3793, "source_type": "derived", "source_reference": "Cached OSM streets intersected with modelled building shadows", "observed_or_estimated": "ESTIMATED", "modelled_or_interpolated": "MODELLED", "timestamp": "2026-10-09T01:39:38.179956+00:00", "assumptions_version": "2026-10-09-prompt-4b-risk-explainability", "computation_mode": "geometric"}, "geometry": {"type": "LineString", "coordinates": [[75.8565872, 22.7137812], [75.8567833, 22.713791500000003], [75.8571582, 22.7137991], [75.8572662, 22.713794]]}}, {"id": "9", "type": "Feature", "properties": {"segment_id": "osm-2025019775-2025019765-0", "length_m": 25.66463860800033, "shade_fraction": 0.0, "exposure_fraction": 1.0, "canonical_time": "15:00", "solar_azimuth_deg": 271.54425686027565, "solar_elevation_deg": 53.21021702250467, "estimated_height_building_count": 3793, "source_type": "derived", "source_reference": "Cached OSM streets intersected with modelled building shadows", "observed_or_estimated": "ESTIMATED", "modelled_or_interpolated": "MODELLED", "timestamp": "2026-10-09T01:39:38.179956+00:00", "assumptions_version": "2026-10-09-prompt-4b-risk-explainability", "computation_mode": "geometric"}, "geometry": {"type": "LineString", "coordinates": [[75.8565872, 22.7137812], [75.8565867, 22.7136923], [75.8565692, 22.713550300000005]]}}, {"id": "10", "type": "Feature", "properties": {"segment_id": "osm-2025019779-2025019792-0", "length_m": 18.894733264123328, "shade_fraction": 0.0, "exposure_fraction": 1.0, "canonical_time": "15:00", "solar_azimuth_deg": 271.54425686027565, "solar_elevation_deg": 53.21021702250467, "estimated_height_building_count": 3793, "source_type": "derived", "source_reference": "Cached OSM streets intersected with modelled building shadows", "observed_or_estimated": "ESTIMATED", "modelled_or_interpolated": "MODELLED", "timestamp": "2026-10-09T01:39:38.179956+00:00", "assumptions_version": "2026-10-09-prompt-4b-risk-explainability", "computation_mode": "geometric"}, "geometry": {"type": "LineString", "coordinates": [[75.8562009, 22.713879300000002], [75.8563584, 22.7139675]]}}, {"id": "11", "type": "Feature", "properties": {"segment_id": "osm-2025019779-2025019765-0", "length_m": 53.01593281724173, "shade_fraction": 0.0, "exposure_fraction": 1.0, "canonical_time": "15:00", "solar_azimuth_deg": 271.54425686027565, "solar_elevation_deg": 53.21021702250467, "estimated_height_building_count": 3793, "source_type": "derived", "source_reference": "Cached OSM streets intersected with modelled building shadows", "observed_or_estimated": "ESTIMATED", "modelled_or_interpolated": "MODELLED", "timestamp": "2026-10-09T01:39:38.179956+00:00", "assumptions_version": "2026-10-09-prompt-4b-risk-explainability", "computation_mode": "geometric"}, "geometry": {"type": "LineString", "coordinates": [[75.8562009, 22.713879300000002], [75.8563338, 22.713798200000006], [75.8564639, 22.71368], [75.8565692, 22.713550300000005]]}}, {"id": "12", "type": "Feature", "properties": {"segment_id": "osm-2025019779-2025019820-0", "length_m": 160.57748272166353, "shade_fraction": 0.0, "exposure_fraction": 1.0, "canonical_time": "15:00", "solar_azimuth_deg": 271.54425686027565, "solar_elevation_deg": 53.21021702250467, "estimated_height_building_count": 3793, "source_type": "derived", "source_reference": "Cached OSM streets intersected with modelled building shadows", "observed_or_estimated": "ESTIMATED", "modelled_or_interpolated": "MODELLED", "timestamp": "2026-10-09T01:39:38.179956+00:00", "assumptions_version": "2026-10-09-prompt-4b-risk-explainability", "computation_mode": "geometric"}, "geometry": {"type": "LineString", "coordinates": [[75.8562009, 22.713879300000002], [75.8560268, 22.71391399999999], [75.8549446, 22.7144777], [75.8548436, 22.7145733]]}}, {"id": "13", "type": "Feature", "properties": {"segment_id": "osm-2025019791-2025019775-0", "length_m": 25.252245589890236, "shade_fraction": 0.0, "exposure_fraction": 1.0, "canonical_time": "15:00", "solar_azimuth_deg": 271.54425686027565, "solar_elevation_deg": 53.21021702250467, "estimated_height_building_count": 3793, "source_type": "derived", "source_reference": "Cached OSM streets intersected with modelled building shadows", "observed_or_estimated": "ESTIMATED", "modelled_or_interpolated": "MODELLED", "timestamp": "2026-10-09T01:39:38.179956+00:00", "assumptions_version": "2026-10-09-prompt-4b-risk-explainability", "computation_mode": "geometric"}, "geometry": {"type": "LineString", "coordinates": [[75.85658640000001, 22.7140093], [75.8565872, 22.7137812]]}}, {"id": "14", "type": "Feature", "properties": {"segment_id": "osm-2025019791-2025019792-0", "length_m": 23.869818765663148, "shade_fraction": 0.0, "exposure_fraction": 1.0, "canonical_time": "15:00", "solar_azimuth_deg": 271.54425686027565, "solar_elevation_deg": 53.21021702250467, "estimated_height_building_count": 3793, "source_type": "derived", "source_reference": "Cached OSM streets intersected with modelled building shadows", "observed_or_estimated": "ESTIMATED", "modelled_or_interpolated": "MODELLED", "timestamp": "2026-10-09T01:39:38.179956+00:00", "assumptions_version": "2026-10-09-prompt-4b-risk-explainability", "computation_mode": "geometric"}, "geometry": {"type": "LineString", "coordinates": [[75.85658640000001, 22.7140093], [75.8563584, 22.7139675]]}}, {"id": "15", "type": "Feature", "properties": {"segment_id": "osm-2025019791-2025110932-0", "length_m": 119.94555532143525, "shade_fraction": 0.16413061223986478, "exposure_fraction": 0.8358693877601352, "canonical_time": "15:00", "solar_azimuth_deg": 271.54425686027565, "solar_elevation_deg": 53.21021702250467, "estimated_height_building_count": 3793, "source_type": "derived", "source_reference": "Cached OSM streets intersected with modelled building shadows", "observed_or_estimated": "ESTIMATED", "modelled_or_interpolated": "MODELLED", "timestamp": "2026-10-09T01:39:38.179956+00:00", "assumptions_version": "2026-10-09-prompt-4b-risk-explainability", "computation_mode": "geometric"}, "geometry": {"type": "LineString", "coordinates": [[75.85658640000001, 22.7140093], [75.8566251, 22.71420149999999], [75.856659, 22.714711699999995], [75.8566025, 22.715084799999996]]}}, {"id": "16", "type": "Feature", "properties": {"segment_id": "osm-2025019792-2025019791-0", "length_m": 23.869818765663148, "shade_fraction": 0.0, "exposure_fraction": 1.0, "canonical_time": "15:00", "solar_azimuth_deg": 271.54425686027565, "solar_elevation_deg": 53.21021702250467, "estimated_height_building_count": 3793, "source_type": "derived", "source_reference": "Cached OSM streets intersected with modelled building shadows", "observed_or_estimated": "ESTIMATED", "modelled_or_interpolated": "MODELLED", "timestamp": "2026-10-09T01:39:38.179956+00:00", "assumptions_version": "2026-10-09-prompt-4b-risk-explainability", "computation_mode": "geometric"}, "geometry": {"type": "LineString", "coordinates": [[75.8563584, 22.7139675], [75.85658640000001, 22.7140093]]}}, {"id": "17", "type": "Feature", "properties": {"segment_id": "osm-2025019792-2025019779-0", "length_m": 18.894733264123328, "shade_fraction": 0.0, "exposure_fraction": 1.0, "canonical_time": "15:00", "solar_azimuth_deg": 271.54425686027565, "solar_elevation_deg": 53.21021702250467, "estimated_height_building_count": 3793, "source_type": "derived", "source_reference": "Cached OSM streets intersected with modelled building shadows", "observed_or_estimated": "ESTIMATED", "modelled_or_interpolated": "MODELLED", "timestamp": "2026-10-09T01:39:38.179956+00:00", "assumptions_version": "2026-10-09-prompt-4b-risk-explainability", "computation_mode": "geometric"}, "geometry": {"type": "LineString", "coordinates": [[75.8563584, 22.7139675], [75.8562009, 22.713879300000002]]}}, {"id": "18", "type": "Feature", "properties": {"segment_id": "osm-2025019792-2027131456-0", "length_m": 178.18312246944294, "shade_fraction": 0.2924138753753678, "exposure_fraction": 0.7075861246246322, "canonical_time": "15:00", "solar_azimuth_deg": 271.54425686027565, "solar_elevation_deg": 53.21021702250467, "estimated_height_building_count": 3793, "source_type": "derived", "source_reference": "Cached OSM streets intersected with modelled building shadows", "observed_or_estimated": "ESTIMATED", "modelled_or_interpolated": "MODELLED", "timestamp": "2026-10-09T01:39:38.179956+00:00", "assumptions_version": "2026-10-09-prompt-4b-risk-explainability", "computation_mode": "geometric"}, "geometry": {"type": "LineString", "coordinates": [[75.8563584, 22.7139675], [75.8561919, 22.714092899999997], [75.8548821, 22.714809200000005]]}}, {"id": "19", "type": "Feature", "properties": {"segment_id": "osm-2025019820-2025019779-0", "length_m": 160.57748272166353, "shade_fraction": 0.0, "exposure_fraction": 1.0, "canonical_time": "15:00", "solar_azimuth_deg": 271.54425686027565, "solar_elevation_deg": 53.21021702250467, "estimated_height_building_count": 3793, "source_type": "derived", "source_reference": "Cached OSM streets intersected with modelled building shadows", "observed_or_estimated": "ESTIMATED", "modelled_or_interpolated": "MODELLED", "timestamp": "2026-10-09T01:39:38.179956+00:00", "assumptions_version": "2026-10-09-prompt-4b-risk-explainability", "computation_mode": "geometric"}, "geometry": {"type": "LineString", "coordinates": [[75.8548436, 22.7145733], [75.8549446, 22.7144777], [75.8560268, 22.71391399999999], [75.8562009, 22.713879300000002]]}}, {"id": "20", "type": "Feature", "properties": {"segment_id": "osm-2025019820-2027032511-0", "length_m": 52.33148708792346, "shade_fraction": 0.0, "exposure_fraction": 1.0, "canonical_time": "15:00", "solar_azimuth_deg": 271.54425686027565, "solar_elevation_deg": 53.21021702250467, "estimated_height_building_count": 3793, "source_type": "derived", "source_reference": "Cached OSM streets intersected with modelled building shadows", "observed_or_estimated": "ESTIMATED", "modelled_or_interpolated": "MODELLED", "timestamp": "2026-10-09T01:39:38.179956+00:00", "assumptions_version": "2026-10-09-prompt-4b-risk-explainability", "computation_mode": "geometric"}, "geometry": {"type": "LineString", "coordinates": [[75.8548436, 22.7145733], [75.8547646, 22.714391800000005], [75.8546563, 22.7141337]]}}, {"id": "21", "type": "Feature", "properties": {"segment_id": "osm-2025019820-2027156359-0", "length_m": 125.35912765404764, "shade_fraction": 0.0, "exposure_fraction": 1.0, "canonical_time": "15:00", "solar_azimuth_deg": 271.54425686027565, "solar_elevation_deg": 53.21021702250467, "estimated_height_building_count": 3793, "source_type": "derived", "source_reference": "Cached OSM streets intersected with modelled building shadows", "observed_or_estimated": "ESTIMATED", "modelled_or_interpolated": "MODELLED", "timestamp": "2026-10-09T01:39:38.179956+00:00", "assumptions_version": "2026-10-09-prompt-4b-risk-explainability", "computation_mode": "geometric"}, "geometry": {"type": "LineString", "coordinates": [[75.8548436, 22.7145733], [75.8547185, 22.714567799999987], [75.8542483, 22.714620599999993], [75.8537543, 22.7146018], [75.8536272, 22.7145955]]}}, {"id": "22", "type": "Feature", "properties": {"segment_id": "osm-2025019820-2027131456-0", "length_m": 29.848252360095394, "shade_fraction": 0.0, "exposure_fraction": 1.0, "canonical_time": "15:00", "solar_azimuth_deg": 271.54425686027565, "solar_elevation_deg": 53.21021702250467, "estimated_height_building_count": 3793, "source_type": "derived", "source_reference": "Cached OSM streets intersected with modelled building shadows", "observed_or_estimated": "ESTIMATED", "modelled_or_interpolated": "MODELLED", "timestamp": "2026-10-09T01:39:38.179956+00:00", "assumptions_version": "2026-10-09-prompt-4b-risk-explainability", "computation_mode": "geometric"}, "geometry": {"type": "LineString", "coordinates": [[75.8548436, 22.7145733], [75.8548044, 22.7146338], [75.854812, 22.7147035], [75.854827, 22.7147594], [75.8548821, 22.714809200000005]]}}, {"id": "23", "type": "Feature", "properties": {"segment_id": "osm-2025019820-2027131456-1", "length_m": 28.3297252389263, "shade_fraction": 0.0, "exposure_fraction": 1.0, "canonical_time": "15:00", "solar_azimuth_deg": 271.54425686027565, "solar_elevation_deg": 53.21021702250467, "estimated_height_building_count": 3793, "source_type": "derived", "source_reference": "Cached OSM streets intersected with modelled building shadows", "observed_or_estimated": "ESTIMATED", "modelled_or_interpolated": "MODELLED", "timestamp": "2026-10-09T01:39:38.179956+00:00", "assumptions_version": "2026-10-09-prompt-4b-risk-explainability", "computation_mode": "geometric"}, "geometry": {"type": "LineString", "coordinates": [[75.8548436, 22.7145733], [75.8548912, 22.714625299999994], [75.8548988, 22.714695799999994], [75.8549038, 22.7147479], [75.8548821, 22.714809200000005]]}}, {"id": "24", "type": "Feature", "properties": {"segment_id": "osm-2025019935-9523323012-0", "length_m": 5.289406819948061, "shade_fraction": 0.0, "exposure_fraction": 1.0, "canonical_time": "15:00", "solar_azimuth_deg": 271.54425686027565, "solar_elevation_deg": 53.21021702250467, "estimated_height_building_count": 3793, "source_type": "derived", "source_reference": "Cached OSM streets intersected with modelled building shadows", "observed_or_estimated": "ESTIMATED", "modelled_or_interpolated": "MODELLED", "timestamp": "2026-10-09T01:39:38.179956+00:00", "assumptions_version": "2026-10-09-prompt-4b-risk-explainability", "computation_mode": "geometric"}, "geometry": {"type": "LineString", "coordinates": [[75.8580248, 22.7164761], [75.8580069, 22.716431299999993]]}}, {"id": "25", "type": "Feature", "properties": {"segment_id": "osm-2025019935-11153056522-0", "length_m": 164.7085400145531, "shade_fraction": 0.0, "exposure_fraction": 1.0, "canonical_time": "15:00", "solar_azimuth_deg": 271.54425686027565, "solar_elevation_deg": 53.21021702250467, "estimated_height_building_count": 3793, "source_type": "derived", "source_reference": "Cached OSM streets intersected with modelled building shadows", "observed_or_estimated": "ESTIMATED", "modelled_or_interpolated": "MODELLED", "timestamp": "2026-10-09T01:39:38.179956+00:00", "assumptions_version": "2026-10-09-prompt-4b-risk-explainability", "computation_mode": "geometric"}, "geometry": {"type": "LineString", "coordinates": [[75.8580248, 22.7164761], [75.8585682, 22.716427799999995], [75.8588469, 22.716435600000004], [75.8590176, 22.716445199999992], [75.859503, 22.7164661], [75.8595568, 22.71647009999999], [75.8596157, 22.7164384]]}}, {"id": "26", "type": "Feature", "properties": {"segment_id": "osm-2025019935-2025019943-0", "length_m": 37.018522292088086, "shade_fraction": 0.0, "exposure_fraction": 1.0, "canonical_time": "15:00", "solar_azimuth_deg": 271.54425686027565, "solar_elevation_deg": 53.21021702250467, "estimated_height_building_count": 3793, "source_type": "derived", "source_reference": "Cached OSM streets intersected with modelled building shadows", "observed_or_estimated": "ESTIMATED", "modelled_or_interpolated": "MODELLED", "timestamp": "2026-10-09T01:39:38.179956+00:00", "assumptions_version": "2026-10-09-prompt-4b-risk-explainability", "computation_mode": "geometric"}, "geometry": {"type": "LineString", "coordinates": [[75.8580248, 22.7164761], [75.8579624, 22.7164811], [75.8576651, 22.716497199999992]]}}, {"id": "27", "type": "Feature", "properties": {"segment_id": "osm-2025019935-2025110993-0", "length_m": 51.340114736634646, "shade_fraction": 0.0, "exposure_fraction": 1.0, "canonical_time": "15:00", "solar_azimuth_deg": 271.54425686027565, "solar_elevation_deg": 53.21021702250467, "estimated_height_building_count": 3793, "source_type": "derived", "source_reference": "Cached OSM streets intersected with modelled building shadows", "observed_or_estimated": "ESTIMATED", "modelled_or_interpolated": "MODELLED", "timestamp": "2026-10-09T01:39:38.179956+00:00", "assumptions_version": "2026-10-09-prompt-4b-risk-explainability", "computation_mode": "geometric"}, "geometry": {"type": "LineString", "coordinates": [[75.8580248, 22.7164761], [75.858171, 22.716844800000008], [75.8581831, 22.716914799999998]]}}, {"id": "28", "type": "Feature", "properties": {"segment_id": "osm-2025019937-2027156534-0", "length_m": 42.07312905040892, "shade_fraction": 0.0, "exposure_fraction": 1.0, "canonical_time": "15:00", "solar_azimuth_deg": 271.54425686027565, "solar_elevation_deg": 53.21021702250467, "estimated_height_building_count": 3793, "source_type": "derived", "source_reference": "Cached OSM streets intersected with modelled building shadows", "observed_or_estimated": "ESTIMATED", "modelled_or_interpolated": "MODELLED", "timestamp": "2026-10-09T01:39:38.179956+00:00", "assumptions_version": "2026-10-09-prompt-4b-risk-explainability", "computation_mode": "geometric"}, "geometry": {"type": "LineString", "coordinates": [[75.85502400000001, 22.716367600000005], [75.8546216, 22.716296399999994]]}}, {"id": "29", "type": "Feature", "properties": {"segment_id": "osm-2025019937-9523322987-0", "length_m": 40.34589257845364, "shade_fraction": 0.0, "exposure_fraction": 1.0, "canonical_time": "15:00", "solar_azimuth_deg": 271.54425686027565, "solar_elevation_deg": 53.21021702250467, "estimated_height_building_count": 3793, "source_type": "derived", "source_reference": "Cached OSM streets intersected with modelled building shadows", "observed_or_estimated": "ESTIMATED", "modelled_or_interpolated": "MODELLED", "timestamp": "2026-10-09T01:39:38.179956+00:00", "assumptions_version": "2026-10-09-prompt-4b-risk-explainability", "computation_mode": "geometric"}, "geometry": {"type": "LineString", "coordinates": [[75.85502400000001, 22.716367600000005], [75.855117, 22.716401099999995], [75.8554088, 22.716426399999985]]}}, {"id": "30", "type": "Feature", "properties": {"segment_id": "osm-2025019937-9523322989-0", "length_m": 39.09054266614313, "shade_fraction": 0.0, "exposure_fraction": 1.0, "canonical_time": "15:00", "solar_azimuth_deg": 271.54425686027565, "solar_elevation_deg": 53.21021702250467, "estimated_height_building_count": 3793, "source_type": "derived", "source_reference": "Cached OSM streets intersected with modelled building shadows", "observed_or_estimated": "ESTIMATED", "modelled_or_interpolated": "MODELLED", "timestamp": "2026-10-09T01:39:38.179956+00:00", "assumptions_version": "2026-10-09-prompt-4b-risk-explainability", "computation_mode": "geometric"}, "geometry": {"type": "LineString", "coordinates": [[75.85502400000001, 22.716367600000005], [75.8551241, 22.7163618], [75.8554037, 22.716380400000006]]}}, {"id": "31", "type": "Feature", "properties": {"segment_id": "osm-2025019941-9523322985-0", "length_m": 33.07235873975501, "shade_fraction": 0.0, "exposure_fraction": 1.0, "canonical_time": "15:00", "solar_azimuth_deg": 271.54425686027565, "solar_elevation_deg": 53.21021702250467, "estimated_height_building_count": 3793, "source_type": "derived", "source_reference": "Cached OSM streets intersected with modelled building shadows", "observed_or_estimated": "ESTIMATED", "modelled_or_interpolated": "MODELLED", "timestamp": "2026-10-09T01:39:38.179956+00:00", "assumptions_version": "2026-10-09-prompt-4b-risk-explainability", "computation_mode": "geometric"}, "geometry": {"type": "LineString", "coordinates": [[75.8565036, 22.716447699999996], [75.8561842, 22.716409699999986]]}}, {"id": "32", "type": "Feature", "properties": {"segment_id": "osm-2025019941-2025110981-0", "length_m": 61.758078049191475, "shade_fraction": 0.21911165002123573, "exposure_fraction": 0.7808883499787642, "canonical_time": "15:00", "solar_azimuth_deg": 271.54425686027565, "solar_elevation_deg": 53.21021702250467, "estimated_height_building_count": 3793, "source_type": "derived", "source_reference": "Cached OSM streets intersected with modelled building shadows", "observed_or_estimated": "ESTIMATED", "modelled_or_interpolated": "MODELLED", "timestamp": "2026-10-09T01:39:38.179956+00:00", "assumptions_version": "2026-10-09-prompt-4b-risk-explainability", "computation_mode": "geometric"}, "geometry": {"type": "LineString", "coordinates": [[75.8565036, 22.716447699999996], [75.8564812, 22.716667899999994], [75.8568435, 22.7166874]]}}, {"id": "33", "type": "Feature", "properties": {"segment_id": "osm-2025019941-2025019943-0", "length_m": 119.43803758061524, "shade_fraction": 0.0, "exposure_fraction": 1.0, "canonical_time": "15:00", "solar_azimuth_deg": 271.54425686027565, "solar_elevation_deg": 53.21021702250467, "estimated_height_building_count": 3793, "source_type": "derived", "source_reference": "Cached OSM streets intersected with modelled building shadows", "observed_or_estimated": "ESTIMATED", "modelled_or_interpolated": "MODELLED", "timestamp": "2026-10-09T01:39:38.179956+00:00", "assumptions_version": "2026-10-09-prompt-4b-risk-explainability", "computation_mode": "geometric"}, "geometry": {"type": "LineString", "coordinates": [[75.8565036, 22.716447699999996], [75.8570931, 22.7164793], [75.8573819, 22.716482799999994], [75.8576651, 22.716497199999992]]}}, {"id": "34", "type": "Feature", "properties": {"segment_id": "osm-2025019943-2025110981-0", "length_m": 105.90723860998281, "shade_fraction": 0.14968864965474127, "exposure_fraction": 0.8503113503452587, "canonical_time": "15:00", "solar_azimuth_deg": 271.54425686027565, "solar_elevation_deg": 53.21021702250467, "estimated_height_building_count": 3793, "source_type": "derived", "source_reference": "Cached OSM streets intersected with modelled building shadows", "observed_or_estimated": "ESTIMATED", "modelled_or_interpolated": "MODELLED", "timestamp": "2026-10-09T01:39:38.179956+00:00", "assumptions_version": "2026-10-09-prompt-4b-risk-explainability", "computation_mode": "geometric"}, "geometry": {"type": "LineString", "coordinates": [[75.8576651, 22.716497199999992], [75.8576332, 22.716718600000007], [75.8568435, 22.7166874]]}}, {"id": "35", "type": "Feature", "properties": {"segment_id": "osm-2025019943-2025019935-0", "length_m": 37.018522292088086, "shade_fraction": 0.0, "exposure_fraction": 1.0, "canonical_time": "15:00", "solar_azimuth_deg": 271.54425686027565, "solar_elevation_deg": 53.21021702250467, "estimated_height_building_count": 3793, "source_type": "derived", "source_reference": "Cached OSM streets intersected with modelled building shadows", "observed_or_estimated": "ESTIMATED", "modelled_or_interpolated": "MODELLED", "timestamp": "2026-10-09T01:39:38.179956+00:00", "assumptions_version": "2026-10-09-prompt-4b-risk-explainability", "computation_mode": "geometric"}, "geometry": {"type": "LineString", "coordinates": [[75.8576651, 22.716497199999992], [75.8579624, 22.7164811], [75.8580248, 22.7164761]]}}, {"id": "36", "type": "Feature", "properties": {"segment_id": "osm-2025019943-2025019941-0", "length_m": 119.43803758061523, "shade_fraction": 0.0, "exposure_fraction": 1.0, "canonical_time": "15:00", "solar_azimuth_deg": 271.54425686027565, "solar_elevation_deg": 53.21021702250467, "estimated_height_building_count": 3793, "source_type": "derived", "source_reference": "Cached OSM streets intersected with modelled building shadows", "observed_or_estimated": "ESTIMATED", "modelled_or_interpolated": "MODELLED", "timestamp": "2026-10-09T01:39:38.179956+00:00", "assumptions_version": "2026-10-09-prompt-4b-risk-explainability", "computation_mode": "geometric"}, "geometry": {"type": "LineString", "coordinates": [[75.8576651, 22.716497199999992], [75.8573819, 22.716482799999994], [75.8570931, 22.7164793], [75.8565036, 22.716447699999996]]}}, {"id": "37", "type": "Feature", "properties": {"segment_id": "osm-2025020003-3734496685-0", "length_m": 10.935980575244917, "shade_fraction": 0.0, "exposure_fraction": 1.0, "canonical_time": "15:00", "solar_azimuth_deg": 271.54425686027565, "solar_elevation_deg": 53.21021702250467, "estimated_height_building_count": 3793, "source_type": "derived", "source_reference": "Cached OSM streets intersected with modelled building shadows", "observed_or_estimated": "ESTIMATED", "modelled_or_interpolated": "MODELLED", "timestamp": "2026-10-09T01:39:38.179956+00:00", "assumptions_version": "2026-10-09-prompt-4b-risk-explainability", "computation_mode": "geometric"}, "geometry": {"type": "LineString", "coordinates": [[75.8511287, 22.717937599999992], [75.851159, 22.7180323]]}}, {"id": "38", "type": "Feature", "properties": {"segment_id": "osm-2025020003-6611316218-0", "length_m": 143.11853270615273, "shade_fraction": 0.44776594451549206, "exposure_fraction": 0.552234055484508, "canonical_time": "15:00", "solar_azimuth_deg": 271.54425686027565, "solar_elevation_deg": 53.21021702250467, "estimated_height_building_count": 3793, "source_type": "derived", "source_reference": "Cached OSM streets intersected with modelled building shadows", "observed_or_estimated": "ESTIMATED", "modelled_or_interpolated": "MODELLED", "timestamp": "2026-10-09T01:39:38.179956+00:00", "assumptions_version": "2026-10-09-prompt-4b-risk-explainability", "computation_mode": "geometric"}, "geometry": {"type": "LineString", "coordinates": [[75.8511287, 22.717937599999992], [75.8510792, 22.7178883], [75.8510559, 22.717808400000003], [75.851043, 22.717598299999995], [75.851037, 22.717218], [75.8510191, 22.7166664]]}}, {"id": "39", "type": "Feature", "properties": {"segment_id": "osm-2025020003-3734496680-0", "length_m": 98.3927514501522, "shade_fraction": 0.0, "exposure_fraction": 1.0, "canonical_time": "15:00", "solar_azimuth_deg": 271.54425686027565, "solar_elevation_deg": 53.21021702250467, "estimated_height_building_count": 3793, "source_type": "derived", "source_reference": "Cached OSM streets intersected with modelled building shadows", "observed_or_estimated": "ESTIMATED", "modelled_or_interpolated": "MODELLED", "timestamp": "2026-10-09T01:39:38.179956+00:00", "assumptions_version": "2026-10-09-prompt-4b-risk-explainability", "computation_mode": "geometric"}, "geometry": {"type": "LineString", "coordinates": [[75.8511287, 22.717937599999992], [75.8513458, 22.7178984], [75.8520809, 22.717945600000004]]}}, {"id": "40", "type": "Feature", "properties": {"segment_id": "osm-2025020019-9523322983-0", "length_m": 23.356019349666404, "shade_fraction": 0.0, "exposure_fraction": 1.0, "canonical_time": "15:00", "solar_azimuth_deg": 271.54425686027565, "solar_elevation_deg": 53.21021702250467, "estimated_height_building_count": 3793, "source_type": "derived", "source_reference": "Cached OSM streets intersected with modelled building shadows", "observed_or_estimated": "ESTIMATED", "modelled_or_interpolated": "MODELLED", "timestamp": "2026-10-09T01:39:38.179956+00:00", "assumptions_version": "2026-10-09-prompt-4b-risk-explainability", "computation_mode": "geometric"}, "geometry": {"type": "LineString", "coordinates": [[75.85557, 22.7181452], [75.8555792, 22.717934399999997]]}}, {"id": "41", "type": "Feature", "properties": {"segment_id": "osm-2025020019-2025020021-0", "length_m": 19.51909731638122, "shade_fraction": 0.0, "exposure_fraction": 1.0, "canonical_time": "15:00", "solar_azimuth_deg": 271.54425686027565, "solar_elevation_deg": 53.21021702250467, "estimated_height_building_count": 3793, "source_type": "derived", "source_reference": "Cached OSM streets intersected with modelled building shadows", "observed_or_estimated": "ESTIMATED", "modelled_or_interpolated": "MODELLED", "timestamp": "2026-10-09T01:39:38.179956+00:00", "assumptions_version": "2026-10-09-prompt-4b-risk-explainability", "computation_mode": "geometric"}, "geometry": {"type": "LineString", "coordinates": [[75.85557, 22.7181452], [75.8554789, 22.7181508], [75.8554029, 22.71820930000001]]}}, {"id": "42", "type": "Feature", "properties": {"segment_id": "osm-2025020019-8461059601-0", "length_m": 32.64849986587634, "shade_fraction": 0.0, "exposure_fraction": 1.0, "canonical_time": "15:00", "solar_azimuth_deg": 271.54425686027565, "solar_elevation_deg": 53.21021702250467, "estimated_height_building_count": 3793, "source_type": "derived", "source_reference": "Cached OSM streets intersected with modelled building shadows", "observed_or_estimated": "ESTIMATED", "modelled_or_interpolated": "MODELLED", "timestamp": "2026-10-09T01:39:38.179956+00:00", "assumptions_version": "2026-10-09-prompt-4b-risk-explainability", "computation_mode": "geometric"}, "geometry": {"type": "LineString", "coordinates": [[75.85557, 22.7181452], [75.8556232, 22.718168000000002], [75.8558428, 22.718295900000005]]}}, {"id": "43", "type": "Feature", "properties": {"segment_id": "osm-2025020021-2025020055-0", "length_m": 68.68641329209972, "shade_fraction": 0.0, "exposure_fraction": 1.0, "canonical_time": "15:00", "solar_azimuth_deg": 271.54425686027565, "solar_elevation_deg": 53.21021702250467, "estimated_height_building_count": 3793, "source_type": "derived", "source_reference": "Cached OSM streets intersected with modelled building shadows", "observed_or_estimated": "ESTIMATED", "modelled_or_interpolated": "MODELLED", "timestamp": "2026-10-09T01:39:38.179956+00:00", "assumptions_version": "2026-10-09-prompt-4b-risk-explainability", "computation_mode": "geometric"}, "geometry": {"type": "LineString", "coordinates": [[75.8554029, 22.71820930000001], [75.8553681, 22.7182687], [75.8553533, 22.718366399999997], [75.855352, 22.7184542], [75.8553641, 22.7186113], [75.8553788, 22.71872760000001], [75.855415, 22.71881299999999]]}}, {"id": "44", "type": "Feature", "properties": {"segment_id": "osm-2025020021-2025020019-0", "length_m": 19.51909731638122, "shade_fraction": 0.0, "exposure_fraction": 1.0, "canonical_time": "15:00", "solar_azimuth_deg": 271.54425686027565, "solar_elevation_deg": 53.21021702250467, "estimated_height_building_count": 3793, "source_type": "derived", "source_reference": "Cached OSM streets intersected with modelled building shadows", "observed_or_estimated": "ESTIMATED", "modelled_or_interpolated": "MODELLED", "timestamp": "2026-10-09T01:39:38.179956+00:00", "assumptions_version": "2026-10-09-prompt-4b-risk-explainability", "computation_mode": "geometric"}, "geometry": {"type": "LineString", "coordinates": [[75.8554029, 22.71820930000001], [75.8554789, 22.7181508], [75.85557, 22.7181452]]}}, {"id": "45", "type": "Feature", "properties": {"segment_id": "osm-2025020021-3734496686-0", "length_m": 140.40221853402363, "shade_fraction": 0.0, "exposure_fraction": 1.0, "canonical_time": "15:00", "solar_azimuth_deg": 271.54425686027565, "solar_elevation_deg": 53.21021702250467, "estimated_height_building_count": 3793, "source_type": "derived", "source_reference": "Cached OSM streets intersected with modelled building shadows", "observed_or_estimated": "ESTIMATED", "modelled_or_interpolated": "MODELLED", "timestamp": "2026-10-09T01:39:38.179956+00:00", "assumptions_version": "2026-10-09-prompt-4b-risk-explainability", "computation_mode": "geometric"}, "geometry": {"type": "LineString", "coordinates": [[75.8554029, 22.71820930000001], [75.8553029, 22.7181106], [75.8551934, 22.7180706], [75.8542752, 22.718073399999994], [75.8540906, 22.7180599]]}}, {"id": "46", "type": "Feature", "properties": {"segment_id": "osm-2025020055-2025020057-0", "length_m": 9.458971017261707, "shade_fraction": 0.0, "exposure_fraction": 1.0, "canonical_time": "15:00", "solar_azimuth_deg": 271.54425686027565, "solar_elevation_deg": 53.21021702250467, "estimated_height_building_count": 3793, "source_type": "derived", "source_reference": "Cached OSM streets intersected with modelled building shadows", "observed_or_estimated": "ESTIMATED", "modelled_or_interpolated": "MODELLED", "timestamp": "2026-10-09T01:39:38.179956+00:00", "assumptions_version": "2026-10-09-prompt-4b-risk-explainability", "computation_mode": "geometric"}, "geometry": {"type": "LineString", "coordinates": [[75.855415, 22.71881299999999], [75.8553232, 22.7188199]]}}, {"id": "47", "type": "Feature", "properties": {"segment_id": "osm-2025020055-2025111132-0", "length_m": 32.32487256802033, "shade_fraction": 0.0, "exposure_fraction": 1.0, "canonical_time": "15:00", "solar_azimuth_deg": 271.54425686027565, "solar_elevation_deg": 53.21021702250467, "estimated_height_building_count": 3793, "source_type": "derived", "source_reference": "Cached OSM streets intersected with modelled building shadows", "observed_or_estimated": "ESTIMATED", "modelled_or_interpolated": "MODELLED", "timestamp": "2026-10-09T01:39:38.179956+00:00", "assumptions_version": "2026-10-09-prompt-4b-risk-explainability", "computation_mode": "geometric"}, "geometry": {"type": "LineString", "coordinates": [[75.855415, 22.71881299999999], [75.8554687, 22.718845099999992], [75.8554968, 22.718852599999995], [75.8556644, 22.718887600000002], [75.8557141, 22.7188909]]}}, {"id": "48", "type": "Feature", "properties": {"segment_id": "osm-2025020055-2025020021-0", "length_m": 68.68641329209972, "shade_fraction": 0.0, "exposure_fraction": 1.0, "canonical_time": "15:00", "solar_azimuth_deg": 271.54425686027565, "solar_elevation_deg": 53.21021702250467, "estimated_height_building_count": 3793, "source_type": "derived", "source_reference": "Cached OSM streets intersected with modelled building shadows", "observed_or_estimated": "ESTIMATED", "modelled_or_interpolated": "MODELLED", "timestamp": "2026-10-09T01:39:38.179956+00:00", "assumptions_version": "2026-10-09-prompt-4b-risk-explainability", "computation_mode": "geometric"}, "geometry": {"type": "LineString", "coordinates": [[75.855415, 22.71881299999999], [75.8553788, 22.71872760000001], [75.8553641, 22.7186113], [75.855352, 22.7184542], [75.8553533, 22.718366399999997], [75.8553681, 22.7182687], [75.8554029, 22.71820930000001]]}}, {"id": "49", "type": "Feature", "properties": {"segment_id": "osm-2025020057-2025020055-0", "length_m": 9.458971017261707, "shade_fraction": 0.0, "exposure_fraction": 1.0, "canonical_time": "15:00", "solar_azimuth_deg": 271.54425686027565, "solar_elevation_deg": 53.21021702250467, "estimated_height_building_count": 3793, "source_type": "derived", "source_reference": "Cached OSM streets intersected with modelled building shadows", "observed_or_estimated": "ESTIMATED", "modelled_or_interpolated": "MODELLED", "timestamp": "2026-10-09T01:39:38.179956+00:00", "assumptions_version": "2026-10-09-prompt-4b-risk-explainability", "computation_mode": "geometric"}, "geometry": {"type": "LineString", "coordinates": [[75.8553232, 22.7188199], [75.855415, 22.71881299999999]]}}, {"id": "50", "type": "Feature", "properties": {"segment_id": "osm-2025020057-3734496702-0", "length_m": 41.382508169192874, "shade_fraction": 0.0, "exposure_fraction": 1.0, "canonical_time": "15:00", "solar_azimuth_deg": 271.54425686027565, "solar_elevation_deg": 53.21021702250467, "estimated_height_building_count": 3793, "source_type": "derived", "source_reference": "Cached OSM streets intersected with modelled building shadows", "observed_or_estimated": "ESTIMATED", "modelled_or_interpolated": "MODELLED", "timestamp": "2026-10-09T01:39:38.179956+00:00", "assumptions_version": "2026-10-09-prompt-4b-risk-explainability", "computation_mode": "geometric"}, "geometry": {"type": "LineString", "coordinates": [[75.8553232, 22.7188199], [75.8549209, 22.7188409]]}}, {"id": "51", "type": "Feature", "properties": {"segment_id": "osm-2025020057-3734496723-0", "length_m": 82.57003697592934, "shade_fraction": 0.0, "exposure_fraction": 1.0, "canonical_time": "15:00", "solar_azimuth_deg": 271.54425686027565, "solar_elevation_deg": 53.21021702250467, "estimated_height_building_count": 3793, "source_type": "derived", "source_reference": "Cached OSM streets intersected with modelled building shadows", "observed_or_estimated": "ESTIMATED", "modelled_or_interpolated": "MODELLED", "timestamp": "2026-10-09T01:39:38.179956+00:00", "assumptions_version": "2026-10-09-prompt-4b-risk-explainability", "computation_mode": "geometric"}, "geometry": {"type": "LineString", "coordinates": [[75.8553232, 22.7188199], [75.8553439, 22.7195655]]}}, {"id": "52", "type": "Feature", "properties": {"segment_id": "osm-2025020058-2025111137-0", "length_m": 32.91652656075929, "shade_fraction": 0.0, "exposure_fraction": 1.0, "canonical_time": "15:00", "solar_azimuth_deg": 271.54425686027565, "solar_elevation_deg": 53.21021702250467, "estimated_height_building_count": 3793, "source_type": "derived", "source_reference": "Cached OSM streets intersected with modelled building shadows", "observed_or_estimated": "ESTIMATED", "modelled_or_interpolated": "MODELLED", "timestamp": "2026-10-09T01:39:38.179956+00:00", "assumptions_version": "2026-10-09-prompt-4b-risk-explainability", "computation_mode": "geometric"}, "geometry": {"type": "LineString", "coordinates": [[75.8558247, 22.7188501], [75.8561067, 22.7189914]]}}, {"id": "53", "type": "Feature", "properties": {"segment_id": "osm-2025020058-8461059601-0", "length_m": 62.81290576833748, "shade_fraction": 0.0, "exposure_fraction": 1.0, "canonical_time": "15:00", "solar_azimuth_deg": 271.54425686027565, "solar_elevation_deg": 53.21021702250467, "estimated_height_building_count": 3793, "source_type": "derived", "source_reference": "Cached OSM streets intersected with modelled building shadows", "observed_or_estimated": "ESTIMATED", "modelled_or_interpolated": "MODELLED", "timestamp": "2026-10-09T01:39:38.179956+00:00", "assumptions_version": "2026-10-09-prompt-4b-risk-explainability", "computation_mode": "geometric"}, "geometry": {"type": "LineString", "coordinates": [[75.8558247, 22.7188501], [75.8558321, 22.718826599999993], [75.85586830000001, 22.7187437], [75.8558777, 22.7186781], [75.8558817, 22.718440600000008], [75.85586830000001, 22.7183627], [75.8558428, 22.718295900000005]]}}, {"id": "54", "type": "Feature", "properties": {"segment_id": "osm-2025020058-2025111132-0", "length_m": 12.624050488228187, "shade_fraction": 0.0, "exposure_fraction": 1.0, "canonical_time": "15:00", "solar_azimuth_deg": 271.54425686027565, "solar_elevation_deg": 53.21021702250467, "estimated_height_building_count": 3793, "source_type": "derived", "source_reference": "Cached OSM streets intersected with modelled building shadows", "observed_or_estimated": "ESTIMATED", "modelled_or_interpolated": "MODELLED", "timestamp": "2026-10-09T01:39:38.179956+00:00", "assumptions_version": "2026-10-09-prompt-4b-risk-explainability", "computation_mode": "geometric"}, "geometry": {"type": "LineString", "coordinates": [[75.8558247, 22.7188501], [75.8557865, 22.718879199999996], [75.8557141, 22.7188909]]}}, {"id": "55", "type": "Feature", "properties": {"segment_id": "osm-2025020069-8461125292-0", "length_m": 29.321185635213848, "shade_fraction": 0.0, "exposure_fraction": 1.0, "canonical_time": "15:00", "solar_azimuth_deg": 271.54425686027565, "solar_elevation_deg": 53.21021702250467, "estimated_height_building_count": 3793, "source_type": "derived", "source_reference": "Cached OSM streets intersected with modelled building shadows", "observed_or_estimated": "ESTIMATED", "modelled_or_interpolated": "MODELLED", "timestamp": "2026-10-09T01:39:38.179956+00:00", "assumptions_version": "2026-10-09-prompt-4b-risk-explainability", "computation_mode": "geometric"}, "geometry": {"type": "LineString", "coordinates": [[75.859207, 22.718886200000007], [75.8589669, 22.7190295]]}}, {"id": "56", "type": "Feature", "properties": {"segment_id": "osm-2025020069-9526164258-0", "length_m": 12.678551935726505, "shade_fraction": 0.0, "exposure_fraction": 1.0, "canonical_time": "15:00", "solar_azimuth_deg": 271.54425686027565, "solar_elevation_deg": 53.21021702250467, "estimated_height_building_count": 3793, "source_type": "derived", "source_reference": "Cached OSM streets intersected with modelled building shadows", "observed_or_estimated": "ESTIMATED", "modelled_or_interpolated": "MODELLED", "timestamp": "2026-10-09T01:39:38.179956+00:00", "assumptions_version": "2026-10-09-prompt-4b-risk-explainability", "computation_mode": "geometric"}, "geometry": {"type": "LineString", "coordinates": [[75.859207, 22.718886200000007], [75.8590843, 22.718873600000006]]}}, {"id": "57", "type": "Feature", "properties": {"segment_id": "osm-2025020069-2025111095-0", "length_m": 61.10699725476255, "shade_fraction": 0.0, "exposure_fraction": 1.0, "canonical_time": "15:00", "solar_azimuth_deg": 271.54425686027565, "solar_elevation_deg": 53.21021702250467, "estimated_height_building_count": 3793, "source_type": "derived", "source_reference": "Cached OSM streets intersected with modelled building shadows", "observed_or_estimated": "ESTIMATED", "modelled_or_interpolated": "MODELLED", "timestamp": "2026-10-09T01:39:38.179956+00:00", "assumptions_version": "2026-10-09-prompt-4b-risk-explainability", "computation_mode": "geometric"}, "geometry": {"type": "LineString", "coordinates": [[75.859207, 22.718886200000007], [75.8592568, 22.7188365], [75.8592866, 22.718779199999997], [75.8593047, 22.7187279], [75.8594098, 22.718459800000005], [75.8594424, 22.7183844]]}}, {"id": "58", "type": "Feature", "properties": {"segment_id": "osm-2025020078-3734496707-0", "length_m": 23.01582300193119, "shade_fraction": 0.0, "exposure_fraction": 1.0, "canonical_time": "15:00", "solar_azimuth_deg": 271.54425686027565, "solar_elevation_deg": 53.21021702250467, "estimated_height_building_count": 3793, "source_type": "derived", "source_reference": "Cached OSM streets intersected with modelled building shadows", "observed_or_estimated": "ESTIMATED", "modelled_or_interpolated": "MODELLED", "timestamp": "2026-10-09T01:39:38.179956+00:00", "assumptions_version": "2026-10-09-prompt-4b-risk-explainability", "computation_mode": "geometric"}, "geometry": {"type": "LineString", "coordinates": [[75.8510731, 22.719129999999993], [75.8508491, 22.719136299999988]]}}, {"id": "59", "type": "Feature", "properties": {"segment_id": "osm-2025020078-3734496685-0", "length_m": 121.8420606191732, "shade_fraction": 0.0, "exposure_fraction": 1.0, "canonical_time": "15:00", "solar_azimuth_deg": 271.54425686027565, "solar_elevation_deg": 53.21021702250467, "estimated_height_building_count": 3793, "source_type": "derived", "source_reference": "Cached OSM streets intersected with modelled building shadows", "observed_or_estimated": "ESTIMATED", "modelled_or_interpolated": "MODELLED", "timestamp": "2026-10-09T01:39:38.179956+00:00", "assumptions_version": "2026-10-09-prompt-4b-risk-explainability", "computation_mode": "geometric"}, "geometry": {"type": "LineString", "coordinates": [[75.8510731, 22.719129999999993], [75.851159, 22.7180323]]}}, {"id": "60", "type": "Feature", "properties": {"segment_id": "osm-2025020078-3734496706-0", "length_m": 109.46878225506524, "shade_fraction": 0.0, "exposure_fraction": 1.0, "canonical_time": "15:00", "solar_azimuth_deg": 271.54425686027565, "solar_elevation_deg": 53.21021702250467, "estimated_height_building_count": 3793, "source_type": "derived", "source_reference": "Cached OSM streets intersected with modelled building shadows", "observed_or_estimated": "ESTIMATED", "modelled_or_interpolated": "MODELLED", "timestamp": "2026-10-09T01:39:38.179956+00:00", "assumptions_version": "2026-10-09-prompt-4b-risk-explainability", "computation_mode": "geometric"}, "geometry": {"type": "LineString", "coordinates": [[75.8510731, 22.719129999999993], [75.8517821, 22.719104699999995], [75.8521384, 22.719098499999994]]}}, {"id": "61", "type": "Feature", "properties": {"segment_id": "osm-2025020078-3734496839-0", "length_m": 66.52832980112417, "shade_fraction": 0.3060888582363625, "exposure_fraction": 0.6939111417636374, "canonical_time": "15:00", "solar_azimuth_deg": 271.54425686027565, "solar_elevation_deg": 53.21021702250467, "estimated_height_building_count": 3793, "source_type": "derived", "source_reference": "Cached OSM streets intersected with modelled building shadows", "observed_or_estimated": "ESTIMATED", "modelled_or_interpolated": "MODELLED", "timestamp": "2026-10-09T01:39:38.179956+00:00", "assumptions_version": "2026-10-09-prompt-4b-risk-explainability", "computation_mode": "geometric"}, "geometry": {"type": "LineString", "coordinates": [[75.8510731, 22.719129999999993], [75.8510656, 22.7192811], [75.8510602, 22.719428399999995], [75.851018, 22.7195845], [75.8509629, 22.71971630000001]]}}, {"id": "62", "type": "Feature", "properties": {"segment_id": "osm-2025020116-8460513407-0", "length_m": 26.803993387972945, "shade_fraction": 0.0, "exposure_fraction": 1.0, "canonical_time": "15:00", "solar_azimuth_deg": 271.54425686027565, "solar_elevation_deg": 53.21021702250467, "estimated_height_building_count": 3793, "source_type": "derived", "source_reference": "Cached OSM streets intersected with modelled building shadows", "observed_or_estimated": "ESTIMATED", "modelled_or_interpolated": "MODELLED", "timestamp": "2026-10-09T01:39:38.179956+00:00", "assumptions_version": "2026-10-09-prompt-4b-risk-explainability", "computation_mode": "geometric"}, "geometry": {"type": "LineString", "coordinates": [[75.8588112, 22.719886199999994], [75.8590704, 22.7199145]]}}, {"id": "63", "type": "Feature", "properties": {"segment_id": "osm-2025020116-8461125324-0", "length_m": 21.79043624884235, "shade_fraction": 0.0, "exposure_fraction": 1.0, "canonical_time": "15:00", "solar_azimuth_deg": 271.54425686027565, "solar_elevation_deg": 53.21021702250467, "estimated_height_building_count": 3793, "source_type": "derived", "source_reference": "Cached OSM streets intersected with modelled building shadows", "observed_or_estimated": "ESTIMATED", "modelled_or_interpolated": "MODELLED", "timestamp": "2026-10-09T01:39:38.179956+00:00", "assumptions_version": "2026-10-09-prompt-4b-risk-explainability", "computation_mode": "geometric"}, "geometry": {"type": "LineString", "coordinates": [[75.8588112, 22.719886199999994], [75.8586033, 22.71984689999999]]}}, {"id": "64", "type": "Feature", "properties": {"segment_id": "osm-2025020116-7010384308-0", "length_m": 43.98748471800382, "shade_fraction": 0.0, "exposure_fraction": 1.0, "canonical_time": "15:00", "solar_azimuth_deg": 271.54425686027565, "solar_elevation_deg": 53.21021702250467, "estimated_height_building_count": 3793, "source_type": "derived", "source_reference": "Cached OSM streets intersected with modelled building shadows", "observed_or_estimated": "ESTIMATED", "modelled_or_interpolated": "MODELLED", "timestamp": "2026-10-09T01:39:38.179956+00:00", "assumptions_version": "2026-10-09-prompt-4b-risk-explainability", "computation_mode": "geometric"}, "geometry": {"type": "LineString", "coordinates": [[75.8588112, 22.719886199999994], [75.8587651, 22.719807599999996], [75.8587383, 22.7197234], [75.8587195, 22.7196282], [75.8587012, 22.7195061]]}}, {"id": "65", "type": "Feature", "properties": {"segment_id": "osm-2025020163-2025111319-0", "length_m": 11.009184997764821, "shade_fraction": 0.0, "exposure_fraction": 1.0, "canonical_time": "15:00", "solar_azimuth_deg": 271.54425686027565, "solar_elevation_deg": 53.21021702250467, "estimated_height_building_count": 3793, "source_type": "derived", "source_reference": "Cached OSM streets intersected with modelled building shadows", "observed_or_estimated": "ESTIMATED", "modelled_or_interpolated": "MODELLED", "timestamp": "2026-10-09T01:39:38.179956+00:00", "assumptions_version": "2026-10-09-prompt-4b-risk-explainability", "computation_mode": "geometric"}, "geometry": {"type": "LineString", "coordinates": [[75.8588415, 22.7216891], [75.8589484, 22.721681700000005]]}}, {"id": "66", "type": "Feature", "properties": {"segment_id": "osm-2025020163-8461125318-0", "length_m": 92.8822537045861, "shade_fraction": 0.0, "exposure_fraction": 1.0, "canonical_time": "15:00", "solar_azimuth_deg": 271.54425686027565, "solar_elevation_deg": 53.21021702250467, "estimated_height_building_count": 3793, "source_type": "derived", "source_reference": "Cached OSM streets intersected with modelled building shadows", "observed_or_estimated": "ESTIMATED", "modelled_or_interpolated": "MODELLED", "timestamp": "2026-10-09T01:39:38.179956+00:00", "assumptions_version": "2026-10-09-prompt-4b-risk-explainability", "computation_mode": "geometric"}, "geometry": {"type": "LineString", "coordinates": [[75.8588415, 22.7216891], [75.85875440000001, 22.7215493], [75.85870740000001, 22.721465199999994], [75.8586538, 22.721352599999992], [75.8586109, 22.72120909999999], [75.8585465, 22.7210211], [75.8585224, 22.72090979999999]]}}, {"id": "67", "type": "Feature", "properties": {"segment_id": "osm-2025110922-2027131426-0", "length_m": 38.7440410469487, "shade_fraction": 0.0, "exposure_fraction": 1.0, "canonical_time": "15:00", "solar_azimuth_deg": 271.54425686027565, "solar_elevation_deg": 53.21021702250467, "estimated_height_building_count": 3793, "source_type": "derived", "source_reference": "Cached OSM streets intersected with modelled building shadows", "observed_or_estimated": "ESTIMATED", "modelled_or_interpolated": "MODELLED", "timestamp": "2026-10-09T01:39:38.179956+00:00", "assumptions_version": "2026-10-09-prompt-4b-risk-explainability", "computation_mode": "geometric"}, "geometry": {"type": "LineString", "coordinates": [[75.8577703, 22.713716099999992], [75.8577821, 22.714065899999994]]}}, {"id": "68", "type": "Feature", "properties": {"segment_id": "osm-2025110922-2027131406-0", "length_m": 52.92122520882901, "shade_fraction": 0.0, "exposure_fraction": 1.0, "canonical_time": "15:00", "solar_azimuth_deg": 271.54425686027565, "solar_elevation_deg": 53.21021702250467, "estimated_height_building_count": 3793, "source_type": "derived", "source_reference": "Cached OSM streets intersected with modelled building shadows", "observed_or_estimated": "ESTIMATED", "modelled_or_interpolated": "MODELLED", "timestamp": "2026-10-09T01:39:38.179956+00:00", "assumptions_version": "2026-10-09-prompt-4b-risk-explainability", "computation_mode": "geometric"}, "geometry": {"type": "LineString", "coordinates": [[75.8577703, 22.713716099999992], [75.8575514, 22.713780699999997], [75.8572662, 22.713794]]}}, {"id": "69", "type": "Feature", "properties": {"segment_id": "osm-2025110922-8461121384-0", "length_m": 50.14433774484731, "shade_fraction": 0.0, "exposure_fraction": 1.0, "canonical_time": "15:00", "solar_azimuth_deg": 271.54425686027565, "solar_elevation_deg": 53.21021702250467, "estimated_height_building_count": 3793, "source_type": "derived", "source_reference": "Cached OSM streets intersected with modelled building shadows", "observed_or_estimated": "ESTIMATED", "modelled_or_interpolated": "MODELLED", "timestamp": "2026-10-09T01:39:38.179956+00:00", "assumptions_version": "2026-10-09-prompt-4b-risk-explainability", "computation_mode": "geometric"}, "geometry": {"type": "LineString", "coordinates": [[75.8577703, 22.713716099999992], [75.8578831, 22.713682800000004], [75.8582104, 22.713523]]}}, {"id": "70", "type": "Feature", "properties": {"segment_id": "osm-2025110932-8460772828-0", "length_m": 18.175340161303797, "shade_fraction": 0.0, "exposure_fraction": 1.0, "canonical_time": "15:00", "solar_azimuth_deg": 271.54425686027565, "solar_elevation_deg": 53.21021702250467, "estimated_height_building_count": 3793, "source_type": "derived", "source_reference": "Cached OSM streets intersected with modelled building shadows", "observed_or_estimated": "ESTIMATED", "modelled_or_interpolated": "MODELLED", "timestamp": "2026-10-09T01:39:38.179956+00:00", "assumptions_version": "2026-10-09-prompt-4b-risk-explainability", "computation_mode": "geometric"}, "geometry": {"type": "LineString", "coordinates": [[75.8566025, 22.715084799999996], [75.8565451, 22.71524009999999]]}}, {"id": "71", "type": "Feature", "properties": {"segment_id": "osm-2025110932-2027131489-0", "length_m": 36.59785675659787, "shade_fraction": 0.0, "exposure_fraction": 1.0, "canonical_time": "15:00", "solar_azimuth_deg": 271.54425686027565, "solar_elevation_deg": 53.21021702250467, "estimated_height_building_count": 3793, "source_type": "derived", "source_reference": "Cached OSM streets intersected with modelled building shadows", "observed_or_estimated": "ESTIMATED", "modelled_or_interpolated": "MODELLED", "timestamp": "2026-10-09T01:39:38.179956+00:00", "assumptions_version": "2026-10-09-prompt-4b-risk-explainability", "computation_mode": "geometric"}, "geometry": {"type": "LineString", "coordinates": [[75.8566025, 22.715084799999996], [75.8569371, 22.715198499999996]]}}, {"id": "72", "type": "Feature", "properties": {"segment_id": "osm-2025110932-2025019791-0", "length_m": 119.94555532143524, "shade_fraction": 0.1641306122398648, "exposure_fraction": 0.8358693877601352, "canonical_time": "15:00", "solar_azimuth_deg": 271.54425686027565, "solar_elevation_deg": 53.21021702250467, "estimated_height_building_count": 3793, "source_type": "derived", "source_reference": "Cached OSM streets intersected with modelled building shadows", "observed_or_estimated": "ESTIMATED", "modelled_or_interpolated": "MODELLED", "timestamp": "2026-10-09T01:39:38.179956+00:00", "assumptions_version": "2026-10-09-prompt-4b-risk-explainability", "computation_mode": "geometric"}, "geometry": {"type": "LineString", "coordinates": [[75.8566025, 22.715084799999996], [75.856659, 22.714711699999995], [75.8566251, 22.71420149999999], [75.85658640000001, 22.7140093]]}}, {"id": "73", "type": "Feature", "properties": {"segment_id": "osm-2025110981-8461150029-0", "length_m": 57.651476785067935, "shade_fraction": 0.35097227622014227, "exposure_fraction": 0.6490277237798577, "canonical_time": "15:00", "solar_azimuth_deg": 271.54425686027565, "solar_elevation_deg": 53.21021702250467, "estimated_height_building_count": 3793, "source_type": "derived", "source_reference": "Cached OSM streets intersected with modelled building shadows", "observed_or_estimated": "ESTIMATED", "modelled_or_interpolated": "MODELLED", "timestamp": "2026-10-09T01:39:38.179956+00:00", "assumptions_version": "2026-10-09-prompt-4b-risk-explainability", "computation_mode": "geometric"}, "geometry": {"type": "LineString", "coordinates": [[75.8568435, 22.7166874], [75.856789, 22.7172057]]}}, {"id": "74", "type": "Feature", "properties": {"segment_id": "osm-2025110981-2025019943-0", "length_m": 105.90723860998281, "shade_fraction": 0.14968864965474127, "exposure_fraction": 0.8503113503452587, "canonical_time": "15:00", "solar_azimuth_deg": 271.54425686027565, "solar_elevation_deg": 53.21021702250467, "estimated_height_building_count": 3793, "source_type": "derived", "source_reference": "Cached OSM streets intersected with modelled building shadows", "observed_or_estimated": "ESTIMATED", "modelled_or_interpolated": "MODELLED", "timestamp": "2026-10-09T01:39:38.179956+00:00", "assumptions_version": "2026-10-09-prompt-4b-risk-explainability", "computation_mode": "geometric"}, "geometry": {"type": "LineString", "coordinates": [[75.8568435, 22.7166874], [75.8576332, 22.716718600000007], [75.8576651, 22.716497199999992]]}}, {"id": "75", "type": "Feature", "properties": {"segment_id": "osm-2025110981-2025019941-0", "length_m": 61.758078049191475, "shade_fraction": 0.2191116500212357, "exposure_fraction": 0.7808883499787643, "canonical_time": "15:00", "solar_azimuth_deg": 271.54425686027565, "solar_elevation_deg": 53.21021702250467, "estimated_height_building_count": 3793, "source_type": "derived", "source_reference": "Cached OSM streets intersected with modelled building shadows", "observed_or_estimated": "ESTIMATED", "modelled_or_interpolated": "MODELLED", "timestamp": "2026-10-09T01:39:38.179956+00:00", "assumptions_version": "2026-10-09-prompt-4b-risk-explainability", "computation_mode": "geometric"}, "geometry": {"type": "LineString", "coordinates": [[75.8568435, 22.7166874], [75.8564812, 22.716667899999994], [75.8565036, 22.716447699999996]]}}, {"id": "76", "type": "Feature", "properties": {"segment_id": "osm-2025110993-8477820369-0", "length_m": 96.10542893678664, "shade_fraction": 0.0, "exposure_fraction": 1.0, "canonical_time": "15:00", "solar_azimuth_deg": 271.54425686027565, "solar_elevation_deg": 53.21021702250467, "estimated_height_building_count": 3793, "source_type": "derived", "source_reference": "Cached OSM streets intersected with modelled building shadows", "observed_or_estimated": "ESTIMATED", "modelled_or_interpolated": "MODELLED", "timestamp": "2026-10-09T01:39:38.179956+00:00", "assumptions_version": "2026-10-09-prompt-4b-risk-explainability", "computation_mode": "geometric"}, "geometry": {"type": "LineString", "coordinates": [[75.8581831, 22.716914799999998], [75.8586659, 22.71699200000001], [75.8587906, 22.7170143], [75.8588268, 22.7170279], [75.8588482, 22.717048899999995], [75.8588563, 22.7170762], [75.8588174, 22.71727529999999]]}}, {"id": "77", "type": "Feature", "properties": {"segment_id": "osm-2025110993-2025111027-0", "length_m": 60.7252946002347, "shade_fraction": 0.0, "exposure_fraction": 1.0, "canonical_time": "15:00", "solar_azimuth_deg": 271.54425686027565, "solar_elevation_deg": 53.21021702250467, "estimated_height_building_count": 3793, "source_type": "derived", "source_reference": "Cached OSM streets intersected with modelled building shadows", "observed_or_estimated": "ESTIMATED", "modelled_or_interpolated": "MODELLED", "timestamp": "2026-10-09T01:39:38.179956+00:00", "assumptions_version": "2026-10-09-prompt-4b-risk-explainability", "computation_mode": "geometric"}, "geometry": {"type": "LineString", "coordinates": [[75.8581831, 22.716914799999998], [75.8581844, 22.71699569999999], [75.8581603, 22.717082299999998], [75.8580192, 22.717437099999994]]}}, {"id": "78", "type": "Feature", "properties": {"segment_id": "osm-2025110993-2025019935-0", "length_m": 51.340114736634646, "shade_fraction": 0.0, "exposure_fraction": 1.0, "canonical_time": "15:00", "solar_azimuth_deg": 271.54425686027565, "solar_elevation_deg": 53.21021702250467, "estimated_height_building_count": 3793, "source_type": "derived", "source_reference": "Cached OSM streets intersected with modelled building shadows", "observed_or_estimated": "ESTIMATED", "modelled_or_interpolated": "MODELLED", "timestamp": "2026-10-09T01:39:38.179956+00:00", "assumptions_version": "2026-10-09-prompt-4b-risk-explainability", "computation_mode": "geometric"}, "geometry": {"type": "LineString", "coordinates": [[75.8581831, 22.716914799999998], [75.858171, 22.716844800000008], [75.8580248, 22.7164761]]}}, {"id": "79", "type": "Feature", "properties": {"segment_id": "osm-2025111019-2025111022-0", "length_m": 76.25143899237304, "shade_fraction": 0.006885919781423693, "exposure_fraction": 0.9931140802185763, "canonical_time": "15:00", "solar_azimuth_deg": 271.54425686027565, "solar_elevation_deg": 53.21021702250467, "estimated_height_building_count": 3793, "source_type": "derived", "source_reference": "Cached OSM streets intersected with modelled building shadows", "observed_or_estimated": "ESTIMATED", "modelled_or_interpolated": "MODELLED", "timestamp": "2026-10-09T01:39:38.179956+00:00", "assumptions_version": "2026-10-09-prompt-4b-risk-explainability", "computation_mode": "geometric"}, "geometry": {"type": "LineString", "coordinates": [[75.8560344, 22.717306100000005], [75.8567766, 22.717323700000012]]}}, {"id": "80", "type": "Feature", "properties": {"segment_id": "osm-2025111019-2025111085-0", "length_m": 105.92275012556834, "shade_fraction": 0.8090009992705658, "exposure_fraction": 0.1909990007294342, "canonical_time": "15:00", "solar_azimuth_deg": 271.54425686027565, "solar_elevation_deg": 53.21021702250467, "estimated_height_building_count": 3793, "source_type": "derived", "source_reference": "Cached OSM streets intersected with modelled building shadows", "observed_or_estimated": "ESTIMATED", "modelled_or_interpolated": "MODELLED", "timestamp": "2026-10-09T01:39:38.179956+00:00", "assumptions_version": "2026-10-09-prompt-4b-risk-explainability", "computation_mode": "geometric"}, "geometry": {"type": "LineString", "coordinates": [[75.8560344, 22.717306100000005], [75.85593460000001, 22.718258399999996]]}}, {"id": "81", "type": "Feature", "properties": {"segment_id": "osm-2025111019-8474365287-0", "length_m": 47.314049873156115, "shade_fraction": 0.3363141265421603, "exposure_fraction": 0.6636858734578397, "canonical_time": "15:00", "solar_azimuth_deg": 271.54425686027565, "solar_elevation_deg": 53.21021702250467, "estimated_height_building_count": 3793, "source_type": "derived", "source_reference": "Cached OSM streets intersected with modelled building shadows", "observed_or_estimated": "ESTIMATED", "modelled_or_interpolated": "MODELLED", "timestamp": "2026-10-09T01:39:38.179956+00:00", "assumptions_version": "2026-10-09-prompt-4b-risk-explainability", "computation_mode": "geometric"}, "geometry": {"type": "LineString", "coordinates": [[75.8560344, 22.717306100000005], [75.8560755, 22.7169502], [75.8560907, 22.7168822]]}}, {"id": "82", "type": "Feature", "properties": {"segment_id": "osm-2025111022-8461150029-0", "length_m": 13.125281992276546, "shade_fraction": 0.0, "exposure_fraction": 1.0, "canonical_time": "15:00", "solar_azimuth_deg": 271.54425686027565, "solar_elevation_deg": 53.21021702250467, "estimated_height_building_count": 3793, "source_type": "derived", "source_reference": "Cached OSM streets intersected with modelled building shadows", "observed_or_estimated": "ESTIMATED", "modelled_or_interpolated": "MODELLED", "timestamp": "2026-10-09T01:39:38.179956+00:00", "assumptions_version": "2026-10-09-prompt-4b-risk-explainability", "computation_mode": "geometric"}, "geometry": {"type": "LineString", "coordinates": [[75.8567766, 22.717323700000012], [75.856789, 22.7172057]]}}, {"id": "83", "type": "Feature", "properties": {"segment_id": "osm-2025111022-2025111019-0", "length_m": 76.25143899237304, "shade_fraction": 0.006885919781423693, "exposure_fraction": 0.9931140802185763, "canonical_time": "15:00", "solar_azimuth_deg": 271.54425686027565, "solar_elevation_deg": 53.21021702250467, "estimated_height_building_count": 3793, "source_type": "derived", "source_reference": "Cached OSM streets intersected with modelled building shadows", "observed_or_estimated": "ESTIMATED", "modelled_or_interpolated": "MODELLED", "timestamp": "2026-10-09T01:39:38.179956+00:00", "assumptions_version": "2026-10-09-prompt-4b-risk-explainability", "computation_mode": "geometric"}, "geometry": {"type": "LineString", "coordinates": [[75.8567766, 22.717323700000012], [75.8560344, 22.717306100000005]]}}, {"id": "84", "type": "Feature", "properties": {"segment_id": "osm-2025111022-2025111070-0", "length_m": 86.73186965555857, "shade_fraction": 0.25081259933672334, "exposure_fraction": 0.7491874006632766, "canonical_time": "15:00", "solar_azimuth_deg": 271.54425686027565, "solar_elevation_deg": 53.21021702250467, "estimated_height_building_count": 3793, "source_type": "derived", "source_reference": "Cached OSM streets intersected with modelled building shadows", "observed_or_estimated": "ESTIMATED", "modelled_or_interpolated": "MODELLED", "timestamp": "2026-10-09T01:39:38.179956+00:00", "assumptions_version": "2026-10-09-prompt-4b-risk-explainability", "computation_mode": "geometric"}, "geometry": {"type": "LineString", "coordinates": [[75.8567766, 22.717323700000012], [75.8568807, 22.7177305], [75.8570123, 22.718048099999994], [75.8570338, 22.7180633]]}}, {"id": "85", "type": "Feature", "properties": {"segment_id": "osm-2025111027-2025111033-0", "length_m": 38.520458502117876, "shade_fraction": 0.0, "exposure_fraction": 1.0, "canonical_time": "15:00", "solar_azimuth_deg": 271.54425686027565, "solar_elevation_deg": 53.21021702250467, "estimated_height_building_count": 3793, "source_type": "derived", "source_reference": "Cached OSM streets intersected with modelled building shadows", "observed_or_estimated": "ESTIMATED", "modelled_or_interpolated": "MODELLED", "timestamp": "2026-10-09T01:39:38.179956+00:00", "assumptions_version": "2026-10-09-prompt-4b-risk-explainability", "computation_mode": "geometric"}, "geometry": {"type": "LineString", "coordinates": [[75.8580192, 22.717437099999994], [75.8583805, 22.717530499999995]]}}, {"id": "86", "type": "Feature", "properties": {"segment_id": "osm-2025111027-2025111048-0", "length_m": 32.36576618541515, "shade_fraction": 0.0, "exposure_fraction": 1.0, "canonical_time": "15:00", "solar_azimuth_deg": 271.54425686027565, "solar_elevation_deg": 53.21021702250467, "estimated_height_building_count": 3793, "source_type": "derived", "source_reference": "Cached OSM streets intersected with modelled building shadows", "observed_or_estimated": "ESTIMATED", "modelled_or_interpolated": "MODELLED", "timestamp": "2026-10-09T01:39:38.179956+00:00", "assumptions_version": "2026-10-09-prompt-4b-risk-explainability", "computation_mode": "geometric"}, "geometry": {"type": "LineString", "coordinates": [[75.8580192, 22.717437099999994], [75.8579311, 22.717717799999992]]}}, {"id": "87", "type": "Feature", "properties": {"segment_id": "osm-2025111027-2025110993-0", "length_m": 60.7252946002347, "shade_fraction": 0.0, "exposure_fraction": 1.0, "canonical_time": "15:00", "solar_azimuth_deg": 271.54425686027565, "solar_elevation_deg": 53.21021702250467, "estimated_height_building_count": 3793, "source_type": "derived", "source_reference": "Cached OSM streets intersected with modelled building shadows", "observed_or_estimated": "ESTIMATED", "modelled_or_interpolated": "MODELLED", "timestamp": "2026-10-09T01:39:38.179956+00:00", "assumptions_version": "2026-10-09-prompt-4b-risk-explainability", "computation_mode": "geometric"}, "geometry": {"type": "LineString", "coordinates": [[75.8580192, 22.717437099999994], [75.8581603, 22.717082299999998], [75.8581844, 22.71699569999999], [75.8581831, 22.716914799999998]]}}, {"id": "88", "type": "Feature", "properties": {"segment_id": "osm-2025111033-2025111027-0", "length_m": 38.520458502117876, "shade_fraction": 0.0, "exposure_fraction": 1.0, "canonical_time": "15:00", "solar_azimuth_deg": 271.54425686027565, "solar_elevation_deg": 53.21021702250467, "estimated_height_building_count": 3793, "source_type": "derived", "source_reference": "Cached OSM streets intersected with modelled building shadows", "observed_or_estimated": "ESTIMATED", "modelled_or_interpolated": "MODELLED", "timestamp": "2026-10-09T01:39:38.179956+00:00", "assumptions_version": "2026-10-09-prompt-4b-risk-explainability", "computation_mode": "geometric"}, "geometry": {"type": "LineString", "coordinates": [[75.8583805, 22.717530499999995], [75.8580192, 22.717437099999994]]}}, {"id": "89", "type": "Feature", "properties": {"segment_id": "osm-2025111040-2025111048-0", "length_m": 17.576324318410204, "shade_fraction": 0.0, "exposure_fraction": 1.0, "canonical_time": "15:00", "solar_azimuth_deg": 271.54425686027565, "solar_elevation_deg": 53.21021702250467, "estimated_height_building_count": 3793, "source_type": "derived", "source_reference": "Cached OSM streets intersected with modelled building shadows", "observed_or_estimated": "ESTIMATED", "modelled_or_interpolated": "MODELLED", "timestamp": "2026-10-09T01:39:38.179956+00:00", "assumptions_version": "2026-10-09-prompt-4b-risk-explainability", "computation_mode": "geometric"}, "geometry": {"type": "LineString", "coordinates": [[75.8577686, 22.717668], [75.8579311, 22.717717799999992]]}}, {"id": "90", "type": "Feature", "properties": {"segment_id": "osm-2025111040-2025111070-0", "length_m": 88.08565910306282, "shade_fraction": 0.2658465379734935, "exposure_fraction": 0.7341534620265064, "canonical_time": "15:00", "solar_azimuth_deg": 271.54425686027565, "solar_elevation_deg": 53.21021702250467, "estimated_height_building_count": 3793, "source_type": "derived", "source_reference": "Cached OSM streets intersected with modelled building shadows", "observed_or_estimated": "ESTIMATED", "modelled_or_interpolated": "MODELLED", "timestamp": "2026-10-09T01:39:38.179956+00:00", "assumptions_version": "2026-10-09-prompt-4b-risk-explainability", "computation_mode": "geometric"}, "geometry": {"type": "LineString", "coordinates": [[75.8577686, 22.717668], [75.8576501, 22.71776], [75.8574112, 22.717923099999993], [75.8570338, 22.7180633]]}}, {"id": "91", "type": "Feature", "properties": {"segment_id": "osm-2025111040-8461150029-0", "length_m": 125.32476644396613, "shade_fraction": 0.27616431023401933, "exposure_fraction": 0.7238356897659807, "canonical_time": "15:00", "solar_azimuth_deg": 271.54425686027565, "solar_elevation_deg": 53.21021702250467, "estimated_height_building_count": 3793, "source_type": "derived", "source_reference": "Cached OSM streets intersected with modelled building shadows", "observed_or_estimated": "ESTIMATED", "modelled_or_interpolated": "MODELLED", "timestamp": "2026-10-09T01:39:38.179956+00:00", "assumptions_version": "2026-10-09-prompt-4b-risk-explainability", "computation_mode": "geometric"}, "geometry": {"type": "LineString", "coordinates": [[75.8577686, 22.717668], [75.8577244, 22.717624199999996], [75.85768550000002, 22.717603100000005], [75.8576754, 22.7175951], [75.8576386, 22.717581500000005], [75.8575775, 22.717574099999997], [75.8575299, 22.7175735], [75.8574924, 22.71757649999999], [75.85746690000002, 22.717568499999995], [75.8574454, 22.717533199999988], [75.8573838, 22.717384199999994], [75.857361, 22.717334700000002], [75.8573288, 22.717307499999993], [75.8572483, 22.7172926], [75.857133, 22.717295099999994], [75.8570793, 22.717275299999994], [75.857023, 22.717245599999995], [75.8569801, 22.71721349999999], [75.8568916, 22.717205999999997], [75.856789, 22.7172057]]}}, {"id": "92", "type": "Feature", "properties": {"segment_id": "osm-2025111041-1807247763-0", "length_m": 34.58059412768449, "shade_fraction": 0.0, "exposure_fraction": 1.0, "canonical_time": "15:00", "solar_azimuth_deg": 271.54425686027565, "solar_elevation_deg": 53.21021702250467, "estimated_height_building_count": 3793, "source_type": "derived", "source_reference": "Cached OSM streets intersected with modelled building shadows", "observed_or_estimated": "ESTIMATED", "modelled_or_interpolated": "MODELLED", "timestamp": "2026-10-09T01:39:38.179956+00:00", "assumptions_version": "2026-10-09-prompt-4b-risk-explainability", "computation_mode": "geometric"}, "geometry": {"type": "LineString", "coordinates": [[75.8585289, 22.7176706], [75.8585701, 22.717777400000003], [75.8585848, 22.717905], [75.8585841, 22.717975599999992]]}}, {"id": "93", "type": "Feature", "properties": {"segment_id": "osm-2025111048-2025111040-0", "length_m": 17.576324318410204, "shade_fraction": 0.0, "exposure_fraction": 1.0, "canonical_time": "15:00", "solar_azimuth_deg": 271.54425686027565, "solar_elevation_deg": 53.21021702250467, "estimated_height_building_count": 3793, "source_type": "derived", "source_reference": "Cached OSM streets intersected with modelled building shadows", "observed_or_estimated": "ESTIMATED", "modelled_or_interpolated": "MODELLED", "timestamp": "2026-10-09T01:39:38.179956+00:00", "assumptions_version": "2026-10-09-prompt-4b-risk-explainability", "computation_mode": "geometric"}, "geometry": {"type": "LineString", "coordinates": [[75.8579311, 22.717717799999992], [75.8577686, 22.717668]]}}, {"id": "94", "type": "Feature", "properties": {"segment_id": "osm-2025111048-2025111027-0", "length_m": 32.36576618541515, "shade_fraction": 0.0, "exposure_fraction": 1.0, "canonical_time": "15:00", "solar_azimuth_deg": 271.54425686027565, "solar_elevation_deg": 53.21021702250467, "estimated_height_building_count": 3793, "source_type": "derived", "source_reference": "Cached OSM streets intersected with modelled building shadows", "observed_or_estimated": "ESTIMATED", "modelled_or_interpolated": "MODELLED", "timestamp": "2026-10-09T01:39:38.179956+00:00", "assumptions_version": "2026-10-09-prompt-4b-risk-explainability", "computation_mode": "geometric"}, "geometry": {"type": "LineString", "coordinates": [[75.8579311, 22.717717799999992], [75.8580192, 22.717437099999994]]}}, {"id": "95", "type": "Feature", "properties": {"segment_id": "osm-2025111048-2025111104-0", "length_m": 70.25538760307887, "shade_fraction": 0.0, "exposure_fraction": 1.0, "canonical_time": "15:00", "solar_azimuth_deg": 271.54425686027565, "solar_elevation_deg": 53.21021702250467, "estimated_height_building_count": 3793, "source_type": "derived", "source_reference": "Cached OSM streets intersected with modelled building shadows", "observed_or_estimated": "ESTIMATED", "modelled_or_interpolated": "MODELLED", "timestamp": "2026-10-09T01:39:38.179956+00:00", "assumptions_version": "2026-10-09-prompt-4b-risk-explainability", "computation_mode": "geometric"}, "geometry": {"type": "LineString", "coordinates": [[75.8579311, 22.717717799999992], [75.8578727, 22.717903799999995], [75.8577909, 22.718338099999997]]}}, {"id": "96", "type": "Feature", "properties": {"segment_id": "osm-2025111070-2025111104-0", "length_m": 85.50494522029618, "shade_fraction": 0.0, "exposure_fraction": 1.0, "canonical_time": "15:00", "solar_azimuth_deg": 271.54425686027565, "solar_elevation_deg": 53.21021702250467, "estimated_height_building_count": 3793, "source_type": "derived", "source_reference": "Cached OSM streets intersected with modelled building shadows", "observed_or_estimated": "ESTIMATED", "modelled_or_interpolated": "MODELLED", "timestamp": "2026-10-09T01:39:38.179956+00:00", "assumptions_version": "2026-10-09-prompt-4b-risk-explainability", "computation_mode": "geometric"}, "geometry": {"type": "LineString", "coordinates": [[75.8570338, 22.7180633], [75.8572776, 22.718237199999997], [75.8575429, 22.71829799999999], [75.8577909, 22.718338099999997]]}}, {"id": "97", "type": "Feature", "properties": {"segment_id": "osm-2025111070-2025111022-0", "length_m": 86.73186965555857, "shade_fraction": 0.2508125993367234, "exposure_fraction": 0.7491874006632766, "canonical_time": "15:00", "solar_azimuth_deg": 271.54425686027565, "solar_elevation_deg": 53.21021702250467, "estimated_height_building_count": 3793, "source_type": "derived", "source_reference": "Cached OSM streets intersected with modelled building shadows", "observed_or_estimated": "ESTIMATED", "modelled_or_interpolated": "MODELLED", "timestamp": "2026-10-09T01:39:38.179956+00:00", "assumptions_version": "2026-10-09-prompt-4b-risk-explainability", "computation_mode": "geometric"}, "geometry": {"type": "LineString", "coordinates": [[75.8570338, 22.7180633], [75.8570123, 22.718048099999994], [75.8568807, 22.7177305], [75.8567766, 22.717323700000012]]}}, {"id": "98", "type": "Feature", "properties": {"segment_id": "osm-2025111070-2025111115-0", "length_m": 76.76556787360417, "shade_fraction": 0.0, "exposure_fraction": 1.0, "canonical_time": "15:00", "solar_azimuth_deg": 271.54425686027565, "solar_elevation_deg": 53.21021702250467, "estimated_height_building_count": 3793, "source_type": "derived", "source_reference": "Cached OSM streets intersected with modelled building shadows", "observed_or_estimated": "ESTIMATED", "modelled_or_interpolated": "MODELLED", "timestamp": "2026-10-09T01:39:38.179956+00:00", "assumptions_version": "2026-10-09-prompt-4b-risk-explainability", "computation_mode": "geometric"}, "geometry": {"type": "LineString", "coordinates": [[75.8570338, 22.7180633], [75.8567471, 22.718198999999995], [75.8565608, 22.71834829999999], [75.8564481, 22.71847779999999]]}}, {"id": "99", "type": "Feature", "properties": {"segment_id": "osm-2025111070-2025111040-0", "length_m": 88.08565910306282, "shade_fraction": 0.26584653797349345, "exposure_fraction": 0.7341534620265066, "canonical_time": "15:00", "solar_azimuth_deg": 271.54425686027565, "solar_elevation_deg": 53.21021702250467, "estimated_height_building_count": 3793, "source_type": "derived", "source_reference": "Cached OSM streets intersected with modelled building shadows", "observed_or_estimated": "ESTIMATED", "modelled_or_interpolated": "MODELLED", "timestamp": "2026-10-09T01:39:38.179956+00:00", "assumptions_version": "2026-10-09-prompt-4b-risk-explainability", "computation_mode": "geometric"}, "geometry": {"type": "LineString", "coordinates": [[75.8570338, 22.7180633], [75.8574112, 22.717923099999993], [75.8576501, 22.71776], [75.8577686, 22.717668]]}}, {"id": "100", "type": "Feature", "properties": {"segment_id": "osm-2025111077-8478005594-0", "length_m": 11.532106337348383, "shade_fraction": 0.0, "exposure_fraction": 1.0, "canonical_time": "15:00", "solar_azimuth_deg": 271.54425686027565, "solar_elevation_deg": 53.21021702250467, "estimated_height_building_count": 3793, "source_type": "derived", "source_reference": "Cached OSM streets intersected with modelled building shadows", "observed_or_estimated": "ESTIMATED", "modelled_or_interpolated": "MODELLED", "timestamp": "2026-10-09T01:39:38.179956+00:00", "assumptions_version": "2026-10-09-prompt-4b-risk-explainability", "computation_mode": "geometric"}, "geometry": {"type": "LineString", "coordinates": [[75.8594116, 22.718086399999997], [75.8595227, 22.71810149999999]]}}, {"id": "101", "type": "Feature", "properties": {"segment_id": "osm-2025111077-9526164258-0", "length_m": 94.47853289958583, "shade_fraction": 0.0, "exposure_fraction": 1.0, "canonical_time": "15:00", "solar_azimuth_deg": 271.54425686027565, "solar_elevation_deg": 53.21021702250467, "estimated_height_building_count": 3793, "source_type": "derived", "source_reference": "Cached OSM streets intersected with modelled building shadows", "observed_or_estimated": "ESTIMATED", "modelled_or_interpolated": "MODELLED", "timestamp": "2026-10-09T01:39:38.179956+00:00", "assumptions_version": "2026-10-09-prompt-4b-risk-explainability", "computation_mode": "geometric"}, "geometry": {"type": "LineString", "coordinates": [[75.8594116, 22.718086399999997], [75.85941750000002, 22.7181602], [75.859307, 22.718422600000004], [75.8591833, 22.71871949999999], [75.8590843, 22.718873600000006]]}}, {"id": "102", "type": "Feature", "properties": {"segment_id": "osm-2025111077-11153056521-0", "length_m": 169.86619012318218, "shade_fraction": 0.0, "exposure_fraction": 1.0, "canonical_time": "15:00", "solar_azimuth_deg": 271.54425686027565, "solar_elevation_deg": 53.21021702250467, "estimated_height_building_count": 3793, "source_type": "derived", "source_reference": "Cached OSM streets intersected with modelled building shadows", "observed_or_estimated": "ESTIMATED", "modelled_or_interpolated": "MODELLED", "timestamp": "2026-10-09T01:39:38.179956+00:00", "assumptions_version": "2026-10-09-prompt-4b-risk-explainability", "computation_mode": "geometric"}, "geometry": {"type": "LineString", "coordinates": [[75.8594116, 22.718086399999997], [75.859394, 22.71786809999999], [75.8593659, 22.71755429999999], [75.859394, 22.717312], [75.85961, 22.716635099999994], [75.8596493, 22.7165995]]}}, {"id": "103", "type": "Feature", "properties": {"segment_id": "osm-2025111077-1807247763-0", "length_m": 85.87014519881586, "shade_fraction": 0.0, "exposure_fraction": 1.0, "canonical_time": "15:00", "solar_azimuth_deg": 271.54425686027565, "solar_elevation_deg": 53.21021702250467, "estimated_height_building_count": 3793, "source_type": "derived", "source_reference": "Cached OSM streets intersected with modelled building shadows", "observed_or_estimated": "ESTIMATED", "modelled_or_interpolated": "MODELLED", "timestamp": "2026-10-09T01:39:38.179956+00:00", "assumptions_version": "2026-10-09-prompt-4b-risk-explainability", "computation_mode": "geometric"}, "geometry": {"type": "LineString", "coordinates": [[75.8594116, 22.718086399999997], [75.8592201, 22.7180634], [75.8591601, 22.7180551], [75.8585841, 22.717975599999992]]}}, {"id": "104", "type": "Feature", "properties": {"segment_id": "osm-2025111085-8461059601-0", "length_m": 10.301660296671853, "shade_fraction": 0.0, "exposure_fraction": 1.0, "canonical_time": "15:00", "solar_azimuth_deg": 271.54425686027565, "solar_elevation_deg": 53.21021702250467, "estimated_height_building_count": 3793, "source_type": "derived", "source_reference": "Cached OSM streets intersected with modelled building shadows", "observed_or_estimated": "ESTIMATED", "modelled_or_interpolated": "MODELLED", "timestamp": "2026-10-09T01:39:38.179956+00:00", "assumptions_version": "2026-10-09-prompt-4b-risk-explainability", "computation_mode": "geometric"}, "geometry": {"type": "LineString", "coordinates": [[75.85593460000001, 22.718258399999996], [75.8558428, 22.718295900000005]]}}, {"id": "105", "type": "Feature", "properties": {"segment_id": "osm-2025111085-2025111019-0", "length_m": 105.92275012556834, "shade_fraction": 0.8090009992705658, "exposure_fraction": 0.1909990007294342, "canonical_time": "15:00", "solar_azimuth_deg": 271.54425686027565, "solar_elevation_deg": 53.21021702250467, "estimated_height_building_count": 3793, "source_type": "derived", "source_reference": "Cached OSM streets intersected with modelled building shadows", "observed_or_estimated": "ESTIMATED", "modelled_or_interpolated": "MODELLED", "timestamp": "2026-10-09T01:39:38.179956+00:00", "assumptions_version": "2026-10-09-prompt-4b-risk-explainability", "computation_mode": "geometric"}, "geometry": {"type": "LineString", "coordinates": [[75.85593460000001, 22.718258399999996], [75.8560344, 22.717306100000005]]}}, {"id": "106", "type": "Feature", "properties": {"segment_id": "osm-2025111085-2025111115-0", "length_m": 60.95309540018513, "shade_fraction": 0.0, "exposure_fraction": 1.0, "canonical_time": "15:00", "solar_azimuth_deg": 271.54425686027565, "solar_elevation_deg": 53.21021702250467, "estimated_height_building_count": 3793, "source_type": "derived", "source_reference": "Cached OSM streets intersected with modelled building shadows", "observed_or_estimated": "ESTIMATED", "modelled_or_interpolated": "MODELLED", "timestamp": "2026-10-09T01:39:38.179956+00:00", "assumptions_version": "2026-10-09-prompt-4b-risk-explainability", "computation_mode": "geometric"}, "geometry": {"type": "LineString", "coordinates": [[75.85593460000001, 22.718258399999996], [75.8561011, 22.7182511], [75.8562309, 22.718311900000003], [75.8563607, 22.718414199999994], [75.8564481, 22.71847779999999]]}}, {"id": "107", "type": "Feature", "properties": {"segment_id": "osm-2025111095-8478005594-0", "length_m": 33.03911403206349, "shade_fraction": 0.0, "exposure_fraction": 1.0, "canonical_time": "15:00", "solar_azimuth_deg": 271.54425686027565, "solar_elevation_deg": 53.21021702250467, "estimated_height_building_count": 3793, "source_type": "derived", "source_reference": "Cached OSM streets intersected with modelled building shadows", "observed_or_estimated": "ESTIMATED", "modelled_or_interpolated": "MODELLED", "timestamp": "2026-10-09T01:39:38.179956+00:00", "assumptions_version": "2026-10-09-prompt-4b-risk-explainability", "computation_mode": "geometric"}, "geometry": {"type": "LineString", "coordinates": [[75.8594424, 22.7183844], [75.8595256, 22.7182], [75.8595227, 22.71810149999999]]}}, {"id": "108", "type": "Feature", "properties": {"segment_id": "osm-2025111095-2025020069-0", "length_m": 61.10699725476254, "shade_fraction": 0.0, "exposure_fraction": 1.0, "canonical_time": "15:00", "solar_azimuth_deg": 271.54425686027565, "solar_elevation_deg": 53.21021702250467, "estimated_height_building_count": 3793, "source_type": "derived", "source_reference": "Cached OSM streets intersected with modelled building shadows", "observed_or_estimated": "ESTIMATED", "modelled_or_interpolated": "MODELLED", "timestamp": "2026-10-09T01:39:38.179956+00:00", "assumptions_version": "2026-10-09-prompt-4b-risk-explainability", "computation_mode": "geometric"}, "geometry": {"type": "LineString", "coordinates": [[75.8594424, 22.7183844], [75.8594098, 22.718459800000005], [75.8593047, 22.7187279], [75.8592866, 22.718779199999997], [75.8592568, 22.7188365], [75.859207, 22.718886200000007]]}}, {"id": "109", "type": "Feature", "properties": {"segment_id": "osm-2025111104-2025111070-0", "length_m": 85.50494522029618, "shade_fraction": 0.0, "exposure_fraction": 1.0, "canonical_time": "15:00", "solar_azimuth_deg": 271.54425686027565, "solar_elevation_deg": 53.21021702250467, "estimated_height_building_count": 3793, "source_type": "derived", "source_reference": "Cached OSM streets intersected with modelled building shadows", "observed_or_estimated": "ESTIMATED", "modelled_or_interpolated": "MODELLED", "timestamp": "2026-10-09T01:39:38.179956+00:00", "assumptions_version": "2026-10-09-prompt-4b-risk-explainability", "computation_mode": "geometric"}, "geometry": {"type": "LineString", "coordinates": [[75.8577909, 22.718338099999997], [75.8575429, 22.71829799999999], [75.8572776, 22.718237199999997], [75.8570338, 22.7180633]]}}, {"id": "110", "type": "Feature", "properties": {"segment_id": "osm-2025111104-2025111134-0", "length_m": 66.46549691685195, "shade_fraction": 0.0, "exposure_fraction": 1.0, "canonical_time": "15:00", "solar_azimuth_deg": 271.54425686027565, "solar_elevation_deg": 53.21021702250467, "estimated_height_building_count": 3793, "source_type": "derived", "source_reference": "Cached OSM streets intersected with modelled building shadows", "observed_or_estimated": "ESTIMATED", "modelled_or_interpolated": "MODELLED", "timestamp": "2026-10-09T01:39:38.179956+00:00", "assumptions_version": "2026-10-09-prompt-4b-risk-explainability", "computation_mode": "geometric"}, "geometry": {"type": "LineString", "coordinates": [[75.8577909, 22.718338099999997], [75.8577805, 22.71839320000001], [75.8576361, 22.718920899999993]]}}, {"id": "111", "type": "Feature", "properties": {"segment_id": "osm-2025111104-2025111048-0", "length_m": 70.25538760307887, "shade_fraction": 0.0, "exposure_fraction": 1.0, "canonical_time": "15:00", "solar_azimuth_deg": 271.54425686027565, "solar_elevation_deg": 53.21021702250467, "estimated_height_building_count": 3793, "source_type": "derived", "source_reference": "Cached OSM streets intersected with modelled building shadows", "observed_or_estimated": "ESTIMATED", "modelled_or_interpolated": "MODELLED", "timestamp": "2026-10-09T01:39:38.179956+00:00", "assumptions_version": "2026-10-09-prompt-4b-risk-explainability", "computation_mode": "geometric"}, "geometry": {"type": "LineString", "coordinates": [[75.8577909, 22.718338099999997], [75.8578727, 22.717903799999995], [75.8579311, 22.717717799999992]]}}, {"id": "112", "type": "Feature", "properties": {"segment_id": "osm-2025111115-8461150044-0", "length_m": 30.596716781290766, "shade_fraction": 0.0, "exposure_fraction": 1.0, "canonical_time": "15:00", "solar_azimuth_deg": 271.54425686027565, "solar_elevation_deg": 53.21021702250467, "estimated_height_building_count": 3793, "source_type": "derived", "source_reference": "Cached OSM streets intersected with modelled building shadows", "observed_or_estimated": "ESTIMATED", "modelled_or_interpolated": "MODELLED", "timestamp": "2026-10-09T01:39:38.179956+00:00", "assumptions_version": "2026-10-09-prompt-4b-risk-explainability", "computation_mode": "geometric"}, "geometry": {"type": "LineString", "coordinates": [[75.8564481, 22.71847779999999], [75.856292, 22.718713199999996]]}}, {"id": "113", "type": "Feature", "properties": {"segment_id": "osm-2025111115-2025111085-0", "length_m": 60.953095400185134, "shade_fraction": 0.0, "exposure_fraction": 1.0, "canonical_time": "15:00", "solar_azimuth_deg": 271.54425686027565, "solar_elevation_deg": 53.21021702250467, "estimated_height_building_count": 3793, "source_type": "derived", "source_reference": "Cached OSM streets intersected with modelled building shadows", "observed_or_estimated": "ESTIMATED", "modelled_or_interpolated": "MODELLED", "timestamp": "2026-10-09T01:39:38.179956+00:00", "assumptions_version": "2026-10-09-prompt-4b-risk-explainability", "computation_mode": "geometric"}, "geometry": {"type": "LineString", "coordinates": [[75.8564481, 22.71847779999999], [75.8563607, 22.718414199999994], [75.8562309, 22.718311900000003], [75.8561011, 22.7182511], [75.85593460000001, 22.718258399999996]]}}, {"id": "114", "type": "Feature", "properties": {"segment_id": "osm-2025111115-2025111134-0", "length_m": 136.47223437141238, "shade_fraction": 0.0, "exposure_fraction": 1.0, "canonical_time": "15:00", "solar_azimuth_deg": 271.54425686027565, "solar_elevation_deg": 53.21021702250467, "estimated_height_building_count": 3793, "source_type": "derived", "source_reference": "Cached OSM streets intersected with modelled building shadows", "observed_or_estimated": "ESTIMATED", "modelled_or_interpolated": "MODELLED", "timestamp": "2026-10-09T01:39:38.179956+00:00", "assumptions_version": "2026-10-09-prompt-4b-risk-explainability", "computation_mode": "geometric"}, "geometry": {"type": "LineString", "coordinates": [[75.8564481, 22.71847779999999], [75.8567182, 22.718674499999995], [75.8568912, 22.718738700000003], [75.8570379, 22.7187578], [75.8572637, 22.7187595], [75.8574518, 22.718790799999997], [75.8575703, 22.718854999999994], [75.8576361, 22.718920899999993]]}}, {"id": "115", "type": "Feature", "properties": {"segment_id": "osm-2025111115-2025111070-0", "length_m": 76.76556787360417, "shade_fraction": 0.0, "exposure_fraction": 1.0, "canonical_time": "15:00", "solar_azimuth_deg": 271.54425686027565, "solar_elevation_deg": 53.21021702250467, "estimated_height_building_count": 3793, "source_type": "derived", "source_reference": "Cached OSM streets intersected with modelled building shadows", "observed_or_estimated": "ESTIMATED", "modelled_or_interpolated": "MODELLED", "timestamp": "2026-10-09T01:39:38.179956+00:00", "assumptions_version": "2026-10-09-prompt-4b-risk-explainability", "computation_mode": "geometric"}, "geometry": {"type": "LineString", "coordinates": [[75.8564481, 22.71847779999999], [75.8565608, 22.71834829999999], [75.8567471, 22.718198999999995], [75.8570338, 22.7180633]]}}, {"id": "116", "type": "Feature", "properties": {"segment_id": "osm-2025111132-2025020058-0", "length_m": 12.624050488228187, "shade_fraction": 0.0, "exposure_fraction": 1.0, "canonical_time": "15:00", "solar_azimuth_deg": 271.54425686027565, "solar_elevation_deg": 53.21021702250467, "estimated_height_building_count": 3793, "source_type": "derived", "source_reference": "Cached OSM streets intersected with modelled building shadows", "observed_or_estimated": "ESTIMATED", "modelled_or_interpolated": "MODELLED", "timestamp": "2026-10-09T01:39:38.179956+00:00", "assumptions_version": "2026-10-09-prompt-4b-risk-explainability", "computation_mode": "geometric"}, "geometry": {"type": "LineString", "coordinates": [[75.8557141, 22.7188909], [75.8557865, 22.718879199999996], [75.8558247, 22.7188501]]}}, {"id": "117", "type": "Feature", "properties": {"segment_id": "osm-2025111132-2025020055-0", "length_m": 32.32487256802033, "shade_fraction": 0.0, "exposure_fraction": 1.0, "canonical_time": "15:00", "solar_azimuth_deg": 271.54425686027565, "solar_elevation_deg": 53.21021702250467, "estimated_height_building_count": 3793, "source_type": "derived", "source_reference": "Cached OSM streets intersected with modelled building shadows", "observed_or_estimated": "ESTIMATED", "modelled_or_interpolated": "MODELLED", "timestamp": "2026-10-09T01:39:38.179956+00:00", "assumptions_version": "2026-10-09-prompt-4b-risk-explainability", "computation_mode": "geometric"}, "geometry": {"type": "LineString", "coordinates": [[75.8557141, 22.7188909], [75.8556644, 22.718887600000002], [75.8554968, 22.718852599999995], [75.8554687, 22.718845099999992], [75.855415, 22.71881299999999]]}}, {"id": "118", "type": "Feature", "properties": {"segment_id": "osm-2025111132-8460457257-0", "length_m": 40.361463507178215, "shade_fraction": 0.14418825301374777, "exposure_fraction": 0.8558117469862523, "canonical_time": "15:00", "solar_azimuth_deg": 271.54425686027565, "solar_elevation_deg": 53.21021702250467, "estimated_height_building_count": 3793, "source_type": "derived", "source_reference": "Cached OSM streets intersected with modelled building shadows", "observed_or_estimated": "ESTIMATED", "modelled_or_interpolated": "MODELLED", "timestamp": "2026-10-09T01:39:38.179956+00:00", "assumptions_version": "2026-10-09-prompt-4b-risk-explainability", "computation_mode": "geometric"}, "geometry": {"type": "LineString", "coordinates": [[75.8557141, 22.7188909], [75.855742, 22.7189891], [75.8557516, 22.719040600000007], [75.855744, 22.7191005], [75.8557288, 22.7191507], [75.855682, 22.719238900000008]]}}, {"id": "119", "type": "Feature", "properties": {"segment_id": "osm-2025111134-2025111115-0", "length_m": 136.4722343714124, "shade_fraction": 0.0, "exposure_fraction": 1.0, "canonical_time": "15:00", "solar_azimuth_deg": 271.54425686027565, "solar_elevation_deg": 53.21021702250467, "estimated_height_building_count": 3793, "source_type": "derived", "source_reference": "Cached OSM streets intersected with modelled building shadows", "observed_or_estimated": "ESTIMATED", "modelled_or_interpolated": "MODELLED", "timestamp": "2026-10-09T01:39:38.179956+00:00", "assumptions_version": "2026-10-09-prompt-4b-risk-explainability", "computation_mode": "geometric"}, "geometry": {"type": "LineString", "coordinates": [[75.8576361, 22.718920899999993], [75.8575703, 22.718854999999994], [75.8574518, 22.718790799999997], [75.8572637, 22.7187595], [75.8570379, 22.7187578], [75.8568912, 22.718738700000003], [75.8567182, 22.718674499999995], [75.8564481, 22.71847779999999]]}}, {"id": "120", "type": "Feature", "properties": {"segment_id": "osm-2025111134-8461125325-0", "length_m": 47.99335243213983, "shade_fraction": 0.0, "exposure_fraction": 1.0, "canonical_time": "15:00", "solar_azimuth_deg": 271.54425686027565, "solar_elevation_deg": 53.21021702250467, "estimated_height_building_count": 3793, "source_type": "derived", "source_reference": "Cached OSM streets intersected with modelled building shadows", "observed_or_estimated": "ESTIMATED", "modelled_or_interpolated": "MODELLED", "timestamp": "2026-10-09T01:39:38.179956+00:00", "assumptions_version": "2026-10-09-prompt-4b-risk-explainability", "computation_mode": "geometric"}, "geometry": {"type": "LineString", "coordinates": [[75.8576361, 22.718920899999993], [75.8576474, 22.7191725], [75.8576468, 22.7193542]]}}, {"id": "121", "type": "Feature", "properties": {"segment_id": "osm-2025111134-2025111104-0", "length_m": 66.46549691685195, "shade_fraction": 0.0, "exposure_fraction": 1.0, "canonical_time": "15:00", "solar_azimuth_deg": 271.54425686027565, "solar_elevation_deg": 53.21021702250467, "estimated_height_building_count": 3793, "source_type": "derived", "source_reference": "Cached OSM streets intersected with modelled building shadows", "observed_or_estimated": "ESTIMATED", "modelled_or_interpolated": "MODELLED", "timestamp": "2026-10-09T01:39:38.179956+00:00", "assumptions_version": "2026-10-09-prompt-4b-risk-explainability", "computation_mode": "geometric"}, "geometry": {"type": "LineString", "coordinates": [[75.8576361, 22.718920899999993], [75.8577805, 22.71839320000001], [75.8577909, 22.718338099999997]]}}, {"id": "122", "type": "Feature", "properties": {"segment_id": "osm-2025111137-2025020058-0", "length_m": 32.91652656075929, "shade_fraction": 0.0, "exposure_fraction": 1.0, "canonical_time": "15:00", "solar_azimuth_deg": 271.54425686027565, "solar_elevation_deg": 53.21021702250467, "estimated_height_building_count": 3793, "source_type": "derived", "source_reference": "Cached OSM streets intersected with modelled building shadows", "observed_or_estimated": "ESTIMATED", "modelled_or_interpolated": "MODELLED", "timestamp": "2026-10-09T01:39:38.179956+00:00", "assumptions_version": "2026-10-09-prompt-4b-risk-explainability", "computation_mode": "geometric"}, "geometry": {"type": "LineString", "coordinates": [[75.8561067, 22.7189914], [75.8558247, 22.7188501]]}}, {"id": "123", "type": "Feature", "properties": {"segment_id": "osm-2025111137-8461150044-0", "length_m": 36.203836875779935, "shade_fraction": 0.0, "exposure_fraction": 1.0, "canonical_time": "15:00", "solar_azimuth_deg": 271.54425686027565, "solar_elevation_deg": 53.21021702250467, "estimated_height_building_count": 3793, "source_type": "derived", "source_reference": "Cached OSM streets intersected with modelled building shadows", "observed_or_estimated": "ESTIMATED", "modelled_or_interpolated": "MODELLED", "timestamp": "2026-10-09T01:39:38.179956+00:00", "assumptions_version": "2026-10-09-prompt-4b-risk-explainability", "computation_mode": "geometric"}, "geometry": {"type": "LineString", "coordinates": [[75.8561067, 22.7189914], [75.856292, 22.718713199999996]]}}, {"id": "124", "type": "Feature", "properties": {"segment_id": "osm-2025111137-2025111142-0", "length_m": 23.52022650572365, "shade_fraction": 0.0, "exposure_fraction": 1.0, "canonical_time": "15:00", "solar_azimuth_deg": 271.54425686027565, "solar_elevation_deg": 53.21021702250467, "estimated_height_building_count": 3793, "source_type": "derived", "source_reference": "Cached OSM streets intersected with modelled building shadows", "observed_or_estimated": "ESTIMATED", "modelled_or_interpolated": "MODELLED", "timestamp": "2026-10-09T01:39:38.179956+00:00", "assumptions_version": "2026-10-09-prompt-4b-risk-explainability", "computation_mode": "geometric"}, "geometry": {"type": "LineString", "coordinates": [[75.8561067, 22.7189914], [75.8561595, 22.719016799999988], [75.8563147, 22.7190801]]}}, {"id": "125", "type": "Feature", "properties": {"segment_id": "osm-2025111142-2025111157-0", "length_m": 86.26222992009136, "shade_fraction": 0.0, "exposure_fraction": 1.0, "canonical_time": "15:00", "solar_azimuth_deg": 271.54425686027565, "solar_elevation_deg": 53.21021702250467, "estimated_height_building_count": 3793, "source_type": "derived", "source_reference": "Cached OSM streets intersected with modelled building shadows", "observed_or_estimated": "ESTIMATED", "modelled_or_interpolated": "MODELLED", "timestamp": "2026-10-09T01:39:38.179956+00:00", "assumptions_version": "2026-10-09-prompt-4b-risk-explainability", "computation_mode": "geometric"}, "geometry": {"type": "LineString", "coordinates": [[75.8563147, 22.7190801], [75.8565985, 22.719195899999995], [75.8571006, 22.719352999999998]]}}, {"id": "126", "type": "Feature", "properties": {"segment_id": "osm-2025111142-2025111137-0", "length_m": 23.52022650572365, "shade_fraction": 0.0, "exposure_fraction": 1.0, "canonical_time": "15:00", "solar_azimuth_deg": 271.54425686027565, "solar_elevation_deg": 53.21021702250467, "estimated_height_building_count": 3793, "source_type": "derived", "source_reference": "Cached OSM streets intersected with modelled building shadows", "observed_or_estimated": "ESTIMATED", "modelled_or_interpolated": "MODELLED", "timestamp": "2026-10-09T01:39:38.179956+00:00", "assumptions_version": "2026-10-09-prompt-4b-risk-explainability", "computation_mode": "geometric"}, "geometry": {"type": "LineString", "coordinates": [[75.8563147, 22.7190801], [75.8561595, 22.719016799999988], [75.8561067, 22.7189914]]}}, {"id": "127", "type": "Feature", "properties": {"segment_id": "osm-2025111142-8460457256-0", "length_m": 48.374405967986775, "shade_fraction": 0.5869109571524642, "exposure_fraction": 0.4130890428475358, "canonical_time": "15:00", "solar_azimuth_deg": 271.54425686027565, "solar_elevation_deg": 53.21021702250467, "estimated_height_building_count": 3793, "source_type": "derived", "source_reference": "Cached OSM streets intersected with modelled building shadows", "observed_or_estimated": "ESTIMATED", "modelled_or_interpolated": "MODELLED", "timestamp": "2026-10-09T01:39:38.179956+00:00", "assumptions_version": "2026-10-09-prompt-4b-risk-explainability", "computation_mode": "geometric"}, "geometry": {"type": "LineString", "coordinates": [[75.8563147, 22.7190801], [75.8562256, 22.719350999999993], [75.8561581, 22.719491399999995]]}}, {"id": "128", "type": "Feature", "properties": {"segment_id": "osm-2025111157-2025111163-0", "length_m": 58.19774678303126, "shade_fraction": 0.0, "exposure_fraction": 1.0, "canonical_time": "15:00", "solar_azimuth_deg": 271.54425686027565, "solar_elevation_deg": 53.21021702250467, "estimated_height_building_count": 3793, "source_type": "derived", "source_reference": "Cached OSM streets intersected with modelled building shadows", "observed_or_estimated": "ESTIMATED", "modelled_or_interpolated": "MODELLED", "timestamp": "2026-10-09T01:39:38.179956+00:00", "assumptions_version": "2026-10-09-prompt-4b-risk-explainability", "computation_mode": "geometric"}, "geometry": {"type": "LineString", "coordinates": [[75.8571006, 22.719352999999998], [75.8573184, 22.719427499999995], [75.8576325, 22.719534299999996]]}}, {"id": "129", "type": "Feature", "properties": {"segment_id": "osm-2025111157-2025111142-0", "length_m": 86.26222992009136, "shade_fraction": 0.0, "exposure_fraction": 1.0, "canonical_time": "15:00", "solar_azimuth_deg": 271.54425686027565, "solar_elevation_deg": 53.21021702250467, "estimated_height_building_count": 3793, "source_type": "derived", "source_reference": "Cached OSM streets intersected with modelled building shadows", "observed_or_estimated": "ESTIMATED", "modelled_or_interpolated": "MODELLED", "timestamp": "2026-10-09T01:39:38.179956+00:00", "assumptions_version": "2026-10-09-prompt-4b-risk-explainability", "computation_mode": "geometric"}, "geometry": {"type": "LineString", "coordinates": [[75.8571006, 22.719352999999998], [75.8565985, 22.719195899999995], [75.8563147, 22.7190801]]}}, {"id": "130", "type": "Feature", "properties": {"segment_id": "osm-2025111157-2025111180-0", "length_m": 44.0826582047596, "shade_fraction": 0.7186800038326331, "exposure_fraction": 0.2813199961673669, "canonical_time": "15:00", "solar_azimuth_deg": 271.54425686027565, "solar_elevation_deg": 53.21021702250467, "estimated_height_building_count": 3793, "source_type": "derived", "source_reference": "Cached OSM streets intersected with modelled building shadows", "observed_or_estimated": "ESTIMATED", "modelled_or_interpolated": "MODELLED", "timestamp": "2026-10-09T01:39:38.179956+00:00", "assumptions_version": "2026-10-09-prompt-4b-risk-explainability", "computation_mode": "geometric"}, "geometry": {"type": "LineString", "coordinates": [[75.8571006, 22.719352999999998], [75.8570297, 22.7195051], [75.8569889, 22.71959269999999], [75.8569799, 22.7197295]]}}, {"id": "131", "type": "Feature", "properties": {"segment_id": "osm-2025111163-2025111171-0", "length_m": 9.009109105296577, "shade_fraction": 0.0, "exposure_fraction": 1.0, "canonical_time": "15:00", "solar_azimuth_deg": 271.54425686027565, "solar_elevation_deg": 53.21021702250467, "estimated_height_building_count": 3793, "source_type": "derived", "source_reference": "Cached OSM streets intersected with modelled building shadows", "observed_or_estimated": "ESTIMATED", "modelled_or_interpolated": "MODELLED", "timestamp": "2026-10-09T01:39:38.179956+00:00", "assumptions_version": "2026-10-09-prompt-4b-risk-explainability", "computation_mode": "geometric"}, "geometry": {"type": "LineString", "coordinates": [[75.8576325, 22.719534299999996], [75.8577065, 22.719578]]}}, {"id": "132", "type": "Feature", "properties": {"segment_id": "osm-2025111163-2025111157-0", "length_m": 58.19774678303126, "shade_fraction": 0.0, "exposure_fraction": 1.0, "canonical_time": "15:00", "solar_azimuth_deg": 271.54425686027565, "solar_elevation_deg": 53.21021702250467, "estimated_height_building_count": 3793, "source_type": "derived", "source_reference": "Cached OSM streets intersected with modelled building shadows", "observed_or_estimated": "ESTIMATED", "modelled_or_interpolated": "MODELLED", "timestamp": "2026-10-09T01:39:38.179956+00:00", "assumptions_version": "2026-10-09-prompt-4b-risk-explainability", "computation_mode": "geometric"}, "geometry": {"type": "LineString", "coordinates": [[75.8576325, 22.719534299999996], [75.8573184, 22.719427499999995], [75.8571006, 22.719352999999998]]}}, {"id": "133", "type": "Feature", "properties": {"segment_id": "osm-2025111163-8461125325-0", "length_m": 21.329198377571448, "shade_fraction": 0.0, "exposure_fraction": 1.0, "canonical_time": "15:00", "solar_azimuth_deg": 271.54425686027565, "solar_elevation_deg": 53.21021702250467, "estimated_height_building_count": 3793, "source_type": "derived", "source_reference": "Cached OSM streets intersected with modelled building shadows", "observed_or_estimated": "ESTIMATED", "modelled_or_interpolated": "MODELLED", "timestamp": "2026-10-09T01:39:38.179956+00:00", "assumptions_version": "2026-10-09-prompt-4b-risk-explainability", "computation_mode": "geometric"}, "geometry": {"type": "LineString", "coordinates": [[75.8576325, 22.719534299999996], [75.8576112, 22.71946139999999], [75.8576092, 22.719410699999997], [75.8576468, 22.7193542]]}}, {"id": "134", "type": "Feature", "properties": {"segment_id": "osm-2025111171-2025111163-0", "length_m": 9.009109105296577, "shade_fraction": 0.0, "exposure_fraction": 1.0, "canonical_time": "15:00", "solar_azimuth_deg": 271.54425686027565, "solar_elevation_deg": 53.21021702250467, "estimated_height_building_count": 3793, "source_type": "derived", "source_reference": "Cached OSM streets intersected with modelled building shadows", "observed_or_estimated": "ESTIMATED", "modelled_or_interpolated": "MODELLED", "timestamp": "2026-10-09T01:39:38.179956+00:00", "assumptions_version": "2026-10-09-prompt-4b-risk-explainability", "computation_mode": "geometric"}, "geometry": {"type": "LineString", "coordinates": [[75.8577065, 22.719578], [75.8576325, 22.719534299999996]]}}, {"id": "135", "type": "Feature", "properties": {"segment_id": "osm-2025111171-8460393366-0", "length_m": 98.83022985242069, "shade_fraction": 0.37686244461877816, "exposure_fraction": 0.6231375553812218, "canonical_time": "15:00", "solar_azimuth_deg": 271.54425686027565, "solar_elevation_deg": 53.21021702250467, "estimated_height_building_count": 3793, "source_type": "derived", "source_reference": "Cached OSM streets intersected with modelled building shadows", "observed_or_estimated": "ESTIMATED", "modelled_or_interpolated": "MODELLED", "timestamp": "2026-10-09T01:39:38.179956+00:00", "assumptions_version": "2026-10-09-prompt-4b-risk-explainability", "computation_mode": "geometric"}, "geometry": {"type": "LineString", "coordinates": [[75.8577065, 22.719578], [75.8575918, 22.719895199999993], [75.8575429, 22.7203012], [75.8575363, 22.720450700000008]]}}, {"id": "136", "type": "Feature", "properties": {"segment_id": "osm-2025111171-8461125322-0", "length_m": 86.98265431737548, "shade_fraction": 0.0, "exposure_fraction": 1.0, "canonical_time": "15:00", "solar_azimuth_deg": 271.54425686027565, "solar_elevation_deg": 53.21021702250467, "estimated_height_building_count": 3793, "source_type": "derived", "source_reference": "Cached OSM streets intersected with modelled building shadows", "observed_or_estimated": "ESTIMATED", "modelled_or_interpolated": "MODELLED", "timestamp": "2026-10-09T01:39:38.179956+00:00", "assumptions_version": "2026-10-09-prompt-4b-risk-explainability", "computation_mode": "geometric"}, "geometry": {"type": "LineString", "coordinates": [[75.8577065, 22.719578], [75.8578442, 22.719630899999995], [75.8583711, 22.71980930000001], [75.8584965, 22.7198605]]}}, {"id": "137", "type": "Feature", "properties": {"segment_id": "osm-2025111179-8460457262-0", "length_m": 23.78841087333602, "shade_fraction": 0.9989386171145429, "exposure_fraction": 0.0010613828854570961, "canonical_time": "15:00", "solar_azimuth_deg": 271.54425686027565, "solar_elevation_deg": 53.21021702250467, "estimated_height_building_count": 3793, "source_type": "derived", "source_reference": "Cached OSM streets intersected with modelled building shadows", "observed_or_estimated": "ESTIMATED", "modelled_or_interpolated": "MODELLED", "timestamp": "2026-10-09T01:39:38.179956+00:00", "assumptions_version": "2026-10-09-prompt-4b-risk-explainability", "computation_mode": "geometric"}, "geometry": {"type": "LineString", "coordinates": [[75.8560358, 22.7197012], [75.8559144, 22.719884199999992]]}}, {"id": "138", "type": "Feature", "properties": {"segment_id": "osm-2025111179-2025111180-0", "length_m": 97.29622616544603, "shade_fraction": 0.01701325571446542, "exposure_fraction": 0.9829867442855346, "canonical_time": "15:00", "solar_azimuth_deg": 271.54425686027565, "solar_elevation_deg": 53.21021702250467, "estimated_height_building_count": 3793, "source_type": "derived", "source_reference": "Cached OSM streets intersected with modelled building shadows", "observed_or_estimated": "ESTIMATED", "modelled_or_interpolated": "MODELLED", "timestamp": "2026-10-09T01:39:38.179956+00:00", "assumptions_version": "2026-10-09-prompt-4b-risk-explainability", "computation_mode": "geometric"}, "geometry": {"type": "LineString", "coordinates": [[75.8560358, 22.7197012], [75.85619060000002, 22.7197248], [75.8562542, 22.7197361], [75.8569799, 22.7197295]]}}, {"id": "139", "type": "Feature", "properties": {"segment_id": "osm-2025111179-8460457256-0", "length_m": 26.46070939739643, "shade_fraction": 0.9431842228077895, "exposure_fraction": 0.05681577719221054, "canonical_time": "15:00", "solar_azimuth_deg": 271.54425686027565, "solar_elevation_deg": 53.21021702250467, "estimated_height_building_count": 3793, "source_type": "derived", "source_reference": "Cached OSM streets intersected with modelled building shadows", "observed_or_estimated": "ESTIMATED", "modelled_or_interpolated": "MODELLED", "timestamp": "2026-10-09T01:39:38.179956+00:00", "assumptions_version": "2026-10-09-prompt-4b-risk-explainability", "computation_mode": "geometric"}, "geometry": {"type": "LineString", "coordinates": [[75.8560358, 22.7197012], [75.8561134, 22.71958419999999], [75.8561581, 22.719491399999995]]}}, {"id": "140", "type": "Feature", "properties": {"segment_id": "osm-2025111180-2025111179-0", "length_m": 97.29622616544603, "shade_fraction": 0.01701325571446542, "exposure_fraction": 0.9829867442855346, "canonical_time": "15:00", "solar_azimuth_deg": 271.54425686027565, "solar_elevation_deg": 53.21021702250467, "estimated_height_building_count": 3793, "source_type": "derived", "source_reference": "Cached OSM streets intersected with modelled building shadows", "observed_or_estimated": "ESTIMATED", "modelled_or_interpolated": "MODELLED", "timestamp": "2026-10-09T01:39:38.179956+00:00", "assumptions_version": "2026-10-09-prompt-4b-risk-explainability", "computation_mode": "geometric"}, "geometry": {"type": "LineString", "coordinates": [[75.8569799, 22.7197295], [75.8562542, 22.7197361], [75.85619060000002, 22.7197248], [75.8560358, 22.7197012]]}}, {"id": "141", "type": "Feature", "properties": {"segment_id": "osm-2025111180-2025111240-0", "length_m": 77.58197121313665, "shade_fraction": 0.035254564479994976, "exposure_fraction": 0.964745435520005, "canonical_time": "15:00", "solar_azimuth_deg": 271.54425686027565, "solar_elevation_deg": 53.21021702250467, "estimated_height_building_count": 3793, "source_type": "derived", "source_reference": "Cached OSM streets intersected with modelled building shadows", "observed_or_estimated": "ESTIMATED", "modelled_or_interpolated": "MODELLED", "timestamp": "2026-10-09T01:39:38.179956+00:00", "assumptions_version": "2026-10-09-prompt-4b-risk-explainability", "computation_mode": "geometric"}, "geometry": {"type": "LineString", "coordinates": [[75.8569799, 22.7197295], [75.856941, 22.7200025], [75.8569371, 22.7204279]]}}, {"id": "142", "type": "Feature", "properties": {"segment_id": "osm-2025111180-2025111157-0", "length_m": 44.0826582047596, "shade_fraction": 0.7186800038326331, "exposure_fraction": 0.2813199961673669, "canonical_time": "15:00", "solar_azimuth_deg": 271.54425686027565, "solar_elevation_deg": 53.21021702250467, "estimated_height_building_count": 3793, "source_type": "derived", "source_reference": "Cached OSM streets intersected with modelled building shadows", "observed_or_estimated": "ESTIMATED", "modelled_or_interpolated": "MODELLED", "timestamp": "2026-10-09T01:39:38.179956+00:00", "assumptions_version": "2026-10-09-prompt-4b-risk-explainability", "computation_mode": "geometric"}, "geometry": {"type": "LineString", "coordinates": [[75.8569799, 22.7197295], [75.8569889, 22.71959269999999], [75.8570297, 22.7195051], [75.8571006, 22.719352999999998]]}}, {"id": "143", "type": "Feature", "properties": {"segment_id": "osm-2025111198-3734496723-0", "length_m": 24.311485414619504, "shade_fraction": 0.0, "exposure_fraction": 1.0, "canonical_time": "15:00", "solar_azimuth_deg": 271.54425686027565, "solar_elevation_deg": 53.21021702250467, "estimated_height_building_count": 3793, "source_type": "derived", "source_reference": "Cached OSM streets intersected with modelled building shadows", "observed_or_estimated": "ESTIMATED", "modelled_or_interpolated": "MODELLED", "timestamp": "2026-10-09T01:39:38.179956+00:00", "assumptions_version": "2026-10-09-prompt-4b-risk-explainability", "computation_mode": "geometric"}, "geometry": {"type": "LineString", "coordinates": [[75.8553426, 22.7197851], [75.8553439, 22.7195655]]}}, {"id": "144", "type": "Feature", "properties": {"segment_id": "osm-2025111198-8460457257-0", "length_m": 69.79518712849581, "shade_fraction": 0.6779058187039073, "exposure_fraction": 0.3220941812960927, "canonical_time": "15:00", "solar_azimuth_deg": 271.54425686027565, "solar_elevation_deg": 53.21021702250467, "estimated_height_building_count": 3793, "source_type": "derived", "source_reference": "Cached OSM streets intersected with modelled building shadows", "observed_or_estimated": "ESTIMATED", "modelled_or_interpolated": "MODELLED", "timestamp": "2026-10-09T01:39:38.179956+00:00", "assumptions_version": "2026-10-09-prompt-4b-risk-explainability", "computation_mode": "geometric"}, "geometry": {"type": "LineString", "coordinates": [[75.8553426, 22.7197851], [75.855682, 22.719238900000008]]}}, {"id": "145", "type": "Feature", "properties": {"segment_id": "osm-2025111198-3734496854-0", "length_m": 24.569903097468877, "shade_fraction": 0.18644110131703265, "exposure_fraction": 0.8135588986829674, "canonical_time": "15:00", "solar_azimuth_deg": 271.54425686027565, "solar_elevation_deg": 53.21021702250467, "estimated_height_building_count": 3793, "source_type": "derived", "source_reference": "Cached OSM streets intersected with modelled building shadows", "observed_or_estimated": "ESTIMATED", "modelled_or_interpolated": "MODELLED", "timestamp": "2026-10-09T01:39:38.179956+00:00", "assumptions_version": "2026-10-09-prompt-4b-risk-explainability", "computation_mode": "geometric"}, "geometry": {"type": "LineString", "coordinates": [[75.8553426, 22.7197851], [75.855238, 22.719984699999998]]}}, {"id": "146", "type": "Feature", "properties": {"segment_id": "osm-2025111227-2025111228-0", "length_m": 20.34546932402941, "shade_fraction": 0.13223467310334425, "exposure_fraction": 0.8677653268966558, "canonical_time": "15:00", "solar_azimuth_deg": 271.54425686027565, "solar_elevation_deg": 53.21021702250467, "estimated_height_building_count": 3793, "source_type": "derived", "source_reference": "Cached OSM streets intersected with modelled building shadows", "observed_or_estimated": "ESTIMATED", "modelled_or_interpolated": "MODELLED", "timestamp": "2026-10-09T01:39:38.179956+00:00", "assumptions_version": "2026-10-09-prompt-4b-risk-explainability", "computation_mode": "geometric"}, "geometry": {"type": "LineString", "coordinates": [[75.8557852, 22.720029], [75.855636, 22.7201499]]}}, {"id": "147", "type": "Feature", "properties": {"segment_id": "osm-2025111227-8460457262-0", "length_m": 20.809923149875956, "shade_fraction": 0.6657372303375307, "exposure_fraction": 0.33426276966246926, "canonical_time": "15:00", "solar_azimuth_deg": 271.54425686027565, "solar_elevation_deg": 53.21021702250467, "estimated_height_building_count": 3793, "source_type": "derived", "source_reference": "Cached OSM streets intersected with modelled building shadows", "observed_or_estimated": "ESTIMATED", "modelled_or_interpolated": "MODELLED", "timestamp": "2026-10-09T01:39:38.179956+00:00", "assumptions_version": "2026-10-09-prompt-4b-risk-explainability", "computation_mode": "geometric"}, "geometry": {"type": "LineString", "coordinates": [[75.8557852, 22.720029], [75.855848, 22.719959499999998], [75.8559144, 22.719884199999992]]}}, {"id": "148", "type": "Feature", "properties": {"segment_id": "osm-2025111227-2025111275-0", "length_m": 139.32968273206802, "shade_fraction": 0.607718514783872, "exposure_fraction": 0.39228148521612805, "canonical_time": "15:00", "solar_azimuth_deg": 271.54425686027565, "solar_elevation_deg": 53.21021702250467, "estimated_height_building_count": 3793, "source_type": "derived", "source_reference": "Cached OSM streets intersected with modelled building shadows", "observed_or_estimated": "ESTIMATED", "modelled_or_interpolated": "MODELLED", "timestamp": "2026-10-09T01:39:38.179956+00:00", "assumptions_version": "2026-10-09-prompt-4b-risk-explainability", "computation_mode": "geometric"}, "geometry": {"type": "LineString", "coordinates": [[75.8557852, 22.720029], [75.8558023, 22.7201721], [75.8558161, 22.7202281], [75.8558424, 22.720281299999993], [75.8558622, 22.720320599999994], [75.8559132, 22.720384], [75.8559399, 22.72043849999999], [75.8559448, 22.720505599999996], [75.85593, 22.720808400000006], [75.8559054, 22.7212537]]}}, {"id": "149", "type": "Feature", "properties": {"segment_id": "osm-2025111228-2025111227-0", "length_m": 20.34546932402941, "shade_fraction": 0.13223467310334425, "exposure_fraction": 0.8677653268966558, "canonical_time": "15:00", "solar_azimuth_deg": 271.54425686027565, "solar_elevation_deg": 53.21021702250467, "estimated_height_building_count": 3793, "source_type": "derived", "source_reference": "Cached OSM streets intersected with modelled building shadows", "observed_or_estimated": "ESTIMATED", "modelled_or_interpolated": "MODELLED", "timestamp": "2026-10-09T01:39:38.179956+00:00", "assumptions_version": "2026-10-09-prompt-4b-risk-explainability", "computation_mode": "geometric"}, "geometry": {"type": "LineString", "coordinates": [[75.855636, 22.7201499], [75.8557852, 22.720029]]}}, {"id": "150", "type": "Feature", "properties": {"segment_id": "osm-2025111228-3734496854-0", "length_m": 44.78008150756786, "shade_fraction": 0.0, "exposure_fraction": 1.0, "canonical_time": "15:00", "solar_azimuth_deg": 271.54425686027565, "solar_elevation_deg": 53.21021702250467, "estimated_height_building_count": 3793, "source_type": "derived", "source_reference": "Cached OSM streets intersected with modelled building shadows", "observed_or_estimated": "ESTIMATED", "modelled_or_interpolated": "MODELLED", "timestamp": "2026-10-09T01:39:38.179956+00:00", "assumptions_version": "2026-10-09-prompt-4b-risk-explainability", "computation_mode": "geometric"}, "geometry": {"type": "LineString", "coordinates": [[75.855636, 22.7201499], [75.855238, 22.719984699999998]]}}, {"id": "151", "type": "Feature", "properties": {"segment_id": "osm-2025111228-2025111254-0", "length_m": 76.48474664907414, "shade_fraction": 0.9012258847592335, "exposure_fraction": 0.09877411524076651, "canonical_time": "15:00", "solar_azimuth_deg": 271.54425686027565, "solar_elevation_deg": 53.21021702250467, "estimated_height_building_count": 3793, "source_type": "derived", "source_reference": "Cached OSM streets intersected with modelled building shadows", "observed_or_estimated": "ESTIMATED", "modelled_or_interpolated": "MODELLED", "timestamp": "2026-10-09T01:39:38.179956+00:00", "assumptions_version": "2026-10-09-prompt-4b-risk-explainability", "computation_mode": "geometric"}, "geometry": {"type": "LineString", "coordinates": [[75.855636, 22.7201499], [75.8554674, 22.720446999999997], [75.8553798, 22.720792699999997]]}}, {"id": "152", "type": "Feature", "properties": {"segment_id": "osm-2025111240-8460457267-0", "length_m": 2.7066026391879943, "shade_fraction": 0.0, "exposure_fraction": 1.0, "canonical_time": "15:00", "solar_azimuth_deg": 271.54425686027565, "solar_elevation_deg": 53.21021702250467, "estimated_height_building_count": 3793, "source_type": "derived", "source_reference": "Cached OSM streets intersected with modelled building shadows", "observed_or_estimated": "ESTIMATED", "modelled_or_interpolated": "MODELLED", "timestamp": "2026-10-09T01:39:38.179956+00:00", "assumptions_version": "2026-10-09-prompt-4b-risk-explainability", "computation_mode": "geometric"}, "geometry": {"type": "LineString", "coordinates": [[75.8569371, 22.7204279], [75.85694, 22.720452199999997]]}}, {"id": "153", "type": "Feature", "properties": {"segment_id": "osm-2025111240-2025111180-0", "length_m": 77.58197121313665, "shade_fraction": 0.035254564479994976, "exposure_fraction": 0.964745435520005, "canonical_time": "15:00", "solar_azimuth_deg": 271.54425686027565, "solar_elevation_deg": 53.21021702250467, "estimated_height_building_count": 3793, "source_type": "derived", "source_reference": "Cached OSM streets intersected with modelled building shadows", "observed_or_estimated": "ESTIMATED", "modelled_or_interpolated": "MODELLED", "timestamp": "2026-10-09T01:39:38.179956+00:00", "assumptions_version": "2026-10-09-prompt-4b-risk-explainability", "computation_mode": "geometric"}, "geometry": {"type": "LineString", "coordinates": [[75.8569371, 22.7204279], [75.856941, 22.7200025], [75.8569799, 22.7197295]]}}, {"id": "154", "type": "Feature", "properties": {"segment_id": "osm-2025111240-8460393366-0", "length_m": 61.592923046395015, "shade_fraction": 0.0, "exposure_fraction": 1.0, "canonical_time": "15:00", "solar_azimuth_deg": 271.54425686027565, "solar_elevation_deg": 53.21021702250467, "estimated_height_building_count": 3793, "source_type": "derived", "source_reference": "Cached OSM streets intersected with modelled building shadows", "observed_or_estimated": "ESTIMATED", "modelled_or_interpolated": "MODELLED", "timestamp": "2026-10-09T01:39:38.179956+00:00", "assumptions_version": "2026-10-09-prompt-4b-risk-explainability", "computation_mode": "geometric"}, "geometry": {"type": "LineString", "coordinates": [[75.8569371, 22.7204279], [75.8573302, 22.7204453], [75.8575363, 22.720450700000008]]}}, {"id": "155", "type": "Feature", "properties": {"segment_id": "osm-2025111254-8478005593-0", "length_m": 43.14475376244302, "shade_fraction": 0.6639810689747953, "exposure_fraction": 0.33601893102520475, "canonical_time": "15:00", "solar_azimuth_deg": 271.54425686027565, "solar_elevation_deg": 53.21021702250467, "estimated_height_building_count": 3793, "source_type": "derived", "source_reference": "Cached OSM streets intersected with modelled building shadows", "observed_or_estimated": "ESTIMATED", "modelled_or_interpolated": "MODELLED", "timestamp": "2026-10-09T01:39:38.179956+00:00", "assumptions_version": "2026-10-09-prompt-4b-risk-explainability", "computation_mode": "geometric"}, "geometry": {"type": "LineString", "coordinates": [[75.8553798, 22.720792699999997], [75.855335, 22.7211802]]}}, {"id": "156", "type": "Feature", "properties": {"segment_id": "osm-2025111254-2025111270-0", "length_m": 51.73921207512896, "shade_fraction": 0.5435754131050984, "exposure_fraction": 0.4564245868949016, "canonical_time": "15:00", "solar_azimuth_deg": 271.54425686027565, "solar_elevation_deg": 53.21021702250467, "estimated_height_building_count": 3793, "source_type": "derived", "source_reference": "Cached OSM streets intersected with modelled building shadows", "observed_or_estimated": "ESTIMATED", "modelled_or_interpolated": "MODELLED", "timestamp": "2026-10-09T01:39:38.179956+00:00", "assumptions_version": "2026-10-09-prompt-4b-risk-explainability", "computation_mode": "geometric"}, "geometry": {"type": "LineString", "coordinates": [[75.8553798, 22.720792699999997], [75.855415, 22.7208331], [75.8554472, 22.720873899999997], [75.8554794, 22.720898600000005], [75.8555156, 22.720944400000004], [75.8555558, 22.721023499999998], [75.8555694, 22.7212049]]}}, {"id": "157", "type": "Feature", "properties": {"segment_id": "osm-2025111254-2025111228-0", "length_m": 76.48474664907414, "shade_fraction": 0.9012258847592335, "exposure_fraction": 0.09877411524076651, "canonical_time": "15:00", "solar_azimuth_deg": 271.54425686027565, "solar_elevation_deg": 53.21021702250467, "estimated_height_building_count": 3793, "source_type": "derived", "source_reference": "Cached OSM streets intersected with modelled building shadows", "observed_or_estimated": "ESTIMATED", "modelled_or_interpolated": "MODELLED", "timestamp": "2026-10-09T01:39:38.179956+00:00", "assumptions_version": "2026-10-09-prompt-4b-risk-explainability", "computation_mode": "geometric"}, "geometry": {"type": "LineString", "coordinates": [[75.8553798, 22.720792699999997], [75.8554674, 22.720446999999997], [75.855636, 22.7201499]]}}, {"id": "158", "type": "Feature", "properties": {"segment_id": "osm-2025111260-8478005593-0", "length_m": 63.144010072738574, "shade_fraction": 0.0, "exposure_fraction": 1.0, "canonical_time": "15:00", "solar_azimuth_deg": 271.54425686027565, "solar_elevation_deg": 53.21021702250467, "estimated_height_building_count": 3793, "source_type": "derived", "source_reference": "Cached OSM streets intersected with modelled building shadows", "observed_or_estimated": "ESTIMATED", "modelled_or_interpolated": "MODELLED", "timestamp": "2026-10-09T01:39:38.179956+00:00", "assumptions_version": "2026-10-09-prompt-4b-risk-explainability", "computation_mode": "geometric"}, "geometry": {"type": "LineString", "coordinates": [[75.8547272, 22.7210943], [75.8552146, 22.721161199999997], [75.855335, 22.7211802]]}}, {"id": "159", "type": "Feature", "properties": {"segment_id": "osm-2025111260-3734463409-0", "length_m": 22.459771950676327, "shade_fraction": 0.03978232609649678, "exposure_fraction": 0.9602176739035032, "canonical_time": "15:00", "solar_azimuth_deg": 271.54425686027565, "solar_elevation_deg": 53.21021702250467, "estimated_height_building_count": 3793, "source_type": "derived", "source_reference": "Cached OSM streets intersected with modelled building shadows", "observed_or_estimated": "ESTIMATED", "modelled_or_interpolated": "MODELLED", "timestamp": "2026-10-09T01:39:38.179956+00:00", "assumptions_version": "2026-10-09-prompt-4b-risk-explainability", "computation_mode": "geometric"}, "geometry": {"type": "LineString", "coordinates": [[75.8547272, 22.7210943], [75.8545518, 22.721041400000004], [75.8545176, 22.721039599999994]]}}, {"id": "160", "type": "Feature", "properties": {"segment_id": "osm-2025111260-3734496854-0", "length_m": 133.63093346282716, "shade_fraction": 0.5155218683861352, "exposure_fraction": 0.48447813161386477, "canonical_time": "15:00", "solar_azimuth_deg": 271.54425686027565, "solar_elevation_deg": 53.21021702250467, "estimated_height_building_count": 3793, "source_type": "derived", "source_reference": "Cached OSM streets intersected with modelled building shadows", "observed_or_estimated": "ESTIMATED", "modelled_or_interpolated": "MODELLED", "timestamp": "2026-10-09T01:39:38.179956+00:00", "assumptions_version": "2026-10-09-prompt-4b-risk-explainability", "computation_mode": "geometric"}, "geometry": {"type": "LineString", "coordinates": [[75.8547272, 22.7210943], [75.8548203, 22.7208865], [75.854995, 22.7205373], [75.8551438, 22.7201769], [75.855238, 22.719984699999998]]}}, {"id": "161", "type": "Feature", "properties": {"segment_id": "osm-2025111260-2025111297-0", "length_m": 43.40242514974324, "shade_fraction": 0.06450477724192882, "exposure_fraction": 0.9354952227580712, "canonical_time": "15:00", "solar_azimuth_deg": 271.54425686027565, "solar_elevation_deg": 53.21021702250467, "estimated_height_building_count": 3793, "source_type": "derived", "source_reference": "Cached OSM streets intersected with modelled building shadows", "observed_or_estimated": "ESTIMATED", "modelled_or_interpolated": "MODELLED", "timestamp": "2026-10-09T01:39:38.179956+00:00", "assumptions_version": "2026-10-09-prompt-4b-risk-explainability", "computation_mode": "geometric"}, "geometry": {"type": "LineString", "coordinates": [[75.8547272, 22.7210943], [75.8546829, 22.721146299999997], [75.8546519, 22.7212663], [75.8545924, 22.721461]]}}, {"id": "162", "type": "Feature", "properties": {"segment_id": "osm-2025111270-2025111273-0", "length_m": 28.23934186227813, "shade_fraction": 0.0, "exposure_fraction": 1.0, "canonical_time": "15:00", "solar_azimuth_deg": 271.54425686027565, "solar_elevation_deg": 53.21021702250467, "estimated_height_building_count": 3793, "source_type": "derived", "source_reference": "Cached OSM streets intersected with modelled building shadows", "observed_or_estimated": "ESTIMATED", "modelled_or_interpolated": "MODELLED", "timestamp": "2026-10-09T01:39:38.179956+00:00", "assumptions_version": "2026-10-09-prompt-4b-risk-explainability", "computation_mode": "geometric"}, "geometry": {"type": "LineString", "coordinates": [[75.8555694, 22.7212049], [75.8558428, 22.721232099999998]]}}, {"id": "163", "type": "Feature", "properties": {"segment_id": "osm-2025111270-3732996655-0", "length_m": 4.657242164658771, "shade_fraction": 0.0, "exposure_fraction": 1.0, "canonical_time": "15:00", "solar_azimuth_deg": 271.54425686027565, "solar_elevation_deg": 53.21021702250467, "estimated_height_building_count": 3793, "source_type": "derived", "source_reference": "Cached OSM streets intersected with modelled building shadows", "observed_or_estimated": "ESTIMATED", "modelled_or_interpolated": "MODELLED", "timestamp": "2026-10-09T01:39:38.179956+00:00", "assumptions_version": "2026-10-09-prompt-4b-risk-explainability", "computation_mode": "geometric"}, "geometry": {"type": "LineString", "coordinates": [[75.8555694, 22.7212049], [75.8555244, 22.721199700000003]]}}, {"id": "164", "type": "Feature", "properties": {"segment_id": "osm-2025111270-2025111254-0", "length_m": 51.73921207512896, "shade_fraction": 0.5435754131050984, "exposure_fraction": 0.4564245868949016, "canonical_time": "15:00", "solar_azimuth_deg": 271.54425686027565, "solar_elevation_deg": 53.21021702250467, "estimated_height_building_count": 3793, "source_type": "derived", "source_reference": "Cached OSM streets intersected with modelled building shadows", "observed_or_estimated": "ESTIMATED", "modelled_or_interpolated": "MODELLED", "timestamp": "2026-10-09T01:39:38.179956+00:00", "assumptions_version": "2026-10-09-prompt-4b-risk-explainability", "computation_mode": "geometric"}, "geometry": {"type": "LineString", "coordinates": [[75.8555694, 22.7212049], [75.8555558, 22.721023499999998], [75.8555156, 22.720944400000004], [75.8554794, 22.720898600000005], [75.8554472, 22.720873899999997], [75.855415, 22.7208331], [75.8553798, 22.720792699999997]]}}, {"id": "165", "type": "Feature", "properties": {"segment_id": "osm-2025111273-2025111275-0", "length_m": 6.859363362902464, "shade_fraction": 0.0, "exposure_fraction": 1.0, "canonical_time": "15:00", "solar_azimuth_deg": 271.54425686027565, "solar_elevation_deg": 53.21021702250467, "estimated_height_building_count": 3793, "source_type": "derived", "source_reference": "Cached OSM streets intersected with modelled building shadows", "observed_or_estimated": "ESTIMATED", "modelled_or_interpolated": "MODELLED", "timestamp": "2026-10-09T01:39:38.179956+00:00", "assumptions_version": "2026-10-09-prompt-4b-risk-explainability", "computation_mode": "geometric"}, "geometry": {"type": "LineString", "coordinates": [[75.8558428, 22.721232099999998], [75.8559054, 22.7212537]]}}, {"id": "166", "type": "Feature", "properties": {"segment_id": "osm-2025111273-2025111270-0", "length_m": 28.23934186227813, "shade_fraction": 0.0, "exposure_fraction": 1.0, "canonical_time": "15:00", "solar_azimuth_deg": 271.54425686027565, "solar_elevation_deg": 53.21021702250467, "estimated_height_building_count": 3793, "source_type": "derived", "source_reference": "Cached OSM streets intersected with modelled building shadows", "observed_or_estimated": "ESTIMATED", "modelled_or_interpolated": "MODELLED", "timestamp": "2026-10-09T01:39:38.179956+00:00", "assumptions_version": "2026-10-09-prompt-4b-risk-explainability", "computation_mode": "geometric"}, "geometry": {"type": "LineString", "coordinates": [[75.8558428, 22.721232099999998], [75.8555694, 22.7212049]]}}, {"id": "167", "type": "Feature", "properties": {"segment_id": "osm-2025111273-3732908392-0", "length_m": 27.50331723311693, "shade_fraction": 0.7976870479203314, "exposure_fraction": 0.2023129520796686, "canonical_time": "15:00", "solar_azimuth_deg": 271.54425686027565, "solar_elevation_deg": 53.21021702250467, "estimated_height_building_count": 3793, "source_type": "derived", "source_reference": "Cached OSM streets intersected with modelled building shadows", "observed_or_estimated": "ESTIMATED", "modelled_or_interpolated": "MODELLED", "timestamp": "2026-10-09T01:39:38.179956+00:00", "assumptions_version": "2026-10-09-prompt-4b-risk-explainability", "computation_mode": "geometric"}, "geometry": {"type": "LineString", "coordinates": [[75.8558428, 22.721232099999998], [75.8558403, 22.7213956], [75.8558422, 22.721480499999995]]}}, {"id": "168", "type": "Feature", "properties": {"segment_id": "osm-2025111275-2025111283-0", "length_m": 43.159712134116, "shade_fraction": 0.0, "exposure_fraction": 1.0, "canonical_time": "15:00", "solar_azimuth_deg": 271.54425686027565, "solar_elevation_deg": 53.21021702250467, "estimated_height_building_count": 3793, "source_type": "derived", "source_reference": "Cached OSM streets intersected with modelled building shadows", "observed_or_estimated": "ESTIMATED", "modelled_or_interpolated": "MODELLED", "timestamp": "2026-10-09T01:39:38.179956+00:00", "assumptions_version": "2026-10-09-prompt-4b-risk-explainability", "computation_mode": "geometric"}, "geometry": {"type": "LineString", "coordinates": [[75.8559054, 22.7212537], [75.8562941, 22.721401899999993]]}}, {"id": "169", "type": "Feature", "properties": {"segment_id": "osm-2025111275-2025111273-0", "length_m": 6.859363362902464, "shade_fraction": 0.0, "exposure_fraction": 1.0, "canonical_time": "15:00", "solar_azimuth_deg": 271.54425686027565, "solar_elevation_deg": 53.21021702250467, "estimated_height_building_count": 3793, "source_type": "derived", "source_reference": "Cached OSM streets intersected with modelled building shadows", "observed_or_estimated": "ESTIMATED", "modelled_or_interpolated": "MODELLED", "timestamp": "2026-10-09T01:39:38.179956+00:00", "assumptions_version": "2026-10-09-prompt-4b-risk-explainability", "computation_mode": "geometric"}, "geometry": {"type": "LineString", "coordinates": [[75.8559054, 22.7212537], [75.8558428, 22.721232099999998]]}}, {"id": "170", "type": "Feature", "properties": {"segment_id": "osm-2025111275-2025111227-0", "length_m": 139.32968273206805, "shade_fraction": 0.6077185147838718, "exposure_fraction": 0.39228148521612816, "canonical_time": "15:00", "solar_azimuth_deg": 271.54425686027565, "solar_elevation_deg": 53.21021702250467, "estimated_height_building_count": 3793, "source_type": "derived", "source_reference": "Cached OSM streets intersected with modelled building shadows", "observed_or_estimated": "ESTIMATED", "modelled_or_interpolated": "MODELLED", "timestamp": "2026-10-09T01:39:38.179956+00:00", "assumptions_version": "2026-10-09-prompt-4b-risk-explainability", "computation_mode": "geometric"}, "geometry": {"type": "LineString", "coordinates": [[75.8559054, 22.7212537], [75.85593, 22.720808400000006], [75.8559448, 22.720505599999996], [75.8559399, 22.72043849999999], [75.8559132, 22.720384], [75.8558622, 22.720320599999994], [75.8558424, 22.720281299999993], [75.8558161, 22.7202281], [75.8558023, 22.7201721], [75.8557852, 22.720029]]}}, {"id": "171", "type": "Feature", "properties": {"segment_id": "osm-2025111283-2025111285-0", "length_m": 13.133946581385217, "shade_fraction": 0.0, "exposure_fraction": 1.0, "canonical_time": "15:00", "solar_azimuth_deg": 271.54425686027565, "solar_elevation_deg": 53.21021702250467, "estimated_height_building_count": 3793, "source_type": "derived", "source_reference": "Cached OSM streets intersected with modelled building shadows", "observed_or_estimated": "ESTIMATED", "modelled_or_interpolated": "MODELLED", "timestamp": "2026-10-09T01:39:38.179956+00:00", "assumptions_version": "2026-10-09-prompt-4b-risk-explainability", "computation_mode": "geometric"}, "geometry": {"type": "LineString", "coordinates": [[75.8562941, 22.721401899999993], [75.8564069, 22.721457799999996]]}}, {"id": "172", "type": "Feature", "properties": {"segment_id": "osm-2025111283-2025111275-0", "length_m": 43.159712134116, "shade_fraction": 0.0, "exposure_fraction": 1.0, "canonical_time": "15:00", "solar_azimuth_deg": 271.54425686027565, "solar_elevation_deg": 53.21021702250467, "estimated_height_building_count": 3793, "source_type": "derived", "source_reference": "Cached OSM streets intersected with modelled building shadows", "observed_or_estimated": "ESTIMATED", "modelled_or_interpolated": "MODELLED", "timestamp": "2026-10-09T01:39:38.179956+00:00", "assumptions_version": "2026-10-09-prompt-4b-risk-explainability", "computation_mode": "geometric"}, "geometry": {"type": "LineString", "coordinates": [[75.8562941, 22.721401899999993], [75.8559054, 22.7212537]]}}, {"id": "173", "type": "Feature", "properties": {"segment_id": "osm-2025111283-8460457262-0", "length_m": 201.98085967701806, "shade_fraction": 0.43620000503219475, "exposure_fraction": 0.5637999949678052, "canonical_time": "15:00", "solar_azimuth_deg": 271.54425686027565, "solar_elevation_deg": 53.21021702250467, "estimated_height_building_count": 3793, "source_type": "derived", "source_reference": "Cached OSM streets intersected with modelled building shadows", "observed_or_estimated": "ESTIMATED", "modelled_or_interpolated": "MODELLED", "timestamp": "2026-10-09T01:39:38.179956+00:00", "assumptions_version": "2026-10-09-prompt-4b-risk-explainability", "computation_mode": "geometric"}, "geometry": {"type": "LineString", "coordinates": [[75.8562941, 22.721401899999993], [75.8563007, 22.721196599999995], [75.8562948, 22.7211275], [75.85628340000001, 22.7210285], [75.856276, 22.720865299999993], [75.8562852, 22.720613399999994], [75.8562988, 22.720443], [75.8563154, 22.7202743], [75.8563141, 22.720014200000005], [75.8563136, 22.719991899999997], [75.8563068, 22.71995849999999], [75.8562867, 22.719937499999986], [75.8562572, 22.719927600000002], [75.8559144, 22.719884199999992]]}}, {"id": "174", "type": "Feature", "properties": {"segment_id": "osm-2025111285-2025111313-0", "length_m": 33.89900789714554, "shade_fraction": 0.0, "exposure_fraction": 1.0, "canonical_time": "15:00", "solar_azimuth_deg": 271.54425686027565, "solar_elevation_deg": 53.21021702250467, "estimated_height_building_count": 3793, "source_type": "derived", "source_reference": "Cached OSM streets intersected with modelled building shadows", "observed_or_estimated": "ESTIMATED", "modelled_or_interpolated": "MODELLED", "timestamp": "2026-10-09T01:39:38.179956+00:00", "assumptions_version": "2026-10-09-prompt-4b-risk-explainability", "computation_mode": "geometric"}, "geometry": {"type": "LineString", "coordinates": [[75.8564069, 22.721457799999996], [75.8567096, 22.72157989999999]]}}, {"id": "175", "type": "Feature", "properties": {"segment_id": "osm-2025111285-2025111283-0", "length_m": 13.133946581385217, "shade_fraction": 0.0, "exposure_fraction": 1.0, "canonical_time": "15:00", "solar_azimuth_deg": 271.54425686027565, "solar_elevation_deg": 53.21021702250467, "estimated_height_building_count": 3793, "source_type": "derived", "source_reference": "Cached OSM streets intersected with modelled building shadows", "observed_or_estimated": "ESTIMATED", "modelled_or_interpolated": "MODELLED", "timestamp": "2026-10-09T01:39:38.179956+00:00", "assumptions_version": "2026-10-09-prompt-4b-risk-explainability", "computation_mode": "geometric"}, "geometry": {"type": "LineString", "coordinates": [[75.8564069, 22.721457799999996], [75.8562941, 22.721401899999993]]}}, {"id": "176", "type": "Feature", "properties": {"segment_id": "osm-2025111285-2025111331-0", "length_m": 40.74920342668824, "shade_fraction": 0.593384319508693, "exposure_fraction": 0.40661568049130703, "canonical_time": "15:00", "solar_azimuth_deg": 271.54425686027565, "solar_elevation_deg": 53.21021702250467, "estimated_height_building_count": 3793, "source_type": "derived", "source_reference": "Cached OSM streets intersected with modelled building shadows", "observed_or_estimated": "ESTIMATED", "modelled_or_interpolated": "MODELLED", "timestamp": "2026-10-09T01:39:38.179956+00:00", "assumptions_version": "2026-10-09-prompt-4b-risk-explainability", "computation_mode": "geometric"}, "geometry": {"type": "LineString", "coordinates": [[75.8564069, 22.721457799999996], [75.85635980000002, 22.7214867], [75.8563369, 22.72151619999999], [75.85628, 22.721582799999997], [75.856245, 22.721663999999997], [75.8562349, 22.7217705]]}}, {"id": "177", "type": "Feature", "properties": {"segment_id": "osm-2025111286-2025111363-0", "length_m": 89.46831254522786, "shade_fraction": 0.1976528428675792, "exposure_fraction": 0.8023471571324208, "canonical_time": "15:00", "solar_azimuth_deg": 271.54425686027565, "solar_elevation_deg": 53.21021702250467, "estimated_height_building_count": 3793, "source_type": "derived", "source_reference": "Cached OSM streets intersected with modelled building shadows", "observed_or_estimated": "ESTIMATED", "modelled_or_interpolated": "MODELLED", "timestamp": "2026-10-09T01:39:38.179956+00:00", "assumptions_version": "2026-10-09-prompt-4b-risk-explainability", "computation_mode": "geometric"}, "geometry": {"type": "LineString", "coordinates": [[75.8546279, 22.721502899999994], [75.8549889, 22.7215488], [75.855029, 22.721592400000002], [75.8550503, 22.7217672], [75.8551241, 22.721994]]}}, {"id": "178", "type": "Feature", "properties": {"segment_id": "osm-2025111297-6616739535-0", "length_m": 43.79947187990224, "shade_fraction": 0.33459238379095374, "exposure_fraction": 0.6654076162090463, "canonical_time": "15:00", "solar_azimuth_deg": 271.54425686027565, "solar_elevation_deg": 53.21021702250467, "estimated_height_building_count": 3793, "source_type": "derived", "source_reference": "Cached OSM streets intersected with modelled building shadows", "observed_or_estimated": "ESTIMATED", "modelled_or_interpolated": "MODELLED", "timestamp": "2026-10-09T01:39:38.179956+00:00", "assumptions_version": "2026-10-09-prompt-4b-risk-explainability", "computation_mode": "geometric"}, "geometry": {"type": "LineString", "coordinates": [[75.8545924, 22.721461], [75.8544584, 22.721836599999993]]}}, {"id": "179", "type": "Feature", "properties": {"segment_id": "osm-2025111297-3734463417-0", "length_m": 70.33588526701905, "shade_fraction": 0.04404040813752259, "exposure_fraction": 0.9559595918624774, "canonical_time": "15:00", "solar_azimuth_deg": 271.54425686027565, "solar_elevation_deg": 53.21021702250467, "estimated_height_building_count": 3793, "source_type": "derived", "source_reference": "Cached OSM streets intersected with modelled building shadows", "observed_or_estimated": "ESTIMATED", "modelled_or_interpolated": "MODELLED", "timestamp": "2026-10-09T01:39:38.179956+00:00", "assumptions_version": "2026-10-09-prompt-4b-risk-explainability", "computation_mode": "geometric"}, "geometry": {"type": "LineString", "coordinates": [[75.8545924, 22.721461], [75.8544819, 22.721422799999996], [75.8541436, 22.7213279], [75.8540846, 22.7213341], [75.854039, 22.721344000000002], [75.8539921, 22.7213761], [75.853968, 22.721415700000005]]}}, {"id": "180", "type": "Feature", "properties": {"segment_id": "osm-2025111297-2025111260-0", "length_m": 43.40242514974323, "shade_fraction": 0.06450477724192884, "exposure_fraction": 0.9354952227580712, "canonical_time": "15:00", "solar_azimuth_deg": 271.54425686027565, "solar_elevation_deg": 53.21021702250467, "estimated_height_building_count": 3793, "source_type": "derived", "source_reference": "Cached OSM streets intersected with modelled building shadows", "observed_or_estimated": "ESTIMATED", "modelled_or_interpolated": "MODELLED", "timestamp": "2026-10-09T01:39:38.179956+00:00", "assumptions_version": "2026-10-09-prompt-4b-risk-explainability", "computation_mode": "geometric"}, "geometry": {"type": "LineString", "coordinates": [[75.8545924, 22.721461], [75.8546519, 22.7212663], [75.8546829, 22.721146299999997], [75.8547272, 22.7210943]]}}, {"id": "181", "type": "Feature", "properties": {"segment_id": "osm-2025111313-2025111347-0", "length_m": 46.53280555621854, "shade_fraction": 0.06388740563421169, "exposure_fraction": 0.9361125943657883, "canonical_time": "15:00", "solar_azimuth_deg": 271.54425686027565, "solar_elevation_deg": 53.21021702250467, "estimated_height_building_count": 3793, "source_type": "derived", "source_reference": "Cached OSM streets intersected with modelled building shadows", "observed_or_estimated": "ESTIMATED", "modelled_or_interpolated": "MODELLED", "timestamp": "2026-10-09T01:39:38.179956+00:00", "assumptions_version": "2026-10-09-prompt-4b-risk-explainability", "computation_mode": "geometric"}, "geometry": {"type": "LineString", "coordinates": [[75.8567096, 22.72157989999999], [75.8563579, 22.721844900000004]]}}, {"id": "182", "type": "Feature", "properties": {"segment_id": "osm-2025111313-2025111285-0", "length_m": 33.89900789714554, "shade_fraction": 0.0, "exposure_fraction": 1.0, "canonical_time": "15:00", "solar_azimuth_deg": 271.54425686027565, "solar_elevation_deg": 53.21021702250467, "estimated_height_building_count": 3793, "source_type": "derived", "source_reference": "Cached OSM streets intersected with modelled building shadows", "observed_or_estimated": "ESTIMATED", "modelled_or_interpolated": "MODELLED", "timestamp": "2026-10-09T01:39:38.179956+00:00", "assumptions_version": "2026-10-09-prompt-4b-risk-explainability", "computation_mode": "geometric"}, "geometry": {"type": "LineString", "coordinates": [[75.8567096, 22.72157989999999], [75.8564069, 22.721457799999996]]}}, {"id": "183", "type": "Feature", "properties": {"segment_id": "osm-2025111313-8460393386-0", "length_m": 8.934282084370254, "shade_fraction": 0.0, "exposure_fraction": 1.0, "canonical_time": "15:00", "solar_azimuth_deg": 271.54425686027565, "solar_elevation_deg": 53.21021702250467, "estimated_height_building_count": 3793, "source_type": "derived", "source_reference": "Cached OSM streets intersected with modelled building shadows", "observed_or_estimated": "ESTIMATED", "modelled_or_interpolated": "MODELLED", "timestamp": "2026-10-09T01:39:38.179956+00:00", "assumptions_version": "2026-10-09-prompt-4b-risk-explainability", "computation_mode": "geometric"}, "geometry": {"type": "LineString", "coordinates": [[75.8567096, 22.72157989999999], [75.8567592, 22.7215136]]}}, {"id": "184", "type": "Feature", "properties": {"segment_id": "osm-2025111313-3732996660-0", "length_m": 35.803684307767675, "shade_fraction": 0.0, "exposure_fraction": 1.0, "canonical_time": "15:00", "solar_azimuth_deg": 271.54425686027565, "solar_elevation_deg": 53.21021702250467, "estimated_height_building_count": 3793, "source_type": "derived", "source_reference": "Cached OSM streets intersected with modelled building shadows", "observed_or_estimated": "ESTIMATED", "modelled_or_interpolated": "MODELLED", "timestamp": "2026-10-09T01:39:38.179956+00:00", "assumptions_version": "2026-10-09-prompt-4b-risk-explainability", "computation_mode": "geometric"}, "geometry": {"type": "LineString", "coordinates": [[75.8567096, 22.72157989999999], [75.8568186, 22.7217275], [75.8568782, 22.721861000000004]]}}, {"id": "185", "type": "Feature", "properties": {"segment_id": "osm-2025111317-2025111326-0", "length_m": 17.490088082467587, "shade_fraction": 0.731518379412935, "exposure_fraction": 0.26848162058706504, "canonical_time": "15:00", "solar_azimuth_deg": 271.54425686027565, "solar_elevation_deg": 53.21021702250467, "estimated_height_building_count": 3793, "source_type": "derived", "source_reference": "Cached OSM streets intersected with modelled building shadows", "observed_or_estimated": "ESTIMATED", "modelled_or_interpolated": "MODELLED", "timestamp": "2026-10-09T01:39:38.179956+00:00", "assumptions_version": "2026-10-09-prompt-4b-risk-explainability", "computation_mode": "geometric"}, "geometry": {"type": "LineString", "coordinates": [[75.8576271, 22.721609600000004], [75.8576152, 22.7217672]]}}, {"id": "186", "type": "Feature", "properties": {"segment_id": "osm-2025111317-3732908385-0", "length_m": 23.44861016442316, "shade_fraction": 0.0, "exposure_fraction": 1.0, "canonical_time": "15:00", "solar_azimuth_deg": 271.54425686027565, "solar_elevation_deg": 53.21021702250467, "estimated_height_building_count": 3793, "source_type": "derived", "source_reference": "Cached OSM streets intersected with modelled building shadows", "observed_or_estimated": "ESTIMATED", "modelled_or_interpolated": "MODELLED", "timestamp": "2026-10-09T01:39:38.179956+00:00", "assumptions_version": "2026-10-09-prompt-4b-risk-explainability", "computation_mode": "geometric"}, "geometry": {"type": "LineString", "coordinates": [[75.8576271, 22.721609600000004], [75.8575869, 22.721401100000005]]}}, {"id": "187", "type": "Feature", "properties": {"segment_id": "osm-2025111317-3732996657-0", "length_m": 54.21188010844448, "shade_fraction": 0.0, "exposure_fraction": 1.0, "canonical_time": "15:00", "solar_azimuth_deg": 271.54425686027565, "solar_elevation_deg": 53.21021702250467, "estimated_height_building_count": 3793, "source_type": "derived", "source_reference": "Cached OSM streets intersected with modelled building shadows", "observed_or_estimated": "ESTIMATED", "modelled_or_interpolated": "MODELLED", "timestamp": "2026-10-09T01:39:38.179956+00:00", "assumptions_version": "2026-10-09-prompt-4b-risk-explainability", "computation_mode": "geometric"}, "geometry": {"type": "LineString", "coordinates": [[75.8576271, 22.721609600000004], [75.8574234, 22.721593199999997], [75.8572866, 22.721574599999993], [75.8571019, 22.7215628]]}}, {"id": "188", "type": "Feature", "properties": {"segment_id": "osm-2025111319-2025020163-0", "length_m": 11.009184997764821, "shade_fraction": 0.0, "exposure_fraction": 1.0, "canonical_time": "15:00", "solar_azimuth_deg": 271.54425686027565, "solar_elevation_deg": 53.21021702250467, "estimated_height_building_count": 3793, "source_type": "derived", "source_reference": "Cached OSM streets intersected with modelled building shadows", "observed_or_estimated": "ESTIMATED", "modelled_or_interpolated": "MODELLED", "timestamp": "2026-10-09T01:39:38.179956+00:00", "assumptions_version": "2026-10-09-prompt-4b-risk-explainability", "computation_mode": "geometric"}, "geometry": {"type": "LineString", "coordinates": [[75.8589484, 22.721681700000005], [75.8588415, 22.7216891]]}}, {"id": "189", "type": "Feature", "properties": {"segment_id": "osm-2025111319-8478005576-0", "length_m": 95.28819925104398, "shade_fraction": 0.0, "exposure_fraction": 1.0, "canonical_time": "15:00", "solar_azimuth_deg": 271.54425686027565, "solar_elevation_deg": 53.21021702250467, "estimated_height_building_count": 3793, "source_type": "derived", "source_reference": "Cached OSM streets intersected with modelled building shadows", "observed_or_estimated": "ESTIMATED", "modelled_or_interpolated": "MODELLED", "timestamp": "2026-10-09T01:39:38.179956+00:00", "assumptions_version": "2026-10-09-prompt-4b-risk-explainability", "computation_mode": "geometric"}, "geometry": {"type": "LineString", "coordinates": [[75.8589484, 22.721681700000005], [75.858847, 22.721472099999993], [75.8587705, 22.721315199999996], [75.8587176, 22.721146499999996], [75.8586502, 22.72087039999999]]}}, {"id": "190", "type": "Feature", "properties": {"segment_id": "osm-2025111326-2025111317-0", "length_m": 17.490088082467587, "shade_fraction": 0.731518379412935, "exposure_fraction": 0.26848162058706504, "canonical_time": "15:00", "solar_azimuth_deg": 271.54425686027565, "solar_elevation_deg": 53.21021702250467, "estimated_height_building_count": 3793, "source_type": "derived", "source_reference": "Cached OSM streets intersected with modelled building shadows", "observed_or_estimated": "ESTIMATED", "modelled_or_interpolated": "MODELLED", "timestamp": "2026-10-09T01:39:38.179956+00:00", "assumptions_version": "2026-10-09-prompt-4b-risk-explainability", "computation_mode": "geometric"}, "geometry": {"type": "LineString", "coordinates": [[75.8576152, 22.7217672], [75.8576271, 22.721609600000004]]}}, {"id": "191", "type": "Feature", "properties": {"segment_id": "osm-2025111331-3732908408-0", "length_m": 30.286436638687814, "shade_fraction": 0.0, "exposure_fraction": 1.0, "canonical_time": "15:00", "solar_azimuth_deg": 271.54425686027565, "solar_elevation_deg": 53.21021702250467, "estimated_height_building_count": 3793, "source_type": "derived", "source_reference": "Cached OSM streets intersected with modelled building shadows", "observed_or_estimated": "ESTIMATED", "modelled_or_interpolated": "MODELLED", "timestamp": "2026-10-09T01:39:38.179956+00:00", "assumptions_version": "2026-10-09-prompt-4b-risk-explainability", "computation_mode": "geometric"}, "geometry": {"type": "LineString", "coordinates": [[75.8562349, 22.7217705], [75.8559473, 22.72183099999999]]}}, {"id": "192", "type": "Feature", "properties": {"segment_id": "osm-2025111331-2025111351-0", "length_m": 14.187436110687608, "shade_fraction": 0.0, "exposure_fraction": 1.0, "canonical_time": "15:00", "solar_azimuth_deg": 271.54425686027565, "solar_elevation_deg": 53.21021702250467, "estimated_height_building_count": 3793, "source_type": "derived", "source_reference": "Cached OSM streets intersected with modelled building shadows", "observed_or_estimated": "ESTIMATED", "modelled_or_interpolated": "MODELLED", "timestamp": "2026-10-09T01:39:38.179956+00:00", "assumptions_version": "2026-10-09-prompt-4b-risk-explainability", "computation_mode": "geometric"}, "geometry": {"type": "LineString", "coordinates": [[75.8562349, 22.7217705], [75.8562831, 22.721890599999988]]}}, {"id": "193", "type": "Feature", "properties": {"segment_id": "osm-2025111331-2025111285-0", "length_m": 40.74920342668824, "shade_fraction": 0.593384319508693, "exposure_fraction": 0.40661568049130703, "canonical_time": "15:00", "solar_azimuth_deg": 271.54425686027565, "solar_elevation_deg": 53.21021702250467, "estimated_height_building_count": 3793, "source_type": "derived", "source_reference": "Cached OSM streets intersected with modelled building shadows", "observed_or_estimated": "ESTIMATED", "modelled_or_interpolated": "MODELLED", "timestamp": "2026-10-09T01:39:38.179956+00:00", "assumptions_version": "2026-10-09-prompt-4b-risk-explainability", "computation_mode": "geometric"}, "geometry": {"type": "LineString", "coordinates": [[75.8562349, 22.7217705], [75.856245, 22.721663999999997], [75.85628, 22.721582799999997], [75.8563369, 22.72151619999999], [75.85635980000002, 22.7214867], [75.8564069, 22.721457799999996]]}}, {"id": "194", "type": "Feature", "properties": {"segment_id": "osm-2025111347-2025111313-0", "length_m": 46.53280555621854, "shade_fraction": 0.06388740563421169, "exposure_fraction": 0.9361125943657883, "canonical_time": "15:00", "solar_azimuth_deg": 271.54425686027565, "solar_elevation_deg": 53.21021702250467, "estimated_height_building_count": 3793, "source_type": "derived", "source_reference": "Cached OSM streets intersected with modelled building shadows", "observed_or_estimated": "ESTIMATED", "modelled_or_interpolated": "MODELLED", "timestamp": "2026-10-09T01:39:38.179956+00:00", "assumptions_version": "2026-10-09-prompt-4b-risk-explainability", "computation_mode": "geometric"}, "geometry": {"type": "LineString", "coordinates": [[75.8563579, 22.721844900000004], [75.8567096, 22.72157989999999]]}}, {"id": "195", "type": "Feature", "properties": {"segment_id": "osm-2025111347-2025111351-0", "length_m": 9.198313955110347, "shade_fraction": 0.0, "exposure_fraction": 1.0, "canonical_time": "15:00", "solar_azimuth_deg": 271.54425686027565, "solar_elevation_deg": 53.21021702250467, "estimated_height_building_count": 3793, "source_type": "derived", "source_reference": "Cached OSM streets intersected with modelled building shadows", "observed_or_estimated": "ESTIMATED", "modelled_or_interpolated": "MODELLED", "timestamp": "2026-10-09T01:39:38.179956+00:00", "assumptions_version": "2026-10-09-prompt-4b-risk-explainability", "computation_mode": "geometric"}, "geometry": {"type": "LineString", "coordinates": [[75.8563579, 22.721844900000004], [75.8562831, 22.721890599999988]]}}, {"id": "196", "type": "Feature", "properties": {"segment_id": "osm-2025111351-2025111347-0", "length_m": 9.198313955110347, "shade_fraction": 0.0, "exposure_fraction": 1.0, "canonical_time": "15:00", "solar_azimuth_deg": 271.54425686027565, "solar_elevation_deg": 53.21021702250467, "estimated_height_building_count": 3793, "source_type": "derived", "source_reference": "Cached OSM streets intersected with modelled building shadows", "observed_or_estimated": "ESTIMATED", "modelled_or_interpolated": "MODELLED", "timestamp": "2026-10-09T01:39:38.179956+00:00", "assumptions_version": "2026-10-09-prompt-4b-risk-explainability", "computation_mode": "geometric"}, "geometry": {"type": "LineString", "coordinates": [[75.8562831, 22.721890599999988], [75.8563579, 22.721844900000004]]}}, {"id": "197", "type": "Feature", "properties": {"segment_id": "osm-2025111351-2025111331-0", "length_m": 14.187436110687608, "shade_fraction": 0.0, "exposure_fraction": 1.0, "canonical_time": "15:00", "solar_azimuth_deg": 271.54425686027565, "solar_elevation_deg": 53.21021702250467, "estimated_height_building_count": 3793, "source_type": "derived", "source_reference": "Cached OSM streets intersected with modelled building shadows", "observed_or_estimated": "ESTIMATED", "modelled_or_interpolated": "MODELLED", "timestamp": "2026-10-09T01:39:38.179956+00:00", "assumptions_version": "2026-10-09-prompt-4b-risk-explainability", "computation_mode": "geometric"}, "geometry": {"type": "LineString", "coordinates": [[75.8562831, 22.721890599999988], [75.8562349, 22.7217705]]}}, {"id": "198", "type": "Feature", "properties": {"segment_id": "osm-2025111351-3732908422-0", "length_m": 33.681667064540626, "shade_fraction": 0.0, "exposure_fraction": 1.0, "canonical_time": "15:00", "solar_azimuth_deg": 271.54425686027565, "solar_elevation_deg": 53.21021702250467, "estimated_height_building_count": 3793, "source_type": "derived", "source_reference": "Cached OSM streets intersected with modelled building shadows", "observed_or_estimated": "ESTIMATED", "modelled_or_interpolated": "MODELLED", "timestamp": "2026-10-09T01:39:38.179956+00:00", "assumptions_version": "2026-10-09-prompt-4b-risk-explainability", "computation_mode": "geometric"}, "geometry": {"type": "LineString", "coordinates": [[75.8562831, 22.721890599999988], [75.8561927, 22.72196], [75.8560103, 22.722057699999997]]}}, {"id": "199", "type": "Feature", "properties": {"segment_id": "osm-2025111355-3734466242-0", "length_m": 19.132220841819837, "shade_fraction": 0.03168125231367012, "exposure_fraction": 0.9683187476863299, "canonical_time": "15:00", "solar_azimuth_deg": 271.54425686027565, "solar_elevation_deg": 53.21021702250467, "estimated_height_building_count": 3793, "source_type": "derived", "source_reference": "Cached OSM streets intersected with modelled building shadows", "observed_or_estimated": "ESTIMATED", "modelled_or_interpolated": "MODELLED", "timestamp": "2026-10-09T01:39:38.179956+00:00", "assumptions_version": "2026-10-09-prompt-4b-risk-explainability", "computation_mode": "geometric"}, "geometry": {"type": "LineString", "coordinates": [[75.8548174, 22.7219256], [75.8548797, 22.72193169999999], [75.8549625, 22.721944099999995], [75.8549993, 22.7219581]]}}, {"id": "200", "type": "Feature", "properties": {"segment_id": "osm-2025111355-6616739535-0", "length_m": 38.176386289316135, "shade_fraction": 0.0, "exposure_fraction": 1.0, "canonical_time": "15:00", "solar_azimuth_deg": 271.54425686027565, "solar_elevation_deg": 53.21021702250467, "estimated_height_building_count": 3793, "source_type": "derived", "source_reference": "Cached OSM streets intersected with modelled building shadows", "observed_or_estimated": "ESTIMATED", "modelled_or_interpolated": "MODELLED", "timestamp": "2026-10-09T01:39:38.179956+00:00", "assumptions_version": "2026-10-09-prompt-4b-risk-explainability", "computation_mode": "geometric"}, "geometry": {"type": "LineString", "coordinates": [[75.8548174, 22.7219256], [75.8545874, 22.7218731], [75.8544584, 22.721836599999993]]}}, {"id": "201", "type": "Feature", "properties": {"segment_id": "osm-2025111363-3734466242-0", "length_m": 13.419015627109932, "shade_fraction": 0.14971457197067536, "exposure_fraction": 0.8502854280293246, "canonical_time": "15:00", "solar_azimuth_deg": 271.54425686027565, "solar_elevation_deg": 53.21021702250467, "estimated_height_building_count": 3793, "source_type": "derived", "source_reference": "Cached OSM streets intersected with modelled building shadows", "observed_or_estimated": "ESTIMATED", "modelled_or_interpolated": "MODELLED", "timestamp": "2026-10-09T01:39:38.179956+00:00", "assumptions_version": "2026-10-09-prompt-4b-risk-explainability", "computation_mode": "geometric"}, "geometry": {"type": "LineString", "coordinates": [[75.8551241, 22.721994], [75.8549993, 22.7219581]]}}, {"id": "202", "type": "Feature", "properties": {"segment_id": "osm-2025111363-2025111286-0", "length_m": 89.46831254522786, "shade_fraction": 0.1976528428675792, "exposure_fraction": 0.8023471571324208, "canonical_time": "15:00", "solar_azimuth_deg": 271.54425686027565, "solar_elevation_deg": 53.21021702250467, "estimated_height_building_count": 3793, "source_type": "derived", "source_reference": "Cached OSM streets intersected with modelled building shadows", "observed_or_estimated": "ESTIMATED", "modelled_or_interpolated": "MODELLED", "timestamp": "2026-10-09T01:39:38.179956+00:00", "assumptions_version": "2026-10-09-prompt-4b-risk-explainability", "computation_mode": "geometric"}, "geometry": {"type": "LineString", "coordinates": [[75.8551241, 22.721994], [75.8550503, 22.7217672], [75.855029, 22.721592400000002], [75.8549889, 22.7215488], [75.8546279, 22.721502899999994]]}}, {"id": "203", "type": "Feature", "properties": {"segment_id": "osm-2025111363-2025111386-0", "length_m": 25.202728867076246, "shade_fraction": 0.3962364368846827, "exposure_fraction": 0.6037635631153173, "canonical_time": "15:00", "solar_azimuth_deg": 271.54425686027565, "solar_elevation_deg": 53.21021702250467, "estimated_height_building_count": 3793, "source_type": "derived", "source_reference": "Cached OSM streets intersected with modelled building shadows", "observed_or_estimated": "ESTIMATED", "modelled_or_interpolated": "MODELLED", "timestamp": "2026-10-09T01:39:38.179956+00:00", "assumptions_version": "2026-10-09-prompt-4b-risk-explainability", "computation_mode": "geometric"}, "geometry": {"type": "LineString", "coordinates": [[75.8551241, 22.721994], [75.855231, 22.7220967], [75.8552653, 22.7221754]]}}, {"id": "204", "type": "Feature", "properties": {"segment_id": "osm-2025111381-3732908424-0", "length_m": 3.938856407509762, "shade_fraction": 0.0, "exposure_fraction": 1.0, "canonical_time": "15:00", "solar_azimuth_deg": 271.54425686027565, "solar_elevation_deg": 53.21021702250467, "estimated_height_building_count": 3793, "source_type": "derived", "source_reference": "Cached OSM streets intersected with modelled building shadows", "observed_or_estimated": "ESTIMATED", "modelled_or_interpolated": "MODELLED", "timestamp": "2026-10-09T01:39:38.179956+00:00", "assumptions_version": "2026-10-09-prompt-4b-risk-explainability", "computation_mode": "geometric"}, "geometry": {"type": "LineString", "coordinates": [[75.8556609, 22.722167], [75.8556801, 22.722136199999998]]}}, {"id": "205", "type": "Feature", "properties": {"segment_id": "osm-2025111381-2025111386-0", "length_m": 40.63870510467395, "shade_fraction": 0.007930147870270339, "exposure_fraction": 0.9920698521297296, "canonical_time": "15:00", "solar_azimuth_deg": 271.54425686027565, "solar_elevation_deg": 53.21021702250467, "estimated_height_building_count": 3793, "source_type": "derived", "source_reference": "Cached OSM streets intersected with modelled building shadows", "observed_or_estimated": "ESTIMATED", "modelled_or_interpolated": "MODELLED", "timestamp": "2026-10-09T01:39:38.179956+00:00", "assumptions_version": "2026-10-09-prompt-4b-risk-explainability", "computation_mode": "geometric"}, "geometry": {"type": "LineString", "coordinates": [[75.8556609, 22.722167], [75.8552653, 22.7221754]]}}, {"id": "206", "type": "Feature", "properties": {"segment_id": "osm-2025111386-2025111381-0", "length_m": 40.63870510467395, "shade_fraction": 0.007930147870270339, "exposure_fraction": 0.9920698521297296, "canonical_time": "15:00", "solar_azimuth_deg": 271.54425686027565, "solar_elevation_deg": 53.21021702250467, "estimated_height_building_count": 3793, "source_type": "derived", "source_reference": "Cached OSM streets intersected with modelled building shadows", "observed_or_estimated": "ESTIMATED", "modelled_or_interpolated": "MODELLED", "timestamp": "2026-10-09T01:39:38.179956+00:00", "assumptions_version": "2026-10-09-prompt-4b-risk-explainability", "computation_mode": "geometric"}, "geometry": {"type": "LineString", "coordinates": [[75.8552653, 22.7221754], [75.8556609, 22.722167]]}}, {"id": "207", "type": "Feature", "properties": {"segment_id": "osm-2025111386-2025111363-0", "length_m": 25.202728867076246, "shade_fraction": 0.3962364368846827, "exposure_fraction": 0.6037635631153173, "canonical_time": "15:00", "solar_azimuth_deg": 271.54425686027565, "solar_elevation_deg": 53.21021702250467, "estimated_height_building_count": 3793, "source_type": "derived", "source_reference": "Cached OSM streets intersected with modelled building shadows", "observed_or_estimated": "ESTIMATED", "modelled_or_interpolated": "MODELLED", "timestamp": "2026-10-09T01:39:38.179956+00:00", "assumptions_version": "2026-10-09-prompt-4b-risk-explainability", "computation_mode": "geometric"}, "geometry": {"type": "LineString", "coordinates": [[75.8552653, 22.7221754], [75.855231, 22.7220967], [75.8551241, 22.721994]]}}, {"id": "208", "type": "Feature", "properties": {"segment_id": "osm-2027032490-2027032510-0", "length_m": 186.4777908470816, "shade_fraction": 0.0, "exposure_fraction": 1.0, "canonical_time": "15:00", "solar_azimuth_deg": 271.54425686027565, "solar_elevation_deg": 53.21021702250467, "estimated_height_building_count": 3793, "source_type": "derived", "source_reference": "Cached OSM streets intersected with modelled building shadows", "observed_or_estimated": "ESTIMATED", "modelled_or_interpolated": "MODELLED", "timestamp": "2026-10-09T01:39:38.179956+00:00", "assumptions_version": "2026-10-09-prompt-4b-risk-explainability", "computation_mode": "geometric"}, "geometry": {"type": "LineString", "coordinates": [[75.8560323, 22.713237300000003], [75.8559811, 22.7135049], [75.8558363, 22.713637500000004], [75.855681, 22.7137317], [75.85538970000002, 22.713869], [75.8552243, 22.7139432], [75.8550808, 22.713991499999995], [75.8546178, 22.714069499999994]]}}, {"id": "209", "type": "Feature", "properties": {"segment_id": "osm-2027032490-2027103687-0", "length_m": 75.32434576762236, "shade_fraction": 0.0, "exposure_fraction": 1.0, "canonical_time": "15:00", "solar_azimuth_deg": 271.54425686027565, "solar_elevation_deg": 53.21021702250467, "estimated_height_building_count": 3793, "source_type": "derived", "source_reference": "Cached OSM streets intersected with modelled building shadows", "observed_or_estimated": "ESTIMATED", "modelled_or_interpolated": "MODELLED", "timestamp": "2026-10-09T01:39:38.179956+00:00", "assumptions_version": "2026-10-09-prompt-4b-risk-explainability", "computation_mode": "geometric"}, "geometry": {"type": "LineString", "coordinates": [[75.8560323, 22.713237300000003], [75.8557435, 22.7132282], [75.8555934, 22.7132264], [75.8554753, 22.7132202], [75.8552993, 22.713217399999994]]}}, {"id": "210", "type": "Feature", "properties": {"segment_id": "osm-2027032510-2027032511-0", "length_m": 8.133254505975586, "shade_fraction": 0.0, "exposure_fraction": 1.0, "canonical_time": "15:00", "solar_azimuth_deg": 271.54425686027565, "solar_elevation_deg": 53.21021702250467, "estimated_height_building_count": 3793, "source_type": "derived", "source_reference": "Cached OSM streets intersected with modelled building shadows", "observed_or_estimated": "ESTIMATED", "modelled_or_interpolated": "MODELLED", "timestamp": "2026-10-09T01:39:38.179956+00:00", "assumptions_version": "2026-10-09-prompt-4b-risk-explainability", "computation_mode": "geometric"}, "geometry": {"type": "LineString", "coordinates": [[75.8546178, 22.714069499999994], [75.8546563, 22.7141337]]}}, {"id": "211", "type": "Feature", "properties": {"segment_id": "osm-2027032510-2027103699-0", "length_m": 36.262157099459955, "shade_fraction": 0.036595853793381226, "exposure_fraction": 0.9634041462066187, "canonical_time": "15:00", "solar_azimuth_deg": 271.54425686027565, "solar_elevation_deg": 53.21021702250467, "estimated_height_building_count": 3793, "source_type": "derived", "source_reference": "Cached OSM streets intersected with modelled building shadows", "observed_or_estimated": "ESTIMATED", "modelled_or_interpolated": "MODELLED", "timestamp": "2026-10-09T01:39:38.179956+00:00", "assumptions_version": "2026-10-09-prompt-4b-risk-explainability", "computation_mode": "geometric"}, "geometry": {"type": "LineString", "coordinates": [[75.8546178, 22.714069499999994], [75.854491, 22.713763799999995]]}}, {"id": "212", "type": "Feature", "properties": {"segment_id": "osm-2027032510-2027032490-0", "length_m": 186.4777908470816, "shade_fraction": 0.0, "exposure_fraction": 1.0, "canonical_time": "15:00", "solar_azimuth_deg": 271.54425686027565, "solar_elevation_deg": 53.21021702250467, "estimated_height_building_count": 3793, "source_type": "derived", "source_reference": "Cached OSM streets intersected with modelled building shadows", "observed_or_estimated": "ESTIMATED", "modelled_or_interpolated": "MODELLED", "timestamp": "2026-10-09T01:39:38.179956+00:00", "assumptions_version": "2026-10-09-prompt-4b-risk-explainability", "computation_mode": "geometric"}, "geometry": {"type": "LineString", "coordinates": [[75.8546178, 22.714069499999994], [75.8550808, 22.713991499999995], [75.8552243, 22.7139432], [75.85538970000002, 22.713869], [75.855681, 22.7137317], [75.8558363, 22.713637500000004], [75.8559811, 22.7135049], [75.8560323, 22.713237300000003]]}}, {"id": "213", "type": "Feature", "properties": {"segment_id": "osm-2027032511-2027032510-0", "length_m": 8.133254505975586, "shade_fraction": 0.0, "exposure_fraction": 1.0, "canonical_time": "15:00", "solar_azimuth_deg": 271.54425686027565, "solar_elevation_deg": 53.21021702250467, "estimated_height_building_count": 3793, "source_type": "derived", "source_reference": "Cached OSM streets intersected with modelled building shadows", "observed_or_estimated": "ESTIMATED", "modelled_or_interpolated": "MODELLED", "timestamp": "2026-10-09T01:39:38.179956+00:00", "assumptions_version": "2026-10-09-prompt-4b-risk-explainability", "computation_mode": "geometric"}, "geometry": {"type": "LineString", "coordinates": [[75.8546563, 22.7141337], [75.8546178, 22.714069499999994]]}}, {"id": "214", "type": "Feature", "properties": {"segment_id": "osm-2027032511-2025019820-0", "length_m": 52.33148708792346, "shade_fraction": 0.0, "exposure_fraction": 1.0, "canonical_time": "15:00", "solar_azimuth_deg": 271.54425686027565, "solar_elevation_deg": 53.21021702250467, "estimated_height_building_count": 3793, "source_type": "derived", "source_reference": "Cached OSM streets intersected with modelled building shadows", "observed_or_estimated": "ESTIMATED", "modelled_or_interpolated": "MODELLED", "timestamp": "2026-10-09T01:39:38.179956+00:00", "assumptions_version": "2026-10-09-prompt-4b-risk-explainability", "computation_mode": "geometric"}, "geometry": {"type": "LineString", "coordinates": [[75.8546563, 22.7141337], [75.8547646, 22.714391800000005], [75.8548436, 22.7145733]]}}, {"id": "215", "type": "Feature", "properties": {"segment_id": "osm-2027032511-3734538656-0", "length_m": 212.55836286527844, "shade_fraction": 0.025950396584487247, "exposure_fraction": 0.9740496034155127, "canonical_time": "15:00", "solar_azimuth_deg": 271.54425686027565, "solar_elevation_deg": 53.21021702250467, "estimated_height_building_count": 3793, "source_type": "derived", "source_reference": "Cached OSM streets intersected with modelled building shadows", "observed_or_estimated": "ESTIMATED", "modelled_or_interpolated": "MODELLED", "timestamp": "2026-10-09T01:39:38.179956+00:00", "assumptions_version": "2026-10-09-prompt-4b-risk-explainability", "computation_mode": "geometric"}, "geometry": {"type": "LineString", "coordinates": [[75.8546563, 22.7141337], [75.8546154, 22.714116300000004], [75.8545395, 22.71414369999999], [75.8544928, 22.714184799999998], [75.8544099, 22.7142374], [75.8543038, 22.714270699999993], [75.8541584, 22.714286099999995], [75.8539816, 22.7142937], [75.8538267, 22.714289800000007], [75.8536033, 22.714255000000005], [75.8534327, 22.7142186], [75.8532705, 22.7141385], [75.853175, 22.7140862], [75.8530782, 22.714024], [75.8529857, 22.7139514], [75.8529047, 22.713877799999988], [75.8528557, 22.713798399999998], [75.8528371, 22.713764600000008]]}}, {"id": "216", "type": "Feature", "properties": {"segment_id": "osm-2027103687-8460772838-0", "length_m": 18.809477231132558, "shade_fraction": 0.8346966122512709, "exposure_fraction": 0.1653033877487291, "canonical_time": "15:00", "solar_azimuth_deg": 271.54425686027565, "solar_elevation_deg": 53.21021702250467, "estimated_height_building_count": 3793, "source_type": "derived", "source_reference": "Cached OSM streets intersected with modelled building shadows", "observed_or_estimated": "ESTIMATED", "modelled_or_interpolated": "MODELLED", "timestamp": "2026-10-09T01:39:38.179956+00:00", "assumptions_version": "2026-10-09-prompt-4b-risk-explainability", "computation_mode": "geometric"}, "geometry": {"type": "LineString", "coordinates": [[75.8552993, 22.713217399999994], [75.8553347, 22.713384099999995]]}}, {"id": "217", "type": "Feature", "properties": {"segment_id": "osm-2027103687-3734538653-0", "length_m": 42.65926855150046, "shade_fraction": 0.0, "exposure_fraction": 1.0, "canonical_time": "15:00", "solar_azimuth_deg": 271.54425686027565, "solar_elevation_deg": 53.21021702250467, "estimated_height_building_count": 3793, "source_type": "derived", "source_reference": "Cached OSM streets intersected with modelled building shadows", "observed_or_estimated": "ESTIMATED", "modelled_or_interpolated": "MODELLED", "timestamp": "2026-10-09T01:39:38.179956+00:00", "assumptions_version": "2026-10-09-prompt-4b-risk-explainability", "computation_mode": "geometric"}, "geometry": {"type": "LineString", "coordinates": [[75.8552993, 22.713217399999994], [75.8548908, 22.713287099999988]]}}, {"id": "218", "type": "Feature", "properties": {"segment_id": "osm-2027103687-2027032490-0", "length_m": 75.32434576762235, "shade_fraction": 0.0, "exposure_fraction": 1.0, "canonical_time": "15:00", "solar_azimuth_deg": 271.54425686027565, "solar_elevation_deg": 53.21021702250467, "estimated_height_building_count": 3793, "source_type": "derived", "source_reference": "Cached OSM streets intersected with modelled building shadows", "observed_or_estimated": "ESTIMATED", "modelled_or_interpolated": "MODELLED", "timestamp": "2026-10-09T01:39:38.179956+00:00", "assumptions_version": "2026-10-09-prompt-4b-risk-explainability", "computation_mode": "geometric"}, "geometry": {"type": "LineString", "coordinates": [[75.8552993, 22.713217399999994], [75.8554753, 22.7132202], [75.8555934, 22.7132264], [75.8557435, 22.7132282], [75.8560323, 22.713237300000003]]}}, {"id": "219", "type": "Feature", "properties": {"segment_id": "osm-2027103688-2027103701-0", "length_m": 60.244647374914294, "shade_fraction": 0.3281703701878041, "exposure_fraction": 0.671829629812196, "canonical_time": "15:00", "solar_azimuth_deg": 271.54425686027565, "solar_elevation_deg": 53.21021702250467, "estimated_height_building_count": 3793, "source_type": "derived", "source_reference": "Cached OSM streets intersected with modelled building shadows", "observed_or_estimated": "ESTIMATED", "modelled_or_interpolated": "MODELLED", "timestamp": "2026-10-09T01:39:38.179956+00:00", "assumptions_version": "2026-10-09-prompt-4b-risk-explainability", "computation_mode": "geometric"}, "geometry": {"type": "LineString", "coordinates": [[75.8533875, 22.7132594], [75.8533022, 22.713797799999995]]}}, {"id": "220", "type": "Feature", "properties": {"segment_id": "osm-2027103688-2027103707-0", "length_m": 135.70492545419597, "shade_fraction": 0.17535801927352737, "exposure_fraction": 0.8246419807264727, "canonical_time": "15:00", "solar_azimuth_deg": 271.54425686027565, "solar_elevation_deg": 53.21021702250467, "estimated_height_building_count": 3793, "source_type": "derived", "source_reference": "Cached OSM streets intersected with modelled building shadows", "observed_or_estimated": "ESTIMATED", "modelled_or_interpolated": "MODELLED", "timestamp": "2026-10-09T01:39:38.179956+00:00", "assumptions_version": "2026-10-09-prompt-4b-risk-explainability", "computation_mode": "geometric"}, "geometry": {"type": "LineString", "coordinates": [[75.8533875, 22.7132594], [75.8529585, 22.713266799999996], [75.8529278, 22.713544000000002], [75.852936, 22.713643799999993], [75.8529771, 22.7137308], [75.8530689, 22.7138162], [75.8532837, 22.713937699999992]]}}, {"id": "221", "type": "Feature", "properties": {"segment_id": "osm-2027103692-3734538653-0", "length_m": 50.380415782377284, "shade_fraction": 0.026599708896353536, "exposure_fraction": 0.9734002911036465, "canonical_time": "15:00", "solar_azimuth_deg": 271.54425686027565, "solar_elevation_deg": 53.21021702250467, "estimated_height_building_count": 3793, "source_type": "derived", "source_reference": "Cached OSM streets intersected with modelled building shadows", "observed_or_estimated": "ESTIMATED", "modelled_or_interpolated": "MODELLED", "timestamp": "2026-10-09T01:39:38.179956+00:00", "assumptions_version": "2026-10-09-prompt-4b-risk-explainability", "computation_mode": "geometric"}, "geometry": {"type": "LineString", "coordinates": [[75.85441040000002, 22.713379100000004], [75.8548908, 22.713287099999988]]}}, {"id": "222", "type": "Feature", "properties": {"segment_id": "osm-2027103692-8460772839-0", "length_m": 21.322659295397347, "shade_fraction": 0.615661906647836, "exposure_fraction": 0.38433809335216396, "canonical_time": "15:00", "solar_azimuth_deg": 271.54425686027565, "solar_elevation_deg": 53.21021702250467, "estimated_height_building_count": 3793, "source_type": "derived", "source_reference": "Cached OSM streets intersected with modelled building shadows", "observed_or_estimated": "ESTIMATED", "modelled_or_interpolated": "MODELLED", "timestamp": "2026-10-09T01:39:38.179956+00:00", "assumptions_version": "2026-10-09-prompt-4b-risk-explainability", "computation_mode": "geometric"}, "geometry": {"type": "LineString", "coordinates": [[75.85441040000002, 22.713379100000004], [75.854412, 22.7135717]]}}, {"id": "223", "type": "Feature", "properties": {"segment_id": "osm-2027103699-2027032510-0", "length_m": 36.262157099459955, "shade_fraction": 0.036595853793381226, "exposure_fraction": 0.9634041462066187, "canonical_time": "15:00", "solar_azimuth_deg": 271.54425686027565, "solar_elevation_deg": 53.21021702250467, "estimated_height_building_count": 3793, "source_type": "derived", "source_reference": "Cached OSM streets intersected with modelled building shadows", "observed_or_estimated": "ESTIMATED", "modelled_or_interpolated": "MODELLED", "timestamp": "2026-10-09T01:39:38.179956+00:00", "assumptions_version": "2026-10-09-prompt-4b-risk-explainability", "computation_mode": "geometric"}, "geometry": {"type": "LineString", "coordinates": [[75.854491, 22.713763799999995], [75.8546178, 22.714069499999994]]}}, {"id": "224", "type": "Feature", "properties": {"segment_id": "osm-2027103699-2027103700-0", "length_m": 10.203471299219327, "shade_fraction": 0.0, "exposure_fraction": 1.0, "canonical_time": "15:00", "solar_azimuth_deg": 271.54425686027565, "solar_elevation_deg": 53.21021702250467, "estimated_height_building_count": 3793, "source_type": "derived", "source_reference": "Cached OSM streets intersected with modelled building shadows", "observed_or_estimated": "ESTIMATED", "modelled_or_interpolated": "MODELLED", "timestamp": "2026-10-09T01:39:38.179956+00:00", "assumptions_version": "2026-10-09-prompt-4b-risk-explainability", "computation_mode": "geometric"}, "geometry": {"type": "LineString", "coordinates": [[75.854491, 22.713763799999995], [75.8543918, 22.713768799999997]]}}, {"id": "225", "type": "Feature", "properties": {"segment_id": "osm-2027103699-8460772838-0", "length_m": 110.29674778678569, "shade_fraction": 0.007816925443395677, "exposure_fraction": 0.9921830745566044, "canonical_time": "15:00", "solar_azimuth_deg": 271.54425686027565, "solar_elevation_deg": 53.21021702250467, "estimated_height_building_count": 3793, "source_type": "derived", "source_reference": "Cached OSM streets intersected with modelled building shadows", "observed_or_estimated": "ESTIMATED", "modelled_or_interpolated": "MODELLED", "timestamp": "2026-10-09T01:39:38.179956+00:00", "assumptions_version": "2026-10-09-prompt-4b-risk-explainability", "computation_mode": "geometric"}, "geometry": {"type": "LineString", "coordinates": [[75.854491, 22.713763799999995], [75.8548638, 22.7136847], [75.8552379, 22.71359009999999], [75.855299, 22.71357769999999], [75.85534790000001, 22.7135554], [75.8553544, 22.7134844], [75.8553347, 22.713384099999995]]}}, {"id": "226", "type": "Feature", "properties": {"segment_id": "osm-2027103700-8460772839-0", "length_m": 21.918612360441614, "shade_fraction": 0.6103224070551362, "exposure_fraction": 0.3896775929448638, "canonical_time": "15:00", "solar_azimuth_deg": 271.54425686027565, "solar_elevation_deg": 53.21021702250467, "estimated_height_building_count": 3793, "source_type": "derived", "source_reference": "Cached OSM streets intersected with modelled building shadows", "observed_or_estimated": "ESTIMATED", "modelled_or_interpolated": "MODELLED", "timestamp": "2026-10-09T01:39:38.179956+00:00", "assumptions_version": "2026-10-09-prompt-4b-risk-explainability", "computation_mode": "geometric"}, "geometry": {"type": "LineString", "coordinates": [[75.8543918, 22.713768799999997], [75.854412, 22.7135717]]}}, {"id": "227", "type": "Feature", "properties": {"segment_id": "osm-2027103700-2027103699-0", "length_m": 10.203471299219327, "shade_fraction": 0.0, "exposure_fraction": 1.0, "canonical_time": "15:00", "solar_azimuth_deg": 271.54425686027565, "solar_elevation_deg": 53.21021702250467, "estimated_height_building_count": 3793, "source_type": "derived", "source_reference": "Cached OSM streets intersected with modelled building shadows", "observed_or_estimated": "ESTIMATED", "modelled_or_interpolated": "MODELLED", "timestamp": "2026-10-09T01:39:38.179956+00:00", "assumptions_version": "2026-10-09-prompt-4b-risk-explainability", "computation_mode": "geometric"}, "geometry": {"type": "LineString", "coordinates": [[75.8543918, 22.713768799999997], [75.854491, 22.713763799999995]]}}, {"id": "228", "type": "Feature", "properties": {"segment_id": "osm-2027103700-2027103703-0", "length_m": 19.102320506073056, "shade_fraction": 0.0, "exposure_fraction": 1.0, "canonical_time": "15:00", "solar_azimuth_deg": 271.54425686027565, "solar_elevation_deg": 53.21021702250467, "estimated_height_building_count": 3793, "source_type": "derived", "source_reference": "Cached OSM streets intersected with modelled building shadows", "observed_or_estimated": "ESTIMATED", "modelled_or_interpolated": "MODELLED", "timestamp": "2026-10-09T01:39:38.179956+00:00", "assumptions_version": "2026-10-09-prompt-4b-risk-explainability", "computation_mode": "geometric"}, "geometry": {"type": "LineString", "coordinates": [[75.8543918, 22.713768799999997], [75.854206, 22.713776599999992]]}}, {"id": "229", "type": "Feature", "properties": {"segment_id": "osm-2027103701-2027103688-0", "length_m": 60.244647374914294, "shade_fraction": 0.3281703701878041, "exposure_fraction": 0.671829629812196, "canonical_time": "15:00", "solar_azimuth_deg": 271.54425686027565, "solar_elevation_deg": 53.21021702250467, "estimated_height_building_count": 3793, "source_type": "derived", "source_reference": "Cached OSM streets intersected with modelled building shadows", "observed_or_estimated": "ESTIMATED", "modelled_or_interpolated": "MODELLED", "timestamp": "2026-10-09T01:39:38.179956+00:00", "assumptions_version": "2026-10-09-prompt-4b-risk-explainability", "computation_mode": "geometric"}, "geometry": {"type": "LineString", "coordinates": [[75.8533022, 22.713797799999995], [75.8533875, 22.7132594]]}}, {"id": "230", "type": "Feature", "properties": {"segment_id": "osm-2027103701-2027103707-0", "length_m": 15.60391849110699, "shade_fraction": 0.0, "exposure_fraction": 1.0, "canonical_time": "15:00", "solar_azimuth_deg": 271.54425686027565, "solar_elevation_deg": 53.21021702250467, "estimated_height_building_count": 3793, "source_type": "derived", "source_reference": "Cached OSM streets intersected with modelled building shadows", "observed_or_estimated": "ESTIMATED", "modelled_or_interpolated": "MODELLED", "timestamp": "2026-10-09T01:39:38.179956+00:00", "assumptions_version": "2026-10-09-prompt-4b-risk-explainability", "computation_mode": "geometric"}, "geometry": {"type": "LineString", "coordinates": [[75.8533022, 22.713797799999995], [75.8532837, 22.713937699999992]]}}, {"id": "231", "type": "Feature", "properties": {"segment_id": "osm-2027103701-2027103702-0", "length_m": 52.20075194323912, "shade_fraction": 0.0, "exposure_fraction": 1.0, "canonical_time": "15:00", "solar_azimuth_deg": 271.54425686027565, "solar_elevation_deg": 53.21021702250467, "estimated_height_building_count": 3793, "source_type": "derived", "source_reference": "Cached OSM streets intersected with modelled building shadows", "observed_or_estimated": "ESTIMATED", "modelled_or_interpolated": "MODELLED", "timestamp": "2026-10-09T01:39:38.179956+00:00", "assumptions_version": "2026-10-09-prompt-4b-risk-explainability", "computation_mode": "geometric"}, "geometry": {"type": "LineString", "coordinates": [[75.8533022, 22.713797799999995], [75.8538103, 22.713786199999994]]}}, {"id": "232", "type": "Feature", "properties": {"segment_id": "osm-2027103702-2027103712-0", "length_m": 33.05746324710769, "shade_fraction": 0.10125729643801254, "exposure_fraction": 0.8987427035619875, "canonical_time": "15:00", "solar_azimuth_deg": 271.54425686027565, "solar_elevation_deg": 53.21021702250467, "estimated_height_building_count": 3793, "source_type": "derived", "source_reference": "Cached OSM streets intersected with modelled building shadows", "observed_or_estimated": "ESTIMATED", "modelled_or_interpolated": "MODELLED", "timestamp": "2026-10-09T01:39:38.179956+00:00", "assumptions_version": "2026-10-09-prompt-4b-risk-explainability", "computation_mode": "geometric"}, "geometry": {"type": "LineString", "coordinates": [[75.8538103, 22.713786199999994], [75.8538084, 22.714084800000002]]}}, {"id": "233", "type": "Feature", "properties": {"segment_id": "osm-2027103702-3734538655-0", "length_m": 20.47675952690482, "shade_fraction": 0.0, "exposure_fraction": 1.0, "canonical_time": "15:00", "solar_azimuth_deg": 271.54425686027565, "solar_elevation_deg": 53.21021702250467, "estimated_height_building_count": 3793, "source_type": "derived", "source_reference": "Cached OSM streets intersected with modelled building shadows", "observed_or_estimated": "ESTIMATED", "modelled_or_interpolated": "MODELLED", "timestamp": "2026-10-09T01:39:38.179956+00:00", "assumptions_version": "2026-10-09-prompt-4b-risk-explainability", "computation_mode": "geometric"}, "geometry": {"type": "LineString", "coordinates": [[75.8538103, 22.713786199999994], [75.8540093, 22.713774899999994]]}}, {"id": "234", "type": "Feature", "properties": {"segment_id": "osm-2027103702-2027103701-0", "length_m": 52.20075194323912, "shade_fraction": 0.0, "exposure_fraction": 1.0, "canonical_time": "15:00", "solar_azimuth_deg": 271.54425686027565, "solar_elevation_deg": 53.21021702250467, "estimated_height_building_count": 3793, "source_type": "derived", "source_reference": "Cached OSM streets intersected with modelled building shadows", "observed_or_estimated": "ESTIMATED", "modelled_or_interpolated": "MODELLED", "timestamp": "2026-10-09T01:39:38.179956+00:00", "assumptions_version": "2026-10-09-prompt-4b-risk-explainability", "computation_mode": "geometric"}, "geometry": {"type": "LineString", "coordinates": [[75.8538103, 22.713786199999994], [75.8533022, 22.713797799999995]]}}, {"id": "235", "type": "Feature", "properties": {"segment_id": "osm-2027103703-2027103700-0", "length_m": 19.102320506073056, "shade_fraction": 0.0, "exposure_fraction": 1.0, "canonical_time": "15:00", "solar_azimuth_deg": 271.54425686027565, "solar_elevation_deg": 53.21021702250467, "estimated_height_building_count": 3793, "source_type": "derived", "source_reference": "Cached OSM streets intersected with modelled building shadows", "observed_or_estimated": "ESTIMATED", "modelled_or_interpolated": "MODELLED", "timestamp": "2026-10-09T01:39:38.179956+00:00", "assumptions_version": "2026-10-09-prompt-4b-risk-explainability", "computation_mode": "geometric"}, "geometry": {"type": "LineString", "coordinates": [[75.854206, 22.713776599999992], [75.8543918, 22.713768799999997]]}}, {"id": "236", "type": "Feature", "properties": {"segment_id": "osm-2027103703-3734538655-0", "length_m": 20.203165107398288, "shade_fraction": 0.0, "exposure_fraction": 1.0, "canonical_time": "15:00", "solar_azimuth_deg": 271.54425686027565, "solar_elevation_deg": 53.21021702250467, "estimated_height_building_count": 3793, "source_type": "derived", "source_reference": "Cached OSM streets intersected with modelled building shadows", "observed_or_estimated": "ESTIMATED", "modelled_or_interpolated": "MODELLED", "timestamp": "2026-10-09T01:39:38.179956+00:00", "assumptions_version": "2026-10-09-prompt-4b-risk-explainability", "computation_mode": "geometric"}, "geometry": {"type": "LineString", "coordinates": [[75.854206, 22.713776599999992], [75.8540093, 22.713774899999994]]}}, {"id": "237", "type": "Feature", "properties": {"segment_id": "osm-2027103703-3734538662-0", "length_m": 46.590054460099964, "shade_fraction": 0.4696595953849222, "exposure_fraction": 0.5303404046150778, "canonical_time": "15:00", "solar_azimuth_deg": 271.54425686027565, "solar_elevation_deg": 53.21021702250467, "estimated_height_building_count": 3793, "source_type": "derived", "source_reference": "Cached OSM streets intersected with modelled building shadows", "observed_or_estimated": "ESTIMATED", "modelled_or_interpolated": "MODELLED", "timestamp": "2026-10-09T01:39:38.179956+00:00", "assumptions_version": "2026-10-09-prompt-4b-risk-explainability", "computation_mode": "geometric"}, "geometry": {"type": "LineString", "coordinates": [[75.854206, 22.713776599999992], [75.8542135, 22.7139947], [75.85416000000001, 22.7140472], [75.8540253, 22.714084399999997]]}}, {"id": "238", "type": "Feature", "properties": {"segment_id": "osm-2027103707-2027103701-0", "length_m": 15.60391849110699, "shade_fraction": 0.0, "exposure_fraction": 1.0, "canonical_time": "15:00", "solar_azimuth_deg": 271.54425686027565, "solar_elevation_deg": 53.21021702250467, "estimated_height_building_count": 3793, "source_type": "derived", "source_reference": "Cached OSM streets intersected with modelled building shadows", "observed_or_estimated": "ESTIMATED", "modelled_or_interpolated": "MODELLED", "timestamp": "2026-10-09T01:39:38.179956+00:00", "assumptions_version": "2026-10-09-prompt-4b-risk-explainability", "computation_mode": "geometric"}, "geometry": {"type": "LineString", "coordinates": [[75.8532837, 22.713937699999992], [75.8533022, 22.713797799999995]]}}, {"id": "239", "type": "Feature", "properties": {"segment_id": "osm-2027103707-2027103688-0", "length_m": 135.70492545419597, "shade_fraction": 0.17535801927352737, "exposure_fraction": 0.8246419807264727, "canonical_time": "15:00", "solar_azimuth_deg": 271.54425686027565, "solar_elevation_deg": 53.21021702250467, "estimated_height_building_count": 3793, "source_type": "derived", "source_reference": "Cached OSM streets intersected with modelled building shadows", "observed_or_estimated": "ESTIMATED", "modelled_or_interpolated": "MODELLED", "timestamp": "2026-10-09T01:39:38.179956+00:00", "assumptions_version": "2026-10-09-prompt-4b-risk-explainability", "computation_mode": "geometric"}, "geometry": {"type": "LineString", "coordinates": [[75.8532837, 22.713937699999992], [75.8530689, 22.7138162], [75.8529771, 22.7137308], [75.852936, 22.713643799999993], [75.8529278, 22.713544000000002], [75.8529585, 22.713266799999996], [75.8533875, 22.7132594]]}}, {"id": "240", "type": "Feature", "properties": {"segment_id": "osm-2027103707-2027103712-0", "length_m": 56.634236619200905, "shade_fraction": 0.0, "exposure_fraction": 1.0, "canonical_time": "15:00", "solar_azimuth_deg": 271.54425686027565, "solar_elevation_deg": 53.21021702250467, "estimated_height_building_count": 3793, "source_type": "derived", "source_reference": "Cached OSM streets intersected with modelled building shadows", "observed_or_estimated": "ESTIMATED", "modelled_or_interpolated": "MODELLED", "timestamp": "2026-10-09T01:39:38.179956+00:00", "assumptions_version": "2026-10-09-prompt-4b-risk-explainability", "computation_mode": "geometric"}, "geometry": {"type": "LineString", "coordinates": [[75.8532837, 22.713937699999992], [75.8534248, 22.71400079999999], [75.8536584, 22.7140624], [75.8538084, 22.714084800000002]]}}, {"id": "241", "type": "Feature", "properties": {"segment_id": "osm-2027103712-2027103702-0", "length_m": 33.05746324710769, "shade_fraction": 0.10125729643801254, "exposure_fraction": 0.8987427035619875, "canonical_time": "15:00", "solar_azimuth_deg": 271.54425686027565, "solar_elevation_deg": 53.21021702250467, "estimated_height_building_count": 3793, "source_type": "derived", "source_reference": "Cached OSM streets intersected with modelled building shadows", "observed_or_estimated": "ESTIMATED", "modelled_or_interpolated": "MODELLED", "timestamp": "2026-10-09T01:39:38.179956+00:00", "assumptions_version": "2026-10-09-prompt-4b-risk-explainability", "computation_mode": "geometric"}, "geometry": {"type": "LineString", "coordinates": [[75.8538084, 22.714084800000002], [75.8538103, 22.713786199999994]]}}, {"id": "242", "type": "Feature", "properties": {"segment_id": "osm-2027103712-2027103707-0", "length_m": 56.634236619200905, "shade_fraction": 0.0, "exposure_fraction": 1.0, "canonical_time": "15:00", "solar_azimuth_deg": 271.54425686027565, "solar_elevation_deg": 53.21021702250467, "estimated_height_building_count": 3793, "source_type": "derived", "source_reference": "Cached OSM streets intersected with modelled building shadows", "observed_or_estimated": "ESTIMATED", "modelled_or_interpolated": "MODELLED", "timestamp": "2026-10-09T01:39:38.179956+00:00", "assumptions_version": "2026-10-09-prompt-4b-risk-explainability", "computation_mode": "geometric"}, "geometry": {"type": "LineString", "coordinates": [[75.8538084, 22.714084800000002], [75.8536584, 22.7140624], [75.8534248, 22.71400079999999], [75.8532837, 22.713937699999992]]}}, {"id": "243", "type": "Feature", "properties": {"segment_id": "osm-2027103712-3734538662-0", "length_m": 22.278002973855262, "shade_fraction": 0.0, "exposure_fraction": 1.0, "canonical_time": "15:00", "solar_azimuth_deg": 271.54425686027565, "solar_elevation_deg": 53.21021702250467, "estimated_height_building_count": 3793, "source_type": "derived", "source_reference": "Cached OSM streets intersected with modelled building shadows", "observed_or_estimated": "ESTIMATED", "modelled_or_interpolated": "MODELLED", "timestamp": "2026-10-09T01:39:38.179956+00:00", "assumptions_version": "2026-10-09-prompt-4b-risk-explainability", "computation_mode": "geometric"}, "geometry": {"type": "LineString", "coordinates": [[75.8538084, 22.714084800000002], [75.8539634, 22.714085399999995], [75.8540253, 22.714084399999997]]}}, {"id": "244", "type": "Feature", "properties": {"segment_id": "osm-2027131379-8461121397-0", "length_m": 8.635021108440334, "shade_fraction": 0.0, "exposure_fraction": 1.0, "canonical_time": "15:00", "solar_azimuth_deg": 271.54425686027565, "solar_elevation_deg": 53.21021702250467, "estimated_height_building_count": 3793, "source_type": "derived", "source_reference": "Cached OSM streets intersected with modelled building shadows", "observed_or_estimated": "ESTIMATED", "modelled_or_interpolated": "MODELLED", "timestamp": "2026-10-09T01:39:38.179956+00:00", "assumptions_version": "2026-10-09-prompt-4b-risk-explainability", "computation_mode": "geometric"}, "geometry": {"type": "LineString", "coordinates": [[75.8586078, 22.71334589999999], [75.8586672, 22.71329069999999]]}}, {"id": "245", "type": "Feature", "properties": {"segment_id": "osm-2027131379-2027131420-0", "length_m": 78.06002135121153, "shade_fraction": 0.0, "exposure_fraction": 1.0, "canonical_time": "15:00", "solar_azimuth_deg": 271.54425686027565, "solar_elevation_deg": 53.21021702250467, "estimated_height_building_count": 3793, "source_type": "derived", "source_reference": "Cached OSM streets intersected with modelled building shadows", "observed_or_estimated": "ESTIMATED", "modelled_or_interpolated": "MODELLED", "timestamp": "2026-10-09T01:39:38.179956+00:00", "assumptions_version": "2026-10-09-prompt-4b-risk-explainability", "computation_mode": "geometric"}, "geometry": {"type": "LineString", "coordinates": [[75.8586078, 22.71334589999999], [75.8586571, 22.713879300000002], [75.8586526, 22.714048999999992]]}}, {"id": "246", "type": "Feature", "properties": {"segment_id": "osm-2027131379-8461121384-0", "length_m": 45.31517721946123, "shade_fraction": 0.0, "exposure_fraction": 1.0, "canonical_time": "15:00", "solar_azimuth_deg": 271.54425686027565, "solar_elevation_deg": 53.21021702250467, "estimated_height_building_count": 3793, "source_type": "derived", "source_reference": "Cached OSM streets intersected with modelled building shadows", "observed_or_estimated": "ESTIMATED", "modelled_or_interpolated": "MODELLED", "timestamp": "2026-10-09T01:39:38.179956+00:00", "assumptions_version": "2026-10-09-prompt-4b-risk-explainability", "computation_mode": "geometric"}, "geometry": {"type": "LineString", "coordinates": [[75.8586078, 22.71334589999999], [75.8584189, 22.7134212], [75.8582826, 22.713487799999992], [75.8582104, 22.713523]]}}, {"id": "247", "type": "Feature", "properties": {"segment_id": "osm-2027131406-2025019775-0", "length_m": 69.7932764794284, "shade_fraction": 0.0, "exposure_fraction": 1.0, "canonical_time": "15:00", "solar_azimuth_deg": 271.54425686027565, "solar_elevation_deg": 53.21021702250467, "estimated_height_building_count": 3793, "source_type": "derived", "source_reference": "Cached OSM streets intersected with modelled building shadows", "observed_or_estimated": "ESTIMATED", "modelled_or_interpolated": "MODELLED", "timestamp": "2026-10-09T01:39:38.179956+00:00", "assumptions_version": "2026-10-09-prompt-4b-risk-explainability", "computation_mode": "geometric"}, "geometry": {"type": "LineString", "coordinates": [[75.8572662, 22.713794], [75.8571582, 22.7137991], [75.8567833, 22.713791500000003], [75.8565872, 22.7137812]]}}, {"id": "248", "type": "Feature", "properties": {"segment_id": "osm-2027131406-2025110922-0", "length_m": 52.92122520882901, "shade_fraction": 0.0, "exposure_fraction": 1.0, "canonical_time": "15:00", "solar_azimuth_deg": 271.54425686027565, "solar_elevation_deg": 53.21021702250467, "estimated_height_building_count": 3793, "source_type": "derived", "source_reference": "Cached OSM streets intersected with modelled building shadows", "observed_or_estimated": "ESTIMATED", "modelled_or_interpolated": "MODELLED", "timestamp": "2026-10-09T01:39:38.179956+00:00", "assumptions_version": "2026-10-09-prompt-4b-risk-explainability", "computation_mode": "geometric"}, "geometry": {"type": "LineString", "coordinates": [[75.8572662, 22.713794], [75.8575514, 22.713780699999997], [75.8577703, 22.713716099999992]]}}, {"id": "249", "type": "Feature", "properties": {"segment_id": "osm-2027131406-2027131489-0", "length_m": 163.57902672115313, "shade_fraction": 0.5183930456061966, "exposure_fraction": 0.4816069543938034, "canonical_time": "15:00", "solar_azimuth_deg": 271.54425686027565, "solar_elevation_deg": 53.21021702250467, "estimated_height_building_count": 3793, "source_type": "derived", "source_reference": "Cached OSM streets intersected with modelled building shadows", "observed_or_estimated": "ESTIMATED", "modelled_or_interpolated": "MODELLED", "timestamp": "2026-10-09T01:39:38.179956+00:00", "assumptions_version": "2026-10-09-prompt-4b-risk-explainability", "computation_mode": "geometric"}, "geometry": {"type": "LineString", "coordinates": [[75.8572662, 22.713794], [75.8572963, 22.71416779999999], [75.8572324, 22.714327400000005], [75.8570701, 22.714562899999997], [75.85701160000002, 22.71467089999999], [75.8569371, 22.715198499999996]]}}, {"id": "250", "type": "Feature", "properties": {"segment_id": "osm-2027131420-2027131444-0", "length_m": 36.337312639272845, "shade_fraction": 0.0, "exposure_fraction": 1.0, "canonical_time": "15:00", "solar_azimuth_deg": 271.54425686027565, "solar_elevation_deg": 53.21021702250467, "estimated_height_building_count": 3793, "source_type": "derived", "source_reference": "Cached OSM streets intersected with modelled building shadows", "observed_or_estimated": "ESTIMATED", "modelled_or_interpolated": "MODELLED", "timestamp": "2026-10-09T01:39:38.179956+00:00", "assumptions_version": "2026-10-09-prompt-4b-risk-explainability", "computation_mode": "geometric"}, "geometry": {"type": "LineString", "coordinates": [[75.8586526, 22.714048999999992], [75.8586465, 22.7142744], [75.8586172, 22.714373500000008]]}}, {"id": "251", "type": "Feature", "properties": {"segment_id": "osm-2027131420-2027131379-0", "length_m": 78.06002135121153, "shade_fraction": 0.0, "exposure_fraction": 1.0, "canonical_time": "15:00", "solar_azimuth_deg": 271.54425686027565, "solar_elevation_deg": 53.21021702250467, "estimated_height_building_count": 3793, "source_type": "derived", "source_reference": "Cached OSM streets intersected with modelled building shadows", "observed_or_estimated": "ESTIMATED", "modelled_or_interpolated": "MODELLED", "timestamp": "2026-10-09T01:39:38.179956+00:00", "assumptions_version": "2026-10-09-prompt-4b-risk-explainability", "computation_mode": "geometric"}, "geometry": {"type": "LineString", "coordinates": [[75.8586526, 22.714048999999992], [75.8586571, 22.713879300000002], [75.8586078, 22.71334589999999]]}}, {"id": "252", "type": "Feature", "properties": {"segment_id": "osm-2027131420-2027131422-0", "length_m": 41.917938426970814, "shade_fraction": 0.0, "exposure_fraction": 1.0, "canonical_time": "15:00", "solar_azimuth_deg": 271.54425686027565, "solar_elevation_deg": 53.21021702250467, "estimated_height_building_count": 3793, "source_type": "derived", "source_reference": "Cached OSM streets intersected with modelled building shadows", "observed_or_estimated": "ESTIMATED", "modelled_or_interpolated": "MODELLED", "timestamp": "2026-10-09T01:39:38.179956+00:00", "assumptions_version": "2026-10-09-prompt-4b-risk-explainability", "computation_mode": "geometric"}, "geometry": {"type": "LineString", "coordinates": [[75.8586526, 22.714048999999992], [75.8585981, 22.71405199999999], [75.8582446, 22.7140569]]}}, {"id": "253", "type": "Feature", "properties": {"segment_id": "osm-2027131422-6610174557-0", "length_m": 49.86703893246219, "shade_fraction": 0.0, "exposure_fraction": 1.0, "canonical_time": "15:00", "solar_azimuth_deg": 271.54425686027565, "solar_elevation_deg": 53.21021702250467, "estimated_height_building_count": 3793, "source_type": "derived", "source_reference": "Cached OSM streets intersected with modelled building shadows", "observed_or_estimated": "ESTIMATED", "modelled_or_interpolated": "MODELLED", "timestamp": "2026-10-09T01:39:38.179956+00:00", "assumptions_version": "2026-10-09-prompt-4b-risk-explainability", "computation_mode": "geometric"}, "geometry": {"type": "LineString", "coordinates": [[75.8582446, 22.7140569], [75.8582514, 22.7145073]]}}, {"id": "254", "type": "Feature", "properties": {"segment_id": "osm-2027131422-2027131426-0", "length_m": 47.51203523179809, "shade_fraction": 0.0, "exposure_fraction": 1.0, "canonical_time": "15:00", "solar_azimuth_deg": 271.54425686027565, "solar_elevation_deg": 53.21021702250467, "estimated_height_building_count": 3793, "source_type": "derived", "source_reference": "Cached OSM streets intersected with modelled building shadows", "observed_or_estimated": "ESTIMATED", "modelled_or_interpolated": "MODELLED", "timestamp": "2026-10-09T01:39:38.179956+00:00", "assumptions_version": "2026-10-09-prompt-4b-risk-explainability", "computation_mode": "geometric"}, "geometry": {"type": "LineString", "coordinates": [[75.8582446, 22.7140569], [75.8578456, 22.7140644], [75.8577821, 22.714065899999994]]}}, {"id": "255", "type": "Feature", "properties": {"segment_id": "osm-2027131422-2027131420-0", "length_m": 41.917938426970814, "shade_fraction": 0.0, "exposure_fraction": 1.0, "canonical_time": "15:00", "solar_azimuth_deg": 271.54425686027565, "solar_elevation_deg": 53.21021702250467, "estimated_height_building_count": 3793, "source_type": "derived", "source_reference": "Cached OSM streets intersected with modelled building shadows", "observed_or_estimated": "ESTIMATED", "modelled_or_interpolated": "MODELLED", "timestamp": "2026-10-09T01:39:38.179956+00:00", "assumptions_version": "2026-10-09-prompt-4b-risk-explainability", "computation_mode": "geometric"}, "geometry": {"type": "LineString", "coordinates": [[75.8582446, 22.7140569], [75.8585981, 22.71405199999999], [75.8586526, 22.714048999999992]]}}, {"id": "256", "type": "Feature", "properties": {"segment_id": "osm-2027131426-2025110922-0", "length_m": 38.7440410469487, "shade_fraction": 0.0, "exposure_fraction": 1.0, "canonical_time": "15:00", "solar_azimuth_deg": 271.54425686027565, "solar_elevation_deg": 53.21021702250467, "estimated_height_building_count": 3793, "source_type": "derived", "source_reference": "Cached OSM streets intersected with modelled building shadows", "observed_or_estimated": "ESTIMATED", "modelled_or_interpolated": "MODELLED", "timestamp": "2026-10-09T01:39:38.179956+00:00", "assumptions_version": "2026-10-09-prompt-4b-risk-explainability", "computation_mode": "geometric"}, "geometry": {"type": "LineString", "coordinates": [[75.8577821, 22.714065899999994], [75.8577703, 22.713716099999992]]}}, {"id": "257", "type": "Feature", "properties": {"segment_id": "osm-2027131426-2027131479-0", "length_m": 116.02337646884509, "shade_fraction": 0.0, "exposure_fraction": 1.0, "canonical_time": "15:00", "solar_azimuth_deg": 271.54425686027565, "solar_elevation_deg": 53.21021702250467, "estimated_height_building_count": 3793, "source_type": "derived", "source_reference": "Cached OSM streets intersected with modelled building shadows", "observed_or_estimated": "ESTIMATED", "modelled_or_interpolated": "MODELLED", "timestamp": "2026-10-09T01:39:38.179956+00:00", "assumptions_version": "2026-10-09-prompt-4b-risk-explainability", "computation_mode": "geometric"}, "geometry": {"type": "LineString", "coordinates": [[75.8577821, 22.714065899999994], [75.85781650000001, 22.7150825], [75.8578179, 22.7151134]]}}, {"id": "258", "type": "Feature", "properties": {"segment_id": "osm-2027131426-2027131422-0", "length_m": 47.51203523179809, "shade_fraction": 0.0, "exposure_fraction": 1.0, "canonical_time": "15:00", "solar_azimuth_deg": 271.54425686027565, "solar_elevation_deg": 53.21021702250467, "estimated_height_building_count": 3793, "source_type": "derived", "source_reference": "Cached OSM streets intersected with modelled building shadows", "observed_or_estimated": "ESTIMATED", "modelled_or_interpolated": "MODELLED", "timestamp": "2026-10-09T01:39:38.179956+00:00", "assumptions_version": "2026-10-09-prompt-4b-risk-explainability", "computation_mode": "geometric"}, "geometry": {"type": "LineString", "coordinates": [[75.8577821, 22.714065899999994], [75.8578456, 22.7140644], [75.8582446, 22.7140569]]}}, {"id": "259", "type": "Feature", "properties": {"segment_id": "osm-2027131432-2027131442-0", "length_m": 39.47351904533505, "shade_fraction": 0.0, "exposure_fraction": 1.0, "canonical_time": "15:00", "solar_azimuth_deg": 271.54425686027565, "solar_elevation_deg": 53.21021702250467, "estimated_height_building_count": 3793, "source_type": "derived", "source_reference": "Cached OSM streets intersected with modelled building shadows", "observed_or_estimated": "ESTIMATED", "modelled_or_interpolated": "MODELLED", "timestamp": "2026-10-09T01:39:38.179956+00:00", "assumptions_version": "2026-10-09-prompt-4b-risk-explainability", "computation_mode": "geometric"}, "geometry": {"type": "LineString", "coordinates": [[75.8592211, 22.714249899999995], [75.8591094, 22.714294099999996], [75.8588564, 22.714360399999993]]}}, {"id": "260", "type": "Feature", "properties": {"segment_id": "osm-2027131442-2027131470-0", "length_m": 78.12232175736864, "shade_fraction": 0.610172116600764, "exposure_fraction": 0.389827883399236, "canonical_time": "15:00", "solar_azimuth_deg": 271.54425686027565, "solar_elevation_deg": 53.21021702250467, "estimated_height_building_count": 3793, "source_type": "derived", "source_reference": "Cached OSM streets intersected with modelled building shadows", "observed_or_estimated": "ESTIMATED", "modelled_or_interpolated": "MODELLED", "timestamp": "2026-10-09T01:39:38.179956+00:00", "assumptions_version": "2026-10-09-prompt-4b-risk-explainability", "computation_mode": "geometric"}, "geometry": {"type": "LineString", "coordinates": [[75.8588564, 22.714360399999993], [75.8590054, 22.715052399999994]]}}, {"id": "261", "type": "Feature", "properties": {"segment_id": "osm-2027131442-2027131444-0", "length_m": 24.609985830503007, "shade_fraction": 0.0, "exposure_fraction": 1.0, "canonical_time": "15:00", "solar_azimuth_deg": 271.54425686027565, "solar_elevation_deg": 53.21021702250467, "estimated_height_building_count": 3793, "source_type": "derived", "source_reference": "Cached OSM streets intersected with modelled building shadows", "observed_or_estimated": "ESTIMATED", "modelled_or_interpolated": "MODELLED", "timestamp": "2026-10-09T01:39:38.179956+00:00", "assumptions_version": "2026-10-09-prompt-4b-risk-explainability", "computation_mode": "geometric"}, "geometry": {"type": "LineString", "coordinates": [[75.8588564, 22.714360399999993], [75.8586172, 22.714373500000008]]}}, {"id": "262", "type": "Feature", "properties": {"segment_id": "osm-2027131442-2027131432-0", "length_m": 39.47351904533505, "shade_fraction": 0.0, "exposure_fraction": 1.0, "canonical_time": "15:00", "solar_azimuth_deg": 271.54425686027565, "solar_elevation_deg": 53.21021702250467, "estimated_height_building_count": 3793, "source_type": "derived", "source_reference": "Cached OSM streets intersected with modelled building shadows", "observed_or_estimated": "ESTIMATED", "modelled_or_interpolated": "MODELLED", "timestamp": "2026-10-09T01:39:38.179956+00:00", "assumptions_version": "2026-10-09-prompt-4b-risk-explainability", "computation_mode": "geometric"}, "geometry": {"type": "LineString", "coordinates": [[75.8588564, 22.714360399999993], [75.8591094, 22.714294099999996], [75.8592211, 22.714249899999995]]}}, {"id": "263", "type": "Feature", "properties": {"segment_id": "osm-2027131444-2027131442-0", "length_m": 24.609985830503007, "shade_fraction": 0.0, "exposure_fraction": 1.0, "canonical_time": "15:00", "solar_azimuth_deg": 271.54425686027565, "solar_elevation_deg": 53.21021702250467, "estimated_height_building_count": 3793, "source_type": "derived", "source_reference": "Cached OSM streets intersected with modelled building shadows", "observed_or_estimated": "ESTIMATED", "modelled_or_interpolated": "MODELLED", "timestamp": "2026-10-09T01:39:38.179956+00:00", "assumptions_version": "2026-10-09-prompt-4b-risk-explainability", "computation_mode": "geometric"}, "geometry": {"type": "LineString", "coordinates": [[75.8586172, 22.714373500000008], [75.8588564, 22.714360399999993]]}}, {"id": "264", "type": "Feature", "properties": {"segment_id": "osm-2027131444-2027131460-0", "length_m": 68.25048760493709, "shade_fraction": 0.0, "exposure_fraction": 1.0, "canonical_time": "15:00", "solar_azimuth_deg": 271.54425686027565, "solar_elevation_deg": 53.21021702250467, "estimated_height_building_count": 3793, "source_type": "derived", "source_reference": "Cached OSM streets intersected with modelled building shadows", "observed_or_estimated": "ESTIMATED", "modelled_or_interpolated": "MODELLED", "timestamp": "2026-10-09T01:39:38.179956+00:00", "assumptions_version": "2026-10-09-prompt-4b-risk-explainability", "computation_mode": "geometric"}, "geometry": {"type": "LineString", "coordinates": [[75.8586172, 22.714373500000008], [75.8585934, 22.7144585], [75.8585532, 22.7145211], [75.858517, 22.714566099999992], [75.8581836, 22.71481919999999]]}}, {"id": "265", "type": "Feature", "properties": {"segment_id": "osm-2027131444-2027131420-0", "length_m": 36.337312639272845, "shade_fraction": 0.0, "exposure_fraction": 1.0, "canonical_time": "15:00", "solar_azimuth_deg": 271.54425686027565, "solar_elevation_deg": 53.21021702250467, "estimated_height_building_count": 3793, "source_type": "derived", "source_reference": "Cached OSM streets intersected with modelled building shadows", "observed_or_estimated": "ESTIMATED", "modelled_or_interpolated": "MODELLED", "timestamp": "2026-10-09T01:39:38.179956+00:00", "assumptions_version": "2026-10-09-prompt-4b-risk-explainability", "computation_mode": "geometric"}, "geometry": {"type": "LineString", "coordinates": [[75.8586172, 22.714373500000008], [75.8586465, 22.7142744], [75.8586526, 22.714048999999992]]}}, {"id": "266", "type": "Feature", "properties": {"segment_id": "osm-2027131456-2027156380-0", "length_m": 16.912817590118166, "shade_fraction": 0.0, "exposure_fraction": 1.0, "canonical_time": "15:00", "solar_azimuth_deg": 271.54425686027565, "solar_elevation_deg": 53.21021702250467, "estimated_height_building_count": 3793, "source_type": "derived", "source_reference": "Cached OSM streets intersected with modelled building shadows", "observed_or_estimated": "ESTIMATED", "modelled_or_interpolated": "MODELLED", "timestamp": "2026-10-09T01:39:38.179956+00:00", "assumptions_version": "2026-10-09-prompt-4b-risk-explainability", "computation_mode": "geometric"}, "geometry": {"type": "LineString", "coordinates": [[75.8548821, 22.714809200000005], [75.8547442, 22.714892699999993]]}}, {"id": "267", "type": "Feature", "properties": {"segment_id": "osm-2027131456-2027131464-0", "length_m": 16.099407946383533, "shade_fraction": 0.0, "exposure_fraction": 1.0, "canonical_time": "15:00", "solar_azimuth_deg": 271.54425686027565, "solar_elevation_deg": 53.21021702250467, "estimated_height_building_count": 3793, "source_type": "derived", "source_reference": "Cached OSM streets intersected with modelled building shadows", "observed_or_estimated": "ESTIMATED", "modelled_or_interpolated": "MODELLED", "timestamp": "2026-10-09T01:39:38.179956+00:00", "assumptions_version": "2026-10-09-prompt-4b-risk-explainability", "computation_mode": "geometric"}, "geometry": {"type": "LineString", "coordinates": [[75.8548821, 22.714809200000005], [75.8549693, 22.714887199999996], [75.8549782, 22.7149192]]}}, {"id": "268", "type": "Feature", "properties": {"segment_id": "osm-2027131456-2025019792-0", "length_m": 178.18312246944294, "shade_fraction": 0.2924138753753678, "exposure_fraction": 0.7075861246246322, "canonical_time": "15:00", "solar_azimuth_deg": 271.54425686027565, "solar_elevation_deg": 53.21021702250467, "estimated_height_building_count": 3793, "source_type": "derived", "source_reference": "Cached OSM streets intersected with modelled building shadows", "observed_or_estimated": "ESTIMATED", "modelled_or_interpolated": "MODELLED", "timestamp": "2026-10-09T01:39:38.179956+00:00", "assumptions_version": "2026-10-09-prompt-4b-risk-explainability", "computation_mode": "geometric"}, "geometry": {"type": "LineString", "coordinates": [[75.8548821, 22.714809200000005], [75.8561919, 22.714092899999997], [75.8563584, 22.7139675]]}}, {"id": "269", "type": "Feature", "properties": {"segment_id": "osm-2027131456-9523322989-0", "length_m": 182.28229393633433, "shade_fraction": 0.20098114684133525, "exposure_fraction": 0.7990188531586647, "canonical_time": "15:00", "solar_azimuth_deg": 271.54425686027565, "solar_elevation_deg": 53.21021702250467, "estimated_height_building_count": 3793, "source_type": "derived", "source_reference": "Cached OSM streets intersected with modelled building shadows", "observed_or_estimated": "ESTIMATED", "modelled_or_interpolated": "MODELLED", "timestamp": "2026-10-09T01:39:38.179956+00:00", "assumptions_version": "2026-10-09-prompt-4b-risk-explainability", "computation_mode": "geometric"}, "geometry": {"type": "LineString", "coordinates": [[75.8548821, 22.714809200000005], [75.8548901, 22.71490239999999], [75.8550553, 22.715350999999995], [75.8551561, 22.715652899999995], [75.8552569, 22.7159376], [75.8554037, 22.716380400000006]]}}, {"id": "270", "type": "Feature", "properties": {"segment_id": "osm-2027131456-2025019820-0", "length_m": 29.848252360095394, "shade_fraction": 0.0, "exposure_fraction": 1.0, "canonical_time": "15:00", "solar_azimuth_deg": 271.54425686027565, "solar_elevation_deg": 53.21021702250467, "estimated_height_building_count": 3793, "source_type": "derived", "source_reference": "Cached OSM streets intersected with modelled building shadows", "observed_or_estimated": "ESTIMATED", "modelled_or_interpolated": "MODELLED", "timestamp": "2026-10-09T01:39:38.179956+00:00", "assumptions_version": "2026-10-09-prompt-4b-risk-explainability", "computation_mode": "geometric"}, "geometry": {"type": "LineString", "coordinates": [[75.8548821, 22.714809200000005], [75.854827, 22.7147594], [75.854812, 22.7147035], [75.8548044, 22.7146338], [75.8548436, 22.7145733]]}}, {"id": "271", "type": "Feature", "properties": {"segment_id": "osm-2027131456-2025019820-1", "length_m": 28.3297252389263, "shade_fraction": 0.0, "exposure_fraction": 1.0, "canonical_time": "15:00", "solar_azimuth_deg": 271.54425686027565, "solar_elevation_deg": 53.21021702250467, "estimated_height_building_count": 3793, "source_type": "derived", "source_reference": "Cached OSM streets intersected with modelled building shadows", "observed_or_estimated": "ESTIMATED", "modelled_or_interpolated": "MODELLED", "timestamp": "2026-10-09T01:39:38.179956+00:00", "assumptions_version": "2026-10-09-prompt-4b-risk-explainability", "computation_mode": "geometric"}, "geometry": {"type": "LineString", "coordinates": [[75.8548821, 22.714809200000005], [75.8549038, 22.7147479], [75.8548988, 22.714695799999994], [75.8548912, 22.714625299999994], [75.8548436, 22.7145733]]}}, {"id": "272", "type": "Feature", "properties": {"segment_id": "osm-2027131458-2027131495-0", "length_m": 51.39603034761945, "shade_fraction": 0.8121948695325496, "exposure_fraction": 0.1878051304674504, "canonical_time": "15:00", "solar_azimuth_deg": 271.54425686027565, "solar_elevation_deg": 53.21021702250467, "estimated_height_building_count": 3793, "source_type": "derived", "source_reference": "Cached OSM streets intersected with modelled building shadows", "observed_or_estimated": "ESTIMATED", "modelled_or_interpolated": "MODELLED", "timestamp": "2026-10-09T01:39:38.179956+00:00", "assumptions_version": "2026-10-09-prompt-4b-risk-explainability", "computation_mode": "geometric"}, "geometry": {"type": "LineString", "coordinates": [[75.8572414, 22.7148145], [75.8571754, 22.715274699999988]]}}, {"id": "273", "type": "Feature", "properties": {"segment_id": "osm-2027131460-6610174558-0", "length_m": 34.0809116439167, "shade_fraction": 0.0, "exposure_fraction": 1.0, "canonical_time": "15:00", "solar_azimuth_deg": 271.54425686027565, "solar_elevation_deg": 53.21021702250467, "estimated_height_building_count": 3793, "source_type": "derived", "source_reference": "Cached OSM streets intersected with modelled building shadows", "observed_or_estimated": "ESTIMATED", "modelled_or_interpolated": "MODELLED", "timestamp": "2026-10-09T01:39:38.179956+00:00", "assumptions_version": "2026-10-09-prompt-4b-risk-explainability", "computation_mode": "geometric"}, "geometry": {"type": "LineString", "coordinates": [[75.8581836, 22.71481919999999], [75.8579331, 22.715021099999998]]}}, {"id": "274", "type": "Feature", "properties": {"segment_id": "osm-2027131460-2027131444-0", "length_m": 68.25048760493709, "shade_fraction": 0.0, "exposure_fraction": 1.0, "canonical_time": "15:00", "solar_azimuth_deg": 271.54425686027565, "solar_elevation_deg": 53.21021702250467, "estimated_height_building_count": 3793, "source_type": "derived", "source_reference": "Cached OSM streets intersected with modelled building shadows", "observed_or_estimated": "ESTIMATED", "modelled_or_interpolated": "MODELLED", "timestamp": "2026-10-09T01:39:38.179956+00:00", "assumptions_version": "2026-10-09-prompt-4b-risk-explainability", "computation_mode": "geometric"}, "geometry": {"type": "LineString", "coordinates": [[75.8581836, 22.71481919999999], [75.858517, 22.714566099999992], [75.8585532, 22.7145211], [75.8585934, 22.7144585], [75.8586172, 22.714373500000008]]}}, {"id": "275", "type": "Feature", "properties": {"segment_id": "osm-2027131460-2027131485-0", "length_m": 54.82887395062543, "shade_fraction": 0.582756773320539, "exposure_fraction": 0.417243226679461, "canonical_time": "15:00", "solar_azimuth_deg": 271.54425686027565, "solar_elevation_deg": 53.21021702250467, "estimated_height_building_count": 3793, "source_type": "derived", "source_reference": "Cached OSM streets intersected with modelled building shadows", "observed_or_estimated": "ESTIMATED", "modelled_or_interpolated": "MODELLED", "timestamp": "2026-10-09T01:39:38.179956+00:00", "assumptions_version": "2026-10-09-prompt-4b-risk-explainability", "computation_mode": "geometric"}, "geometry": {"type": "LineString", "coordinates": [[75.8581836, 22.71481919999999], [75.8584337, 22.7151161], [75.858474, 22.715228499999995]]}}, {"id": "276", "type": "Feature", "properties": {"segment_id": "osm-2027131464-2027131456-0", "length_m": 16.099407946383533, "shade_fraction": 0.0, "exposure_fraction": 1.0, "canonical_time": "15:00", "solar_azimuth_deg": 271.54425686027565, "solar_elevation_deg": 53.21021702250467, "estimated_height_building_count": 3793, "source_type": "derived", "source_reference": "Cached OSM streets intersected with modelled building shadows", "observed_or_estimated": "ESTIMATED", "modelled_or_interpolated": "MODELLED", "timestamp": "2026-10-09T01:39:38.179956+00:00", "assumptions_version": "2026-10-09-prompt-4b-risk-explainability", "computation_mode": "geometric"}, "geometry": {"type": "LineString", "coordinates": [[75.8549782, 22.7149192], [75.8549693, 22.714887199999996], [75.8548821, 22.714809200000005]]}}, {"id": "277", "type": "Feature", "properties": {"segment_id": "osm-2027131464-2027131536-0", "length_m": 123.40367525263838, "shade_fraction": 0.0, "exposure_fraction": 1.0, "canonical_time": "15:00", "solar_azimuth_deg": 271.54425686027565, "solar_elevation_deg": 53.21021702250467, "estimated_height_building_count": 3793, "source_type": "derived", "source_reference": "Cached OSM streets intersected with modelled building shadows", "observed_or_estimated": "ESTIMATED", "modelled_or_interpolated": "MODELLED", "timestamp": "2026-10-09T01:39:38.179956+00:00", "assumptions_version": "2026-10-09-prompt-4b-risk-explainability", "computation_mode": "geometric"}, "geometry": {"type": "LineString", "coordinates": [[75.8549782, 22.7149192], [75.8550603, 22.715213000000002], [75.8553291, 22.7159849]]}}, {"id": "278", "type": "Feature", "properties": {"segment_id": "osm-2027131464-8460772819-0", "length_m": 43.32567190409834, "shade_fraction": 0.0, "exposure_fraction": 1.0, "canonical_time": "15:00", "solar_azimuth_deg": 271.54425686027565, "solar_elevation_deg": 53.21021702250467, "estimated_height_building_count": 3793, "source_type": "derived", "source_reference": "Cached OSM streets intersected with modelled building shadows", "observed_or_estimated": "ESTIMATED", "modelled_or_interpolated": "MODELLED", "timestamp": "2026-10-09T01:39:38.179956+00:00", "assumptions_version": "2026-10-09-prompt-4b-risk-explainability", "computation_mode": "geometric"}, "geometry": {"type": "LineString", "coordinates": [[75.8549782, 22.7149192], [75.8551199, 22.714915900000005], [75.8553994, 22.714898900000005]]}}, {"id": "279", "type": "Feature", "properties": {"segment_id": "osm-2027131470-6610174289-0", "length_m": 16.429826136637843, "shade_fraction": 0.0, "exposure_fraction": 1.0, "canonical_time": "15:00", "solar_azimuth_deg": 271.54425686027565, "solar_elevation_deg": 53.21021702250467, "estimated_height_building_count": 3793, "source_type": "derived", "source_reference": "Cached OSM streets intersected with modelled building shadows", "observed_or_estimated": "ESTIMATED", "modelled_or_interpolated": "MODELLED", "timestamp": "2026-10-09T01:39:38.179956+00:00", "assumptions_version": "2026-10-09-prompt-4b-risk-explainability", "computation_mode": "geometric"}, "geometry": {"type": "LineString", "coordinates": [[75.8590054, 22.715052399999994], [75.8590266, 22.7151995]]}}, {"id": "280", "type": "Feature", "properties": {"segment_id": "osm-2027131470-2027131442-0", "length_m": 78.12232175736864, "shade_fraction": 0.610172116600764, "exposure_fraction": 0.389827883399236, "canonical_time": "15:00", "solar_azimuth_deg": 271.54425686027565, "solar_elevation_deg": 53.21021702250467, "estimated_height_building_count": 3793, "source_type": "derived", "source_reference": "Cached OSM streets intersected with modelled building shadows", "observed_or_estimated": "ESTIMATED", "modelled_or_interpolated": "MODELLED", "timestamp": "2026-10-09T01:39:38.179956+00:00", "assumptions_version": "2026-10-09-prompt-4b-risk-explainability", "computation_mode": "geometric"}, "geometry": {"type": "LineString", "coordinates": [[75.8590054, 22.715052399999994], [75.8588564, 22.714360399999993]]}}, {"id": "281", "type": "Feature", "properties": {"segment_id": "osm-2027131470-2027131485-0", "length_m": 58.91307597685259, "shade_fraction": 0.0, "exposure_fraction": 1.0, "canonical_time": "15:00", "solar_azimuth_deg": 271.54425686027565, "solar_elevation_deg": 53.21021702250467, "estimated_height_building_count": 3793, "source_type": "derived", "source_reference": "Cached OSM streets intersected with modelled building shadows", "observed_or_estimated": "ESTIMATED", "modelled_or_interpolated": "MODELLED", "timestamp": "2026-10-09T01:39:38.179956+00:00", "assumptions_version": "2026-10-09-prompt-4b-risk-explainability", "computation_mode": "geometric"}, "geometry": {"type": "LineString", "coordinates": [[75.8590054, 22.715052399999994], [75.8588684, 22.7151401], [75.8587396, 22.715183399999994], [75.8586632, 22.7151995], [75.85859610000001, 22.71521189999999], [75.858474, 22.715228499999995]]}}, {"id": "282", "type": "Feature", "properties": {"segment_id": "osm-2027131479-2027131499-0", "length_m": 20.188274638542204, "shade_fraction": 0.0, "exposure_fraction": 1.0, "canonical_time": "15:00", "solar_azimuth_deg": 271.54425686027565, "solar_elevation_deg": 53.21021702250467, "estimated_height_building_count": 3793, "source_type": "derived", "source_reference": "Cached OSM streets intersected with modelled building shadows", "observed_or_estimated": "ESTIMATED", "modelled_or_interpolated": "MODELLED", "timestamp": "2026-10-09T01:39:38.179956+00:00", "assumptions_version": "2026-10-09-prompt-4b-risk-explainability", "computation_mode": "geometric"}, "geometry": {"type": "LineString", "coordinates": [[75.8578179, 22.7151134], [75.8578261, 22.7152956]]}}, {"id": "283", "type": "Feature", "properties": {"segment_id": "osm-2027131479-2027131426-0", "length_m": 116.02337646884509, "shade_fraction": 0.0, "exposure_fraction": 1.0, "canonical_time": "15:00", "solar_azimuth_deg": 271.54425686027565, "solar_elevation_deg": 53.21021702250467, "estimated_height_building_count": 3793, "source_type": "derived", "source_reference": "Cached OSM streets intersected with modelled building shadows", "observed_or_estimated": "ESTIMATED", "modelled_or_interpolated": "MODELLED", "timestamp": "2026-10-09T01:39:38.179956+00:00", "assumptions_version": "2026-10-09-prompt-4b-risk-explainability", "computation_mode": "geometric"}, "geometry": {"type": "LineString", "coordinates": [[75.8578179, 22.7151134], [75.85781650000001, 22.7150825], [75.8577821, 22.714065899999994]]}}, {"id": "284", "type": "Feature", "properties": {"segment_id": "osm-2027131479-6610174558-0", "length_m": 15.633315705013132, "shade_fraction": 0.0, "exposure_fraction": 1.0, "canonical_time": "15:00", "solar_azimuth_deg": 271.54425686027565, "solar_elevation_deg": 53.21021702250467, "estimated_height_building_count": 3793, "source_type": "derived", "source_reference": "Cached OSM streets intersected with modelled building shadows", "observed_or_estimated": "ESTIMATED", "modelled_or_interpolated": "MODELLED", "timestamp": "2026-10-09T01:39:38.179956+00:00", "assumptions_version": "2026-10-09-prompt-4b-risk-explainability", "computation_mode": "geometric"}, "geometry": {"type": "LineString", "coordinates": [[75.8578179, 22.7151134], [75.8579096, 22.7150401], [75.8579331, 22.715021099999998]]}}, {"id": "285", "type": "Feature", "properties": {"segment_id": "osm-2027131485-2027131460-0", "length_m": 54.82887395062543, "shade_fraction": 0.5827567733205389, "exposure_fraction": 0.4172432266794611, "canonical_time": "15:00", "solar_azimuth_deg": 271.54425686027565, "solar_elevation_deg": 53.21021702250467, "estimated_height_building_count": 3793, "source_type": "derived", "source_reference": "Cached OSM streets intersected with modelled building shadows", "observed_or_estimated": "ESTIMATED", "modelled_or_interpolated": "MODELLED", "timestamp": "2026-10-09T01:39:38.179956+00:00", "assumptions_version": "2026-10-09-prompt-4b-risk-explainability", "computation_mode": "geometric"}, "geometry": {"type": "LineString", "coordinates": [[75.858474, 22.715228499999995], [75.8584337, 22.7151161], [75.8581836, 22.71481919999999]]}}, {"id": "286", "type": "Feature", "properties": {"segment_id": "osm-2027131485-6610174558-0", "length_m": 108.64717503007986, "shade_fraction": 0.4636613165845035, "exposure_fraction": 0.5363386834154965, "canonical_time": "15:00", "solar_azimuth_deg": 271.54425686027565, "solar_elevation_deg": 53.21021702250467, "estimated_height_building_count": 3793, "source_type": "derived", "source_reference": "Cached OSM streets intersected with modelled building shadows", "observed_or_estimated": "ESTIMATED", "modelled_or_interpolated": "MODELLED", "timestamp": "2026-10-09T01:39:38.179956+00:00", "assumptions_version": "2026-10-09-prompt-4b-risk-explainability", "computation_mode": "geometric"}, "geometry": {"type": "LineString", "coordinates": [[75.858474, 22.715228499999995], [75.8584773, 22.715295899999997], [75.8584741, 22.7153541], [75.8584646, 22.7154056], [75.858437, 22.715440899999997], [75.8582836, 22.715484], [75.8582407, 22.7154828], [75.8581991, 22.715460500000006], [75.858167, 22.7154321], [75.85813880000002, 22.7153962], [75.858082, 22.715271999999995], [75.8580919, 22.7152181], [75.8580771, 22.715163599999997], [75.8580288, 22.715114200000002], [75.8579331, 22.715021099999998]]}}, {"id": "287", "type": "Feature", "properties": {"segment_id": "osm-2027131485-2027131470-0", "length_m": 58.91307597685258, "shade_fraction": 0.0, "exposure_fraction": 1.0, "canonical_time": "15:00", "solar_azimuth_deg": 271.54425686027565, "solar_elevation_deg": 53.21021702250467, "estimated_height_building_count": 3793, "source_type": "derived", "source_reference": "Cached OSM streets intersected with modelled building shadows", "observed_or_estimated": "ESTIMATED", "modelled_or_interpolated": "MODELLED", "timestamp": "2026-10-09T01:39:38.179956+00:00", "assumptions_version": "2026-10-09-prompt-4b-risk-explainability", "computation_mode": "geometric"}, "geometry": {"type": "LineString", "coordinates": [[75.858474, 22.715228499999995], [75.85859610000001, 22.71521189999999], [75.8586632, 22.7151995], [75.8587396, 22.715183399999994], [75.8588684, 22.7151401], [75.8590054, 22.715052399999994]]}}, {"id": "288", "type": "Feature", "properties": {"segment_id": "osm-2027131489-2027131495-0", "length_m": 25.88764312872118, "shade_fraction": 0.0, "exposure_fraction": 1.0, "canonical_time": "15:00", "solar_azimuth_deg": 271.54425686027565, "solar_elevation_deg": 53.21021702250467, "estimated_height_building_count": 3793, "source_type": "derived", "source_reference": "Cached OSM streets intersected with modelled building shadows", "observed_or_estimated": "ESTIMATED", "modelled_or_interpolated": "MODELLED", "timestamp": "2026-10-09T01:39:38.179956+00:00", "assumptions_version": "2026-10-09-prompt-4b-risk-explainability", "computation_mode": "geometric"}, "geometry": {"type": "LineString", "coordinates": [[75.8569371, 22.715198499999996], [75.8571754, 22.715274699999988]]}}, {"id": "289", "type": "Feature", "properties": {"segment_id": "osm-2027131489-2025110932-0", "length_m": 36.59785675659787, "shade_fraction": 0.0, "exposure_fraction": 1.0, "canonical_time": "15:00", "solar_azimuth_deg": 271.54425686027565, "solar_elevation_deg": 53.21021702250467, "estimated_height_building_count": 3793, "source_type": "derived", "source_reference": "Cached OSM streets intersected with modelled building shadows", "observed_or_estimated": "ESTIMATED", "modelled_or_interpolated": "MODELLED", "timestamp": "2026-10-09T01:39:38.179956+00:00", "assumptions_version": "2026-10-09-prompt-4b-risk-explainability", "computation_mode": "geometric"}, "geometry": {"type": "LineString", "coordinates": [[75.8569371, 22.715198499999996], [75.8566025, 22.715084799999996]]}}, {"id": "290", "type": "Feature", "properties": {"segment_id": "osm-2027131489-2027131406-0", "length_m": 163.57902672115313, "shade_fraction": 0.5183930456061965, "exposure_fraction": 0.4816069543938035, "canonical_time": "15:00", "solar_azimuth_deg": 271.54425686027565, "solar_elevation_deg": 53.21021702250467, "estimated_height_building_count": 3793, "source_type": "derived", "source_reference": "Cached OSM streets intersected with modelled building shadows", "observed_or_estimated": "ESTIMATED", "modelled_or_interpolated": "MODELLED", "timestamp": "2026-10-09T01:39:38.179956+00:00", "assumptions_version": "2026-10-09-prompt-4b-risk-explainability", "computation_mode": "geometric"}, "geometry": {"type": "LineString", "coordinates": [[75.8569371, 22.715198499999996], [75.85701160000002, 22.71467089999999], [75.8570701, 22.714562899999997], [75.8572324, 22.714327400000005], [75.8572963, 22.71416779999999], [75.8572662, 22.713794]]}}, {"id": "291", "type": "Feature", "properties": {"segment_id": "osm-2027131495-2027131458-0", "length_m": 51.39603034761945, "shade_fraction": 0.8121948695325496, "exposure_fraction": 0.1878051304674504, "canonical_time": "15:00", "solar_azimuth_deg": 271.54425686027565, "solar_elevation_deg": 53.21021702250467, "estimated_height_building_count": 3793, "source_type": "derived", "source_reference": "Cached OSM streets intersected with modelled building shadows", "observed_or_estimated": "ESTIMATED", "modelled_or_interpolated": "MODELLED", "timestamp": "2026-10-09T01:39:38.179956+00:00", "assumptions_version": "2026-10-09-prompt-4b-risk-explainability", "computation_mode": "geometric"}, "geometry": {"type": "LineString", "coordinates": [[75.8571754, 22.715274699999988], [75.8572414, 22.7148145]]}}, {"id": "292", "type": "Feature", "properties": {"segment_id": "osm-2027131495-2027131489-0", "length_m": 25.88764312872118, "shade_fraction": 0.0, "exposure_fraction": 1.0, "canonical_time": "15:00", "solar_azimuth_deg": 271.54425686027565, "solar_elevation_deg": 53.21021702250467, "estimated_height_building_count": 3793, "source_type": "derived", "source_reference": "Cached OSM streets intersected with modelled building shadows", "observed_or_estimated": "ESTIMATED", "modelled_or_interpolated": "MODELLED", "timestamp": "2026-10-09T01:39:38.179956+00:00", "assumptions_version": "2026-10-09-prompt-4b-risk-explainability", "computation_mode": "geometric"}, "geometry": {"type": "LineString", "coordinates": [[75.8571754, 22.715274699999988], [75.8569371, 22.715198499999996]]}}, {"id": "293", "type": "Feature", "properties": {"segment_id": "osm-2027131495-2027131511-0", "length_m": 27.36203105495297, "shade_fraction": 0.24284741204409352, "exposure_fraction": 0.7571525879559065, "canonical_time": "15:00", "solar_azimuth_deg": 271.54425686027565, "solar_elevation_deg": 53.21021702250467, "estimated_height_building_count": 3793, "source_type": "derived", "source_reference": "Cached OSM streets intersected with modelled building shadows", "observed_or_estimated": "ESTIMATED", "modelled_or_interpolated": "MODELLED", "timestamp": "2026-10-09T01:39:38.179956+00:00", "assumptions_version": "2026-10-09-prompt-4b-risk-explainability", "computation_mode": "geometric"}, "geometry": {"type": "LineString", "coordinates": [[75.8571754, 22.715274699999988], [75.8572861, 22.7153295], [75.8573174, 22.715355399999996], [75.8573382, 22.715376399999997], [75.8573502, 22.715394300000003], [75.8573677, 22.71543329999999]]}}, {"id": "294", "type": "Feature", "properties": {"segment_id": "osm-2027131499-2027131479-0", "length_m": 20.188274638542204, "shade_fraction": 0.0, "exposure_fraction": 1.0, "canonical_time": "15:00", "solar_azimuth_deg": 271.54425686027565, "solar_elevation_deg": 53.21021702250467, "estimated_height_building_count": 3793, "source_type": "derived", "source_reference": "Cached OSM streets intersected with modelled building shadows", "observed_or_estimated": "ESTIMATED", "modelled_or_interpolated": "MODELLED", "timestamp": "2026-10-09T01:39:38.179956+00:00", "assumptions_version": "2026-10-09-prompt-4b-risk-explainability", "computation_mode": "geometric"}, "geometry": {"type": "LineString", "coordinates": [[75.8578261, 22.7152956], [75.8578179, 22.7151134]]}}, {"id": "295", "type": "Feature", "properties": {"segment_id": "osm-2027131499-2027131511-0", "length_m": 49.48647177775187, "shade_fraction": 0.007959148711083455, "exposure_fraction": 0.9920408512889165, "canonical_time": "15:00", "solar_azimuth_deg": 271.54425686027565, "solar_elevation_deg": 53.21021702250467, "estimated_height_building_count": 3793, "source_type": "derived", "source_reference": "Cached OSM streets intersected with modelled building shadows", "observed_or_estimated": "ESTIMATED", "modelled_or_interpolated": "MODELLED", "timestamp": "2026-10-09T01:39:38.179956+00:00", "assumptions_version": "2026-10-09-prompt-4b-risk-explainability", "computation_mode": "geometric"}, "geometry": {"type": "LineString", "coordinates": [[75.8578261, 22.7152956], [75.8573677, 22.71543329999999]]}}, {"id": "296", "type": "Feature", "properties": {"segment_id": "osm-2027131499-2027131546-0", "length_m": 98.31809773981587, "shade_fraction": 0.0, "exposure_fraction": 1.0, "canonical_time": "15:00", "solar_azimuth_deg": 271.54425686027565, "solar_elevation_deg": 53.21021702250467, "estimated_height_building_count": 3793, "source_type": "derived", "source_reference": "Cached OSM streets intersected with modelled building shadows", "observed_or_estimated": "ESTIMATED", "modelled_or_interpolated": "MODELLED", "timestamp": "2026-10-09T01:39:38.179956+00:00", "assumptions_version": "2026-10-09-prompt-4b-risk-explainability", "computation_mode": "geometric"}, "geometry": {"type": "LineString", "coordinates": [[75.8578261, 22.7152956], [75.8578598, 22.7160417], [75.8578977, 22.716178599999996]]}}, {"id": "297", "type": "Feature", "properties": {"segment_id": "osm-2027131511-8460755401-0", "length_m": 23.88639871824011, "shade_fraction": 0.13666532473136106, "exposure_fraction": 0.8633346752686389, "canonical_time": "15:00", "solar_azimuth_deg": 271.54425686027565, "solar_elevation_deg": 53.21021702250467, "estimated_height_building_count": 3793, "source_type": "derived", "source_reference": "Cached OSM streets intersected with modelled building shadows", "observed_or_estimated": "ESTIMATED", "modelled_or_interpolated": "MODELLED", "timestamp": "2026-10-09T01:39:38.179956+00:00", "assumptions_version": "2026-10-09-prompt-4b-risk-explainability", "computation_mode": "geometric"}, "geometry": {"type": "LineString", "coordinates": [[75.8573677, 22.71543329999999], [75.8574013, 22.715646799999995]]}}, {"id": "298", "type": "Feature", "properties": {"segment_id": "osm-2027131511-2027131499-0", "length_m": 49.48647177775187, "shade_fraction": 0.007959148711083455, "exposure_fraction": 0.9920408512889165, "canonical_time": "15:00", "solar_azimuth_deg": 271.54425686027565, "solar_elevation_deg": 53.21021702250467, "estimated_height_building_count": 3793, "source_type": "derived", "source_reference": "Cached OSM streets intersected with modelled building shadows", "observed_or_estimated": "ESTIMATED", "modelled_or_interpolated": "MODELLED", "timestamp": "2026-10-09T01:39:38.179956+00:00", "assumptions_version": "2026-10-09-prompt-4b-risk-explainability", "computation_mode": "geometric"}, "geometry": {"type": "LineString", "coordinates": [[75.8573677, 22.71543329999999], [75.8578261, 22.7152956]]}}, {"id": "299", "type": "Feature", "properties": {"segment_id": "osm-2027131511-2027131495-0", "length_m": 27.362031054952965, "shade_fraction": 0.24284741204409355, "exposure_fraction": 0.7571525879559065, "canonical_time": "15:00", "solar_azimuth_deg": 271.54425686027565, "solar_elevation_deg": 53.21021702250467, "estimated_height_building_count": 3793, "source_type": "derived", "source_reference": "Cached OSM streets intersected with modelled building shadows", "observed_or_estimated": "ESTIMATED", "modelled_or_interpolated": "MODELLED", "timestamp": "2026-10-09T01:39:38.179956+00:00", "assumptions_version": "2026-10-09-prompt-4b-risk-explainability", "computation_mode": "geometric"}, "geometry": {"type": "LineString", "coordinates": [[75.8573677, 22.71543329999999], [75.8573502, 22.715394300000003], [75.8573382, 22.715376399999997], [75.8573174, 22.715355399999996], [75.8572861, 22.7153295], [75.8571754, 22.715274699999988]]}}, {"id": "300", "type": "Feature", "properties": {"segment_id": "osm-2027131531-8460755401-0", "length_m": 11.82107883303307, "shade_fraction": 0.0, "exposure_fraction": 1.0, "canonical_time": "15:00", "solar_azimuth_deg": 271.54425686027565, "solar_elevation_deg": 53.21021702250467, "estimated_height_building_count": 3793, "source_type": "derived", "source_reference": "Cached OSM streets intersected with modelled building shadows", "observed_or_estimated": "ESTIMATED", "modelled_or_interpolated": "MODELLED", "timestamp": "2026-10-09T01:39:38.179956+00:00", "assumptions_version": "2026-10-09-prompt-4b-risk-explainability", "computation_mode": "geometric"}, "geometry": {"type": "LineString", "coordinates": [[75.8574239, 22.7157515], [75.8574013, 22.715646799999995]]}}, {"id": "301", "type": "Feature", "properties": {"segment_id": "osm-2027131531-2027131569-0", "length_m": 74.31782616428778, "shade_fraction": 0.3783113048545039, "exposure_fraction": 0.6216886951454961, "canonical_time": "15:00", "solar_azimuth_deg": 271.54425686027565, "solar_elevation_deg": 53.21021702250467, "estimated_height_building_count": 3793, "source_type": "derived", "source_reference": "Cached OSM streets intersected with modelled building shadows", "observed_or_estimated": "ESTIMATED", "modelled_or_interpolated": "MODELLED", "timestamp": "2026-10-09T01:39:38.179956+00:00", "assumptions_version": "2026-10-09-prompt-4b-risk-explainability", "computation_mode": "geometric"}, "geometry": {"type": "LineString", "coordinates": [[75.8574239, 22.7157515], [75.8573736, 22.7159102], [75.8573504, 22.7160543], [75.8573251, 22.7161043], [75.8572679, 22.7161459], [75.8572238, 22.7161599], [75.8571414, 22.7161789], [75.8571078, 22.716196600000004], [75.8570989, 22.7162199], [75.8570964, 22.716274799999994]]}}, {"id": "302", "type": "Feature", "properties": {"segment_id": "osm-2027131531-2027131552-0", "length_m": 59.97150836713739, "shade_fraction": 0.6658895903814798, "exposure_fraction": 0.33411040961852023, "canonical_time": "15:00", "solar_azimuth_deg": 271.54425686027565, "solar_elevation_deg": 53.21021702250467, "estimated_height_building_count": 3793, "source_type": "derived", "source_reference": "Cached OSM streets intersected with modelled building shadows", "observed_or_estimated": "ESTIMATED", "modelled_or_interpolated": "MODELLED", "timestamp": "2026-10-09T01:39:38.179956+00:00", "assumptions_version": "2026-10-09-prompt-4b-risk-explainability", "computation_mode": "geometric"}, "geometry": {"type": "LineString", "coordinates": [[75.8574239, 22.7157515], [75.8575656, 22.715930599999997], [75.8576738, 22.716113999999997], [75.8577008, 22.7162216]]}}, {"id": "303", "type": "Feature", "properties": {"segment_id": "osm-2027131532-2027131533-0", "length_m": 27.83289996379741, "shade_fraction": 0.0, "exposure_fraction": 1.0, "canonical_time": "15:00", "solar_azimuth_deg": 271.54425686027565, "solar_elevation_deg": 53.21021702250467, "estimated_height_building_count": 3793, "source_type": "derived", "source_reference": "Cached OSM streets intersected with modelled building shadows", "observed_or_estimated": "ESTIMATED", "modelled_or_interpolated": "MODELLED", "timestamp": "2026-10-09T01:39:38.179956+00:00", "assumptions_version": "2026-10-09-prompt-4b-risk-explainability", "computation_mode": "geometric"}, "geometry": {"type": "LineString", "coordinates": [[75.8559164, 22.715892300000004], [75.8556462, 22.7159116]]}}, {"id": "304", "type": "Feature", "properties": {"segment_id": "osm-2027131532-8460755415-0", "length_m": 82.12290734437256, "shade_fraction": 0.24050033021785783, "exposure_fraction": 0.7594996697821421, "canonical_time": "15:00", "solar_azimuth_deg": 271.54425686027565, "solar_elevation_deg": 53.21021702250467, "estimated_height_building_count": 3793, "source_type": "derived", "source_reference": "Cached OSM streets intersected with modelled building shadows", "observed_or_estimated": "ESTIMATED", "modelled_or_interpolated": "MODELLED", "timestamp": "2026-10-09T01:39:38.179956+00:00", "assumptions_version": "2026-10-09-prompt-4b-risk-explainability", "computation_mode": "geometric"}, "geometry": {"type": "LineString", "coordinates": [[75.8559164, 22.715892300000004], [75.8559093, 22.7156841], [75.8559389, 22.715604], [75.8559648, 22.715581099999998], [75.8559811, 22.715569000000002], [75.8560189, 22.715574799999988], [75.8563986, 22.715652500000004]]}}, {"id": "305", "type": "Feature", "properties": {"segment_id": "osm-2027131532-2027131540-0", "length_m": 49.62783416196162, "shade_fraction": 0.2276807590961681, "exposure_fraction": 0.7723192409038319, "canonical_time": "15:00", "solar_azimuth_deg": 271.54425686027565, "solar_elevation_deg": 53.21021702250467, "estimated_height_building_count": 3793, "source_type": "derived", "source_reference": "Cached OSM streets intersected with modelled building shadows", "observed_or_estimated": "ESTIMATED", "modelled_or_interpolated": "MODELLED", "timestamp": "2026-10-09T01:39:38.179956+00:00", "assumptions_version": "2026-10-09-prompt-4b-risk-explainability", "computation_mode": "geometric"}, "geometry": {"type": "LineString", "coordinates": [[75.8559164, 22.715892300000004], [75.85593340000001, 22.715979200000003], [75.8560677, 22.71597699999999], [75.8562073, 22.7159928], [75.8562678, 22.71608139999999]]}}, {"id": "306", "type": "Feature", "properties": {"segment_id": "osm-2027131533-2027131532-0", "length_m": 27.83289996379741, "shade_fraction": 0.0, "exposure_fraction": 1.0, "canonical_time": "15:00", "solar_azimuth_deg": 271.54425686027565, "solar_elevation_deg": 53.21021702250467, "estimated_height_building_count": 3793, "source_type": "derived", "source_reference": "Cached OSM streets intersected with modelled building shadows", "observed_or_estimated": "ESTIMATED", "modelled_or_interpolated": "MODELLED", "timestamp": "2026-10-09T01:39:38.179956+00:00", "assumptions_version": "2026-10-09-prompt-4b-risk-explainability", "computation_mode": "geometric"}, "geometry": {"type": "LineString", "coordinates": [[75.8556462, 22.7159116], [75.8559164, 22.715892300000004]]}}, {"id": "307", "type": "Feature", "properties": {"segment_id": "osm-2027131533-2027131536-0", "length_m": 33.56334294351408, "shade_fraction": 0.0, "exposure_fraction": 1.0, "canonical_time": "15:00", "solar_azimuth_deg": 271.54425686027565, "solar_elevation_deg": 53.21021702250467, "estimated_height_building_count": 3793, "source_type": "derived", "source_reference": "Cached OSM streets intersected with modelled building shadows", "observed_or_estimated": "ESTIMATED", "modelled_or_interpolated": "MODELLED", "timestamp": "2026-10-09T01:39:38.179956+00:00", "assumptions_version": "2026-10-09-prompt-4b-risk-explainability", "computation_mode": "geometric"}, "geometry": {"type": "LineString", "coordinates": [[75.8556462, 22.7159116], [75.8553291, 22.7159849]]}}, {"id": "308", "type": "Feature", "properties": {"segment_id": "osm-2027131533-8460772819-0", "length_m": 133.54538718736686, "shade_fraction": 0.5601350082920756, "exposure_fraction": 0.43986499170792437, "canonical_time": "15:00", "solar_azimuth_deg": 271.54425686027565, "solar_elevation_deg": 53.21021702250467, "estimated_height_building_count": 3793, "source_type": "derived", "source_reference": "Cached OSM streets intersected with modelled building shadows", "observed_or_estimated": "ESTIMATED", "modelled_or_interpolated": "MODELLED", "timestamp": "2026-10-09T01:39:38.179956+00:00", "assumptions_version": "2026-10-09-prompt-4b-risk-explainability", "computation_mode": "geometric"}, "geometry": {"type": "LineString", "coordinates": [[75.8556462, 22.7159116], [75.855633, 22.715736299999993], [75.8556462, 22.7155958], [75.8556894, 22.715429199999996], [75.8557427, 22.715283400000008], [75.855759, 22.715250899999994], [75.8557597, 22.7152205], [75.8557463, 22.715209399999992], [75.8557154, 22.715197000000007], [75.8556122, 22.715169799999998], [75.8555438, 22.7151426], [75.8555035, 22.715101799999996], [75.8554713, 22.715058499999987], [75.8554499, 22.714992899999988], [75.8553994, 22.714898900000005]]}}, {"id": "309", "type": "Feature", "properties": {"segment_id": "osm-2027131536-8461125223-0", "length_m": 45.88502980797901, "shade_fraction": 0.0, "exposure_fraction": 1.0, "canonical_time": "15:00", "solar_azimuth_deg": 271.54425686027565, "solar_elevation_deg": 53.21021702250467, "estimated_height_building_count": 3793, "source_type": "derived", "source_reference": "Cached OSM streets intersected with modelled building shadows", "observed_or_estimated": "ESTIMATED", "modelled_or_interpolated": "MODELLED", "timestamp": "2026-10-09T01:39:38.179956+00:00", "assumptions_version": "2026-10-09-prompt-4b-risk-explainability", "computation_mode": "geometric"}, "geometry": {"type": "LineString", "coordinates": [[75.8553291, 22.7159849], [75.8554764, 22.716376199999992]]}}, {"id": "310", "type": "Feature", "properties": {"segment_id": "osm-2027131536-2027131533-0", "length_m": 33.56334294351408, "shade_fraction": 0.0, "exposure_fraction": 1.0, "canonical_time": "15:00", "solar_azimuth_deg": 271.54425686027565, "solar_elevation_deg": 53.21021702250467, "estimated_height_building_count": 3793, "source_type": "derived", "source_reference": "Cached OSM streets intersected with modelled building shadows", "observed_or_estimated": "ESTIMATED", "modelled_or_interpolated": "MODELLED", "timestamp": "2026-10-09T01:39:38.179956+00:00", "assumptions_version": "2026-10-09-prompt-4b-risk-explainability", "computation_mode": "geometric"}, "geometry": {"type": "LineString", "coordinates": [[75.8553291, 22.7159849], [75.8556462, 22.7159116]]}}, {"id": "311", "type": "Feature", "properties": {"segment_id": "osm-2027131536-2027131464-0", "length_m": 123.40367525263838, "shade_fraction": 0.0, "exposure_fraction": 1.0, "canonical_time": "15:00", "solar_azimuth_deg": 271.54425686027565, "solar_elevation_deg": 53.21021702250467, "estimated_height_building_count": 3793, "source_type": "derived", "source_reference": "Cached OSM streets intersected with modelled building shadows", "observed_or_estimated": "ESTIMATED", "modelled_or_interpolated": "MODELLED", "timestamp": "2026-10-09T01:39:38.179956+00:00", "assumptions_version": "2026-10-09-prompt-4b-risk-explainability", "computation_mode": "geometric"}, "geometry": {"type": "LineString", "coordinates": [[75.8553291, 22.7159849], [75.8550603, 22.715213000000002], [75.8549782, 22.7149192]]}}, {"id": "312", "type": "Feature", "properties": {"segment_id": "osm-2027131540-9523323008-0", "length_m": 33.10185147854552, "shade_fraction": 0.0, "exposure_fraction": 1.0, "canonical_time": "15:00", "solar_azimuth_deg": 271.54425686027565, "solar_elevation_deg": 53.21021702250467, "estimated_height_building_count": 3793, "source_type": "derived", "source_reference": "Cached OSM streets intersected with modelled building shadows", "observed_or_estimated": "ESTIMATED", "modelled_or_interpolated": "MODELLED", "timestamp": "2026-10-09T01:39:38.179956+00:00", "assumptions_version": "2026-10-09-prompt-4b-risk-explainability", "computation_mode": "geometric"}, "geometry": {"type": "LineString", "coordinates": [[75.8562678, 22.71608139999999], [75.8561951, 22.7163727]]}}, {"id": "313", "type": "Feature", "properties": {"segment_id": "osm-2027131540-8460755407-0", "length_m": 38.71021386578008, "shade_fraction": 0.02639977501842087, "exposure_fraction": 0.9736002249815792, "canonical_time": "15:00", "solar_azimuth_deg": 271.54425686027565, "solar_elevation_deg": 53.21021702250467, "estimated_height_building_count": 3793, "source_type": "derived", "source_reference": "Cached OSM streets intersected with modelled building shadows", "observed_or_estimated": "ESTIMATED", "modelled_or_interpolated": "MODELLED", "timestamp": "2026-10-09T01:39:38.179956+00:00", "assumptions_version": "2026-10-09-prompt-4b-risk-explainability", "computation_mode": "geometric"}, "geometry": {"type": "LineString", "coordinates": [[75.8562678, 22.71608139999999], [75.8563691, 22.715744600000004]]}}, {"id": "314", "type": "Feature", "properties": {"segment_id": "osm-2027131540-2027131532-0", "length_m": 49.627834161961616, "shade_fraction": 0.22768075909616814, "exposure_fraction": 0.7723192409038319, "canonical_time": "15:00", "solar_azimuth_deg": 271.54425686027565, "solar_elevation_deg": 53.21021702250467, "estimated_height_building_count": 3793, "source_type": "derived", "source_reference": "Cached OSM streets intersected with modelled building shadows", "observed_or_estimated": "ESTIMATED", "modelled_or_interpolated": "MODELLED", "timestamp": "2026-10-09T01:39:38.179956+00:00", "assumptions_version": "2026-10-09-prompt-4b-risk-explainability", "computation_mode": "geometric"}, "geometry": {"type": "LineString", "coordinates": [[75.8562678, 22.71608139999999], [75.8562073, 22.7159928], [75.8560677, 22.71597699999999], [75.85593340000001, 22.715979200000003], [75.8559164, 22.715892300000004]]}}, {"id": "315", "type": "Feature", "properties": {"segment_id": "osm-2027131540-2027131569-0", "length_m": 91.74389657066025, "shade_fraction": 0.06893651202946349, "exposure_fraction": 0.9310634879705365, "canonical_time": "15:00", "solar_azimuth_deg": 271.54425686027565, "solar_elevation_deg": 53.21021702250467, "estimated_height_building_count": 3793, "source_type": "derived", "source_reference": "Cached OSM streets intersected with modelled building shadows", "observed_or_estimated": "ESTIMATED", "modelled_or_interpolated": "MODELLED", "timestamp": "2026-10-09T01:39:38.179956+00:00", "assumptions_version": "2026-10-09-prompt-4b-risk-explainability", "computation_mode": "geometric"}, "geometry": {"type": "LineString", "coordinates": [[75.8562678, 22.71608139999999], [75.8562943, 22.7161259], [75.8563476, 22.71615909999999], [75.8565327, 22.716245900000004], [75.8566207, 22.716267799999994], [75.8568895, 22.71627299999999], [75.8570964, 22.716274799999994]]}}, {"id": "316", "type": "Feature", "properties": {"segment_id": "osm-2027131546-2027131552-0", "length_m": 20.775232204015783, "shade_fraction": 0.0, "exposure_fraction": 1.0, "canonical_time": "15:00", "solar_azimuth_deg": 271.54425686027565, "solar_elevation_deg": 53.21021702250467, "estimated_height_building_count": 3793, "source_type": "derived", "source_reference": "Cached OSM streets intersected with modelled building shadows", "observed_or_estimated": "ESTIMATED", "modelled_or_interpolated": "MODELLED", "timestamp": "2026-10-09T01:39:38.179956+00:00", "assumptions_version": "2026-10-09-prompt-4b-risk-explainability", "computation_mode": "geometric"}, "geometry": {"type": "LineString", "coordinates": [[75.8578977, 22.716178599999996], [75.8577008, 22.7162216]]}}, {"id": "317", "type": "Feature", "properties": {"segment_id": "osm-2027131546-9523323012-0", "length_m": 30.142700451362593, "shade_fraction": 0.0, "exposure_fraction": 1.0, "canonical_time": "15:00", "solar_azimuth_deg": 271.54425686027565, "solar_elevation_deg": 53.21021702250467, "estimated_height_building_count": 3793, "source_type": "derived", "source_reference": "Cached OSM streets intersected with modelled building shadows", "observed_or_estimated": "ESTIMATED", "modelled_or_interpolated": "MODELLED", "timestamp": "2026-10-09T01:39:38.179956+00:00", "assumptions_version": "2026-10-09-prompt-4b-risk-explainability", "computation_mode": "geometric"}, "geometry": {"type": "LineString", "coordinates": [[75.8578977, 22.716178599999996], [75.8579627, 22.7163339], [75.8580069, 22.716431299999993]]}}, {"id": "318", "type": "Feature", "properties": {"segment_id": "osm-2027131546-2027131499-0", "length_m": 98.31809773981587, "shade_fraction": 0.0, "exposure_fraction": 1.0, "canonical_time": "15:00", "solar_azimuth_deg": 271.54425686027565, "solar_elevation_deg": 53.21021702250467, "estimated_height_building_count": 3793, "source_type": "derived", "source_reference": "Cached OSM streets intersected with modelled building shadows", "observed_or_estimated": "ESTIMATED", "modelled_or_interpolated": "MODELLED", "timestamp": "2026-10-09T01:39:38.179956+00:00", "assumptions_version": "2026-10-09-prompt-4b-risk-explainability", "computation_mode": "geometric"}, "geometry": {"type": "LineString", "coordinates": [[75.8578977, 22.716178599999996], [75.8578598, 22.7160417], [75.8578261, 22.7152956]]}}, {"id": "319", "type": "Feature", "properties": {"segment_id": "osm-2027131552-2027131546-0", "length_m": 20.775232204015783, "shade_fraction": 0.0, "exposure_fraction": 1.0, "canonical_time": "15:00", "solar_azimuth_deg": 271.54425686027565, "solar_elevation_deg": 53.21021702250467, "estimated_height_building_count": 3793, "source_type": "derived", "source_reference": "Cached OSM streets intersected with modelled building shadows", "observed_or_estimated": "ESTIMATED", "modelled_or_interpolated": "MODELLED", "timestamp": "2026-10-09T01:39:38.179956+00:00", "assumptions_version": "2026-10-09-prompt-4b-risk-explainability", "computation_mode": "geometric"}, "geometry": {"type": "LineString", "coordinates": [[75.8577008, 22.7162216], [75.8578977, 22.716178599999996]]}}, {"id": "320", "type": "Feature", "properties": {"segment_id": "osm-2027131552-2027131531-0", "length_m": 59.97150836713738, "shade_fraction": 0.6658895903814798, "exposure_fraction": 0.33411040961852023, "canonical_time": "15:00", "solar_azimuth_deg": 271.54425686027565, "solar_elevation_deg": 53.21021702250467, "estimated_height_building_count": 3793, "source_type": "derived", "source_reference": "Cached OSM streets intersected with modelled building shadows", "observed_or_estimated": "ESTIMATED", "modelled_or_interpolated": "MODELLED", "timestamp": "2026-10-09T01:39:38.179956+00:00", "assumptions_version": "2026-10-09-prompt-4b-risk-explainability", "computation_mode": "geometric"}, "geometry": {"type": "LineString", "coordinates": [[75.8577008, 22.7162216], [75.8576738, 22.716113999999997], [75.8575656, 22.715930599999997], [75.8574239, 22.7157515]]}}, {"id": "321", "type": "Feature", "properties": {"segment_id": "osm-2027131552-2027131569-0", "length_m": 62.67573792372133, "shade_fraction": 0.0, "exposure_fraction": 1.0, "canonical_time": "15:00", "solar_azimuth_deg": 271.54425686027565, "solar_elevation_deg": 53.21021702250467, "estimated_height_building_count": 3793, "source_type": "derived", "source_reference": "Cached OSM streets intersected with modelled building shadows", "observed_or_estimated": "ESTIMATED", "modelled_or_interpolated": "MODELLED", "timestamp": "2026-10-09T01:39:38.179956+00:00", "assumptions_version": "2026-10-09-prompt-4b-risk-explainability", "computation_mode": "geometric"}, "geometry": {"type": "LineString", "coordinates": [[75.8577008, 22.7162216], [75.8575889, 22.7162501], [75.8573545, 22.7162764], [75.8570964, 22.716274799999994]]}}, {"id": "322", "type": "Feature", "properties": {"segment_id": "osm-2027131569-2027131582-0", "length_m": 16.45605968003445, "shade_fraction": 0.7972074104211156, "exposure_fraction": 0.20279258957888435, "canonical_time": "15:00", "solar_azimuth_deg": 271.54425686027565, "solar_elevation_deg": 53.21021702250467, "estimated_height_building_count": 3793, "source_type": "derived", "source_reference": "Cached OSM streets intersected with modelled building shadows", "observed_or_estimated": "ESTIMATED", "modelled_or_interpolated": "MODELLED", "timestamp": "2026-10-09T01:39:38.179956+00:00", "assumptions_version": "2026-10-09-prompt-4b-risk-explainability", "computation_mode": "geometric"}, "geometry": {"type": "LineString", "coordinates": [[75.8570964, 22.716274799999994], [75.8571035, 22.716423299999995]]}}, {"id": "323", "type": "Feature", "properties": {"segment_id": "osm-2027131569-2027131531-0", "length_m": 74.3178261642878, "shade_fraction": 0.37831130485450387, "exposure_fraction": 0.6216886951454961, "canonical_time": "15:00", "solar_azimuth_deg": 271.54425686027565, "solar_elevation_deg": 53.21021702250467, "estimated_height_building_count": 3793, "source_type": "derived", "source_reference": "Cached OSM streets intersected with modelled building shadows", "observed_or_estimated": "ESTIMATED", "modelled_or_interpolated": "MODELLED", "timestamp": "2026-10-09T01:39:38.179956+00:00", "assumptions_version": "2026-10-09-prompt-4b-risk-explainability", "computation_mode": "geometric"}, "geometry": {"type": "LineString", "coordinates": [[75.8570964, 22.716274799999994], [75.8570989, 22.7162199], [75.8571078, 22.716196600000004], [75.8571414, 22.7161789], [75.8572238, 22.7161599], [75.8572679, 22.7161459], [75.8573251, 22.7161043], [75.8573504, 22.7160543], [75.8573736, 22.7159102], [75.8574239, 22.7157515]]}}, {"id": "324", "type": "Feature", "properties": {"segment_id": "osm-2027131569-2027131552-0", "length_m": 62.67573792372133, "shade_fraction": 0.0, "exposure_fraction": 1.0, "canonical_time": "15:00", "solar_azimuth_deg": 271.54425686027565, "solar_elevation_deg": 53.21021702250467, "estimated_height_building_count": 3793, "source_type": "derived", "source_reference": "Cached OSM streets intersected with modelled building shadows", "observed_or_estimated": "ESTIMATED", "modelled_or_interpolated": "MODELLED", "timestamp": "2026-10-09T01:39:38.179956+00:00", "assumptions_version": "2026-10-09-prompt-4b-risk-explainability", "computation_mode": "geometric"}, "geometry": {"type": "LineString", "coordinates": [[75.8570964, 22.716274799999994], [75.8573545, 22.7162764], [75.8575889, 22.7162501], [75.8577008, 22.7162216]]}}, {"id": "325", "type": "Feature", "properties": {"segment_id": "osm-2027131569-2027131540-0", "length_m": 91.74389657066025, "shade_fraction": 0.06893651202946349, "exposure_fraction": 0.9310634879705365, "canonical_time": "15:00", "solar_azimuth_deg": 271.54425686027565, "solar_elevation_deg": 53.21021702250467, "estimated_height_building_count": 3793, "source_type": "derived", "source_reference": "Cached OSM streets intersected with modelled building shadows", "observed_or_estimated": "ESTIMATED", "modelled_or_interpolated": "MODELLED", "timestamp": "2026-10-09T01:39:38.179956+00:00", "assumptions_version": "2026-10-09-prompt-4b-risk-explainability", "computation_mode": "geometric"}, "geometry": {"type": "LineString", "coordinates": [[75.8570964, 22.716274799999994], [75.8568895, 22.71627299999999], [75.8566207, 22.716267799999994], [75.8565327, 22.716245900000004], [75.8563476, 22.71615909999999], [75.8562943, 22.7161259], [75.8562678, 22.71608139999999]]}}, {"id": "326", "type": "Feature", "properties": {"segment_id": "osm-2027131582-2027131569-0", "length_m": 16.45605968003445, "shade_fraction": 0.7972074104211156, "exposure_fraction": 0.20279258957888435, "canonical_time": "15:00", "solar_azimuth_deg": 271.54425686027565, "solar_elevation_deg": 53.21021702250467, "estimated_height_building_count": 3793, "source_type": "derived", "source_reference": "Cached OSM streets intersected with modelled building shadows", "observed_or_estimated": "ESTIMATED", "modelled_or_interpolated": "MODELLED", "timestamp": "2026-10-09T01:39:38.179956+00:00", "assumptions_version": "2026-10-09-prompt-4b-risk-explainability", "computation_mode": "geometric"}, "geometry": {"type": "LineString", "coordinates": [[75.8571035, 22.716423299999995], [75.8570964, 22.716274799999994]]}}, {"id": "327", "type": "Feature", "properties": {"segment_id": "osm-2027131582-9523323008-0", "length_m": 93.5862831023537, "shade_fraction": 0.0, "exposure_fraction": 1.0, "canonical_time": "15:00", "solar_azimuth_deg": 271.54425686027565, "solar_elevation_deg": 53.21021702250467, "estimated_height_building_count": 3793, "source_type": "derived", "source_reference": "Cached OSM streets intersected with modelled building shadows", "observed_or_estimated": "ESTIMATED", "modelled_or_interpolated": "MODELLED", "timestamp": "2026-10-09T01:39:38.179956+00:00", "assumptions_version": "2026-10-09-prompt-4b-risk-explainability", "computation_mode": "geometric"}, "geometry": {"type": "LineString", "coordinates": [[75.8571035, 22.716423299999995], [75.856514, 22.7164111], [75.8561951, 22.7163727]]}}, {"id": "328", "type": "Feature", "properties": {"segment_id": "osm-2027131582-9523323012-0", "length_m": 93.03245190899202, "shade_fraction": 0.0, "exposure_fraction": 1.0, "canonical_time": "15:00", "solar_azimuth_deg": 271.54425686027565, "solar_elevation_deg": 53.21021702250467, "estimated_height_building_count": 3793, "source_type": "derived", "source_reference": "Cached OSM streets intersected with modelled building shadows", "observed_or_estimated": "ESTIMATED", "modelled_or_interpolated": "MODELLED", "timestamp": "2026-10-09T01:39:38.179956+00:00", "assumptions_version": "2026-10-09-prompt-4b-risk-explainability", "computation_mode": "geometric"}, "geometry": {"type": "LineString", "coordinates": [[75.8571035, 22.716423299999995], [75.85755090000002, 22.716454099999993], [75.8579147, 22.716444200000005], [75.8580069, 22.716431299999993]]}}, {"id": "329", "type": "Feature", "properties": {"segment_id": "osm-2027156248-2027156315-0", "length_m": 41.233980336462714, "shade_fraction": 0.0, "exposure_fraction": 1.0, "canonical_time": "15:00", "solar_azimuth_deg": 271.54425686027565, "solar_elevation_deg": 53.21021702250467, "estimated_height_building_count": 3793, "source_type": "derived", "source_reference": "Cached OSM streets intersected with modelled building shadows", "observed_or_estimated": "ESTIMATED", "modelled_or_interpolated": "MODELLED", "timestamp": "2026-10-09T01:39:38.179956+00:00", "assumptions_version": "2026-10-09-prompt-4b-risk-explainability", "computation_mode": "geometric"}, "geometry": {"type": "LineString", "coordinates": [[75.8515584, 22.713732199999995], [75.851503, 22.714101100000004]]}}, {"id": "330", "type": "Feature", "properties": {"segment_id": "osm-2027156248-12504458052-0", "length_m": 5.702118310404492, "shade_fraction": 0.0, "exposure_fraction": 1.0, "canonical_time": "15:00", "solar_azimuth_deg": 271.54425686027565, "solar_elevation_deg": 53.21021702250467, "estimated_height_building_count": 3793, "source_type": "derived", "source_reference": "Cached OSM streets intersected with modelled building shadows", "observed_or_estimated": "ESTIMATED", "modelled_or_interpolated": "MODELLED", "timestamp": "2026-10-09T01:39:38.179956+00:00", "assumptions_version": "2026-10-09-prompt-4b-risk-explainability", "computation_mode": "geometric"}, "geometry": {"type": "LineString", "coordinates": [[75.8515584, 22.713732199999995], [75.8515593, 22.713680699999994]]}}, {"id": "331", "type": "Feature", "properties": {"segment_id": "osm-2027156248-2027156252-0", "length_m": 50.46024331029756, "shade_fraction": 0.0, "exposure_fraction": 1.0, "canonical_time": "15:00", "solar_azimuth_deg": 271.54425686027565, "solar_elevation_deg": 53.21021702250467, "estimated_height_building_count": 3793, "source_type": "derived", "source_reference": "Cached OSM streets intersected with modelled building shadows", "observed_or_estimated": "ESTIMATED", "modelled_or_interpolated": "MODELLED", "timestamp": "2026-10-09T01:39:38.179956+00:00", "assumptions_version": "2026-10-09-prompt-4b-risk-explainability", "computation_mode": "geometric"}, "geometry": {"type": "LineString", "coordinates": [[75.8515584, 22.713732199999995], [75.8520292, 22.713770899999997], [75.8520471, 22.713775800000004]]}}, {"id": "332", "type": "Feature", "properties": {"segment_id": "osm-2027156252-12504458055-0", "length_m": 6.818056674012589, "shade_fraction": 0.0, "exposure_fraction": 1.0, "canonical_time": "15:00", "solar_azimuth_deg": 271.54425686027565, "solar_elevation_deg": 53.21021702250467, "estimated_height_building_count": 3793, "source_type": "derived", "source_reference": "Cached OSM streets intersected with modelled building shadows", "observed_or_estimated": "ESTIMATED", "modelled_or_interpolated": "MODELLED", "timestamp": "2026-10-09T01:39:38.179956+00:00", "assumptions_version": "2026-10-09-prompt-4b-risk-explainability", "computation_mode": "geometric"}, "geometry": {"type": "LineString", "coordinates": [[75.8520471, 22.713775800000004], [75.8520606, 22.713715499999985]]}}, {"id": "333", "type": "Feature", "properties": {"segment_id": "osm-2027156252-2027156304-0", "length_m": 52.6690080510983, "shade_fraction": 0.0509409745701047, "exposure_fraction": 0.9490590254298953, "canonical_time": "15:00", "solar_azimuth_deg": 271.54425686027565, "solar_elevation_deg": 53.21021702250467, "estimated_height_building_count": 3793, "source_type": "derived", "source_reference": "Cached OSM streets intersected with modelled building shadows", "observed_or_estimated": "ESTIMATED", "modelled_or_interpolated": "MODELLED", "timestamp": "2026-10-09T01:39:38.179956+00:00", "assumptions_version": "2026-10-09-prompt-4b-risk-explainability", "computation_mode": "geometric"}, "geometry": {"type": "LineString", "coordinates": [[75.8520471, 22.713775800000004], [75.8521107, 22.713786], [75.8521695, 22.7138097], [75.8522871, 22.713898099999994], [75.8524326, 22.71406669999999]]}}, {"id": "334", "type": "Feature", "properties": {"segment_id": "osm-2027156252-2027156248-0", "length_m": 50.46024331029756, "shade_fraction": 0.0, "exposure_fraction": 1.0, "canonical_time": "15:00", "solar_azimuth_deg": 271.54425686027565, "solar_elevation_deg": 53.21021702250467, "estimated_height_building_count": 3793, "source_type": "derived", "source_reference": "Cached OSM streets intersected with modelled building shadows", "observed_or_estimated": "ESTIMATED", "modelled_or_interpolated": "MODELLED", "timestamp": "2026-10-09T01:39:38.179956+00:00", "assumptions_version": "2026-10-09-prompt-4b-risk-explainability", "computation_mode": "geometric"}, "geometry": {"type": "LineString", "coordinates": [[75.8520471, 22.713775800000004], [75.8520292, 22.713770899999997], [75.8515584, 22.713732199999995]]}}, {"id": "335", "type": "Feature", "properties": {"segment_id": "osm-2027156304-12504458061-0", "length_m": 7.761076270625, "shade_fraction": 0.0, "exposure_fraction": 1.0, "canonical_time": "15:00", "solar_azimuth_deg": 271.54425686027565, "solar_elevation_deg": 53.21021702250467, "estimated_height_building_count": 3793, "source_type": "derived", "source_reference": "Cached OSM streets intersected with modelled building shadows", "observed_or_estimated": "ESTIMATED", "modelled_or_interpolated": "MODELLED", "timestamp": "2026-10-09T01:39:38.179956+00:00", "assumptions_version": "2026-10-09-prompt-4b-risk-explainability", "computation_mode": "geometric"}, "geometry": {"type": "LineString", "coordinates": [[75.8524326, 22.71406669999999], [75.8525036, 22.7140907]]}}, {"id": "336", "type": "Feature", "properties": {"segment_id": "osm-2027156304-3734538687-0", "length_m": 36.23574666266662, "shade_fraction": 0.0, "exposure_fraction": 1.0, "canonical_time": "15:00", "solar_azimuth_deg": 271.54425686027565, "solar_elevation_deg": 53.21021702250467, "estimated_height_building_count": 3793, "source_type": "derived", "source_reference": "Cached OSM streets intersected with modelled building shadows", "observed_or_estimated": "ESTIMATED", "modelled_or_interpolated": "MODELLED", "timestamp": "2026-10-09T01:39:38.179956+00:00", "assumptions_version": "2026-10-09-prompt-4b-risk-explainability", "computation_mode": "geometric"}, "geometry": {"type": "LineString", "coordinates": [[75.8524326, 22.71406669999999], [75.8523987, 22.714392500000002]]}}, {"id": "337", "type": "Feature", "properties": {"segment_id": "osm-2027156304-2027156252-0", "length_m": 52.6690080510983, "shade_fraction": 0.0509409745701047, "exposure_fraction": 0.9490590254298953, "canonical_time": "15:00", "solar_azimuth_deg": 271.54425686027565, "solar_elevation_deg": 53.21021702250467, "estimated_height_building_count": 3793, "source_type": "derived", "source_reference": "Cached OSM streets intersected with modelled building shadows", "observed_or_estimated": "ESTIMATED", "modelled_or_interpolated": "MODELLED", "timestamp": "2026-10-09T01:39:38.179956+00:00", "assumptions_version": "2026-10-09-prompt-4b-risk-explainability", "computation_mode": "geometric"}, "geometry": {"type": "LineString", "coordinates": [[75.8524326, 22.71406669999999], [75.8522871, 22.713898099999994], [75.8521695, 22.7138097], [75.8521107, 22.713786], [75.8520471, 22.713775800000004]]}}, {"id": "338", "type": "Feature", "properties": {"segment_id": "osm-2027156315-3734538674-0", "length_m": 18.628834985621385, "shade_fraction": 0.7806485592977441, "exposure_fraction": 0.21935144070225587, "canonical_time": "15:00", "solar_azimuth_deg": 271.54425686027565, "solar_elevation_deg": 53.21021702250467, "estimated_height_building_count": 3793, "source_type": "derived", "source_reference": "Cached OSM streets intersected with modelled building shadows", "observed_or_estimated": "ESTIMATED", "modelled_or_interpolated": "MODELLED", "timestamp": "2026-10-09T01:39:38.179956+00:00", "assumptions_version": "2026-10-09-prompt-4b-risk-explainability", "computation_mode": "geometric"}, "geometry": {"type": "LineString", "coordinates": [[75.851503, 22.714101100000004], [75.8514588, 22.7142643]]}}, {"id": "339", "type": "Feature", "properties": {"segment_id": "osm-2027156315-2027156248-0", "length_m": 41.233980336462714, "shade_fraction": 0.0, "exposure_fraction": 1.0, "canonical_time": "15:00", "solar_azimuth_deg": 271.54425686027565, "solar_elevation_deg": 53.21021702250467, "estimated_height_building_count": 3793, "source_type": "derived", "source_reference": "Cached OSM streets intersected with modelled building shadows", "observed_or_estimated": "ESTIMATED", "modelled_or_interpolated": "MODELLED", "timestamp": "2026-10-09T01:39:38.179956+00:00", "assumptions_version": "2026-10-09-prompt-4b-risk-explainability", "computation_mode": "geometric"}, "geometry": {"type": "LineString", "coordinates": [[75.851503, 22.714101100000004], [75.8515584, 22.713732199999995]]}}, {"id": "340", "type": "Feature", "properties": {"segment_id": "osm-2027156353-2027156392-0", "length_m": 45.464741232686876, "shade_fraction": 0.07242450372935982, "exposure_fraction": 0.9275754962706402, "canonical_time": "15:00", "solar_azimuth_deg": 271.54425686027565, "solar_elevation_deg": 53.21021702250467, "estimated_height_building_count": 3793, "source_type": "derived", "source_reference": "Cached OSM streets intersected with modelled building shadows", "observed_or_estimated": "ESTIMATED", "modelled_or_interpolated": "MODELLED", "timestamp": "2026-10-09T01:39:38.179956+00:00", "assumptions_version": "2026-10-09-prompt-4b-risk-explainability", "computation_mode": "geometric"}, "geometry": {"type": "LineString", "coordinates": [[75.8514112, 22.714531200000007], [75.8513689, 22.71493999999999]]}}, {"id": "341", "type": "Feature", "properties": {"segment_id": "osm-2027156353-3734538674-0", "length_m": 29.949191922528687, "shade_fraction": 0.20002697000908748, "exposure_fraction": 0.7999730299909125, "canonical_time": "15:00", "solar_azimuth_deg": 271.54425686027565, "solar_elevation_deg": 53.21021702250467, "estimated_height_building_count": 3793, "source_type": "derived", "source_reference": "Cached OSM streets intersected with modelled building shadows", "observed_or_estimated": "ESTIMATED", "modelled_or_interpolated": "MODELLED", "timestamp": "2026-10-09T01:39:38.179956+00:00", "assumptions_version": "2026-10-09-prompt-4b-risk-explainability", "computation_mode": "geometric"}, "geometry": {"type": "LineString", "coordinates": [[75.8514112, 22.714531200000007], [75.8514588, 22.7142643]]}}, {"id": "342", "type": "Feature", "properties": {"segment_id": "osm-2027156353-2027156364-0", "length_m": 57.22413232233259, "shade_fraction": 0.0, "exposure_fraction": 1.0, "canonical_time": "15:00", "solar_azimuth_deg": 271.54425686027565, "solar_elevation_deg": 53.21021702250467, "estimated_height_building_count": 3793, "source_type": "derived", "source_reference": "Cached OSM streets intersected with modelled building shadows", "observed_or_estimated": "ESTIMATED", "modelled_or_interpolated": "MODELLED", "timestamp": "2026-10-09T01:39:38.179956+00:00", "assumptions_version": "2026-10-09-prompt-4b-risk-explainability", "computation_mode": "geometric"}, "geometry": {"type": "LineString", "coordinates": [[75.8514112, 22.714531200000007], [75.8516797, 22.7146015], [75.8519493, 22.7146651]]}}, {"id": "343", "type": "Feature", "properties": {"segment_id": "osm-2027156359-2027156386-0", "length_m": 33.616072923069495, "shade_fraction": 0.0, "exposure_fraction": 1.0, "canonical_time": "15:00", "solar_azimuth_deg": 271.54425686027565, "solar_elevation_deg": 53.21021702250467, "estimated_height_building_count": 3793, "source_type": "derived", "source_reference": "Cached OSM streets intersected with modelled building shadows", "observed_or_estimated": "ESTIMATED", "modelled_or_interpolated": "MODELLED", "timestamp": "2026-10-09T01:39:38.179956+00:00", "assumptions_version": "2026-10-09-prompt-4b-risk-explainability", "computation_mode": "geometric"}, "geometry": {"type": "LineString", "coordinates": [[75.8536272, 22.7145955], [75.8535638, 22.71489339999999]]}}, {"id": "344", "type": "Feature", "properties": {"segment_id": "osm-2027156359-2025019820-0", "length_m": 125.35912765404763, "shade_fraction": 0.0, "exposure_fraction": 1.0, "canonical_time": "15:00", "solar_azimuth_deg": 271.54425686027565, "solar_elevation_deg": 53.21021702250467, "estimated_height_building_count": 3793, "source_type": "derived", "source_reference": "Cached OSM streets intersected with modelled building shadows", "observed_or_estimated": "ESTIMATED", "modelled_or_interpolated": "MODELLED", "timestamp": "2026-10-09T01:39:38.179956+00:00", "assumptions_version": "2026-10-09-prompt-4b-risk-explainability", "computation_mode": "geometric"}, "geometry": {"type": "LineString", "coordinates": [[75.8536272, 22.7145955], [75.8537543, 22.7146018], [75.8542483, 22.714620599999993], [75.8547185, 22.714567799999987], [75.8548436, 22.7145733]]}}, {"id": "345", "type": "Feature", "properties": {"segment_id": "osm-2027156359-12504458061-0", "length_m": 128.49761070538693, "shade_fraction": 0.0, "exposure_fraction": 1.0, "canonical_time": "15:00", "solar_azimuth_deg": 271.54425686027565, "solar_elevation_deg": 53.21021702250467, "estimated_height_building_count": 3793, "source_type": "derived", "source_reference": "Cached OSM streets intersected with modelled building shadows", "observed_or_estimated": "ESTIMATED", "modelled_or_interpolated": "MODELLED", "timestamp": "2026-10-09T01:39:38.179956+00:00", "assumptions_version": "2026-10-09-prompt-4b-risk-explainability", "computation_mode": "geometric"}, "geometry": {"type": "LineString", "coordinates": [[75.8536272, 22.7145955], [75.8533019, 22.7144308], [75.8528561, 22.714210299999998], [75.8525036, 22.7140907]]}}, {"id": "346", "type": "Feature", "properties": {"segment_id": "osm-2027156364-2027156370-0", "length_m": 44.42116904692041, "shade_fraction": 0.0, "exposure_fraction": 1.0, "canonical_time": "15:00", "solar_azimuth_deg": 271.54425686027565, "solar_elevation_deg": 53.21021702250467, "estimated_height_building_count": 3793, "source_type": "derived", "source_reference": "Cached OSM streets intersected with modelled building shadows", "observed_or_estimated": "ESTIMATED", "modelled_or_interpolated": "MODELLED", "timestamp": "2026-10-09T01:39:38.179956+00:00", "assumptions_version": "2026-10-09-prompt-4b-risk-explainability", "computation_mode": "geometric"}, "geometry": {"type": "LineString", "coordinates": [[75.8519493, 22.7146651], [75.8521755, 22.7146837], [75.8523795, 22.714706099999997]]}}, {"id": "347", "type": "Feature", "properties": {"segment_id": "osm-2027156364-2027156353-0", "length_m": 57.22413232233259, "shade_fraction": 0.0, "exposure_fraction": 1.0, "canonical_time": "15:00", "solar_azimuth_deg": 271.54425686027565, "solar_elevation_deg": 53.21021702250467, "estimated_height_building_count": 3793, "source_type": "derived", "source_reference": "Cached OSM streets intersected with modelled building shadows", "observed_or_estimated": "ESTIMATED", "modelled_or_interpolated": "MODELLED", "timestamp": "2026-10-09T01:39:38.179956+00:00", "assumptions_version": "2026-10-09-prompt-4b-risk-explainability", "computation_mode": "geometric"}, "geometry": {"type": "LineString", "coordinates": [[75.8519493, 22.7146651], [75.8516797, 22.7146015], [75.8514112, 22.714531200000007]]}}, {"id": "348", "type": "Feature", "properties": {"segment_id": "osm-2027156364-8478005563-0", "length_m": 70.24535255199491, "shade_fraction": 0.6411584977070413, "exposure_fraction": 0.35884150229295875, "canonical_time": "15:00", "solar_azimuth_deg": 271.54425686027565, "solar_elevation_deg": 53.21021702250467, "estimated_height_building_count": 3793, "source_type": "derived", "source_reference": "Cached OSM streets intersected with modelled building shadows", "observed_or_estimated": "ESTIMATED", "modelled_or_interpolated": "MODELLED", "timestamp": "2026-10-09T01:39:38.179956+00:00", "assumptions_version": "2026-10-09-prompt-4b-risk-explainability", "computation_mode": "geometric"}, "geometry": {"type": "LineString", "coordinates": [[75.8519493, 22.7146651], [75.8519181, 22.7150098], [75.8519159, 22.7152984]]}}, {"id": "349", "type": "Feature", "properties": {"segment_id": "osm-2027156370-3734538687-0", "length_m": 34.77343067932083, "shade_fraction": 0.00036150001077071923, "exposure_fraction": 0.9996384999892293, "canonical_time": "15:00", "solar_azimuth_deg": 271.54425686027565, "solar_elevation_deg": 53.21021702250467, "estimated_height_building_count": 3793, "source_type": "derived", "source_reference": "Cached OSM streets intersected with modelled building shadows", "observed_or_estimated": "ESTIMATED", "modelled_or_interpolated": "MODELLED", "timestamp": "2026-10-09T01:39:38.179956+00:00", "assumptions_version": "2026-10-09-prompt-4b-risk-explainability", "computation_mode": "geometric"}, "geometry": {"type": "LineString", "coordinates": [[75.8523795, 22.714706099999997], [75.8523987, 22.714392500000002]]}}, {"id": "350", "type": "Feature", "properties": {"segment_id": "osm-2027156370-2027156382-0", "length_m": 80.46574920989903, "shade_fraction": 0.14511194543166867, "exposure_fraction": 0.8548880545683313, "canonical_time": "15:00", "solar_azimuth_deg": 271.54425686027565, "solar_elevation_deg": 53.21021702250467, "estimated_height_building_count": 3793, "source_type": "derived", "source_reference": "Cached OSM streets intersected with modelled building shadows", "observed_or_estimated": "ESTIMATED", "modelled_or_interpolated": "MODELLED", "timestamp": "2026-10-09T01:39:38.179956+00:00", "assumptions_version": "2026-10-09-prompt-4b-risk-explainability", "computation_mode": "geometric"}, "geometry": {"type": "LineString", "coordinates": [[75.8523795, 22.714706099999997], [75.8527755, 22.71482439999999], [75.8531157, 22.7149532]]}}, {"id": "351", "type": "Feature", "properties": {"segment_id": "osm-2027156370-2027156364-0", "length_m": 44.42116904692041, "shade_fraction": 0.0, "exposure_fraction": 1.0, "canonical_time": "15:00", "solar_azimuth_deg": 271.54425686027565, "solar_elevation_deg": 53.21021702250467, "estimated_height_building_count": 3793, "source_type": "derived", "source_reference": "Cached OSM streets intersected with modelled building shadows", "observed_or_estimated": "ESTIMATED", "modelled_or_interpolated": "MODELLED", "timestamp": "2026-10-09T01:39:38.179956+00:00", "assumptions_version": "2026-10-09-prompt-4b-risk-explainability", "computation_mode": "geometric"}, "geometry": {"type": "LineString", "coordinates": [[75.8523795, 22.714706099999997], [75.8521755, 22.7146837], [75.8519493, 22.7146651]]}}, {"id": "352", "type": "Feature", "properties": {"segment_id": "osm-2027156380-2027131456-0", "length_m": 16.912817590118166, "shade_fraction": 0.0, "exposure_fraction": 1.0, "canonical_time": "15:00", "solar_azimuth_deg": 271.54425686027565, "solar_elevation_deg": 53.21021702250467, "estimated_height_building_count": 3793, "source_type": "derived", "source_reference": "Cached OSM streets intersected with modelled building shadows", "observed_or_estimated": "ESTIMATED", "modelled_or_interpolated": "MODELLED", "timestamp": "2026-10-09T01:39:38.179956+00:00", "assumptions_version": "2026-10-09-prompt-4b-risk-explainability", "computation_mode": "geometric"}, "geometry": {"type": "LineString", "coordinates": [[75.8547442, 22.714892699999993], [75.8548821, 22.714809200000005]]}}, {"id": "353", "type": "Feature", "properties": {"segment_id": "osm-2027156380-2027156386-0", "length_m": 121.30134947515921, "shade_fraction": 0.0, "exposure_fraction": 1.0, "canonical_time": "15:00", "solar_azimuth_deg": 271.54425686027565, "solar_elevation_deg": 53.21021702250467, "estimated_height_building_count": 3793, "source_type": "derived", "source_reference": "Cached OSM streets intersected with modelled building shadows", "observed_or_estimated": "ESTIMATED", "modelled_or_interpolated": "MODELLED", "timestamp": "2026-10-09T01:39:38.179956+00:00", "assumptions_version": "2026-10-09-prompt-4b-risk-explainability", "computation_mode": "geometric"}, "geometry": {"type": "LineString", "coordinates": [[75.8547442, 22.714892699999993], [75.8538302, 22.714877899999998], [75.8535638, 22.71489339999999]]}}, {"id": "354", "type": "Feature", "properties": {"segment_id": "osm-2027156380-2027156438-0", "length_m": 55.30046975728899, "shade_fraction": 0.0, "exposure_fraction": 1.0, "canonical_time": "15:00", "solar_azimuth_deg": 271.54425686027565, "solar_elevation_deg": 53.21021702250467, "estimated_height_building_count": 3793, "source_type": "derived", "source_reference": "Cached OSM streets intersected with modelled building shadows", "observed_or_estimated": "ESTIMATED", "modelled_or_interpolated": "MODELLED", "timestamp": "2026-10-09T01:39:38.179956+00:00", "assumptions_version": "2026-10-09-prompt-4b-risk-explainability", "computation_mode": "geometric"}, "geometry": {"type": "LineString", "coordinates": [[75.8547442, 22.714892699999993], [75.8546907, 22.71521359999999], [75.8546815, 22.7153882]]}}, {"id": "355", "type": "Feature", "properties": {"segment_id": "osm-2027156382-2027156386-0", "length_m": 46.49592663761603, "shade_fraction": 0.0, "exposure_fraction": 1.0, "canonical_time": "15:00", "solar_azimuth_deg": 271.54425686027565, "solar_elevation_deg": 53.21021702250467, "estimated_height_building_count": 3793, "source_type": "derived", "source_reference": "Cached OSM streets intersected with modelled building shadows", "observed_or_estimated": "ESTIMATED", "modelled_or_interpolated": "MODELLED", "timestamp": "2026-10-09T01:39:38.179956+00:00", "assumptions_version": "2026-10-09-prompt-4b-risk-explainability", "computation_mode": "geometric"}, "geometry": {"type": "LineString", "coordinates": [[75.8531157, 22.7149532], [75.8535638, 22.71489339999999]]}}, {"id": "356", "type": "Feature", "properties": {"segment_id": "osm-2027156382-2027156401-0", "length_m": 9.713132272363412, "shade_fraction": 0.0, "exposure_fraction": 1.0, "canonical_time": "15:00", "solar_azimuth_deg": 271.54425686027565, "solar_elevation_deg": 53.21021702250467, "estimated_height_building_count": 3793, "source_type": "derived", "source_reference": "Cached OSM streets intersected with modelled building shadows", "observed_or_estimated": "ESTIMATED", "modelled_or_interpolated": "MODELLED", "timestamp": "2026-10-09T01:39:38.179956+00:00", "assumptions_version": "2026-10-09-prompt-4b-risk-explainability", "computation_mode": "geometric"}, "geometry": {"type": "LineString", "coordinates": [[75.8531157, 22.7149532], [75.8531104, 22.715040799999997]]}}, {"id": "357", "type": "Feature", "properties": {"segment_id": "osm-2027156382-2027156370-0", "length_m": 80.46574920989903, "shade_fraction": 0.14511194543166867, "exposure_fraction": 0.8548880545683313, "canonical_time": "15:00", "solar_azimuth_deg": 271.54425686027565, "solar_elevation_deg": 53.21021702250467, "estimated_height_building_count": 3793, "source_type": "derived", "source_reference": "Cached OSM streets intersected with modelled building shadows", "observed_or_estimated": "ESTIMATED", "modelled_or_interpolated": "MODELLED", "timestamp": "2026-10-09T01:39:38.179956+00:00", "assumptions_version": "2026-10-09-prompt-4b-risk-explainability", "computation_mode": "geometric"}, "geometry": {"type": "LineString", "coordinates": [[75.8531157, 22.7149532], [75.8527755, 22.71482439999999], [75.8523795, 22.714706099999997]]}}, {"id": "358", "type": "Feature", "properties": {"segment_id": "osm-2027156386-2027156382-0", "length_m": 46.49592663761603, "shade_fraction": 0.0, "exposure_fraction": 1.0, "canonical_time": "15:00", "solar_azimuth_deg": 271.54425686027565, "solar_elevation_deg": 53.21021702250467, "estimated_height_building_count": 3793, "source_type": "derived", "source_reference": "Cached OSM streets intersected with modelled building shadows", "observed_or_estimated": "ESTIMATED", "modelled_or_interpolated": "MODELLED", "timestamp": "2026-10-09T01:39:38.179956+00:00", "assumptions_version": "2026-10-09-prompt-4b-risk-explainability", "computation_mode": "geometric"}, "geometry": {"type": "LineString", "coordinates": [[75.8535638, 22.71489339999999], [75.8531157, 22.7149532]]}}, {"id": "359", "type": "Feature", "properties": {"segment_id": "osm-2027156386-2027156359-0", "length_m": 33.616072923069495, "shade_fraction": 0.0, "exposure_fraction": 1.0, "canonical_time": "15:00", "solar_azimuth_deg": 271.54425686027565, "solar_elevation_deg": 53.21021702250467, "estimated_height_building_count": 3793, "source_type": "derived", "source_reference": "Cached OSM streets intersected with modelled building shadows", "observed_or_estimated": "ESTIMATED", "modelled_or_interpolated": "MODELLED", "timestamp": "2026-10-09T01:39:38.179956+00:00", "assumptions_version": "2026-10-09-prompt-4b-risk-explainability", "computation_mode": "geometric"}, "geometry": {"type": "LineString", "coordinates": [[75.8535638, 22.71489339999999], [75.8536272, 22.7145955]]}}, {"id": "360", "type": "Feature", "properties": {"segment_id": "osm-2027156386-2027156380-0", "length_m": 121.30134947515921, "shade_fraction": 0.0, "exposure_fraction": 1.0, "canonical_time": "15:00", "solar_azimuth_deg": 271.54425686027565, "solar_elevation_deg": 53.21021702250467, "estimated_height_building_count": 3793, "source_type": "derived", "source_reference": "Cached OSM streets intersected with modelled building shadows", "observed_or_estimated": "ESTIMATED", "modelled_or_interpolated": "MODELLED", "timestamp": "2026-10-09T01:39:38.179956+00:00", "assumptions_version": "2026-10-09-prompt-4b-risk-explainability", "computation_mode": "geometric"}, "geometry": {"type": "LineString", "coordinates": [[75.8535638, 22.71489339999999], [75.8538302, 22.714877899999998], [75.8547442, 22.714892699999993]]}}, {"id": "361", "type": "Feature", "properties": {"segment_id": "osm-2027156386-2027156476-0", "length_m": 82.06150231802292, "shade_fraction": 0.4040045552549272, "exposure_fraction": 0.5959954447450728, "canonical_time": "15:00", "solar_azimuth_deg": 271.54425686027565, "solar_elevation_deg": 53.21021702250467, "estimated_height_building_count": 3793, "source_type": "derived", "source_reference": "Cached OSM streets intersected with modelled building shadows", "observed_or_estimated": "ESTIMATED", "modelled_or_interpolated": "MODELLED", "timestamp": "2026-10-09T01:39:38.179956+00:00", "assumptions_version": "2026-10-09-prompt-4b-risk-explainability", "computation_mode": "geometric"}, "geometry": {"type": "LineString", "coordinates": [[75.8535638, 22.71489339999999], [75.8535766, 22.715138699999997], [75.8535992, 22.7152567], [75.8536519, 22.71534689999999], [75.8537798, 22.715424999999996], [75.8538873, 22.7155102]]}}, {"id": "362", "type": "Feature", "properties": {"segment_id": "osm-2027156392-2027156393-0", "length_m": 35.850228967228865, "shade_fraction": 0.0, "exposure_fraction": 1.0, "canonical_time": "15:00", "solar_azimuth_deg": 271.54425686027565, "solar_elevation_deg": 53.21021702250467, "estimated_height_building_count": 3793, "source_type": "derived", "source_reference": "Cached OSM streets intersected with modelled building shadows", "observed_or_estimated": "ESTIMATED", "modelled_or_interpolated": "MODELLED", "timestamp": "2026-10-09T01:39:38.179956+00:00", "assumptions_version": "2026-10-09-prompt-4b-risk-explainability", "computation_mode": "geometric"}, "geometry": {"type": "LineString", "coordinates": [[75.8513689, 22.71493999999999], [75.8510205, 22.714959899999993]]}}, {"id": "363", "type": "Feature", "properties": {"segment_id": "osm-2027156392-8474397649-0", "length_m": 34.38712575565008, "shade_fraction": 0.0, "exposure_fraction": 1.0, "canonical_time": "15:00", "solar_azimuth_deg": 271.54425686027565, "solar_elevation_deg": 53.21021702250467, "estimated_height_building_count": 3793, "source_type": "derived", "source_reference": "Cached OSM streets intersected with modelled building shadows", "observed_or_estimated": "ESTIMATED", "modelled_or_interpolated": "MODELLED", "timestamp": "2026-10-09T01:39:38.179956+00:00", "assumptions_version": "2026-10-09-prompt-4b-risk-explainability", "computation_mode": "geometric"}, "geometry": {"type": "LineString", "coordinates": [[75.8513689, 22.71493999999999], [75.8513538, 22.715250299999997]]}}, {"id": "364", "type": "Feature", "properties": {"segment_id": "osm-2027156392-2027156353-0", "length_m": 45.464741232686876, "shade_fraction": 0.07242450372935982, "exposure_fraction": 0.9275754962706402, "canonical_time": "15:00", "solar_azimuth_deg": 271.54425686027565, "solar_elevation_deg": 53.21021702250467, "estimated_height_building_count": 3793, "source_type": "derived", "source_reference": "Cached OSM streets intersected with modelled building shadows", "observed_or_estimated": "ESTIMATED", "modelled_or_interpolated": "MODELLED", "timestamp": "2026-10-09T01:39:38.179956+00:00", "assumptions_version": "2026-10-09-prompt-4b-risk-explainability", "computation_mode": "geometric"}, "geometry": {"type": "LineString", "coordinates": [[75.8513689, 22.71493999999999], [75.8514112, 22.714531200000007]]}}, {"id": "365", "type": "Feature", "properties": {"segment_id": "osm-2027156393-2027156392-0", "length_m": 35.850228967228865, "shade_fraction": 0.0, "exposure_fraction": 1.0, "canonical_time": "15:00", "solar_azimuth_deg": 271.54425686027565, "solar_elevation_deg": 53.21021702250467, "estimated_height_building_count": 3793, "source_type": "derived", "source_reference": "Cached OSM streets intersected with modelled building shadows", "observed_or_estimated": "ESTIMATED", "modelled_or_interpolated": "MODELLED", "timestamp": "2026-10-09T01:39:38.179956+00:00", "assumptions_version": "2026-10-09-prompt-4b-risk-explainability", "computation_mode": "geometric"}, "geometry": {"type": "LineString", "coordinates": [[75.8510205, 22.714959899999993], [75.8513689, 22.71493999999999]]}}, {"id": "366", "type": "Feature", "properties": {"segment_id": "osm-2027156393-2027156485-0", "length_m": 84.47943915569132, "shade_fraction": 0.12312937253868209, "exposure_fraction": 0.8768706274613179, "canonical_time": "15:00", "solar_azimuth_deg": 271.54425686027565, "solar_elevation_deg": 53.21021702250467, "estimated_height_building_count": 3793, "source_type": "derived", "source_reference": "Cached OSM streets intersected with modelled building shadows", "observed_or_estimated": "ESTIMATED", "modelled_or_interpolated": "MODELLED", "timestamp": "2026-10-09T01:39:38.179956+00:00", "assumptions_version": "2026-10-09-prompt-4b-risk-explainability", "computation_mode": "geometric"}, "geometry": {"type": "LineString", "coordinates": [[75.8510205, 22.714959899999993], [75.8510339, 22.715593099999996], [75.8510136, 22.715721500000004]]}}, {"id": "367", "type": "Feature", "properties": {"segment_id": "osm-2027156401-2027156382-0", "length_m": 9.713132272363412, "shade_fraction": 0.0, "exposure_fraction": 1.0, "canonical_time": "15:00", "solar_azimuth_deg": 271.54425686027565, "solar_elevation_deg": 53.21021702250467, "estimated_height_building_count": 3793, "source_type": "derived", "source_reference": "Cached OSM streets intersected with modelled building shadows", "observed_or_estimated": "ESTIMATED", "modelled_or_interpolated": "MODELLED", "timestamp": "2026-10-09T01:39:38.179956+00:00", "assumptions_version": "2026-10-09-prompt-4b-risk-explainability", "computation_mode": "geometric"}, "geometry": {"type": "LineString", "coordinates": [[75.8531104, 22.715040799999997], [75.8531157, 22.7149532]]}}, {"id": "368", "type": "Feature", "properties": {"segment_id": "osm-2027156401-2027156518-0", "length_m": 120.98692302256744, "shade_fraction": 0.08333049689469894, "exposure_fraction": 0.916669503105301, "canonical_time": "15:00", "solar_azimuth_deg": 271.54425686027565, "solar_elevation_deg": 53.21021702250467, "estimated_height_building_count": 3793, "source_type": "derived", "source_reference": "Cached OSM streets intersected with modelled building shadows", "observed_or_estimated": "ESTIMATED", "modelled_or_interpolated": "MODELLED", "timestamp": "2026-10-09T01:39:38.179956+00:00", "assumptions_version": "2026-10-09-prompt-4b-risk-explainability", "computation_mode": "geometric"}, "geometry": {"type": "LineString", "coordinates": [[75.8531104, 22.715040799999997], [75.8531281, 22.7151083], [75.8532904, 22.7155639], [75.8534287, 22.716092099999997]]}}, {"id": "369", "type": "Feature", "properties": {"segment_id": "osm-2027156401-8478005556-0", "length_m": 13.845027769542913, "shade_fraction": 0.0, "exposure_fraction": 1.0, "canonical_time": "15:00", "solar_azimuth_deg": 271.54425686027565, "solar_elevation_deg": 53.21021702250467, "estimated_height_building_count": 3793, "source_type": "derived", "source_reference": "Cached OSM streets intersected with modelled building shadows", "observed_or_estimated": "ESTIMATED", "modelled_or_interpolated": "MODELLED", "timestamp": "2026-10-09T01:39:38.179956+00:00", "assumptions_version": "2026-10-09-prompt-4b-risk-explainability", "computation_mode": "geometric"}, "geometry": {"type": "LineString", "coordinates": [[75.8531104, 22.715040799999997], [75.8530487, 22.715096799999998], [75.8530257, 22.7151364]]}}, {"id": "370", "type": "Feature", "properties": {"segment_id": "osm-2027156438-2027156476-0", "length_m": 83.12486849268727, "shade_fraction": 0.04281243697168558, "exposure_fraction": 0.9571875630283144, "canonical_time": "15:00", "solar_azimuth_deg": 271.54425686027565, "solar_elevation_deg": 53.21021702250467, "estimated_height_building_count": 3793, "source_type": "derived", "source_reference": "Cached OSM streets intersected with modelled building shadows", "observed_or_estimated": "ESTIMATED", "modelled_or_interpolated": "MODELLED", "timestamp": "2026-10-09T01:39:38.179956+00:00", "assumptions_version": "2026-10-09-prompt-4b-risk-explainability", "computation_mode": "geometric"}, "geometry": {"type": "LineString", "coordinates": [[75.8546815, 22.7153882], [75.8543285, 22.7154075], [75.85426770000001, 22.715431000000002], [75.8540755, 22.7154693], [75.8538873, 22.7155102]]}}, {"id": "371", "type": "Feature", "properties": {"segment_id": "osm-2027156438-2027156534-0", "length_m": 101.06512395673342, "shade_fraction": 0.31023870063979697, "exposure_fraction": 0.689761299360203, "canonical_time": "15:00", "solar_azimuth_deg": 271.54425686027565, "solar_elevation_deg": 53.21021702250467, "estimated_height_building_count": 3793, "source_type": "derived", "source_reference": "Cached OSM streets intersected with modelled building shadows", "observed_or_estimated": "ESTIMATED", "modelled_or_interpolated": "MODELLED", "timestamp": "2026-10-09T01:39:38.179956+00:00", "assumptions_version": "2026-10-09-prompt-4b-risk-explainability", "computation_mode": "geometric"}, "geometry": {"type": "LineString", "coordinates": [[75.8546815, 22.7153882], [75.8546508, 22.7157103], [75.8546021, 22.7161592], [75.8546216, 22.716296399999994]]}}, {"id": "372", "type": "Feature", "properties": {"segment_id": "osm-2027156438-2027156380-0", "length_m": 55.30046975728899, "shade_fraction": 0.0, "exposure_fraction": 1.0, "canonical_time": "15:00", "solar_azimuth_deg": 271.54425686027565, "solar_elevation_deg": 53.21021702250467, "estimated_height_building_count": 3793, "source_type": "derived", "source_reference": "Cached OSM streets intersected with modelled building shadows", "observed_or_estimated": "ESTIMATED", "modelled_or_interpolated": "MODELLED", "timestamp": "2026-10-09T01:39:38.179956+00:00", "assumptions_version": "2026-10-09-prompt-4b-risk-explainability", "computation_mode": "geometric"}, "geometry": {"type": "LineString", "coordinates": [[75.8546815, 22.7153882], [75.8546907, 22.71521359999999], [75.8547442, 22.714892699999993]]}}, {"id": "373", "type": "Feature", "properties": {"segment_id": "osm-2027156476-2027156502-0", "length_m": 48.7655945189263, "shade_fraction": 0.5386868678646581, "exposure_fraction": 0.46131313213534186, "canonical_time": "15:00", "solar_azimuth_deg": 271.54425686027565, "solar_elevation_deg": 53.21021702250467, "estimated_height_building_count": 3793, "source_type": "derived", "source_reference": "Cached OSM streets intersected with modelled building shadows", "observed_or_estimated": "ESTIMATED", "modelled_or_interpolated": "MODELLED", "timestamp": "2026-10-09T01:39:38.179956+00:00", "assumptions_version": "2026-10-09-prompt-4b-risk-explainability", "computation_mode": "geometric"}, "geometry": {"type": "LineString", "coordinates": [[75.8538873, 22.7155102], [75.8539987, 22.7159384]]}}, {"id": "374", "type": "Feature", "properties": {"segment_id": "osm-2027156476-2027156438-0", "length_m": 83.12486849268727, "shade_fraction": 0.04281243697168558, "exposure_fraction": 0.9571875630283144, "canonical_time": "15:00", "solar_azimuth_deg": 271.54425686027565, "solar_elevation_deg": 53.21021702250467, "estimated_height_building_count": 3793, "source_type": "derived", "source_reference": "Cached OSM streets intersected with modelled building shadows", "observed_or_estimated": "ESTIMATED", "modelled_or_interpolated": "MODELLED", "timestamp": "2026-10-09T01:39:38.179956+00:00", "assumptions_version": "2026-10-09-prompt-4b-risk-explainability", "computation_mode": "geometric"}, "geometry": {"type": "LineString", "coordinates": [[75.8538873, 22.7155102], [75.8540755, 22.7154693], [75.85426770000001, 22.715431000000002], [75.8543285, 22.7154075], [75.8546815, 22.7153882]]}}, {"id": "375", "type": "Feature", "properties": {"segment_id": "osm-2027156476-2027156386-0", "length_m": 82.06150231802292, "shade_fraction": 0.4040045552549272, "exposure_fraction": 0.5959954447450728, "canonical_time": "15:00", "solar_azimuth_deg": 271.54425686027565, "solar_elevation_deg": 53.21021702250467, "estimated_height_building_count": 3793, "source_type": "derived", "source_reference": "Cached OSM streets intersected with modelled building shadows", "observed_or_estimated": "ESTIMATED", "modelled_or_interpolated": "MODELLED", "timestamp": "2026-10-09T01:39:38.179956+00:00", "assumptions_version": "2026-10-09-prompt-4b-risk-explainability", "computation_mode": "geometric"}, "geometry": {"type": "LineString", "coordinates": [[75.8538873, 22.7155102], [75.8537798, 22.715424999999996], [75.8536519, 22.71534689999999], [75.8535992, 22.7152567], [75.8535766, 22.715138699999997], [75.8535638, 22.71489339999999]]}}, {"id": "376", "type": "Feature", "properties": {"segment_id": "osm-2027156485-3734494544-0", "length_m": 33.73802690975518, "shade_fraction": 0.0, "exposure_fraction": 1.0, "canonical_time": "15:00", "solar_azimuth_deg": 271.54425686027565, "solar_elevation_deg": 53.21021702250467, "estimated_height_building_count": 3793, "source_type": "derived", "source_reference": "Cached OSM streets intersected with modelled building shadows", "observed_or_estimated": "ESTIMATED", "modelled_or_interpolated": "MODELLED", "timestamp": "2026-10-09T01:39:38.179956+00:00", "assumptions_version": "2026-10-09-prompt-4b-risk-explainability", "computation_mode": "geometric"}, "geometry": {"type": "LineString", "coordinates": [[75.8510136, 22.715721500000004], [75.8506922, 22.7156585]]}}, {"id": "377", "type": "Feature", "properties": {"segment_id": "osm-2027156485-2027156492-0", "length_m": 33.91490233165348, "shade_fraction": 0.0, "exposure_fraction": 1.0, "canonical_time": "15:00", "solar_azimuth_deg": 271.54425686027565, "solar_elevation_deg": 53.21021702250467, "estimated_height_building_count": 3793, "source_type": "derived", "source_reference": "Cached OSM streets intersected with modelled building shadows", "observed_or_estimated": "ESTIMATED", "modelled_or_interpolated": "MODELLED", "timestamp": "2026-10-09T01:39:38.179956+00:00", "assumptions_version": "2026-10-09-prompt-4b-risk-explainability", "computation_mode": "geometric"}, "geometry": {"type": "LineString", "coordinates": [[75.8510136, 22.715721500000004], [75.8513407, 22.715763499999994]]}}, {"id": "378", "type": "Feature", "properties": {"segment_id": "osm-2027156485-2027156393-0", "length_m": 84.47943915569132, "shade_fraction": 0.12312937253868209, "exposure_fraction": 0.8768706274613179, "canonical_time": "15:00", "solar_azimuth_deg": 271.54425686027565, "solar_elevation_deg": 53.21021702250467, "estimated_height_building_count": 3793, "source_type": "derived", "source_reference": "Cached OSM streets intersected with modelled building shadows", "observed_or_estimated": "ESTIMATED", "modelled_or_interpolated": "MODELLED", "timestamp": "2026-10-09T01:39:38.179956+00:00", "assumptions_version": "2026-10-09-prompt-4b-risk-explainability", "computation_mode": "geometric"}, "geometry": {"type": "LineString", "coordinates": [[75.8510136, 22.715721500000004], [75.8510339, 22.715593099999996], [75.8510205, 22.714959899999993]]}}, {"id": "379", "type": "Feature", "properties": {"segment_id": "osm-2027156485-3734494584-0", "length_m": 70.16101436577843, "shade_fraction": 0.0, "exposure_fraction": 1.0, "canonical_time": "15:00", "solar_azimuth_deg": 271.54425686027565, "solar_elevation_deg": 53.21021702250467, "estimated_height_building_count": 3793, "source_type": "derived", "source_reference": "Cached OSM streets intersected with modelled building shadows", "observed_or_estimated": "ESTIMATED", "modelled_or_interpolated": "MODELLED", "timestamp": "2026-10-09T01:39:38.179956+00:00", "assumptions_version": "2026-10-09-prompt-4b-risk-explainability", "computation_mode": "geometric"}, "geometry": {"type": "LineString", "coordinates": [[75.8510136, 22.715721500000004], [75.851015, 22.715767], [75.8510224, 22.7163552]]}}, {"id": "380", "type": "Feature", "properties": {"segment_id": "osm-2027156492-2027156485-0", "length_m": 33.91490233165348, "shade_fraction": 0.0, "exposure_fraction": 1.0, "canonical_time": "15:00", "solar_azimuth_deg": 271.54425686027565, "solar_elevation_deg": 53.21021702250467, "estimated_height_building_count": 3793, "source_type": "derived", "source_reference": "Cached OSM streets intersected with modelled building shadows", "observed_or_estimated": "ESTIMATED", "modelled_or_interpolated": "MODELLED", "timestamp": "2026-10-09T01:39:38.179956+00:00", "assumptions_version": "2026-10-09-prompt-4b-risk-explainability", "computation_mode": "geometric"}, "geometry": {"type": "LineString", "coordinates": [[75.8513407, 22.715763499999994], [75.8510136, 22.715721500000004]]}}, {"id": "381", "type": "Feature", "properties": {"segment_id": "osm-2027156492-6611315824-0", "length_m": 32.31281171279715, "shade_fraction": 0.0, "exposure_fraction": 1.0, "canonical_time": "15:00", "solar_azimuth_deg": 271.54425686027565, "solar_elevation_deg": 53.21021702250467, "estimated_height_building_count": 3793, "source_type": "derived", "source_reference": "Cached OSM streets intersected with modelled building shadows", "observed_or_estimated": "ESTIMATED", "modelled_or_interpolated": "MODELLED", "timestamp": "2026-10-09T01:39:38.179956+00:00", "assumptions_version": "2026-10-09-prompt-4b-risk-explainability", "computation_mode": "geometric"}, "geometry": {"type": "LineString", "coordinates": [[75.8513407, 22.715763499999994], [75.8516486, 22.715823499999996]]}}, {"id": "382", "type": "Feature", "properties": {"segment_id": "osm-2027156492-8474397649-0", "length_m": 56.83075169479074, "shade_fraction": 0.0, "exposure_fraction": 1.0, "canonical_time": "15:00", "solar_azimuth_deg": 271.54425686027565, "solar_elevation_deg": 53.21021702250467, "estimated_height_building_count": 3793, "source_type": "derived", "source_reference": "Cached OSM streets intersected with modelled building shadows", "observed_or_estimated": "ESTIMATED", "modelled_or_interpolated": "MODELLED", "timestamp": "2026-10-09T01:39:38.179956+00:00", "assumptions_version": "2026-10-09-prompt-4b-risk-explainability", "computation_mode": "geometric"}, "geometry": {"type": "LineString", "coordinates": [[75.8513407, 22.715763499999994], [75.8513508, 22.71533749999999], [75.8513538, 22.715250299999997]]}}, {"id": "383", "type": "Feature", "properties": {"segment_id": "osm-2027156492-3734494570-0", "length_m": 53.47111805787932, "shade_fraction": 0.0, "exposure_fraction": 1.0, "canonical_time": "15:00", "solar_azimuth_deg": 271.54425686027565, "solar_elevation_deg": 53.21021702250467, "estimated_height_building_count": 3793, "source_type": "derived", "source_reference": "Cached OSM streets intersected with modelled building shadows", "observed_or_estimated": "ESTIMATED", "modelled_or_interpolated": "MODELLED", "timestamp": "2026-10-09T01:39:38.179956+00:00", "assumptions_version": "2026-10-09-prompt-4b-risk-explainability", "computation_mode": "geometric"}, "geometry": {"type": "LineString", "coordinates": [[75.8513407, 22.715763499999994], [75.8513417, 22.715809599999996], [75.8513513, 22.716246399999992]]}}, {"id": "384", "type": "Feature", "properties": {"segment_id": "osm-2027156502-2027156476-0", "length_m": 48.7655945189263, "shade_fraction": 0.5386868678646581, "exposure_fraction": 0.46131313213534186, "canonical_time": "15:00", "solar_azimuth_deg": 271.54425686027565, "solar_elevation_deg": 53.21021702250467, "estimated_height_building_count": 3793, "source_type": "derived", "source_reference": "Cached OSM streets intersected with modelled building shadows", "observed_or_estimated": "ESTIMATED", "modelled_or_interpolated": "MODELLED", "timestamp": "2026-10-09T01:39:38.179956+00:00", "assumptions_version": "2026-10-09-prompt-4b-risk-explainability", "computation_mode": "geometric"}, "geometry": {"type": "LineString", "coordinates": [[75.8539987, 22.7159384], [75.8538873, 22.7155102]]}}, {"id": "385", "type": "Feature", "properties": {"segment_id": "osm-2027156502-2027156525-0", "length_m": 29.904890536181593, "shade_fraction": 0.6987708099294954, "exposure_fraction": 0.30122919007050464, "canonical_time": "15:00", "solar_azimuth_deg": 271.54425686027565, "solar_elevation_deg": 53.21021702250467, "estimated_height_building_count": 3793, "source_type": "derived", "source_reference": "Cached OSM streets intersected with modelled building shadows", "observed_or_estimated": "ESTIMATED", "modelled_or_interpolated": "MODELLED", "timestamp": "2026-10-09T01:39:38.179956+00:00", "assumptions_version": "2026-10-09-prompt-4b-risk-explainability", "computation_mode": "geometric"}, "geometry": {"type": "LineString", "coordinates": [[75.8539987, 22.7159384], [75.8540169, 22.716208]]}}, {"id": "386", "type": "Feature", "properties": {"segment_id": "osm-2027156502-3734494568-0", "length_m": 48.73706806371819, "shade_fraction": 0.3706748878903884, "exposure_fraction": 0.6293251121096116, "canonical_time": "15:00", "solar_azimuth_deg": 271.54425686027565, "solar_elevation_deg": 53.21021702250467, "estimated_height_building_count": 3793, "source_type": "derived", "source_reference": "Cached OSM streets intersected with modelled building shadows", "observed_or_estimated": "ESTIMATED", "modelled_or_interpolated": "MODELLED", "timestamp": "2026-10-09T01:39:38.179956+00:00", "assumptions_version": "2026-10-09-prompt-4b-risk-explainability", "computation_mode": "geometric"}, "geometry": {"type": "LineString", "coordinates": [[75.8539987, 22.7159384], [75.8537204, 22.715971299999993], [75.8537394, 22.716150399999997]]}}, {"id": "387", "type": "Feature", "properties": {"segment_id": "osm-2027156504-6611315824-0", "length_m": 29.33818567382451, "shade_fraction": 0.0, "exposure_fraction": 1.0, "canonical_time": "15:00", "solar_azimuth_deg": 271.54425686027565, "solar_elevation_deg": 53.21021702250467, "estimated_height_building_count": 3793, "source_type": "derived", "source_reference": "Cached OSM streets intersected with modelled building shadows", "observed_or_estimated": "ESTIMATED", "modelled_or_interpolated": "MODELLED", "timestamp": "2026-10-09T01:39:38.179956+00:00", "assumptions_version": "2026-10-09-prompt-4b-risk-explainability", "computation_mode": "geometric"}, "geometry": {"type": "LineString", "coordinates": [[75.8519308, 22.715864599999996], [75.8516486, 22.715823499999996]]}}, {"id": "388", "type": "Feature", "properties": {"segment_id": "osm-2027156504-6611315823-0", "length_m": 22.497036312471653, "shade_fraction": 0.0, "exposure_fraction": 1.0, "canonical_time": "15:00", "solar_azimuth_deg": 271.54425686027565, "solar_elevation_deg": 53.21021702250467, "estimated_height_building_count": 3793, "source_type": "derived", "source_reference": "Cached OSM streets intersected with modelled building shadows", "observed_or_estimated": "ESTIMATED", "modelled_or_interpolated": "MODELLED", "timestamp": "2026-10-09T01:39:38.179956+00:00", "assumptions_version": "2026-10-09-prompt-4b-risk-explainability", "computation_mode": "geometric"}, "geometry": {"type": "LineString", "coordinates": [[75.8519308, 22.715864599999996], [75.85214590000001, 22.715903]]}}, {"id": "389", "type": "Feature", "properties": {"segment_id": "osm-2027156504-3734494541-0", "length_m": 29.364116736841403, "shade_fraction": 0.6347535681005337, "exposure_fraction": 0.36524643189946626, "canonical_time": "15:00", "solar_azimuth_deg": 271.54425686027565, "solar_elevation_deg": 53.21021702250467, "estimated_height_building_count": 3793, "source_type": "derived", "source_reference": "Cached OSM streets intersected with modelled building shadows", "observed_or_estimated": "ESTIMATED", "modelled_or_interpolated": "MODELLED", "timestamp": "2026-10-09T01:39:38.179956+00:00", "assumptions_version": "2026-10-09-prompt-4b-risk-explainability", "computation_mode": "geometric"}, "geometry": {"type": "LineString", "coordinates": [[75.8519308, 22.715864599999996], [75.8519616, 22.71560089999999]]}}, {"id": "390", "type": "Feature", "properties": {"segment_id": "osm-2027156516-3734494551-0", "length_m": 51.32172205590466, "shade_fraction": 0.0, "exposure_fraction": 1.0, "canonical_time": "15:00", "solar_azimuth_deg": 271.54425686027565, "solar_elevation_deg": 53.21021702250467, "estimated_height_building_count": 3793, "source_type": "derived", "source_reference": "Cached OSM streets intersected with modelled building shadows", "observed_or_estimated": "ESTIMATED", "modelled_or_interpolated": "MODELLED", "timestamp": "2026-10-09T01:39:38.179956+00:00", "assumptions_version": "2026-10-09-prompt-4b-risk-explainability", "computation_mode": "geometric"}, "geometry": {"type": "LineString", "coordinates": [[75.853004, 22.7160386], [75.8525106, 22.7159652]]}}, {"id": "391", "type": "Feature", "properties": {"segment_id": "osm-2027156516-2027156518-0", "length_m": 44.01882229847833, "shade_fraction": 0.0, "exposure_fraction": 1.0, "canonical_time": "15:00", "solar_azimuth_deg": 271.54425686027565, "solar_elevation_deg": 53.21021702250467, "estimated_height_building_count": 3793, "source_type": "derived", "source_reference": "Cached OSM streets intersected with modelled building shadows", "observed_or_estimated": "ESTIMATED", "modelled_or_interpolated": "MODELLED", "timestamp": "2026-10-09T01:39:38.179956+00:00", "assumptions_version": "2026-10-09-prompt-4b-risk-explainability", "computation_mode": "geometric"}, "geometry": {"type": "LineString", "coordinates": [[75.853004, 22.7160386], [75.8534287, 22.716092099999997]]}}, {"id": "392", "type": "Feature", "properties": {"segment_id": "osm-2027156516-3734494548-0", "length_m": 28.519413350486687, "shade_fraction": 0.5954982452172808, "exposure_fraction": 0.4045017547827192, "canonical_time": "15:00", "solar_azimuth_deg": 271.54425686027565, "solar_elevation_deg": 53.21021702250467, "estimated_height_building_count": 3793, "source_type": "derived", "source_reference": "Cached OSM streets intersected with modelled building shadows", "observed_or_estimated": "ESTIMATED", "modelled_or_interpolated": "MODELLED", "timestamp": "2026-10-09T01:39:38.179956+00:00", "assumptions_version": "2026-10-09-prompt-4b-risk-explainability", "computation_mode": "geometric"}, "geometry": {"type": "LineString", "coordinates": [[75.853004, 22.7160386], [75.8530103, 22.715893199999996], [75.8529876, 22.715783099999992]]}}, {"id": "393", "type": "Feature", "properties": {"segment_id": "osm-2027156516-3734494575-0", "length_m": 32.45960624390125, "shade_fraction": 0.5748953821753028, "exposure_fraction": 0.4251046178246972, "canonical_time": "15:00", "solar_azimuth_deg": 271.54425686027565, "solar_elevation_deg": 53.21021702250467, "estimated_height_building_count": 3793, "source_type": "derived", "source_reference": "Cached OSM streets intersected with modelled building shadows", "observed_or_estimated": "ESTIMATED", "modelled_or_interpolated": "MODELLED", "timestamp": "2026-10-09T01:39:38.179956+00:00", "assumptions_version": "2026-10-09-prompt-4b-risk-explainability", "computation_mode": "geometric"}, "geometry": {"type": "LineString", "coordinates": [[75.853004, 22.7160386], [75.8530042, 22.71607890000001], [75.8530058, 22.7163318]]}}, {"id": "394", "type": "Feature", "properties": {"segment_id": "osm-2027156518-2027156516-0", "length_m": 44.01882229847833, "shade_fraction": 0.0, "exposure_fraction": 1.0, "canonical_time": "15:00", "solar_azimuth_deg": 271.54425686027565, "solar_elevation_deg": 53.21021702250467, "estimated_height_building_count": 3793, "source_type": "derived", "source_reference": "Cached OSM streets intersected with modelled building shadows", "observed_or_estimated": "ESTIMATED", "modelled_or_interpolated": "MODELLED", "timestamp": "2026-10-09T01:39:38.179956+00:00", "assumptions_version": "2026-10-09-prompt-4b-risk-explainability", "computation_mode": "geometric"}, "geometry": {"type": "LineString", "coordinates": [[75.8534287, 22.716092099999997], [75.853004, 22.7160386]]}}, {"id": "395", "type": "Feature", "properties": {"segment_id": "osm-2027156518-3732489062-0", "length_m": 3.8693949077821013, "shade_fraction": 0.0, "exposure_fraction": 1.0, "canonical_time": "15:00", "solar_azimuth_deg": 271.54425686027565, "solar_elevation_deg": 53.21021702250467, "estimated_height_building_count": 3793, "source_type": "derived", "source_reference": "Cached OSM streets intersected with modelled building shadows", "observed_or_estimated": "ESTIMATED", "modelled_or_interpolated": "MODELLED", "timestamp": "2026-10-09T01:39:38.179956+00:00", "assumptions_version": "2026-10-09-prompt-4b-risk-explainability", "computation_mode": "geometric"}, "geometry": {"type": "LineString", "coordinates": [[75.8534287, 22.716092099999997], [75.8534638, 22.716104799999993]]}}, {"id": "396", "type": "Feature", "properties": {"segment_id": "osm-2027156518-2027156401-0", "length_m": 120.98692302256744, "shade_fraction": 0.08333049689469894, "exposure_fraction": 0.916669503105301, "canonical_time": "15:00", "solar_azimuth_deg": 271.54425686027565, "solar_elevation_deg": 53.21021702250467, "estimated_height_building_count": 3793, "source_type": "derived", "source_reference": "Cached OSM streets intersected with modelled building shadows", "observed_or_estimated": "ESTIMATED", "modelled_or_interpolated": "MODELLED", "timestamp": "2026-10-09T01:39:38.179956+00:00", "assumptions_version": "2026-10-09-prompt-4b-risk-explainability", "computation_mode": "geometric"}, "geometry": {"type": "LineString", "coordinates": [[75.8534287, 22.716092099999997], [75.8532904, 22.7155639], [75.8531281, 22.7151083], [75.8531104, 22.715040799999997]]}}, {"id": "397", "type": "Feature", "properties": {"segment_id": "osm-2027156525-3734494568-0", "length_m": 29.20508942843178, "shade_fraction": 0.0, "exposure_fraction": 1.0, "canonical_time": "15:00", "solar_azimuth_deg": 271.54425686027565, "solar_elevation_deg": 53.21021702250467, "estimated_height_building_count": 3793, "source_type": "derived", "source_reference": "Cached OSM streets intersected with modelled building shadows", "observed_or_estimated": "ESTIMATED", "modelled_or_interpolated": "MODELLED", "timestamp": "2026-10-09T01:39:38.179956+00:00", "assumptions_version": "2026-10-09-prompt-4b-risk-explainability", "computation_mode": "geometric"}, "geometry": {"type": "LineString", "coordinates": [[75.8540169, 22.716208], [75.8537394, 22.716150399999997]]}}, {"id": "398", "type": "Feature", "properties": {"segment_id": "osm-2027156525-2027156534-0", "length_m": 62.87159651595261, "shade_fraction": 0.0, "exposure_fraction": 1.0, "canonical_time": "15:00", "solar_azimuth_deg": 271.54425686027565, "solar_elevation_deg": 53.21021702250467, "estimated_height_building_count": 3793, "source_type": "derived", "source_reference": "Cached OSM streets intersected with modelled building shadows", "observed_or_estimated": "ESTIMATED", "modelled_or_interpolated": "MODELLED", "timestamp": "2026-10-09T01:39:38.179956+00:00", "assumptions_version": "2026-10-09-prompt-4b-risk-explainability", "computation_mode": "geometric"}, "geometry": {"type": "LineString", "coordinates": [[75.8540169, 22.716208], [75.8546216, 22.716296399999994]]}}, {"id": "399", "type": "Feature", "properties": {"segment_id": "osm-2027156525-2027156502-0", "length_m": 29.904890536181593, "shade_fraction": 0.6987708099294954, "exposure_fraction": 0.30122919007050464, "canonical_time": "15:00", "solar_azimuth_deg": 271.54425686027565, "solar_elevation_deg": 53.21021702250467, "estimated_height_building_count": 3793, "source_type": "derived", "source_reference": "Cached OSM streets intersected with modelled building shadows", "observed_or_estimated": "ESTIMATED", "modelled_or_interpolated": "MODELLED", "timestamp": "2026-10-09T01:39:38.179956+00:00", "assumptions_version": "2026-10-09-prompt-4b-risk-explainability", "computation_mode": "geometric"}, "geometry": {"type": "LineString", "coordinates": [[75.8540169, 22.716208], [75.8539987, 22.7159384]]}}, {"id": "400", "type": "Feature", "properties": {"segment_id": "osm-2027156525-3734494616-0", "length_m": 75.90624523219834, "shade_fraction": 0.6153948757364311, "exposure_fraction": 0.38460512426356885, "canonical_time": "15:00", "solar_azimuth_deg": 271.54425686027565, "solar_elevation_deg": 53.21021702250467, "estimated_height_building_count": 3793, "source_type": "derived", "source_reference": "Cached OSM streets intersected with modelled building shadows", "observed_or_estimated": "ESTIMATED", "modelled_or_interpolated": "MODELLED", "timestamp": "2026-10-09T01:39:38.179956+00:00", "assumptions_version": "2026-10-09-prompt-4b-risk-explainability", "computation_mode": "geometric"}, "geometry": {"type": "LineString", "coordinates": [[75.8540169, 22.716208], [75.854023, 22.71625439999999], [75.8540263, 22.716278899999992], [75.8540289, 22.716362500000002], [75.8540337, 22.7165889], [75.854032, 22.716664499999993], [75.8540193, 22.71674209999999], [75.85402460000002, 22.7168368], [75.8540151, 22.7168913]]}}, {"id": "401", "type": "Feature", "properties": {"segment_id": "osm-2027156534-2027156525-0", "length_m": 62.87159651595261, "shade_fraction": 0.0, "exposure_fraction": 1.0, "canonical_time": "15:00", "solar_azimuth_deg": 271.54425686027565, "solar_elevation_deg": 53.21021702250467, "estimated_height_building_count": 3793, "source_type": "derived", "source_reference": "Cached OSM streets intersected with modelled building shadows", "observed_or_estimated": "ESTIMATED", "modelled_or_interpolated": "MODELLED", "timestamp": "2026-10-09T01:39:38.179956+00:00", "assumptions_version": "2026-10-09-prompt-4b-risk-explainability", "computation_mode": "geometric"}, "geometry": {"type": "LineString", "coordinates": [[75.8546216, 22.716296399999994], [75.8540169, 22.716208]]}}, {"id": "402", "type": "Feature", "properties": {"segment_id": "osm-2027156534-2025019937-0", "length_m": 42.07312905040892, "shade_fraction": 0.0, "exposure_fraction": 1.0, "canonical_time": "15:00", "solar_azimuth_deg": 271.54425686027565, "solar_elevation_deg": 53.21021702250467, "estimated_height_building_count": 3793, "source_type": "derived", "source_reference": "Cached OSM streets intersected with modelled building shadows", "observed_or_estimated": "ESTIMATED", "modelled_or_interpolated": "MODELLED", "timestamp": "2026-10-09T01:39:38.179956+00:00", "assumptions_version": "2026-10-09-prompt-4b-risk-explainability", "computation_mode": "geometric"}, "geometry": {"type": "LineString", "coordinates": [[75.8546216, 22.716296399999994], [75.85502400000001, 22.716367600000005]]}}, {"id": "403", "type": "Feature", "properties": {"segment_id": "osm-2027156534-2027156438-0", "length_m": 101.0651239567334, "shade_fraction": 0.31023870063979697, "exposure_fraction": 0.689761299360203, "canonical_time": "15:00", "solar_azimuth_deg": 271.54425686027565, "solar_elevation_deg": 53.21021702250467, "estimated_height_building_count": 3793, "source_type": "derived", "source_reference": "Cached OSM streets intersected with modelled building shadows", "observed_or_estimated": "ESTIMATED", "modelled_or_interpolated": "MODELLED", "timestamp": "2026-10-09T01:39:38.179956+00:00", "assumptions_version": "2026-10-09-prompt-4b-risk-explainability", "computation_mode": "geometric"}, "geometry": {"type": "LineString", "coordinates": [[75.8546216, 22.716296399999994], [75.8546021, 22.7161592], [75.8546508, 22.7157103], [75.8546815, 22.7153882]]}}, {"id": "404", "type": "Feature", "properties": {"segment_id": "osm-2027156534-3734494606-0", "length_m": 53.83341086813313, "shade_fraction": 0.49154422854717084, "exposure_fraction": 0.5084557714528292, "canonical_time": "15:00", "solar_azimuth_deg": 271.54425686027565, "solar_elevation_deg": 53.21021702250467, "estimated_height_building_count": 3793, "source_type": "derived", "source_reference": "Cached OSM streets intersected with modelled building shadows", "observed_or_estimated": "ESTIMATED", "modelled_or_interpolated": "MODELLED", "timestamp": "2026-10-09T01:39:38.179956+00:00", "assumptions_version": "2026-10-09-prompt-4b-risk-explainability", "computation_mode": "geometric"}, "geometry": {"type": "LineString", "coordinates": [[75.8546216, 22.716296399999994], [75.8546257, 22.716342799999993], [75.8546448, 22.7165615], [75.8546448, 22.716781800000003]]}}, {"id": "405", "type": "Feature", "properties": {"segment_id": "osm-3665539295-3734463403-0", "length_m": 31.200780996414807, "shade_fraction": 0.022131368787265022, "exposure_fraction": 0.9778686312127349, "canonical_time": "15:00", "solar_azimuth_deg": 271.54425686027565, "solar_elevation_deg": 53.21021702250467, "estimated_height_building_count": 3793, "source_type": "derived", "source_reference": "Cached OSM streets intersected with modelled building shadows", "observed_or_estimated": "ESTIMATED", "modelled_or_interpolated": "MODELLED", "timestamp": "2026-10-09T01:39:38.179956+00:00", "assumptions_version": "2026-10-09-prompt-4b-risk-explainability", "computation_mode": "geometric"}, "geometry": {"type": "LineString", "coordinates": [[75.8527592, 22.720678799999995], [75.85272460000002, 22.72095879999999]]}}, {"id": "406", "type": "Feature", "properties": {"segment_id": "osm-3665539298-3665539301-0", "length_m": 53.69996431553485, "shade_fraction": 0.0, "exposure_fraction": 1.0, "canonical_time": "15:00", "solar_azimuth_deg": 271.54425686027565, "solar_elevation_deg": 53.21021702250467, "estimated_height_building_count": 3793, "source_type": "derived", "source_reference": "Cached OSM streets intersected with modelled building shadows", "observed_or_estimated": "ESTIMATED", "modelled_or_interpolated": "MODELLED", "timestamp": "2026-10-09T01:39:38.179956+00:00", "assumptions_version": "2026-10-09-prompt-4b-risk-explainability", "computation_mode": "geometric"}, "geometry": {"type": "LineString", "coordinates": [[75.85188350000001, 22.7207594], [75.8517293, 22.7207548], [75.8515585, 22.7207671], [75.8514478, 22.7207779], [75.85136190000001, 22.72077459999999]]}}, {"id": "407", "type": "Feature", "properties": {"segment_id": "osm-3665539298-3734463407-0", "length_m": 28.138532703459873, "shade_fraction": 0.7658140752420031, "exposure_fraction": 0.23418592475799693, "canonical_time": "15:00", "solar_azimuth_deg": 271.54425686027565, "solar_elevation_deg": 53.21021702250467, "estimated_height_building_count": 3793, "source_type": "derived", "source_reference": "Cached OSM streets intersected with modelled building shadows", "observed_or_estimated": "ESTIMATED", "modelled_or_interpolated": "MODELLED", "timestamp": "2026-10-09T01:39:38.179956+00:00", "assumptions_version": "2026-10-09-prompt-4b-risk-explainability", "computation_mode": "geometric"}, "geometry": {"type": "LineString", "coordinates": [[75.85188350000001, 22.7207594], [75.8518451, 22.7209668], [75.8518354, 22.721009599999995]]}}, {"id": "408", "type": "Feature", "properties": {"segment_id": "osm-3665539298-3734496866-0", "length_m": 65.39188445812279, "shade_fraction": 0.27552055925744434, "exposure_fraction": 0.7244794407425557, "canonical_time": "15:00", "solar_azimuth_deg": 271.54425686027565, "solar_elevation_deg": 53.21021702250467, "estimated_height_building_count": 3793, "source_type": "derived", "source_reference": "Cached OSM streets intersected with modelled building shadows", "observed_or_estimated": "ESTIMATED", "modelled_or_interpolated": "MODELLED", "timestamp": "2026-10-09T01:39:38.179956+00:00", "assumptions_version": "2026-10-09-prompt-4b-risk-explainability", "computation_mode": "geometric"}, "geometry": {"type": "LineString", "coordinates": [[75.85188350000001, 22.7207594], [75.8519859, 22.72029869999999], [75.8520047, 22.72021819999999], [75.8520297, 22.7201882]]}}, {"id": "409", "type": "Feature", "properties": {"segment_id": "osm-3665539301-3665539298-0", "length_m": 53.69996431553485, "shade_fraction": 0.0, "exposure_fraction": 1.0, "canonical_time": "15:00", "solar_azimuth_deg": 271.54425686027565, "solar_elevation_deg": 53.21021702250467, "estimated_height_building_count": 3793, "source_type": "derived", "source_reference": "Cached OSM streets intersected with modelled building shadows", "observed_or_estimated": "ESTIMATED", "modelled_or_interpolated": "MODELLED", "timestamp": "2026-10-09T01:39:38.179956+00:00", "assumptions_version": "2026-10-09-prompt-4b-risk-explainability", "computation_mode": "geometric"}, "geometry": {"type": "LineString", "coordinates": [[75.85136190000001, 22.72077459999999], [75.8514478, 22.7207779], [75.8515585, 22.7207671], [75.8517293, 22.7207548], [75.85188350000001, 22.7207594]]}}, {"id": "410", "type": "Feature", "properties": {"segment_id": "osm-3665539301-3734463399-0", "length_m": 26.866229984453852, "shade_fraction": 0.0, "exposure_fraction": 1.0, "canonical_time": "15:00", "solar_azimuth_deg": 271.54425686027565, "solar_elevation_deg": 53.21021702250467, "estimated_height_building_count": 3793, "source_type": "derived", "source_reference": "Cached OSM streets intersected with modelled building shadows", "observed_or_estimated": "ESTIMATED", "modelled_or_interpolated": "MODELLED", "timestamp": "2026-10-09T01:39:38.179956+00:00", "assumptions_version": "2026-10-09-prompt-4b-risk-explainability", "computation_mode": "geometric"}, "geometry": {"type": "LineString", "coordinates": [[75.85136190000001, 22.72077459999999], [75.8512252, 22.7207894], [75.8511041, 22.720814]]}}, {"id": "411", "type": "Feature", "properties": {"segment_id": "osm-3665539301-3734466230-0", "length_m": 103.00488476943129, "shade_fraction": 0.6337866914337853, "exposure_fraction": 0.3662133085662147, "canonical_time": "15:00", "solar_azimuth_deg": 271.54425686027565, "solar_elevation_deg": 53.21021702250467, "estimated_height_building_count": 3793, "source_type": "derived", "source_reference": "Cached OSM streets intersected with modelled building shadows", "observed_or_estimated": "ESTIMATED", "modelled_or_interpolated": "MODELLED", "timestamp": "2026-10-09T01:39:38.179956+00:00", "assumptions_version": "2026-10-09-prompt-4b-risk-explainability", "computation_mode": "geometric"}, "geometry": {"type": "LineString", "coordinates": [[75.85136190000001, 22.72077459999999], [75.851377, 22.72091839999999], [75.8514084, 22.7210733], [75.8514521, 22.7213811], [75.85145, 22.721402699999995], [75.8514393, 22.721425], [75.8514256, 22.7214408], [75.8513853, 22.7214844], [75.8513749, 22.72150169999999], [75.8513709, 22.7215209], [75.8513726, 22.721675600000008]]}}, {"id": "412", "type": "Feature", "properties": {"segment_id": "osm-3665539304-3734463399-0", "length_m": 28.063740419087274, "shade_fraction": 0.0, "exposure_fraction": 1.0, "canonical_time": "15:00", "solar_azimuth_deg": 271.54425686027565, "solar_elevation_deg": 53.21021702250467, "estimated_height_building_count": 3793, "source_type": "derived", "source_reference": "Cached OSM streets intersected with modelled building shadows", "observed_or_estimated": "ESTIMATED", "modelled_or_interpolated": "MODELLED", "timestamp": "2026-10-09T01:39:38.179956+00:00", "assumptions_version": "2026-10-09-prompt-4b-risk-explainability", "computation_mode": "geometric"}, "geometry": {"type": "LineString", "coordinates": [[75.8508353, 22.720859600000008], [75.8511041, 22.720814]]}}, {"id": "413", "type": "Feature", "properties": {"segment_id": "osm-3665539304-3665594030-0", "length_m": 98.11615569416301, "shade_fraction": 0.6077180130614646, "exposure_fraction": 0.39228198693853544, "canonical_time": "15:00", "solar_azimuth_deg": 271.54425686027565, "solar_elevation_deg": 53.21021702250467, "estimated_height_building_count": 3793, "source_type": "derived", "source_reference": "Cached OSM streets intersected with modelled building shadows", "observed_or_estimated": "ESTIMATED", "modelled_or_interpolated": "MODELLED", "timestamp": "2026-10-09T01:39:38.179956+00:00", "assumptions_version": "2026-10-09-prompt-4b-risk-explainability", "computation_mode": "geometric"}, "geometry": {"type": "LineString", "coordinates": [[75.8508353, 22.720859600000008], [75.8508499, 22.7209617], [75.850906, 22.721673], [75.8509345, 22.7217379]]}}, {"id": "414", "type": "Feature", "properties": {"segment_id": "osm-3665539304-3734496844-0", "length_m": 118.97993882491298, "shade_fraction": 0.3036080124276775, "exposure_fraction": 0.6963919875723226, "canonical_time": "15:00", "solar_azimuth_deg": 271.54425686027565, "solar_elevation_deg": 53.21021702250467, "estimated_height_building_count": 3793, "source_type": "derived", "source_reference": "Cached OSM streets intersected with modelled building shadows", "observed_or_estimated": "ESTIMATED", "modelled_or_interpolated": "MODELLED", "timestamp": "2026-10-09T01:39:38.179956+00:00", "assumptions_version": "2026-10-09-prompt-4b-risk-explainability", "computation_mode": "geometric"}, "geometry": {"type": "LineString", "coordinates": [[75.8508353, 22.720859600000008], [75.8507865, 22.7207027], [75.8507664, 22.720504699999992], [75.850765, 22.720306599999986], [75.8507852, 22.7200838], [75.8508429, 22.719797899999996]]}}, {"id": "415", "type": "Feature", "properties": {"segment_id": "osm-3665539311-3734463409-0", "length_m": 27.892322389175085, "shade_fraction": 0.0, "exposure_fraction": 1.0, "canonical_time": "15:00", "solar_azimuth_deg": 271.54425686027565, "solar_elevation_deg": 53.21021702250467, "estimated_height_building_count": 3793, "source_type": "derived", "source_reference": "Cached OSM streets intersected with modelled building shadows", "observed_or_estimated": "ESTIMATED", "modelled_or_interpolated": "MODELLED", "timestamp": "2026-10-09T01:39:38.179956+00:00", "assumptions_version": "2026-10-09-prompt-4b-risk-explainability", "computation_mode": "geometric"}, "geometry": {"type": "LineString", "coordinates": [[75.8542473, 22.7210534], [75.8542775, 22.72104540000001], [75.8545176, 22.721039599999994]]}}, {"id": "416", "type": "Feature", "properties": {"segment_id": "osm-3665539311-3665539318-0", "length_m": 105.34407272231267, "shade_fraction": 0.0, "exposure_fraction": 1.0, "canonical_time": "15:00", "solar_azimuth_deg": 271.54425686027565, "solar_elevation_deg": 53.21021702250467, "estimated_height_building_count": 3793, "source_type": "derived", "source_reference": "Cached OSM streets intersected with modelled building shadows", "observed_or_estimated": "ESTIMATED", "modelled_or_interpolated": "MODELLED", "timestamp": "2026-10-09T01:39:38.179956+00:00", "assumptions_version": "2026-10-09-prompt-4b-risk-explainability", "computation_mode": "geometric"}, "geometry": {"type": "LineString", "coordinates": [[75.8542473, 22.7210534], [75.8540961, 22.721093200000002], [75.8537916, 22.721151], [75.8535281, 22.721222700000002], [75.8532556, 22.72129409999999]]}}, {"id": "417", "type": "Feature", "properties": {"segment_id": "osm-3665539311-3734463378-0", "length_m": 119.13099281839894, "shade_fraction": 0.3299721207294372, "exposure_fraction": 0.6700278792705627, "canonical_time": "15:00", "solar_azimuth_deg": 271.54425686027565, "solar_elevation_deg": 53.21021702250467, "estimated_height_building_count": 3793, "source_type": "derived", "source_reference": "Cached OSM streets intersected with modelled building shadows", "observed_or_estimated": "ESTIMATED", "modelled_or_interpolated": "MODELLED", "timestamp": "2026-10-09T01:39:38.179956+00:00", "assumptions_version": "2026-10-09-prompt-4b-risk-explainability", "computation_mode": "geometric"}, "geometry": {"type": "LineString", "coordinates": [[75.8542473, 22.7210534], [75.8542192, 22.72045569999999], [75.8541567, 22.719981399999988]]}}, {"id": "418", "type": "Feature", "properties": {"segment_id": "osm-3665539318-3665539311-0", "length_m": 105.34407272231267, "shade_fraction": 0.0, "exposure_fraction": 1.0, "canonical_time": "15:00", "solar_azimuth_deg": 271.54425686027565, "solar_elevation_deg": 53.21021702250467, "estimated_height_building_count": 3793, "source_type": "derived", "source_reference": "Cached OSM streets intersected with modelled building shadows", "observed_or_estimated": "ESTIMATED", "modelled_or_interpolated": "MODELLED", "timestamp": "2026-10-09T01:39:38.179956+00:00", "assumptions_version": "2026-10-09-prompt-4b-risk-explainability", "computation_mode": "geometric"}, "geometry": {"type": "LineString", "coordinates": [[75.8532556, 22.72129409999999], [75.8535281, 22.721222700000002], [75.8537916, 22.721151], [75.8540961, 22.721093200000002], [75.8542473, 22.7210534]]}}, {"id": "419", "type": "Feature", "properties": {"segment_id": "osm-3665539318-3665539322-0", "length_m": 63.30729014087791, "shade_fraction": 0.0, "exposure_fraction": 1.0, "canonical_time": "15:00", "solar_azimuth_deg": 271.54425686027565, "solar_elevation_deg": 53.21021702250467, "estimated_height_building_count": 3793, "source_type": "derived", "source_reference": "Cached OSM streets intersected with modelled building shadows", "observed_or_estimated": "ESTIMATED", "modelled_or_interpolated": "MODELLED", "timestamp": "2026-10-09T01:39:38.179956+00:00", "assumptions_version": "2026-10-09-prompt-4b-risk-explainability", "computation_mode": "geometric"}, "geometry": {"type": "LineString", "coordinates": [[75.8532556, 22.72129409999999], [75.8528866, 22.721396000000002], [75.8526636, 22.7214534]]}}, {"id": "420", "type": "Feature", "properties": {"segment_id": "osm-3665539318-8477883142-0", "length_m": 68.86210371354068, "shade_fraction": 0.6632312941332357, "exposure_fraction": 0.33676870586676433, "canonical_time": "15:00", "solar_azimuth_deg": 271.54425686027565, "solar_elevation_deg": 53.21021702250467, "estimated_height_building_count": 3793, "source_type": "derived", "source_reference": "Cached OSM streets intersected with modelled building shadows", "observed_or_estimated": "ESTIMATED", "modelled_or_interpolated": "MODELLED", "timestamp": "2026-10-09T01:39:38.179956+00:00", "assumptions_version": "2026-10-09-prompt-4b-risk-explainability", "computation_mode": "geometric"}, "geometry": {"type": "LineString", "coordinates": [[75.8532556, 22.72129409999999], [75.8532753, 22.721396699999993], [75.8532896, 22.7214702], [75.8532975, 22.721529799999992], [75.85331250000002, 22.7216344], [75.8533224, 22.7219118]]}}, {"id": "421", "type": "Feature", "properties": {"segment_id": "osm-3665539322-3734463403-0", "length_m": 55.11256713808747, "shade_fraction": 0.0, "exposure_fraction": 1.0, "canonical_time": "15:00", "solar_azimuth_deg": 271.54425686027565, "solar_elevation_deg": 53.21021702250467, "estimated_height_building_count": 3793, "source_type": "derived", "source_reference": "Cached OSM streets intersected with modelled building shadows", "observed_or_estimated": "ESTIMATED", "modelled_or_interpolated": "MODELLED", "timestamp": "2026-10-09T01:39:38.179956+00:00", "assumptions_version": "2026-10-09-prompt-4b-risk-explainability", "computation_mode": "geometric"}, "geometry": {"type": "LineString", "coordinates": [[75.8526636, 22.7214534], [75.85272460000002, 22.72095879999999]]}}, {"id": "422", "type": "Feature", "properties": {"segment_id": "osm-3665539322-3665539318-0", "length_m": 63.30729014087791, "shade_fraction": 0.0, "exposure_fraction": 1.0, "canonical_time": "15:00", "solar_azimuth_deg": 271.54425686027565, "solar_elevation_deg": 53.21021702250467, "estimated_height_building_count": 3793, "source_type": "derived", "source_reference": "Cached OSM streets intersected with modelled building shadows", "observed_or_estimated": "ESTIMATED", "modelled_or_interpolated": "MODELLED", "timestamp": "2026-10-09T01:39:38.179956+00:00", "assumptions_version": "2026-10-09-prompt-4b-risk-explainability", "computation_mode": "geometric"}, "geometry": {"type": "LineString", "coordinates": [[75.8526636, 22.7214534], [75.8528866, 22.721396000000002], [75.8532556, 22.72129409999999]]}}, {"id": "423", "type": "Feature", "properties": {"segment_id": "osm-3665539322-10292786102-0", "length_m": 31.19403265430197, "shade_fraction": 0.0, "exposure_fraction": 1.0, "canonical_time": "15:00", "solar_azimuth_deg": 271.54425686027565, "solar_elevation_deg": 53.21021702250467, "estimated_height_building_count": 3793, "source_type": "derived", "source_reference": "Cached OSM streets intersected with modelled building shadows", "observed_or_estimated": "ESTIMATED", "modelled_or_interpolated": "MODELLED", "timestamp": "2026-10-09T01:39:38.179956+00:00", "assumptions_version": "2026-10-09-prompt-4b-risk-explainability", "computation_mode": "geometric"}, "geometry": {"type": "LineString", "coordinates": [[75.8526636, 22.7214534], [75.8525691, 22.7214777], [75.8523885, 22.721569000000002]]}}, {"id": "424", "type": "Feature", "properties": {"segment_id": "osm-3665539324-3735831760-0", "length_m": 5.547355232855593, "shade_fraction": 0.0, "exposure_fraction": 1.0, "canonical_time": "15:00", "solar_azimuth_deg": 271.54425686027565, "solar_elevation_deg": 53.21021702250467, "estimated_height_building_count": 3793, "source_type": "derived", "source_reference": "Cached OSM streets intersected with modelled building shadows", "observed_or_estimated": "ESTIMATED", "modelled_or_interpolated": "MODELLED", "timestamp": "2026-10-09T01:39:38.179956+00:00", "assumptions_version": "2026-10-09-prompt-4b-risk-explainability", "computation_mode": "geometric"}, "geometry": {"type": "LineString", "coordinates": [[75.8502063, 22.721661799999993], [75.850195, 22.721710799999993]]}}, {"id": "425", "type": "Feature", "properties": {"segment_id": "osm-3665539324-3665594030-0", "length_m": 79.34086707164205, "shade_fraction": 0.0, "exposure_fraction": 1.0, "canonical_time": "15:00", "solar_azimuth_deg": 271.54425686027565, "solar_elevation_deg": 53.21021702250467, "estimated_height_building_count": 3793, "source_type": "derived", "source_reference": "Cached OSM streets intersected with modelled building shadows", "observed_or_estimated": "ESTIMATED", "modelled_or_interpolated": "MODELLED", "timestamp": "2026-10-09T01:39:38.179956+00:00", "assumptions_version": "2026-10-09-prompt-4b-risk-explainability", "computation_mode": "geometric"}, "geometry": {"type": "LineString", "coordinates": [[75.8502063, 22.721661799999993], [75.8502596, 22.72170859999999], [75.8503069, 22.721736299999996], [75.8503568, 22.7217681], [75.8505139, 22.7217854], [75.8506231, 22.7217835], [75.8507323, 22.7217666], [75.8509345, 22.7217379]]}}, {"id": "426", "type": "Feature", "properties": {"segment_id": "osm-3665539324-3734463402-0", "length_m": 78.47565759744806, "shade_fraction": 0.0, "exposure_fraction": 1.0, "canonical_time": "15:00", "solar_azimuth_deg": 271.54425686027565, "solar_elevation_deg": 53.21021702250467, "estimated_height_building_count": 3793, "source_type": "derived", "source_reference": "Cached OSM streets intersected with modelled building shadows", "observed_or_estimated": "ESTIMATED", "modelled_or_interpolated": "MODELLED", "timestamp": "2026-10-09T01:39:38.179956+00:00", "assumptions_version": "2026-10-09-prompt-4b-risk-explainability", "computation_mode": "geometric"}, "geometry": {"type": "LineString", "coordinates": [[75.8502063, 22.721661799999993], [75.8502041, 22.7214279], [75.8501868, 22.721194799999992], [75.8501587, 22.720989599999996], [75.8501542, 22.720955399999998]]}}, {"id": "427", "type": "Feature", "properties": {"segment_id": "osm-3665594025-10292786102-0", "length_m": 61.75692380475522, "shade_fraction": 0.0, "exposure_fraction": 1.0, "canonical_time": "15:00", "solar_azimuth_deg": 271.54425686027565, "solar_elevation_deg": 53.21021702250467, "estimated_height_building_count": 3793, "source_type": "derived", "source_reference": "Cached OSM streets intersected with modelled building shadows", "observed_or_estimated": "ESTIMATED", "modelled_or_interpolated": "MODELLED", "timestamp": "2026-10-09T01:39:38.179956+00:00", "assumptions_version": "2026-10-09-prompt-4b-risk-explainability", "computation_mode": "geometric"}, "geometry": {"type": "LineString", "coordinates": [[75.8517937, 22.721651], [75.8523885, 22.721569000000002]]}}, {"id": "428", "type": "Feature", "properties": {"segment_id": "osm-3665594025-3665594029-0", "length_m": 1.549731328651632, "shade_fraction": 0.0, "exposure_fraction": 1.0, "canonical_time": "15:00", "solar_azimuth_deg": 271.54425686027565, "solar_elevation_deg": 53.21021702250467, "estimated_height_building_count": 3793, "source_type": "derived", "source_reference": "Cached OSM streets intersected with modelled building shadows", "observed_or_estimated": "ESTIMATED", "modelled_or_interpolated": "MODELLED", "timestamp": "2026-10-09T01:39:38.179956+00:00", "assumptions_version": "2026-10-09-prompt-4b-risk-explainability", "computation_mode": "geometric"}, "geometry": {"type": "LineString", "coordinates": [[75.8517937, 22.721651], [75.8517968, 22.72166469999999]]}}, {"id": "429", "type": "Feature", "properties": {"segment_id": "osm-3665594025-3734463407-0", "length_m": 71.61873324715181, "shade_fraction": 0.43232027595088834, "exposure_fraction": 0.5676797240491116, "canonical_time": "15:00", "solar_azimuth_deg": 271.54425686027565, "solar_elevation_deg": 53.21021702250467, "estimated_height_building_count": 3793, "source_type": "derived", "source_reference": "Cached OSM streets intersected with modelled building shadows", "observed_or_estimated": "ESTIMATED", "modelled_or_interpolated": "MODELLED", "timestamp": "2026-10-09T01:39:38.179956+00:00", "assumptions_version": "2026-10-09-prompt-4b-risk-explainability", "computation_mode": "geometric"}, "geometry": {"type": "LineString", "coordinates": [[75.8517937, 22.721651], [75.8517721, 22.7214498], [75.8517973, 22.721222899999994], [75.8518094, 22.72111389999999], [75.8518354, 22.721009599999995]]}}, {"id": "430", "type": "Feature", "properties": {"segment_id": "osm-3665594029-3665594025-0", "length_m": 1.549731328651632, "shade_fraction": 0.0, "exposure_fraction": 1.0, "canonical_time": "15:00", "solar_azimuth_deg": 271.54425686027565, "solar_elevation_deg": 53.21021702250467, "estimated_height_building_count": 3793, "source_type": "derived", "source_reference": "Cached OSM streets intersected with modelled building shadows", "observed_or_estimated": "ESTIMATED", "modelled_or_interpolated": "MODELLED", "timestamp": "2026-10-09T01:39:38.179956+00:00", "assumptions_version": "2026-10-09-prompt-4b-risk-explainability", "computation_mode": "geometric"}, "geometry": {"type": "LineString", "coordinates": [[75.8517968, 22.72166469999999], [75.8517937, 22.721651]]}}, {"id": "431", "type": "Feature", "properties": {"segment_id": "osm-3665594029-3734466230-0", "length_m": 43.58658991408619, "shade_fraction": 0.0, "exposure_fraction": 1.0, "canonical_time": "15:00", "solar_azimuth_deg": 271.54425686027565, "solar_elevation_deg": 53.21021702250467, "estimated_height_building_count": 3793, "source_type": "derived", "source_reference": "Cached OSM streets intersected with modelled building shadows", "observed_or_estimated": "ESTIMATED", "modelled_or_interpolated": "MODELLED", "timestamp": "2026-10-09T01:39:38.179956+00:00", "assumptions_version": "2026-10-09-prompt-4b-risk-explainability", "computation_mode": "geometric"}, "geometry": {"type": "LineString", "coordinates": [[75.8517968, 22.72166469999999], [75.8514905, 22.721675099999985], [75.8513726, 22.721675600000008]]}}, {"id": "432", "type": "Feature", "properties": {"segment_id": "osm-3665594030-3734466230-0", "length_m": 45.51847081097718, "shade_fraction": 0.0, "exposure_fraction": 1.0, "canonical_time": "15:00", "solar_azimuth_deg": 271.54425686027565, "solar_elevation_deg": 53.21021702250467, "estimated_height_building_count": 3793, "source_type": "derived", "source_reference": "Cached OSM streets intersected with modelled building shadows", "observed_or_estimated": "ESTIMATED", "modelled_or_interpolated": "MODELLED", "timestamp": "2026-10-09T01:39:38.179956+00:00", "assumptions_version": "2026-10-09-prompt-4b-risk-explainability", "computation_mode": "geometric"}, "geometry": {"type": "LineString", "coordinates": [[75.8509345, 22.7217379], [75.8513726, 22.721675600000008]]}}, {"id": "433", "type": "Feature", "properties": {"segment_id": "osm-3665594030-3665539304-0", "length_m": 98.11615569416301, "shade_fraction": 0.6077180130614646, "exposure_fraction": 0.39228198693853544, "canonical_time": "15:00", "solar_azimuth_deg": 271.54425686027565, "solar_elevation_deg": 53.21021702250467, "estimated_height_building_count": 3793, "source_type": "derived", "source_reference": "Cached OSM streets intersected with modelled building shadows", "observed_or_estimated": "ESTIMATED", "modelled_or_interpolated": "MODELLED", "timestamp": "2026-10-09T01:39:38.179956+00:00", "assumptions_version": "2026-10-09-prompt-4b-risk-explainability", "computation_mode": "geometric"}, "geometry": {"type": "LineString", "coordinates": [[75.8509345, 22.7217379], [75.850906, 22.721673], [75.8508499, 22.7209617], [75.8508353, 22.720859600000008]]}}, {"id": "434", "type": "Feature", "properties": {"segment_id": "osm-3665594030-3665539324-0", "length_m": 79.34086707164205, "shade_fraction": 0.0, "exposure_fraction": 1.0, "canonical_time": "15:00", "solar_azimuth_deg": 271.54425686027565, "solar_elevation_deg": 53.21021702250467, "estimated_height_building_count": 3793, "source_type": "derived", "source_reference": "Cached OSM streets intersected with modelled building shadows", "observed_or_estimated": "ESTIMATED", "modelled_or_interpolated": "MODELLED", "timestamp": "2026-10-09T01:39:38.179956+00:00", "assumptions_version": "2026-10-09-prompt-4b-risk-explainability", "computation_mode": "geometric"}, "geometry": {"type": "LineString", "coordinates": [[75.8509345, 22.7217379], [75.8507323, 22.7217666], [75.8506231, 22.7217835], [75.8505139, 22.7217854], [75.8503568, 22.7217681], [75.8503069, 22.721736299999996], [75.8502596, 22.72170859999999], [75.8502063, 22.721661799999993]]}}, {"id": "435", "type": "Feature", "properties": {"segment_id": "osm-3732489062-2027156518-0", "length_m": 3.8693949077821013, "shade_fraction": 0.0, "exposure_fraction": 1.0, "canonical_time": "15:00", "solar_azimuth_deg": 271.54425686027565, "solar_elevation_deg": 53.21021702250467, "estimated_height_building_count": 3793, "source_type": "derived", "source_reference": "Cached OSM streets intersected with modelled building shadows", "observed_or_estimated": "ESTIMATED", "modelled_or_interpolated": "MODELLED", "timestamp": "2026-10-09T01:39:38.179956+00:00", "assumptions_version": "2026-10-09-prompt-4b-risk-explainability", "computation_mode": "geometric"}, "geometry": {"type": "LineString", "coordinates": [[75.8534638, 22.716104799999993], [75.8534287, 22.716092099999997]]}}, {"id": "436", "type": "Feature", "properties": {"segment_id": "osm-3732489062-3734494568-0", "length_m": 28.7519581013984, "shade_fraction": 0.0, "exposure_fraction": 1.0, "canonical_time": "15:00", "solar_azimuth_deg": 271.54425686027565, "solar_elevation_deg": 53.21021702250467, "estimated_height_building_count": 3793, "source_type": "derived", "source_reference": "Cached OSM streets intersected with modelled building shadows", "observed_or_estimated": "ESTIMATED", "modelled_or_interpolated": "MODELLED", "timestamp": "2026-10-09T01:39:38.179956+00:00", "assumptions_version": "2026-10-09-prompt-4b-risk-explainability", "computation_mode": "geometric"}, "geometry": {"type": "LineString", "coordinates": [[75.8534638, 22.716104799999993], [75.8537394, 22.716150399999997]]}}, {"id": "437", "type": "Feature", "properties": {"segment_id": "osm-3732489062-3734494601-0", "length_m": 64.74982074175853, "shade_fraction": 0.0, "exposure_fraction": 1.0, "canonical_time": "15:00", "solar_azimuth_deg": 271.54425686027565, "solar_elevation_deg": 53.21021702250467, "estimated_height_building_count": 3793, "source_type": "derived", "source_reference": "Cached OSM streets intersected with modelled building shadows", "observed_or_estimated": "ESTIMATED", "modelled_or_interpolated": "MODELLED", "timestamp": "2026-10-09T01:39:38.179956+00:00", "assumptions_version": "2026-10-09-prompt-4b-risk-explainability", "computation_mode": "geometric"}, "geometry": {"type": "LineString", "coordinates": [[75.8534638, 22.716104799999993], [75.8534678, 22.7161511], [75.8535143, 22.7166878]]}}, {"id": "438", "type": "Feature", "properties": {"segment_id": "osm-3732489063-3734494617-0", "length_m": 123.81772789768391, "shade_fraction": 0.0779445064609, "exposure_fraction": 0.9220554935391, "canonical_time": "15:00", "solar_azimuth_deg": 271.54425686027565, "solar_elevation_deg": 53.21021702250467, "estimated_height_building_count": 3793, "source_type": "derived", "source_reference": "Cached OSM streets intersected with modelled building shadows", "observed_or_estimated": "ESTIMATED", "modelled_or_interpolated": "MODELLED", "timestamp": "2026-10-09T01:39:38.179956+00:00", "assumptions_version": "2026-10-09-prompt-4b-risk-explainability", "computation_mode": "geometric"}, "geometry": {"type": "LineString", "coordinates": [[75.8535547, 22.718023399999993], [75.8535141, 22.716905599999997]]}}, {"id": "439", "type": "Feature", "properties": {"segment_id": "osm-3732489063-3734496687-0", "length_m": 24.563731269389162, "shade_fraction": 0.26904176309280087, "exposure_fraction": 0.7309582369071992, "canonical_time": "15:00", "solar_azimuth_deg": 271.54425686027565, "solar_elevation_deg": 53.21021702250467, "estimated_height_building_count": 3793, "source_type": "derived", "source_reference": "Cached OSM streets intersected with modelled building shadows", "observed_or_estimated": "ESTIMATED", "modelled_or_interpolated": "MODELLED", "timestamp": "2026-10-09T01:39:38.179956+00:00", "assumptions_version": "2026-10-09-prompt-4b-risk-explainability", "computation_mode": "geometric"}, "geometry": {"type": "LineString", "coordinates": [[75.8535547, 22.718023399999993], [75.8535482, 22.7182452]]}}, {"id": "440", "type": "Feature", "properties": {"segment_id": "osm-3732489063-3734496686-0", "length_m": 55.18729955110561, "shade_fraction": 0.0, "exposure_fraction": 1.0, "canonical_time": "15:00", "solar_azimuth_deg": 271.54425686027565, "solar_elevation_deg": 53.21021702250467, "estimated_height_building_count": 3793, "source_type": "derived", "source_reference": "Cached OSM streets intersected with modelled building shadows", "observed_or_estimated": "ESTIMATED", "modelled_or_interpolated": "MODELLED", "timestamp": "2026-10-09T01:39:38.179956+00:00", "assumptions_version": "2026-10-09-prompt-4b-risk-explainability", "computation_mode": "geometric"}, "geometry": {"type": "LineString", "coordinates": [[75.8535547, 22.718023399999993], [75.8538547, 22.718042600000008], [75.8540906, 22.7180599]]}}, {"id": "441", "type": "Feature", "properties": {"segment_id": "osm-3732489063-3734496680-0", "length_m": 151.62277774464837, "shade_fraction": 0.0, "exposure_fraction": 1.0, "canonical_time": "15:00", "solar_azimuth_deg": 271.54425686027565, "solar_elevation_deg": 53.21021702250467, "estimated_height_building_count": 3793, "source_type": "derived", "source_reference": "Cached OSM streets intersected with modelled building shadows", "observed_or_estimated": "ESTIMATED", "modelled_or_interpolated": "MODELLED", "timestamp": "2026-10-09T01:39:38.179956+00:00", "assumptions_version": "2026-10-09-prompt-4b-risk-explainability", "computation_mode": "geometric"}, "geometry": {"type": "LineString", "coordinates": [[75.8535547, 22.718023399999993], [75.8527164, 22.7179698], [75.8520809, 22.717945600000004]]}}, {"id": "442", "type": "Feature", "properties": {"segment_id": "osm-3732489064-3734496687-0", "length_m": 74.39131421689721, "shade_fraction": 0.27911030023732086, "exposure_fraction": 0.7208896997626791, "canonical_time": "15:00", "solar_azimuth_deg": 271.54425686027565, "solar_elevation_deg": 53.21021702250467, "estimated_height_building_count": 3793, "source_type": "derived", "source_reference": "Cached OSM streets intersected with modelled building shadows", "observed_or_estimated": "ESTIMATED", "modelled_or_interpolated": "MODELLED", "timestamp": "2026-10-09T01:39:38.179956+00:00", "assumptions_version": "2026-10-09-prompt-4b-risk-explainability", "computation_mode": "geometric"}, "geometry": {"type": "LineString", "coordinates": [[75.8536022, 22.7189153], [75.8535482, 22.7182452]]}}, {"id": "443", "type": "Feature", "properties": {"segment_id": "osm-3732489064-6997700387-0", "length_m": 9.866675948743183, "shade_fraction": 0.0, "exposure_fraction": 1.0, "canonical_time": "15:00", "solar_azimuth_deg": 271.54425686027565, "solar_elevation_deg": 53.21021702250467, "estimated_height_building_count": 3793, "source_type": "derived", "source_reference": "Cached OSM streets intersected with modelled building shadows", "observed_or_estimated": "ESTIMATED", "modelled_or_interpolated": "MODELLED", "timestamp": "2026-10-09T01:39:38.179956+00:00", "assumptions_version": "2026-10-09-prompt-4b-risk-explainability", "computation_mode": "geometric"}, "geometry": {"type": "LineString", "coordinates": [[75.8536022, 22.7189153], [75.8536977, 22.7189056]]}}, {"id": "444", "type": "Feature", "properties": {"segment_id": "osm-3732489064-3734496706-0", "length_m": 151.75956089525351, "shade_fraction": 0.0, "exposure_fraction": 1.0, "canonical_time": "15:00", "solar_azimuth_deg": 271.54425686027565, "solar_elevation_deg": 53.21021702250467, "estimated_height_building_count": 3793, "source_type": "derived", "source_reference": "Cached OSM streets intersected with modelled building shadows", "observed_or_estimated": "ESTIMATED", "modelled_or_interpolated": "MODELLED", "timestamp": "2026-10-09T01:39:38.179956+00:00", "assumptions_version": "2026-10-09-prompt-4b-risk-explainability", "computation_mode": "geometric"}, "geometry": {"type": "LineString", "coordinates": [[75.8536022, 22.7189153], [75.8530783, 22.718961899999996], [75.8521384, 22.719098499999994]]}}, {"id": "445", "type": "Feature", "properties": {"segment_id": "osm-3732908384-8460393386-0", "length_m": 18.50209012220145, "shade_fraction": 0.24234863039872773, "exposure_fraction": 0.7576513696012723, "canonical_time": "15:00", "solar_azimuth_deg": 271.54425686027565, "solar_elevation_deg": 53.21021702250467, "estimated_height_building_count": 3793, "source_type": "derived", "source_reference": "Cached OSM streets intersected with modelled building shadows", "observed_or_estimated": "ESTIMATED", "modelled_or_interpolated": "MODELLED", "timestamp": "2026-10-09T01:39:38.179956+00:00", "assumptions_version": "2026-10-09-prompt-4b-risk-explainability", "computation_mode": "geometric"}, "geometry": {"type": "LineString", "coordinates": [[75.8568318, 22.72136070000001], [75.856808, 22.72140609999999], [75.8567592, 22.7215136]]}}, {"id": "446", "type": "Feature", "properties": {"segment_id": "osm-3732908384-8460457267-0", "length_m": 101.60667253846671, "shade_fraction": 0.457997272558865, "exposure_fraction": 0.542002727441135, "canonical_time": "15:00", "solar_azimuth_deg": 271.54425686027565, "solar_elevation_deg": 53.21021702250467, "estimated_height_building_count": 3793, "source_type": "derived", "source_reference": "Cached OSM streets intersected with modelled building shadows", "observed_or_estimated": "ESTIMATED", "modelled_or_interpolated": "MODELLED", "timestamp": "2026-10-09T01:39:38.179956+00:00", "assumptions_version": "2026-10-09-prompt-4b-risk-explainability", "computation_mode": "geometric"}, "geometry": {"type": "LineString", "coordinates": [[75.8568318, 22.72136070000001], [75.8569171, 22.721013400000007], [75.85694, 22.720452199999997]]}}, {"id": "447", "type": "Feature", "properties": {"segment_id": "osm-3732908384-3732908385-0", "length_m": 77.81910216147872, "shade_fraction": 0.0, "exposure_fraction": 1.0, "canonical_time": "15:00", "solar_azimuth_deg": 271.54425686027565, "solar_elevation_deg": 53.21021702250467, "estimated_height_building_count": 3793, "source_type": "derived", "source_reference": "Cached OSM streets intersected with modelled building shadows", "observed_or_estimated": "ESTIMATED", "modelled_or_interpolated": "MODELLED", "timestamp": "2026-10-09T01:39:38.179956+00:00", "assumptions_version": "2026-10-09-prompt-4b-risk-explainability", "computation_mode": "geometric"}, "geometry": {"type": "LineString", "coordinates": [[75.8568318, 22.72136070000001], [75.8574047, 22.7214066], [75.8574621, 22.721401099999994], [75.8575226, 22.721404299999993], [75.8575869, 22.721401100000005]]}}, {"id": "448", "type": "Feature", "properties": {"segment_id": "osm-3732908385-2025111317-0", "length_m": 23.44861016442316, "shade_fraction": 0.0, "exposure_fraction": 1.0, "canonical_time": "15:00", "solar_azimuth_deg": 271.54425686027565, "solar_elevation_deg": 53.21021702250467, "estimated_height_building_count": 3793, "source_type": "derived", "source_reference": "Cached OSM streets intersected with modelled building shadows", "observed_or_estimated": "ESTIMATED", "modelled_or_interpolated": "MODELLED", "timestamp": "2026-10-09T01:39:38.179956+00:00", "assumptions_version": "2026-10-09-prompt-4b-risk-explainability", "computation_mode": "geometric"}, "geometry": {"type": "LineString", "coordinates": [[75.8575869, 22.721401100000005], [75.8576271, 22.721609600000004]]}}, {"id": "449", "type": "Feature", "properties": {"segment_id": "osm-3732908385-8460393366-0", "length_m": 105.46541024316751, "shade_fraction": 0.012569401178245255, "exposure_fraction": 0.9874305988217548, "canonical_time": "15:00", "solar_azimuth_deg": 271.54425686027565, "solar_elevation_deg": 53.21021702250467, "estimated_height_building_count": 3793, "source_type": "derived", "source_reference": "Cached OSM streets intersected with modelled building shadows", "observed_or_estimated": "ESTIMATED", "modelled_or_interpolated": "MODELLED", "timestamp": "2026-10-09T01:39:38.179956+00:00", "assumptions_version": "2026-10-09-prompt-4b-risk-explainability", "computation_mode": "geometric"}, "geometry": {"type": "LineString", "coordinates": [[75.8575869, 22.721401100000005], [75.8575587, 22.7212139], [75.8575469, 22.7209704], [75.8575378, 22.720783299999997], [75.8575363, 22.720450700000008]]}}, {"id": "450", "type": "Feature", "properties": {"segment_id": "osm-3732908385-3732908384-0", "length_m": 77.81910216147871, "shade_fraction": 0.0, "exposure_fraction": 1.0, "canonical_time": "15:00", "solar_azimuth_deg": 271.54425686027565, "solar_elevation_deg": 53.21021702250467, "estimated_height_building_count": 3793, "source_type": "derived", "source_reference": "Cached OSM streets intersected with modelled building shadows", "observed_or_estimated": "ESTIMATED", "modelled_or_interpolated": "MODELLED", "timestamp": "2026-10-09T01:39:38.179956+00:00", "assumptions_version": "2026-10-09-prompt-4b-risk-explainability", "computation_mode": "geometric"}, "geometry": {"type": "LineString", "coordinates": [[75.8575869, 22.721401100000005], [75.8575226, 22.721404299999993], [75.8574621, 22.721401099999994], [75.8574047, 22.7214066], [75.8568318, 22.72136070000001]]}}, {"id": "451", "type": "Feature", "properties": {"segment_id": "osm-3732908390-3732996655-0", "length_m": 29.968223419551283, "shade_fraction": 0.7626546811997003, "exposure_fraction": 0.23734531880029974, "canonical_time": "15:00", "solar_azimuth_deg": 271.54425686027565, "solar_elevation_deg": 53.21021702250467, "estimated_height_building_count": 3793, "source_type": "derived", "source_reference": "Cached OSM streets intersected with modelled building shadows", "observed_or_estimated": "ESTIMATED", "modelled_or_interpolated": "MODELLED", "timestamp": "2026-10-09T01:39:38.179956+00:00", "assumptions_version": "2026-10-09-prompt-4b-risk-explainability", "computation_mode": "geometric"}, "geometry": {"type": "LineString", "coordinates": [[75.8555245, 22.7214704], [75.8555244, 22.721199700000003]]}}, {"id": "452", "type": "Feature", "properties": {"segment_id": "osm-3732908390-8460393393-0", "length_m": 46.868014791076945, "shade_fraction": 0.3553718316683087, "exposure_fraction": 0.6446281683316912, "canonical_time": "15:00", "solar_azimuth_deg": 271.54425686027565, "solar_elevation_deg": 53.21021702250467, "estimated_height_building_count": 3793, "source_type": "derived", "source_reference": "Cached OSM streets intersected with modelled building shadows", "observed_or_estimated": "ESTIMATED", "modelled_or_interpolated": "MODELLED", "timestamp": "2026-10-09T01:39:38.179956+00:00", "assumptions_version": "2026-10-09-prompt-4b-risk-explainability", "computation_mode": "geometric"}, "geometry": {"type": "LineString", "coordinates": [[75.8555245, 22.7214704], [75.8555264, 22.72152699999999], [75.8555256, 22.721621199999998], [75.8555267, 22.7216761], [75.8555351, 22.721751099999988], [75.855543, 22.721805799999995], [75.8555451, 22.721892799999996]]}}, {"id": "453", "type": "Feature", "properties": {"segment_id": "osm-3732908390-8460393393-1", "length_m": 86.36520423030859, "shade_fraction": 0.2768899719825777, "exposure_fraction": 0.7231100280174223, "canonical_time": "15:00", "solar_azimuth_deg": 271.54425686027565, "solar_elevation_deg": 53.21021702250467, "estimated_height_building_count": 3793, "source_type": "derived", "source_reference": "Cached OSM streets intersected with modelled building shadows", "observed_or_estimated": "ESTIMATED", "modelled_or_interpolated": "MODELLED", "timestamp": "2026-10-09T01:39:38.179956+00:00", "assumptions_version": "2026-10-09-prompt-4b-risk-explainability", "computation_mode": "geometric"}, "geometry": {"type": "LineString", "coordinates": [[75.8555245, 22.7214704], [75.85538, 22.721479000000006], [75.85532220000002, 22.72148609999999], [75.8552927, 22.721492500000007], [75.8552809, 22.721512199999992], [75.8552987, 22.7217277], [75.8553111, 22.7218015], [75.8553354, 22.7218291], [75.8553685, 22.721851899999997], [75.8554319, 22.7218923], [75.8555451, 22.721892799999996]]}}, {"id": "454", "type": "Feature", "properties": {"segment_id": "osm-3732908390-3732908392-0", "length_m": 32.65229289352146, "shade_fraction": 0.0, "exposure_fraction": 1.0, "canonical_time": "15:00", "solar_azimuth_deg": 271.54425686027565, "solar_elevation_deg": 53.21021702250467, "estimated_height_building_count": 3793, "source_type": "derived", "source_reference": "Cached OSM streets intersected with modelled building shadows", "observed_or_estimated": "ESTIMATED", "modelled_or_interpolated": "MODELLED", "timestamp": "2026-10-09T01:39:38.179956+00:00", "assumptions_version": "2026-10-09-prompt-4b-risk-explainability", "computation_mode": "geometric"}, "geometry": {"type": "LineString", "coordinates": [[75.8555245, 22.7214704], [75.8555867, 22.72147040000001], [75.8556659, 22.7214733], [75.8557689, 22.721476899999992], [75.8558422, 22.721480499999995]]}}, {"id": "455", "type": "Feature", "properties": {"segment_id": "osm-3732908392-2025111273-0", "length_m": 27.50331723311693, "shade_fraction": 0.7976870479203314, "exposure_fraction": 0.2023129520796686, "canonical_time": "15:00", "solar_azimuth_deg": 271.54425686027565, "solar_elevation_deg": 53.21021702250467, "estimated_height_building_count": 3793, "source_type": "derived", "source_reference": "Cached OSM streets intersected with modelled building shadows", "observed_or_estimated": "ESTIMATED", "modelled_or_interpolated": "MODELLED", "timestamp": "2026-10-09T01:39:38.179956+00:00", "assumptions_version": "2026-10-09-prompt-4b-risk-explainability", "computation_mode": "geometric"}, "geometry": {"type": "LineString", "coordinates": [[75.8558422, 22.721480499999995], [75.8558403, 22.7213956], [75.8558428, 22.721232099999998]]}}, {"id": "456", "type": "Feature", "properties": {"segment_id": "osm-3732908392-3732908408-0", "length_m": 47.149169900168395, "shade_fraction": 0.5939596742992843, "exposure_fraction": 0.4060403257007157, "canonical_time": "15:00", "solar_azimuth_deg": 271.54425686027565, "solar_elevation_deg": 53.21021702250467, "estimated_height_building_count": 3793, "source_type": "derived", "source_reference": "Cached OSM streets intersected with modelled building shadows", "observed_or_estimated": "ESTIMATED", "modelled_or_interpolated": "MODELLED", "timestamp": "2026-10-09T01:39:38.179956+00:00", "assumptions_version": "2026-10-09-prompt-4b-risk-explainability", "computation_mode": "geometric"}, "geometry": {"type": "LineString", "coordinates": [[75.8558422, 22.721480499999995], [75.85584380000002, 22.721521700000007], [75.8558445, 22.7215821], [75.8558394, 22.721742199999994], [75.85584700000001, 22.721792799999992], [75.8558547, 22.721817500000004], [75.8558881, 22.7218261], [75.8559473, 22.72183099999999]]}}, {"id": "457", "type": "Feature", "properties": {"segment_id": "osm-3732908392-3732908390-0", "length_m": 32.65229289352147, "shade_fraction": 0.0, "exposure_fraction": 1.0, "canonical_time": "15:00", "solar_azimuth_deg": 271.54425686027565, "solar_elevation_deg": 53.21021702250467, "estimated_height_building_count": 3793, "source_type": "derived", "source_reference": "Cached OSM streets intersected with modelled building shadows", "observed_or_estimated": "ESTIMATED", "modelled_or_interpolated": "MODELLED", "timestamp": "2026-10-09T01:39:38.179956+00:00", "assumptions_version": "2026-10-09-prompt-4b-risk-explainability", "computation_mode": "geometric"}, "geometry": {"type": "LineString", "coordinates": [[75.8558422, 22.721480499999995], [75.8557689, 22.721476899999992], [75.8556659, 22.7214733], [75.8555867, 22.72147040000001], [75.8555245, 22.7214704]]}}, {"id": "458", "type": "Feature", "properties": {"segment_id": "osm-3732908408-2025111331-0", "length_m": 30.286436638687814, "shade_fraction": 0.0, "exposure_fraction": 1.0, "canonical_time": "15:00", "solar_azimuth_deg": 271.54425686027565, "solar_elevation_deg": 53.21021702250467, "estimated_height_building_count": 3793, "source_type": "derived", "source_reference": "Cached OSM streets intersected with modelled building shadows", "observed_or_estimated": "ESTIMATED", "modelled_or_interpolated": "MODELLED", "timestamp": "2026-10-09T01:39:38.179956+00:00", "assumptions_version": "2026-10-09-prompt-4b-risk-explainability", "computation_mode": "geometric"}, "geometry": {"type": "LineString", "coordinates": [[75.8559473, 22.72183099999999], [75.8562349, 22.7217705]]}}, {"id": "459", "type": "Feature", "properties": {"segment_id": "osm-3732908408-3732908410-0", "length_m": 8.972657885078869, "shade_fraction": 0.6066216087558817, "exposure_fraction": 0.39337839124411833, "canonical_time": "15:00", "solar_azimuth_deg": 271.54425686027565, "solar_elevation_deg": 53.21021702250467, "estimated_height_building_count": 3793, "source_type": "derived", "source_reference": "Cached OSM streets intersected with modelled building shadows", "observed_or_estimated": "ESTIMATED", "modelled_or_interpolated": "MODELLED", "timestamp": "2026-10-09T01:39:38.179956+00:00", "assumptions_version": "2026-10-09-prompt-4b-risk-explainability", "computation_mode": "geometric"}, "geometry": {"type": "LineString", "coordinates": [[75.8559473, 22.72183099999999], [75.8559643, 22.721910499999996]]}}, {"id": "460", "type": "Feature", "properties": {"segment_id": "osm-3732908408-3732908392-0", "length_m": 47.1491699001684, "shade_fraction": 0.5939596742992842, "exposure_fraction": 0.4060403257007158, "canonical_time": "15:00", "solar_azimuth_deg": 271.54425686027565, "solar_elevation_deg": 53.21021702250467, "estimated_height_building_count": 3793, "source_type": "derived", "source_reference": "Cached OSM streets intersected with modelled building shadows", "observed_or_estimated": "ESTIMATED", "modelled_or_interpolated": "MODELLED", "timestamp": "2026-10-09T01:39:38.179956+00:00", "assumptions_version": "2026-10-09-prompt-4b-risk-explainability", "computation_mode": "geometric"}, "geometry": {"type": "LineString", "coordinates": [[75.8559473, 22.72183099999999], [75.8558881, 22.7218261], [75.8558547, 22.721817500000004], [75.85584700000001, 22.721792799999992], [75.8558394, 22.721742199999994], [75.8558445, 22.7215821], [75.85584380000002, 22.721521700000007], [75.8558422, 22.721480499999995]]}}, {"id": "461", "type": "Feature", "properties": {"segment_id": "osm-3732908410-3732908408-0", "length_m": 8.972657885078869, "shade_fraction": 0.6066216087558817, "exposure_fraction": 0.39337839124411833, "canonical_time": "15:00", "solar_azimuth_deg": 271.54425686027565, "solar_elevation_deg": 53.21021702250467, "estimated_height_building_count": 3793, "source_type": "derived", "source_reference": "Cached OSM streets intersected with modelled building shadows", "observed_or_estimated": "ESTIMATED", "modelled_or_interpolated": "MODELLED", "timestamp": "2026-10-09T01:39:38.179956+00:00", "assumptions_version": "2026-10-09-prompt-4b-risk-explainability", "computation_mode": "geometric"}, "geometry": {"type": "LineString", "coordinates": [[75.8559643, 22.721910499999996], [75.8559473, 22.72183099999999]]}}, {"id": "462", "type": "Feature", "properties": {"segment_id": "osm-3732908410-3732908422-0", "length_m": 16.993333434664542, "shade_fraction": 0.7210170942242548, "exposure_fraction": 0.27898290577574525, "canonical_time": "15:00", "solar_azimuth_deg": 271.54425686027565, "solar_elevation_deg": 53.21021702250467, "estimated_height_building_count": 3793, "source_type": "derived", "source_reference": "Cached OSM streets intersected with modelled building shadows", "observed_or_estimated": "ESTIMATED", "modelled_or_interpolated": "MODELLED", "timestamp": "2026-10-09T01:39:38.179956+00:00", "assumptions_version": "2026-10-09-prompt-4b-risk-explainability", "computation_mode": "geometric"}, "geometry": {"type": "LineString", "coordinates": [[75.8559643, 22.721910499999996], [75.8559689, 22.721932399999993], [75.8559803, 22.7219765], [75.8560103, 22.722057699999997]]}}, {"id": "463", "type": "Feature", "properties": {"segment_id": "osm-3732908410-3732908417-0", "length_m": 14.956892349918139, "shade_fraction": 0.0, "exposure_fraction": 1.0, "canonical_time": "15:00", "solar_azimuth_deg": 271.54425686027565, "solar_elevation_deg": 53.21021702250467, "estimated_height_building_count": 3793, "source_type": "derived", "source_reference": "Cached OSM streets intersected with modelled building shadows", "observed_or_estimated": "ESTIMATED", "modelled_or_interpolated": "MODELLED", "timestamp": "2026-10-09T01:39:38.179956+00:00", "assumptions_version": "2026-10-09-prompt-4b-risk-explainability", "computation_mode": "geometric"}, "geometry": {"type": "LineString", "coordinates": [[75.8559643, 22.721910499999996], [75.8559226, 22.721915900000003], [75.8558191, 22.7219183]]}}, {"id": "464", "type": "Feature", "properties": {"segment_id": "osm-3732908417-3732908423-0", "length_m": 22.851353859691137, "shade_fraction": 0.8255118209972105, "exposure_fraction": 0.17448817900278946, "canonical_time": "15:00", "solar_azimuth_deg": 271.54425686027565, "solar_elevation_deg": 53.21021702250467, "estimated_height_building_count": 3793, "source_type": "derived", "source_reference": "Cached OSM streets intersected with modelled building shadows", "observed_or_estimated": "ESTIMATED", "modelled_or_interpolated": "MODELLED", "timestamp": "2026-10-09T01:39:38.179956+00:00", "assumptions_version": "2026-10-09-prompt-4b-risk-explainability", "computation_mode": "geometric"}, "geometry": {"type": "LineString", "coordinates": [[75.8558191, 22.7219183], [75.855846, 22.722123199999988]]}}, {"id": "465", "type": "Feature", "properties": {"segment_id": "osm-3732908417-3732908418-0", "length_m": 17.141929324852654, "shade_fraction": 0.05148296039757024, "exposure_fraction": 0.9485170396024297, "canonical_time": "15:00", "solar_azimuth_deg": 271.54425686027565, "solar_elevation_deg": 53.21021702250467, "estimated_height_building_count": 3793, "source_type": "derived", "source_reference": "Cached OSM streets intersected with modelled building shadows", "observed_or_estimated": "ESTIMATED", "modelled_or_interpolated": "MODELLED", "timestamp": "2026-10-09T01:39:38.179956+00:00", "assumptions_version": "2026-10-09-prompt-4b-risk-explainability", "computation_mode": "geometric"}, "geometry": {"type": "LineString", "coordinates": [[75.8558191, 22.7219183], [75.8556522, 22.7219202]]}}, {"id": "466", "type": "Feature", "properties": {"segment_id": "osm-3732908417-3732908410-0", "length_m": 14.956892349918139, "shade_fraction": 0.0, "exposure_fraction": 1.0, "canonical_time": "15:00", "solar_azimuth_deg": 271.54425686027565, "solar_elevation_deg": 53.21021702250467, "estimated_height_building_count": 3793, "source_type": "derived", "source_reference": "Cached OSM streets intersected with modelled building shadows", "observed_or_estimated": "ESTIMATED", "modelled_or_interpolated": "MODELLED", "timestamp": "2026-10-09T01:39:38.179956+00:00", "assumptions_version": "2026-10-09-prompt-4b-risk-explainability", "computation_mode": "geometric"}, "geometry": {"type": "LineString", "coordinates": [[75.8558191, 22.7219183], [75.8559226, 22.721915900000003], [75.8559643, 22.721910499999996]]}}, {"id": "467", "type": "Feature", "properties": {"segment_id": "osm-3732908418-3732908417-0", "length_m": 17.141929324852654, "shade_fraction": 0.05148296039757024, "exposure_fraction": 0.9485170396024297, "canonical_time": "15:00", "solar_azimuth_deg": 271.54425686027565, "solar_elevation_deg": 53.21021702250467, "estimated_height_building_count": 3793, "source_type": "derived", "source_reference": "Cached OSM streets intersected with modelled building shadows", "observed_or_estimated": "ESTIMATED", "modelled_or_interpolated": "MODELLED", "timestamp": "2026-10-09T01:39:38.179956+00:00", "assumptions_version": "2026-10-09-prompt-4b-risk-explainability", "computation_mode": "geometric"}, "geometry": {"type": "LineString", "coordinates": [[75.8556522, 22.7219202], [75.8558191, 22.7219183]]}}, {"id": "468", "type": "Feature", "properties": {"segment_id": "osm-3732908418-3732908424-0", "length_m": 24.138370544817608, "shade_fraction": 0.8644230817736017, "exposure_fraction": 0.13557691822639828, "canonical_time": "15:00", "solar_azimuth_deg": 271.54425686027565, "solar_elevation_deg": 53.21021702250467, "estimated_height_building_count": 3793, "source_type": "derived", "source_reference": "Cached OSM streets intersected with modelled building shadows", "observed_or_estimated": "ESTIMATED", "modelled_or_interpolated": "MODELLED", "timestamp": "2026-10-09T01:39:38.179956+00:00", "assumptions_version": "2026-10-09-prompt-4b-risk-explainability", "computation_mode": "geometric"}, "geometry": {"type": "LineString", "coordinates": [[75.8556522, 22.7219202], [75.855652, 22.7219706], [75.8556801, 22.722136199999998]]}}, {"id": "469", "type": "Feature", "properties": {"segment_id": "osm-3732908418-8460393393-0", "length_m": 11.473966943996441, "shade_fraction": 0.08266016038448408, "exposure_fraction": 0.9173398396155159, "canonical_time": "15:00", "solar_azimuth_deg": 271.54425686027565, "solar_elevation_deg": 53.21021702250467, "estimated_height_building_count": 3793, "source_type": "derived", "source_reference": "Cached OSM streets intersected with modelled building shadows", "observed_or_estimated": "ESTIMATED", "modelled_or_interpolated": "MODELLED", "timestamp": "2026-10-09T01:39:38.179956+00:00", "assumptions_version": "2026-10-09-prompt-4b-risk-explainability", "computation_mode": "geometric"}, "geometry": {"type": "LineString", "coordinates": [[75.8556522, 22.7219202], [75.8556081, 22.721903600000008], [75.8555798, 22.721897399999996], [75.8555451, 22.721892799999996]]}}, {"id": "470", "type": "Feature", "properties": {"segment_id": "osm-3732908422-2025111351-0", "length_m": 33.681667064540626, "shade_fraction": 0.0, "exposure_fraction": 1.0, "canonical_time": "15:00", "solar_azimuth_deg": 271.54425686027565, "solar_elevation_deg": 53.21021702250467, "estimated_height_building_count": 3793, "source_type": "derived", "source_reference": "Cached OSM streets intersected with modelled building shadows", "observed_or_estimated": "ESTIMATED", "modelled_or_interpolated": "MODELLED", "timestamp": "2026-10-09T01:39:38.179956+00:00", "assumptions_version": "2026-10-09-prompt-4b-risk-explainability", "computation_mode": "geometric"}, "geometry": {"type": "LineString", "coordinates": [[75.8560103, 22.722057699999997], [75.8561927, 22.72196], [75.8562831, 22.721890599999988]]}}, {"id": "471", "type": "Feature", "properties": {"segment_id": "osm-3732908422-3732908423-0", "length_m": 18.504686757797813, "shade_fraction": 0.0, "exposure_fraction": 1.0, "canonical_time": "15:00", "solar_azimuth_deg": 271.54425686027565, "solar_elevation_deg": 53.21021702250467, "estimated_height_building_count": 3793, "source_type": "derived", "source_reference": "Cached OSM streets intersected with modelled building shadows", "observed_or_estimated": "ESTIMATED", "modelled_or_interpolated": "MODELLED", "timestamp": "2026-10-09T01:39:38.179956+00:00", "assumptions_version": "2026-10-09-prompt-4b-risk-explainability", "computation_mode": "geometric"}, "geometry": {"type": "LineString", "coordinates": [[75.8560103, 22.722057699999997], [75.8559356, 22.7220986], [75.855846, 22.722123199999988]]}}, {"id": "472", "type": "Feature", "properties": {"segment_id": "osm-3732908422-3732908410-0", "length_m": 16.993333434664542, "shade_fraction": 0.7210170942242548, "exposure_fraction": 0.27898290577574525, "canonical_time": "15:00", "solar_azimuth_deg": 271.54425686027565, "solar_elevation_deg": 53.21021702250467, "estimated_height_building_count": 3793, "source_type": "derived", "source_reference": "Cached OSM streets intersected with modelled building shadows", "observed_or_estimated": "ESTIMATED", "modelled_or_interpolated": "MODELLED", "timestamp": "2026-10-09T01:39:38.179956+00:00", "assumptions_version": "2026-10-09-prompt-4b-risk-explainability", "computation_mode": "geometric"}, "geometry": {"type": "LineString", "coordinates": [[75.8560103, 22.722057699999997], [75.8559803, 22.7219765], [75.8559689, 22.721932399999993], [75.8559643, 22.721910499999996]]}}, {"id": "473", "type": "Feature", "properties": {"segment_id": "osm-3732908423-3732908424-0", "length_m": 17.098588235490052, "shade_fraction": 0.0, "exposure_fraction": 1.0, "canonical_time": "15:00", "solar_azimuth_deg": 271.54425686027565, "solar_elevation_deg": 53.21021702250467, "estimated_height_building_count": 3793, "source_type": "derived", "source_reference": "Cached OSM streets intersected with modelled building shadows", "observed_or_estimated": "ESTIMATED", "modelled_or_interpolated": "MODELLED", "timestamp": "2026-10-09T01:39:38.179956+00:00", "assumptions_version": "2026-10-09-prompt-4b-risk-explainability", "computation_mode": "geometric"}, "geometry": {"type": "LineString", "coordinates": [[75.855846, 22.722123199999988], [75.8556801, 22.722136199999998]]}}, {"id": "474", "type": "Feature", "properties": {"segment_id": "osm-3732908423-3732908417-0", "length_m": 22.851353859691137, "shade_fraction": 0.8255118209972105, "exposure_fraction": 0.17448817900278946, "canonical_time": "15:00", "solar_azimuth_deg": 271.54425686027565, "solar_elevation_deg": 53.21021702250467, "estimated_height_building_count": 3793, "source_type": "derived", "source_reference": "Cached OSM streets intersected with modelled building shadows", "observed_or_estimated": "ESTIMATED", "modelled_or_interpolated": "MODELLED", "timestamp": "2026-10-09T01:39:38.179956+00:00", "assumptions_version": "2026-10-09-prompt-4b-risk-explainability", "computation_mode": "geometric"}, "geometry": {"type": "LineString", "coordinates": [[75.855846, 22.722123199999988], [75.8558191, 22.7219183]]}}, {"id": "475", "type": "Feature", "properties": {"segment_id": "osm-3732908423-3732908422-0", "length_m": 18.504686757797813, "shade_fraction": 0.0, "exposure_fraction": 1.0, "canonical_time": "15:00", "solar_azimuth_deg": 271.54425686027565, "solar_elevation_deg": 53.21021702250467, "estimated_height_building_count": 3793, "source_type": "derived", "source_reference": "Cached OSM streets intersected with modelled building shadows", "observed_or_estimated": "ESTIMATED", "modelled_or_interpolated": "MODELLED", "timestamp": "2026-10-09T01:39:38.179956+00:00", "assumptions_version": "2026-10-09-prompt-4b-risk-explainability", "computation_mode": "geometric"}, "geometry": {"type": "LineString", "coordinates": [[75.855846, 22.722123199999988], [75.8559356, 22.7220986], [75.8560103, 22.722057699999997]]}}, {"id": "476", "type": "Feature", "properties": {"segment_id": "osm-3732908424-3732908423-0", "length_m": 17.098588235490052, "shade_fraction": 0.0, "exposure_fraction": 1.0, "canonical_time": "15:00", "solar_azimuth_deg": 271.54425686027565, "solar_elevation_deg": 53.21021702250467, "estimated_height_building_count": 3793, "source_type": "derived", "source_reference": "Cached OSM streets intersected with modelled building shadows", "observed_or_estimated": "ESTIMATED", "modelled_or_interpolated": "MODELLED", "timestamp": "2026-10-09T01:39:38.179956+00:00", "assumptions_version": "2026-10-09-prompt-4b-risk-explainability", "computation_mode": "geometric"}, "geometry": {"type": "LineString", "coordinates": [[75.8556801, 22.722136199999998], [75.855846, 22.722123199999988]]}}, {"id": "477", "type": "Feature", "properties": {"segment_id": "osm-3732908424-2025111381-0", "length_m": 3.938856407509762, "shade_fraction": 0.0, "exposure_fraction": 1.0, "canonical_time": "15:00", "solar_azimuth_deg": 271.54425686027565, "solar_elevation_deg": 53.21021702250467, "estimated_height_building_count": 3793, "source_type": "derived", "source_reference": "Cached OSM streets intersected with modelled building shadows", "observed_or_estimated": "ESTIMATED", "modelled_or_interpolated": "MODELLED", "timestamp": "2026-10-09T01:39:38.179956+00:00", "assumptions_version": "2026-10-09-prompt-4b-risk-explainability", "computation_mode": "geometric"}, "geometry": {"type": "LineString", "coordinates": [[75.8556801, 22.722136199999998], [75.8556609, 22.722167]]}}, {"id": "478", "type": "Feature", "properties": {"segment_id": "osm-3732908424-3732908418-0", "length_m": 24.138370544817608, "shade_fraction": 0.8644230817736017, "exposure_fraction": 0.13557691822639828, "canonical_time": "15:00", "solar_azimuth_deg": 271.54425686027565, "solar_elevation_deg": 53.21021702250467, "estimated_height_building_count": 3793, "source_type": "derived", "source_reference": "Cached OSM streets intersected with modelled building shadows", "observed_or_estimated": "ESTIMATED", "modelled_or_interpolated": "MODELLED", "timestamp": "2026-10-09T01:39:38.179956+00:00", "assumptions_version": "2026-10-09-prompt-4b-risk-explainability", "computation_mode": "geometric"}, "geometry": {"type": "LineString", "coordinates": [[75.8556801, 22.722136199999998], [75.855652, 22.7219706], [75.8556522, 22.7219202]]}}, {"id": "479", "type": "Feature", "properties": {"segment_id": "osm-3732996655-2025111270-0", "length_m": 4.657242164658771, "shade_fraction": 0.0, "exposure_fraction": 1.0, "canonical_time": "15:00", "solar_azimuth_deg": 271.54425686027565, "solar_elevation_deg": 53.21021702250467, "estimated_height_building_count": 3793, "source_type": "derived", "source_reference": "Cached OSM streets intersected with modelled building shadows", "observed_or_estimated": "ESTIMATED", "modelled_or_interpolated": "MODELLED", "timestamp": "2026-10-09T01:39:38.179956+00:00", "assumptions_version": "2026-10-09-prompt-4b-risk-explainability", "computation_mode": "geometric"}, "geometry": {"type": "LineString", "coordinates": [[75.8555244, 22.721199700000003], [75.8555694, 22.7212049]]}}, {"id": "480", "type": "Feature", "properties": {"segment_id": "osm-3732996655-8478005593-0", "length_m": 19.570918173793373, "shade_fraction": 0.0, "exposure_fraction": 1.0, "canonical_time": "15:00", "solar_azimuth_deg": 271.54425686027565, "solar_elevation_deg": 53.21021702250467, "estimated_height_building_count": 3793, "source_type": "derived", "source_reference": "Cached OSM streets intersected with modelled building shadows", "observed_or_estimated": "ESTIMATED", "modelled_or_interpolated": "MODELLED", "timestamp": "2026-10-09T01:39:38.179956+00:00", "assumptions_version": "2026-10-09-prompt-4b-risk-explainability", "computation_mode": "geometric"}, "geometry": {"type": "LineString", "coordinates": [[75.8555244, 22.721199700000003], [75.855335, 22.7211802]]}}, {"id": "481", "type": "Feature", "properties": {"segment_id": "osm-3732996655-3732908390-0", "length_m": 29.968223419551283, "shade_fraction": 0.7626546811997003, "exposure_fraction": 0.23734531880029974, "canonical_time": "15:00", "solar_azimuth_deg": 271.54425686027565, "solar_elevation_deg": 53.21021702250467, "estimated_height_building_count": 3793, "source_type": "derived", "source_reference": "Cached OSM streets intersected with modelled building shadows", "observed_or_estimated": "ESTIMATED", "modelled_or_interpolated": "MODELLED", "timestamp": "2026-10-09T01:39:38.179956+00:00", "assumptions_version": "2026-10-09-prompt-4b-risk-explainability", "computation_mode": "geometric"}, "geometry": {"type": "LineString", "coordinates": [[75.8555244, 22.721199700000003], [75.8555245, 22.7214704]]}}, {"id": "482", "type": "Feature", "properties": {"segment_id": "osm-3732996657-3732996660-0", "length_m": 58.689847836444585, "shade_fraction": 0.4516519610919955, "exposure_fraction": 0.5483480389080044, "canonical_time": "15:00", "solar_azimuth_deg": 271.54425686027565, "solar_elevation_deg": 53.21021702250467, "estimated_height_building_count": 3793, "source_type": "derived", "source_reference": "Cached OSM streets intersected with modelled building shadows", "observed_or_estimated": "ESTIMATED", "modelled_or_interpolated": "MODELLED", "timestamp": "2026-10-09T01:39:38.179956+00:00", "assumptions_version": "2026-10-09-prompt-4b-risk-explainability", "computation_mode": "geometric"}, "geometry": {"type": "LineString", "coordinates": [[75.8571019, 22.7215628], [75.8571133, 22.721727299999994], [75.857116, 22.7217658], [75.85712450000001, 22.7218636], [75.8570686, 22.721861099999995], [75.8570369, 22.72186269999999], [75.8568782, 22.721861000000004]]}}, {"id": "483", "type": "Feature", "properties": {"segment_id": "osm-3732996657-8460393386-0", "length_m": 36.06676300532204, "shade_fraction": 0.0, "exposure_fraction": 1.0, "canonical_time": "15:00", "solar_azimuth_deg": 271.54425686027565, "solar_elevation_deg": 53.21021702250467, "estimated_height_building_count": 3793, "source_type": "derived", "source_reference": "Cached OSM streets intersected with modelled building shadows", "observed_or_estimated": "ESTIMATED", "modelled_or_interpolated": "MODELLED", "timestamp": "2026-10-09T01:39:38.179956+00:00", "assumptions_version": "2026-10-09-prompt-4b-risk-explainability", "computation_mode": "geometric"}, "geometry": {"type": "LineString", "coordinates": [[75.8571019, 22.7215628], [75.8570274, 22.721557099999995], [75.8568581, 22.7215488], [75.85679820000001, 22.7215206], [75.8567592, 22.7215136]]}}, {"id": "484", "type": "Feature", "properties": {"segment_id": "osm-3732996657-2025111317-0", "length_m": 54.21188010844449, "shade_fraction": 0.0, "exposure_fraction": 1.0, "canonical_time": "15:00", "solar_azimuth_deg": 271.54425686027565, "solar_elevation_deg": 53.21021702250467, "estimated_height_building_count": 3793, "source_type": "derived", "source_reference": "Cached OSM streets intersected with modelled building shadows", "observed_or_estimated": "ESTIMATED", "modelled_or_interpolated": "MODELLED", "timestamp": "2026-10-09T01:39:38.179956+00:00", "assumptions_version": "2026-10-09-prompt-4b-risk-explainability", "computation_mode": "geometric"}, "geometry": {"type": "LineString", "coordinates": [[75.8571019, 22.7215628], [75.8572866, 22.721574599999993], [75.8574234, 22.721593199999997], [75.8576271, 22.721609600000004]]}}, {"id": "485", "type": "Feature", "properties": {"segment_id": "osm-3732996660-6617250816-0", "length_m": 33.90284523961031, "shade_fraction": 0.0, "exposure_fraction": 1.0, "canonical_time": "15:00", "solar_azimuth_deg": 271.54425686027565, "solar_elevation_deg": 53.21021702250467, "estimated_height_building_count": 3793, "source_type": "derived", "source_reference": "Cached OSM streets intersected with modelled building shadows", "observed_or_estimated": "ESTIMATED", "modelled_or_interpolated": "MODELLED", "timestamp": "2026-10-09T01:39:38.179956+00:00", "assumptions_version": "2026-10-09-prompt-4b-risk-explainability", "computation_mode": "geometric"}, "geometry": {"type": "LineString", "coordinates": [[75.8568782, 22.721861000000004], [75.8569364, 22.7219917], [75.8570003, 22.7221455]]}}, {"id": "486", "type": "Feature", "properties": {"segment_id": "osm-3732996660-2025111313-0", "length_m": 35.803684307767675, "shade_fraction": 0.0, "exposure_fraction": 1.0, "canonical_time": "15:00", "solar_azimuth_deg": 271.54425686027565, "solar_elevation_deg": 53.21021702250467, "estimated_height_building_count": 3793, "source_type": "derived", "source_reference": "Cached OSM streets intersected with modelled building shadows", "observed_or_estimated": "ESTIMATED", "modelled_or_interpolated": "MODELLED", "timestamp": "2026-10-09T01:39:38.179956+00:00", "assumptions_version": "2026-10-09-prompt-4b-risk-explainability", "computation_mode": "geometric"}, "geometry": {"type": "LineString", "coordinates": [[75.8568782, 22.721861000000004], [75.8568186, 22.7217275], [75.8567096, 22.72157989999999]]}}, {"id": "487", "type": "Feature", "properties": {"segment_id": "osm-3732996660-3732996657-0", "length_m": 58.689847836444585, "shade_fraction": 0.4516519610919955, "exposure_fraction": 0.5483480389080044, "canonical_time": "15:00", "solar_azimuth_deg": 271.54425686027565, "solar_elevation_deg": 53.21021702250467, "estimated_height_building_count": 3793, "source_type": "derived", "source_reference": "Cached OSM streets intersected with modelled building shadows", "observed_or_estimated": "ESTIMATED", "modelled_or_interpolated": "MODELLED", "timestamp": "2026-10-09T01:39:38.179956+00:00", "assumptions_version": "2026-10-09-prompt-4b-risk-explainability", "computation_mode": "geometric"}, "geometry": {"type": "LineString", "coordinates": [[75.8568782, 22.721861000000004], [75.8570369, 22.72186269999999], [75.8570686, 22.721861099999995], [75.85712450000001, 22.7218636], [75.857116, 22.7217658], [75.8571133, 22.721727299999994], [75.8571019, 22.7215628]]}}, {"id": "488", "type": "Feature", "properties": {"segment_id": "osm-3732996662-6617250816-0", "length_m": 16.543237704136253, "shade_fraction": 0.0, "exposure_fraction": 1.0, "canonical_time": "15:00", "solar_azimuth_deg": 271.54425686027565, "solar_elevation_deg": 53.21021702250467, "estimated_height_building_count": 3793, "source_type": "derived", "source_reference": "Cached OSM streets intersected with modelled building shadows", "observed_or_estimated": "ESTIMATED", "modelled_or_interpolated": "MODELLED", "timestamp": "2026-10-09T01:39:38.179956+00:00", "assumptions_version": "2026-10-09-prompt-4b-risk-explainability", "computation_mode": "geometric"}, "geometry": {"type": "LineString", "coordinates": [[75.8571598, 22.7221664], [75.8570003, 22.7221455]]}}, {"id": "489", "type": "Feature", "properties": {"segment_id": "osm-3734463375-3734463409-0", "length_m": 126.69158148728829, "shade_fraction": 0.5593883038283233, "exposure_fraction": 0.4406116961716767, "canonical_time": "15:00", "solar_azimuth_deg": 271.54425686027565, "solar_elevation_deg": 53.21021702250467, "estimated_height_building_count": 3793, "source_type": "derived", "source_reference": "Cached OSM streets intersected with modelled building shadows", "observed_or_estimated": "ESTIMATED", "modelled_or_interpolated": "MODELLED", "timestamp": "2026-10-09T01:39:38.179956+00:00", "assumptions_version": "2026-10-09-prompt-4b-risk-explainability", "computation_mode": "geometric"}, "geometry": {"type": "LineString", "coordinates": [[75.8547878, 22.719950599999994], [75.8547398, 22.72009449999999], [75.8546996, 22.72021929999999], [75.8546393, 22.7202662], [75.8545926, 22.720430799999992], [75.8545335, 22.720587399999996], [75.8545162, 22.720701], [75.8545028, 22.720826999999993], [75.8545176, 22.721039599999994]]}}, {"id": "490", "type": "Feature", "properties": {"segment_id": "osm-3734463375-3734496854-0", "length_m": 46.73267330197824, "shade_fraction": 0.0, "exposure_fraction": 1.0, "canonical_time": "15:00", "solar_azimuth_deg": 271.54425686027565, "solar_elevation_deg": 53.21021702250467, "estimated_height_building_count": 3793, "source_type": "derived", "source_reference": "Cached OSM streets intersected with modelled building shadows", "observed_or_estimated": "ESTIMATED", "modelled_or_interpolated": "MODELLED", "timestamp": "2026-10-09T01:39:38.179956+00:00", "assumptions_version": "2026-10-09-prompt-4b-risk-explainability", "computation_mode": "geometric"}, "geometry": {"type": "LineString", "coordinates": [[75.8547878, 22.719950599999994], [75.8549508, 22.719938399999993], [75.8551462, 22.719970000000004], [75.855238, 22.719984699999998]]}}, {"id": "491", "type": "Feature", "properties": {"segment_id": "osm-3734463375-3734496853-0", "length_m": 60.229128374837714, "shade_fraction": 0.0, "exposure_fraction": 1.0, "canonical_time": "15:00", "solar_azimuth_deg": 271.54425686027565, "solar_elevation_deg": 53.21021702250467, "estimated_height_building_count": 3793, "source_type": "derived", "source_reference": "Cached OSM streets intersected with modelled building shadows", "observed_or_estimated": "ESTIMATED", "modelled_or_interpolated": "MODELLED", "timestamp": "2026-10-09T01:39:38.179956+00:00", "assumptions_version": "2026-10-09-prompt-4b-risk-explainability", "computation_mode": "geometric"}, "geometry": {"type": "LineString", "coordinates": [[75.8547878, 22.719950599999994], [75.8545804, 22.7199469], [75.8542777, 22.7199556], [75.8542055, 22.719978100000002]]}}, {"id": "492", "type": "Feature", "properties": {"segment_id": "osm-3734463378-3734496853-0", "length_m": 5.025128994276172, "shade_fraction": 0.0, "exposure_fraction": 1.0, "canonical_time": "15:00", "solar_azimuth_deg": 271.54425686027565, "solar_elevation_deg": 53.21021702250467, "estimated_height_building_count": 3793, "source_type": "derived", "source_reference": "Cached OSM streets intersected with modelled building shadows", "observed_or_estimated": "ESTIMATED", "modelled_or_interpolated": "MODELLED", "timestamp": "2026-10-09T01:39:38.179956+00:00", "assumptions_version": "2026-10-09-prompt-4b-risk-explainability", "computation_mode": "geometric"}, "geometry": {"type": "LineString", "coordinates": [[75.8541567, 22.719981399999988], [75.8542055, 22.719978100000002]]}}, {"id": "493", "type": "Feature", "properties": {"segment_id": "osm-3734463378-3665539311-0", "length_m": 119.13099281839894, "shade_fraction": 0.3299721207294372, "exposure_fraction": 0.6700278792705627, "canonical_time": "15:00", "solar_azimuth_deg": 271.54425686027565, "solar_elevation_deg": 53.21021702250467, "estimated_height_building_count": 3793, "source_type": "derived", "source_reference": "Cached OSM streets intersected with modelled building shadows", "observed_or_estimated": "ESTIMATED", "modelled_or_interpolated": "MODELLED", "timestamp": "2026-10-09T01:39:38.179956+00:00", "assumptions_version": "2026-10-09-prompt-4b-risk-explainability", "computation_mode": "geometric"}, "geometry": {"type": "LineString", "coordinates": [[75.8541567, 22.719981399999988], [75.8542192, 22.72045569999999], [75.8542473, 22.7210534]]}}, {"id": "494", "type": "Feature", "properties": {"segment_id": "osm-3734463378-3734463385-0", "length_m": 187.1733935782785, "shade_fraction": 0.0, "exposure_fraction": 1.0, "canonical_time": "15:00", "solar_azimuth_deg": 271.54425686027565, "solar_elevation_deg": 53.21021702250467, "estimated_height_building_count": 3793, "source_type": "derived", "source_reference": "Cached OSM streets intersected with modelled building shadows", "observed_or_estimated": "ESTIMATED", "modelled_or_interpolated": "MODELLED", "timestamp": "2026-10-09T01:39:38.179956+00:00", "assumptions_version": "2026-10-09-prompt-4b-risk-explainability", "computation_mode": "geometric"}, "geometry": {"type": "LineString", "coordinates": [[75.8541567, 22.719981399999988], [75.853621, 22.720125399999997], [75.8531665, 22.720219800000006], [75.8530006, 22.72026039999999], [75.8526816, 22.7203172], [75.8523801, 22.720341300000005]]}}, {"id": "495", "type": "Feature", "properties": {"segment_id": "osm-3734463385-3734496860-0", "length_m": 35.014281799277356, "shade_fraction": 0.18241398871767867, "exposure_fraction": 0.8175860112823213, "canonical_time": "15:00", "solar_azimuth_deg": 271.54425686027565, "solar_elevation_deg": 53.21021702250467, "estimated_height_building_count": 3793, "source_type": "derived", "source_reference": "Cached OSM streets intersected with modelled building shadows", "observed_or_estimated": "ESTIMATED", "modelled_or_interpolated": "MODELLED", "timestamp": "2026-10-09T01:39:38.179956+00:00", "assumptions_version": "2026-10-09-prompt-4b-risk-explainability", "computation_mode": "geometric"}, "geometry": {"type": "LineString", "coordinates": [[75.8523801, 22.720341300000005], [75.85231870000001, 22.720315399999997], [75.8522449, 22.720274899999996], [75.8521824, 22.720194099999993], [75.852151, 22.7201253]]}}, {"id": "496", "type": "Feature", "properties": {"segment_id": "osm-3734463385-3734463378-0", "length_m": 187.17339357827854, "shade_fraction": 0.0, "exposure_fraction": 1.0, "canonical_time": "15:00", "solar_azimuth_deg": 271.54425686027565, "solar_elevation_deg": 53.21021702250467, "estimated_height_building_count": 3793, "source_type": "derived", "source_reference": "Cached OSM streets intersected with modelled building shadows", "observed_or_estimated": "ESTIMATED", "modelled_or_interpolated": "MODELLED", "timestamp": "2026-10-09T01:39:38.179956+00:00", "assumptions_version": "2026-10-09-prompt-4b-risk-explainability", "computation_mode": "geometric"}, "geometry": {"type": "LineString", "coordinates": [[75.8523801, 22.720341300000005], [75.8526816, 22.7203172], [75.8530006, 22.72026039999999], [75.8531665, 22.720219800000006], [75.853621, 22.720125399999997], [75.8541567, 22.719981399999988]]}}, {"id": "497", "type": "Feature", "properties": {"segment_id": "osm-3734463385-3734463404-0", "length_m": 75.85764608020915, "shade_fraction": 0.5983530643202428, "exposure_fraction": 0.4016469356797572, "canonical_time": "15:00", "solar_azimuth_deg": 271.54425686027565, "solar_elevation_deg": 53.21021702250467, "estimated_height_building_count": 3793, "source_type": "derived", "source_reference": "Cached OSM streets intersected with modelled building shadows", "observed_or_estimated": "ESTIMATED", "modelled_or_interpolated": "MODELLED", "timestamp": "2026-10-09T01:39:38.179956+00:00", "assumptions_version": "2026-10-09-prompt-4b-risk-explainability", "computation_mode": "geometric"}, "geometry": {"type": "LineString", "coordinates": [[75.8523801, 22.720341300000005], [75.8523725, 22.7203675], [75.852376, 22.720744299999996], [75.8523988, 22.720848699999998], [75.852423, 22.721022]]}}, {"id": "498", "type": "Feature", "properties": {"segment_id": "osm-3734463399-3665539304-0", "length_m": 28.063740419087274, "shade_fraction": 0.0, "exposure_fraction": 1.0, "canonical_time": "15:00", "solar_azimuth_deg": 271.54425686027565, "solar_elevation_deg": 53.21021702250467, "estimated_height_building_count": 3793, "source_type": "derived", "source_reference": "Cached OSM streets intersected with modelled building shadows", "observed_or_estimated": "ESTIMATED", "modelled_or_interpolated": "MODELLED", "timestamp": "2026-10-09T01:39:38.179956+00:00", "assumptions_version": "2026-10-09-prompt-4b-risk-explainability", "computation_mode": "geometric"}, "geometry": {"type": "LineString", "coordinates": [[75.8511041, 22.720814], [75.8508353, 22.720859600000008]]}}, {"id": "499", "type": "Feature", "properties": {"segment_id": "osm-3734463399-3665539301-0", "length_m": 26.866229984453852, "shade_fraction": 0.0, "exposure_fraction": 1.0, "canonical_time": "15:00", "solar_azimuth_deg": 271.54425686027565, "solar_elevation_deg": 53.21021702250467, "estimated_height_building_count": 3793, "source_type": "derived", "source_reference": "Cached OSM streets intersected with modelled building shadows", "observed_or_estimated": "ESTIMATED", "modelled_or_interpolated": "MODELLED", "timestamp": "2026-10-09T01:39:38.179956+00:00", "assumptions_version": "2026-10-09-prompt-4b-risk-explainability", "computation_mode": "geometric"}, "geometry": {"type": "LineString", "coordinates": [[75.8511041, 22.720814], [75.8512252, 22.7207894], [75.85136190000001, 22.72077459999999]]}}, {"id": "500", "type": "Feature", "properties": {"segment_id": "osm-3734463399-8460931654-0", "length_m": 105.40362433190975, "shade_fraction": 0.4986060122205591, "exposure_fraction": 0.5013939877794409, "canonical_time": "15:00", "solar_azimuth_deg": 271.54425686027565, "solar_elevation_deg": 53.21021702250467, "estimated_height_building_count": 3793, "source_type": "derived", "source_reference": "Cached OSM streets intersected with modelled building shadows", "observed_or_estimated": "ESTIMATED", "modelled_or_interpolated": "MODELLED", "timestamp": "2026-10-09T01:39:38.179956+00:00", "assumptions_version": "2026-10-09-prompt-4b-risk-explainability", "computation_mode": "geometric"}, "geometry": {"type": "LineString", "coordinates": [[75.8511041, 22.720814], [75.8510148, 22.719905300000008], [75.8510113, 22.719865799999994]]}}, {"id": "501", "type": "Feature", "properties": {"segment_id": "osm-3734463402-3665539324-0", "length_m": 78.47565759744808, "shade_fraction": 0.0, "exposure_fraction": 1.0, "canonical_time": "15:00", "solar_azimuth_deg": 271.54425686027565, "solar_elevation_deg": 53.21021702250467, "estimated_height_building_count": 3793, "source_type": "derived", "source_reference": "Cached OSM streets intersected with modelled building shadows", "observed_or_estimated": "ESTIMATED", "modelled_or_interpolated": "MODELLED", "timestamp": "2026-10-09T01:39:38.179956+00:00", "assumptions_version": "2026-10-09-prompt-4b-risk-explainability", "computation_mode": "geometric"}, "geometry": {"type": "LineString", "coordinates": [[75.8501542, 22.720955399999998], [75.8501587, 22.720989599999996], [75.8501868, 22.721194799999992], [75.8502041, 22.7214279], [75.8502063, 22.721661799999993]]}}, {"id": "502", "type": "Feature", "properties": {"segment_id": "osm-3734463403-3665539295-0", "length_m": 31.200780996414807, "shade_fraction": 0.022131368787265022, "exposure_fraction": 0.9778686312127349, "canonical_time": "15:00", "solar_azimuth_deg": 271.54425686027565, "solar_elevation_deg": 53.21021702250467, "estimated_height_building_count": 3793, "source_type": "derived", "source_reference": "Cached OSM streets intersected with modelled building shadows", "observed_or_estimated": "ESTIMATED", "modelled_or_interpolated": "MODELLED", "timestamp": "2026-10-09T01:39:38.179956+00:00", "assumptions_version": "2026-10-09-prompt-4b-risk-explainability", "computation_mode": "geometric"}, "geometry": {"type": "LineString", "coordinates": [[75.85272460000002, 22.72095879999999], [75.8527592, 22.720678799999995]]}}, {"id": "503", "type": "Feature", "properties": {"segment_id": "osm-3734463403-3665539322-0", "length_m": 55.11256713808747, "shade_fraction": 0.0, "exposure_fraction": 1.0, "canonical_time": "15:00", "solar_azimuth_deg": 271.54425686027565, "solar_elevation_deg": 53.21021702250467, "estimated_height_building_count": 3793, "source_type": "derived", "source_reference": "Cached OSM streets intersected with modelled building shadows", "observed_or_estimated": "ESTIMATED", "modelled_or_interpolated": "MODELLED", "timestamp": "2026-10-09T01:39:38.179956+00:00", "assumptions_version": "2026-10-09-prompt-4b-risk-explainability", "computation_mode": "geometric"}, "geometry": {"type": "LineString", "coordinates": [[75.85272460000002, 22.72095879999999], [75.8526636, 22.7214534]]}}, {"id": "504", "type": "Feature", "properties": {"segment_id": "osm-3734463403-3734463404-0", "length_m": 31.754905865464636, "shade_fraction": 0.0, "exposure_fraction": 1.0, "canonical_time": "15:00", "solar_azimuth_deg": 271.54425686027565, "solar_elevation_deg": 53.21021702250467, "estimated_height_building_count": 3793, "source_type": "derived", "source_reference": "Cached OSM streets intersected with modelled building shadows", "observed_or_estimated": "ESTIMATED", "modelled_or_interpolated": "MODELLED", "timestamp": "2026-10-09T01:39:38.179956+00:00", "assumptions_version": "2026-10-09-prompt-4b-risk-explainability", "computation_mode": "geometric"}, "geometry": {"type": "LineString", "coordinates": [[75.85272460000002, 22.72095879999999], [75.852423, 22.721022]]}}, {"id": "505", "type": "Feature", "properties": {"segment_id": "osm-3734463404-3734463403-0", "length_m": 31.754905865464636, "shade_fraction": 0.0, "exposure_fraction": 1.0, "canonical_time": "15:00", "solar_azimuth_deg": 271.54425686027565, "solar_elevation_deg": 53.21021702250467, "estimated_height_building_count": 3793, "source_type": "derived", "source_reference": "Cached OSM streets intersected with modelled building shadows", "observed_or_estimated": "ESTIMATED", "modelled_or_interpolated": "MODELLED", "timestamp": "2026-10-09T01:39:38.179956+00:00", "assumptions_version": "2026-10-09-prompt-4b-risk-explainability", "computation_mode": "geometric"}, "geometry": {"type": "LineString", "coordinates": [[75.852423, 22.721022], [75.85272460000002, 22.72095879999999]]}}, {"id": "506", "type": "Feature", "properties": {"segment_id": "osm-3734463404-3734463407-0", "length_m": 60.40726815518795, "shade_fraction": 0.0, "exposure_fraction": 1.0, "canonical_time": "15:00", "solar_azimuth_deg": 271.54425686027565, "solar_elevation_deg": 53.21021702250467, "estimated_height_building_count": 3793, "source_type": "derived", "source_reference": "Cached OSM streets intersected with modelled building shadows", "observed_or_estimated": "ESTIMATED", "modelled_or_interpolated": "MODELLED", "timestamp": "2026-10-09T01:39:38.179956+00:00", "assumptions_version": "2026-10-09-prompt-4b-risk-explainability", "computation_mode": "geometric"}, "geometry": {"type": "LineString", "coordinates": [[75.852423, 22.721022], [75.8522607, 22.721009600000002], [75.8520884, 22.721012199999993], [75.8518354, 22.721009599999995]]}}, {"id": "507", "type": "Feature", "properties": {"segment_id": "osm-3734463404-3734463385-0", "length_m": 75.85764608020915, "shade_fraction": 0.5983530643202428, "exposure_fraction": 0.4016469356797572, "canonical_time": "15:00", "solar_azimuth_deg": 271.54425686027565, "solar_elevation_deg": 53.21021702250467, "estimated_height_building_count": 3793, "source_type": "derived", "source_reference": "Cached OSM streets intersected with modelled building shadows", "observed_or_estimated": "ESTIMATED", "modelled_or_interpolated": "MODELLED", "timestamp": "2026-10-09T01:39:38.179956+00:00", "assumptions_version": "2026-10-09-prompt-4b-risk-explainability", "computation_mode": "geometric"}, "geometry": {"type": "LineString", "coordinates": [[75.852423, 22.721022], [75.8523988, 22.720848699999998], [75.852376, 22.720744299999996], [75.8523725, 22.7203675], [75.8523801, 22.720341300000005]]}}, {"id": "508", "type": "Feature", "properties": {"segment_id": "osm-3734463407-3734463404-0", "length_m": 60.40726815518795, "shade_fraction": 0.0, "exposure_fraction": 1.0, "canonical_time": "15:00", "solar_azimuth_deg": 271.54425686027565, "solar_elevation_deg": 53.21021702250467, "estimated_height_building_count": 3793, "source_type": "derived", "source_reference": "Cached OSM streets intersected with modelled building shadows", "observed_or_estimated": "ESTIMATED", "modelled_or_interpolated": "MODELLED", "timestamp": "2026-10-09T01:39:38.179956+00:00", "assumptions_version": "2026-10-09-prompt-4b-risk-explainability", "computation_mode": "geometric"}, "geometry": {"type": "LineString", "coordinates": [[75.8518354, 22.721009599999995], [75.8520884, 22.721012199999993], [75.8522607, 22.721009600000002], [75.852423, 22.721022]]}}, {"id": "509", "type": "Feature", "properties": {"segment_id": "osm-3734463407-3665594025-0", "length_m": 71.6187332471518, "shade_fraction": 0.4323202759508884, "exposure_fraction": 0.5676797240491116, "canonical_time": "15:00", "solar_azimuth_deg": 271.54425686027565, "solar_elevation_deg": 53.21021702250467, "estimated_height_building_count": 3793, "source_type": "derived", "source_reference": "Cached OSM streets intersected with modelled building shadows", "observed_or_estimated": "ESTIMATED", "modelled_or_interpolated": "MODELLED", "timestamp": "2026-10-09T01:39:38.179956+00:00", "assumptions_version": "2026-10-09-prompt-4b-risk-explainability", "computation_mode": "geometric"}, "geometry": {"type": "LineString", "coordinates": [[75.8518354, 22.721009599999995], [75.8518094, 22.72111389999999], [75.8517973, 22.721222899999994], [75.8517721, 22.7214498], [75.8517937, 22.721651]]}}, {"id": "510", "type": "Feature", "properties": {"segment_id": "osm-3734463407-3665539298-0", "length_m": 28.138532703459873, "shade_fraction": 0.7658140752420031, "exposure_fraction": 0.23418592475799693, "canonical_time": "15:00", "solar_azimuth_deg": 271.54425686027565, "solar_elevation_deg": 53.21021702250467, "estimated_height_building_count": 3793, "source_type": "derived", "source_reference": "Cached OSM streets intersected with modelled building shadows", "observed_or_estimated": "ESTIMATED", "modelled_or_interpolated": "MODELLED", "timestamp": "2026-10-09T01:39:38.179956+00:00", "assumptions_version": "2026-10-09-prompt-4b-risk-explainability", "computation_mode": "geometric"}, "geometry": {"type": "LineString", "coordinates": [[75.8518354, 22.721009599999995], [75.8518451, 22.7209668], [75.85188350000001, 22.7207594]]}}, {"id": "511", "type": "Feature", "properties": {"segment_id": "osm-3734463409-2025111260-0", "length_m": 22.459771950676327, "shade_fraction": 0.03978232609649678, "exposure_fraction": 0.9602176739035032, "canonical_time": "15:00", "solar_azimuth_deg": 271.54425686027565, "solar_elevation_deg": 53.21021702250467, "estimated_height_building_count": 3793, "source_type": "derived", "source_reference": "Cached OSM streets intersected with modelled building shadows", "observed_or_estimated": "ESTIMATED", "modelled_or_interpolated": "MODELLED", "timestamp": "2026-10-09T01:39:38.179956+00:00", "assumptions_version": "2026-10-09-prompt-4b-risk-explainability", "computation_mode": "geometric"}, "geometry": {"type": "LineString", "coordinates": [[75.8545176, 22.721039599999994], [75.8545518, 22.721041400000004], [75.8547272, 22.7210943]]}}, {"id": "512", "type": "Feature", "properties": {"segment_id": "osm-3734463409-3665539311-0", "length_m": 27.892322389175085, "shade_fraction": 0.0, "exposure_fraction": 1.0, "canonical_time": "15:00", "solar_azimuth_deg": 271.54425686027565, "solar_elevation_deg": 53.21021702250467, "estimated_height_building_count": 3793, "source_type": "derived", "source_reference": "Cached OSM streets intersected with modelled building shadows", "observed_or_estimated": "ESTIMATED", "modelled_or_interpolated": "MODELLED", "timestamp": "2026-10-09T01:39:38.179956+00:00", "assumptions_version": "2026-10-09-prompt-4b-risk-explainability", "computation_mode": "geometric"}, "geometry": {"type": "LineString", "coordinates": [[75.8545176, 22.721039599999994], [75.8542775, 22.72104540000001], [75.8542473, 22.7210534]]}}, {"id": "513", "type": "Feature", "properties": {"segment_id": "osm-3734463409-3734463375-0", "length_m": 126.69158148728827, "shade_fraction": 0.5593883038283233, "exposure_fraction": 0.4406116961716767, "canonical_time": "15:00", "solar_azimuth_deg": 271.54425686027565, "solar_elevation_deg": 53.21021702250467, "estimated_height_building_count": 3793, "source_type": "derived", "source_reference": "Cached OSM streets intersected with modelled building shadows", "observed_or_estimated": "ESTIMATED", "modelled_or_interpolated": "MODELLED", "timestamp": "2026-10-09T01:39:38.179956+00:00", "assumptions_version": "2026-10-09-prompt-4b-risk-explainability", "computation_mode": "geometric"}, "geometry": {"type": "LineString", "coordinates": [[75.8545176, 22.721039599999994], [75.8545028, 22.720826999999993], [75.8545162, 22.720701], [75.8545335, 22.720587399999996], [75.8545926, 22.720430799999992], [75.8546393, 22.7202662], [75.8546996, 22.72021929999999], [75.8547398, 22.72009449999999], [75.8547878, 22.719950599999994]]}}, {"id": "514", "type": "Feature", "properties": {"segment_id": "osm-3734463417-2025111297-0", "length_m": 70.33588526701907, "shade_fraction": 0.04404040813752257, "exposure_fraction": 0.9559595918624775, "canonical_time": "15:00", "solar_azimuth_deg": 271.54425686027565, "solar_elevation_deg": 53.21021702250467, "estimated_height_building_count": 3793, "source_type": "derived", "source_reference": "Cached OSM streets intersected with modelled building shadows", "observed_or_estimated": "ESTIMATED", "modelled_or_interpolated": "MODELLED", "timestamp": "2026-10-09T01:39:38.179956+00:00", "assumptions_version": "2026-10-09-prompt-4b-risk-explainability", "computation_mode": "geometric"}, "geometry": {"type": "LineString", "coordinates": [[75.853968, 22.721415700000005], [75.8539921, 22.7213761], [75.854039, 22.721344000000002], [75.8540846, 22.7213341], [75.8541436, 22.7213279], [75.8544819, 22.721422799999996], [75.8545924, 22.721461]]}}, {"id": "515", "type": "Feature", "properties": {"segment_id": "osm-3734466230-3665594030-0", "length_m": 45.51847081097718, "shade_fraction": 0.0, "exposure_fraction": 1.0, "canonical_time": "15:00", "solar_azimuth_deg": 271.54425686027565, "solar_elevation_deg": 53.21021702250467, "estimated_height_building_count": 3793, "source_type": "derived", "source_reference": "Cached OSM streets intersected with modelled building shadows", "observed_or_estimated": "ESTIMATED", "modelled_or_interpolated": "MODELLED", "timestamp": "2026-10-09T01:39:38.179956+00:00", "assumptions_version": "2026-10-09-prompt-4b-risk-explainability", "computation_mode": "geometric"}, "geometry": {"type": "LineString", "coordinates": [[75.8513726, 22.721675600000008], [75.8509345, 22.7217379]]}}, {"id": "516", "type": "Feature", "properties": {"segment_id": "osm-3734466230-3665594029-0", "length_m": 43.58658991408619, "shade_fraction": 0.0, "exposure_fraction": 1.0, "canonical_time": "15:00", "solar_azimuth_deg": 271.54425686027565, "solar_elevation_deg": 53.21021702250467, "estimated_height_building_count": 3793, "source_type": "derived", "source_reference": "Cached OSM streets intersected with modelled building shadows", "observed_or_estimated": "ESTIMATED", "modelled_or_interpolated": "MODELLED", "timestamp": "2026-10-09T01:39:38.179956+00:00", "assumptions_version": "2026-10-09-prompt-4b-risk-explainability", "computation_mode": "geometric"}, "geometry": {"type": "LineString", "coordinates": [[75.8513726, 22.721675600000008], [75.8514905, 22.721675099999985], [75.8517968, 22.72166469999999]]}}, {"id": "517", "type": "Feature", "properties": {"segment_id": "osm-3734466230-3665539301-0", "length_m": 103.00488476943129, "shade_fraction": 0.6337866914337853, "exposure_fraction": 0.3662133085662147, "canonical_time": "15:00", "solar_azimuth_deg": 271.54425686027565, "solar_elevation_deg": 53.21021702250467, "estimated_height_building_count": 3793, "source_type": "derived", "source_reference": "Cached OSM streets intersected with modelled building shadows", "observed_or_estimated": "ESTIMATED", "modelled_or_interpolated": "MODELLED", "timestamp": "2026-10-09T01:39:38.179956+00:00", "assumptions_version": "2026-10-09-prompt-4b-risk-explainability", "computation_mode": "geometric"}, "geometry": {"type": "LineString", "coordinates": [[75.8513726, 22.721675600000008], [75.8513709, 22.7215209], [75.8513749, 22.72150169999999], [75.8513853, 22.7214844], [75.8514256, 22.7214408], [75.8514393, 22.721425], [75.85145, 22.721402699999995], [75.8514521, 22.7213811], [75.8514084, 22.7210733], [75.851377, 22.72091839999999], [75.85136190000001, 22.72077459999999]]}}, {"id": "518", "type": "Feature", "properties": {"segment_id": "osm-3734466242-2025111363-0", "length_m": 13.419015627109932, "shade_fraction": 0.14971457197067536, "exposure_fraction": 0.8502854280293246, "canonical_time": "15:00", "solar_azimuth_deg": 271.54425686027565, "solar_elevation_deg": 53.21021702250467, "estimated_height_building_count": 3793, "source_type": "derived", "source_reference": "Cached OSM streets intersected with modelled building shadows", "observed_or_estimated": "ESTIMATED", "modelled_or_interpolated": "MODELLED", "timestamp": "2026-10-09T01:39:38.179956+00:00", "assumptions_version": "2026-10-09-prompt-4b-risk-explainability", "computation_mode": "geometric"}, "geometry": {"type": "LineString", "coordinates": [[75.8549993, 22.7219581], [75.8551241, 22.721994]]}}, {"id": "519", "type": "Feature", "properties": {"segment_id": "osm-3734466242-2025111355-0", "length_m": 19.132220841819837, "shade_fraction": 0.03168125231367012, "exposure_fraction": 0.9683187476863299, "canonical_time": "15:00", "solar_azimuth_deg": 271.54425686027565, "solar_elevation_deg": 53.21021702250467, "estimated_height_building_count": 3793, "source_type": "derived", "source_reference": "Cached OSM streets intersected with modelled building shadows", "observed_or_estimated": "ESTIMATED", "modelled_or_interpolated": "MODELLED", "timestamp": "2026-10-09T01:39:38.179956+00:00", "assumptions_version": "2026-10-09-prompt-4b-risk-explainability", "computation_mode": "geometric"}, "geometry": {"type": "LineString", "coordinates": [[75.8549993, 22.7219581], [75.8549625, 22.721944099999995], [75.8548797, 22.72193169999999], [75.8548174, 22.7219256]]}}, {"id": "520", "type": "Feature", "properties": {"segment_id": "osm-3734494537-3734494538-0", "length_m": 25.21300637757234, "shade_fraction": 0.0, "exposure_fraction": 1.0, "canonical_time": "15:00", "solar_azimuth_deg": 271.54425686027565, "solar_elevation_deg": 53.21021702250467, "estimated_height_building_count": 3793, "source_type": "derived", "source_reference": "Cached OSM streets intersected with modelled building shadows", "observed_or_estimated": "ESTIMATED", "modelled_or_interpolated": "MODELLED", "timestamp": "2026-10-09T01:39:38.179956+00:00", "assumptions_version": "2026-10-09-prompt-4b-risk-explainability", "computation_mode": "geometric"}, "geometry": {"type": "LineString", "coordinates": [[75.8516716, 22.7153001], [75.8519157, 22.715324299999992]]}}, {"id": "521", "type": "Feature", "properties": {"segment_id": "osm-3734494537-8474397649-0", "length_m": 33.101963066605784, "shade_fraction": 0.0, "exposure_fraction": 1.0, "canonical_time": "15:00", "solar_azimuth_deg": 271.54425686027565, "solar_elevation_deg": 53.21021702250467, "estimated_height_building_count": 3793, "source_type": "derived", "source_reference": "Cached OSM streets intersected with modelled building shadows", "observed_or_estimated": "ESTIMATED", "modelled_or_interpolated": "MODELLED", "timestamp": "2026-10-09T01:39:38.179956+00:00", "assumptions_version": "2026-10-09-prompt-4b-risk-explainability", "computation_mode": "geometric"}, "geometry": {"type": "LineString", "coordinates": [[75.8516716, 22.7153001], [75.8513538, 22.715250299999997]]}}, {"id": "522", "type": "Feature", "properties": {"segment_id": "osm-3734494537-3734494541-0", "length_m": 56.5240311876412, "shade_fraction": 0.1736148150719615, "exposure_fraction": 0.8263851849280385, "canonical_time": "15:00", "solar_azimuth_deg": 271.54425686027565, "solar_elevation_deg": 53.21021702250467, "estimated_height_building_count": 3793, "source_type": "derived", "source_reference": "Cached OSM streets intersected with modelled building shadows", "observed_or_estimated": "ESTIMATED", "modelled_or_interpolated": "MODELLED", "timestamp": "2026-10-09T01:39:38.179956+00:00", "assumptions_version": "2026-10-09-prompt-4b-risk-explainability", "computation_mode": "geometric"}, "geometry": {"type": "LineString", "coordinates": [[75.8516716, 22.7153001], [75.85170950000001, 22.71552979999999], [75.8517176, 22.715565699999992], [75.851735, 22.715589200000004], [75.8517632, 22.7156016], [75.8519616, 22.71560089999999]]}}, {"id": "523", "type": "Feature", "properties": {"segment_id": "osm-3734494538-8478005563-0", "length_m": 2.867364819025283, "shade_fraction": 0.0, "exposure_fraction": 1.0, "canonical_time": "15:00", "solar_azimuth_deg": 271.54425686027565, "solar_elevation_deg": 53.21021702250467, "estimated_height_building_count": 3793, "source_type": "derived", "source_reference": "Cached OSM streets intersected with modelled building shadows", "observed_or_estimated": "ESTIMATED", "modelled_or_interpolated": "MODELLED", "timestamp": "2026-10-09T01:39:38.179956+00:00", "assumptions_version": "2026-10-09-prompt-4b-risk-explainability", "computation_mode": "geometric"}, "geometry": {"type": "LineString", "coordinates": [[75.8519157, 22.715324299999992], [75.8519159, 22.7152984]]}}, {"id": "524", "type": "Feature", "properties": {"segment_id": "osm-3734494538-3734494537-0", "length_m": 25.21300637757234, "shade_fraction": 0.0, "exposure_fraction": 1.0, "canonical_time": "15:00", "solar_azimuth_deg": 271.54425686027565, "solar_elevation_deg": 53.21021702250467, "estimated_height_building_count": 3793, "source_type": "derived", "source_reference": "Cached OSM streets intersected with modelled building shadows", "observed_or_estimated": "ESTIMATED", "modelled_or_interpolated": "MODELLED", "timestamp": "2026-10-09T01:39:38.179956+00:00", "assumptions_version": "2026-10-09-prompt-4b-risk-explainability", "computation_mode": "geometric"}, "geometry": {"type": "LineString", "coordinates": [[75.8519157, 22.715324299999992], [75.8516716, 22.7153001]]}}, {"id": "525", "type": "Feature", "properties": {"segment_id": "osm-3734494538-3734494541-0", "length_m": 30.98345395981466, "shade_fraction": 0.5307771971834385, "exposure_fraction": 0.4692228028165615, "canonical_time": "15:00", "solar_azimuth_deg": 271.54425686027565, "solar_elevation_deg": 53.21021702250467, "estimated_height_building_count": 3793, "source_type": "derived", "source_reference": "Cached OSM streets intersected with modelled building shadows", "observed_or_estimated": "ESTIMATED", "modelled_or_interpolated": "MODELLED", "timestamp": "2026-10-09T01:39:38.179956+00:00", "assumptions_version": "2026-10-09-prompt-4b-risk-explainability", "computation_mode": "geometric"}, "geometry": {"type": "LineString", "coordinates": [[75.8519157, 22.715324299999992], [75.8519403, 22.7154811], [75.8519616, 22.71560089999999]]}}, {"id": "526", "type": "Feature", "properties": {"segment_id": "osm-3734494541-2027156504-0", "length_m": 29.364116736841403, "shade_fraction": 0.6347535681005337, "exposure_fraction": 0.36524643189946626, "canonical_time": "15:00", "solar_azimuth_deg": 271.54425686027565, "solar_elevation_deg": 53.21021702250467, "estimated_height_building_count": 3793, "source_type": "derived", "source_reference": "Cached OSM streets intersected with modelled building shadows", "observed_or_estimated": "ESTIMATED", "modelled_or_interpolated": "MODELLED", "timestamp": "2026-10-09T01:39:38.179956+00:00", "assumptions_version": "2026-10-09-prompt-4b-risk-explainability", "computation_mode": "geometric"}, "geometry": {"type": "LineString", "coordinates": [[75.8519616, 22.71560089999999], [75.8519308, 22.715864599999996]]}}, {"id": "527", "type": "Feature", "properties": {"segment_id": "osm-3734494541-3734494538-0", "length_m": 30.98345395981466, "shade_fraction": 0.5307771971834385, "exposure_fraction": 0.4692228028165615, "canonical_time": "15:00", "solar_azimuth_deg": 271.54425686027565, "solar_elevation_deg": 53.21021702250467, "estimated_height_building_count": 3793, "source_type": "derived", "source_reference": "Cached OSM streets intersected with modelled building shadows", "observed_or_estimated": "ESTIMATED", "modelled_or_interpolated": "MODELLED", "timestamp": "2026-10-09T01:39:38.179956+00:00", "assumptions_version": "2026-10-09-prompt-4b-risk-explainability", "computation_mode": "geometric"}, "geometry": {"type": "LineString", "coordinates": [[75.8519616, 22.71560089999999], [75.8519403, 22.7154811], [75.8519157, 22.715324299999992]]}}, {"id": "528", "type": "Feature", "properties": {"segment_id": "osm-3734494541-3734494537-0", "length_m": 56.52403118764121, "shade_fraction": 0.17361481507196147, "exposure_fraction": 0.8263851849280386, "canonical_time": "15:00", "solar_azimuth_deg": 271.54425686027565, "solar_elevation_deg": 53.21021702250467, "estimated_height_building_count": 3793, "source_type": "derived", "source_reference": "Cached OSM streets intersected with modelled building shadows", "observed_or_estimated": "ESTIMATED", "modelled_or_interpolated": "MODELLED", "timestamp": "2026-10-09T01:39:38.179956+00:00", "assumptions_version": "2026-10-09-prompt-4b-risk-explainability", "computation_mode": "geometric"}, "geometry": {"type": "LineString", "coordinates": [[75.8519616, 22.71560089999999], [75.8517632, 22.7156016], [75.851735, 22.715589200000004], [75.8517176, 22.715565699999992], [75.85170950000001, 22.71552979999999], [75.8516716, 22.7153001]]}}, {"id": "529", "type": "Feature", "properties": {"segment_id": "osm-3734494544-3734538694-0", "length_m": 4.039808950690573, "shade_fraction": 0.0, "exposure_fraction": 1.0, "canonical_time": "15:00", "solar_azimuth_deg": 271.54425686027565, "solar_elevation_deg": 53.21021702250467, "estimated_height_building_count": 3793, "source_type": "derived", "source_reference": "Cached OSM streets intersected with modelled building shadows", "observed_or_estimated": "ESTIMATED", "modelled_or_interpolated": "MODELLED", "timestamp": "2026-10-09T01:39:38.179956+00:00", "assumptions_version": "2026-10-09-prompt-4b-risk-explainability", "computation_mode": "geometric"}, "geometry": {"type": "LineString", "coordinates": [[75.8506922, 22.7156585], [75.850654, 22.715649799999994]]}}, {"id": "530", "type": "Feature", "properties": {"segment_id": "osm-3734494544-2027156485-0", "length_m": 33.73802690975518, "shade_fraction": 0.0, "exposure_fraction": 1.0, "canonical_time": "15:00", "solar_azimuth_deg": 271.54425686027565, "solar_elevation_deg": 53.21021702250467, "estimated_height_building_count": 3793, "source_type": "derived", "source_reference": "Cached OSM streets intersected with modelled building shadows", "observed_or_estimated": "ESTIMATED", "modelled_or_interpolated": "MODELLED", "timestamp": "2026-10-09T01:39:38.179956+00:00", "assumptions_version": "2026-10-09-prompt-4b-risk-explainability", "computation_mode": "geometric"}, "geometry": {"type": "LineString", "coordinates": [[75.8506922, 22.7156585], [75.8510136, 22.715721500000004]]}}, {"id": "531", "type": "Feature", "properties": {"segment_id": "osm-3734494544-3734494554-0", "length_m": 43.23675028675637, "shade_fraction": 0.0, "exposure_fraction": 1.0, "canonical_time": "15:00", "solar_azimuth_deg": 271.54425686027565, "solar_elevation_deg": 53.21021702250467, "estimated_height_building_count": 3793, "source_type": "derived", "source_reference": "Cached OSM streets intersected with modelled building shadows", "observed_or_estimated": "ESTIMATED", "modelled_or_interpolated": "MODELLED", "timestamp": "2026-10-09T01:39:38.179956+00:00", "assumptions_version": "2026-10-09-prompt-4b-risk-explainability", "computation_mode": "geometric"}, "geometry": {"type": "LineString", "coordinates": [[75.8506922, 22.7156585], [75.8506914, 22.715704299999995], [75.8506852, 22.716049]]}}, {"id": "532", "type": "Feature", "properties": {"segment_id": "osm-3734494548-8478005556-0", "length_m": 71.72121140017677, "shade_fraction": 0.48091776588688, "exposure_fraction": 0.51908223411312, "canonical_time": "15:00", "solar_azimuth_deg": 271.54425686027565, "solar_elevation_deg": 53.21021702250467, "estimated_height_building_count": 3793, "source_type": "derived", "source_reference": "Cached OSM streets intersected with modelled building shadows", "observed_or_estimated": "ESTIMATED", "modelled_or_interpolated": "MODELLED", "timestamp": "2026-10-09T01:39:38.179956+00:00", "assumptions_version": "2026-10-09-prompt-4b-risk-explainability", "computation_mode": "geometric"}, "geometry": {"type": "LineString", "coordinates": [[75.8529876, 22.715783099999992], [75.8530162, 22.7152081], [75.8530257, 22.7151364]]}}, {"id": "533", "type": "Feature", "properties": {"segment_id": "osm-3734494548-2027156516-0", "length_m": 28.519413350486687, "shade_fraction": 0.5954982452172808, "exposure_fraction": 0.4045017547827192, "canonical_time": "15:00", "solar_azimuth_deg": 271.54425686027565, "solar_elevation_deg": 53.21021702250467, "estimated_height_building_count": 3793, "source_type": "derived", "source_reference": "Cached OSM streets intersected with modelled building shadows", "observed_or_estimated": "ESTIMATED", "modelled_or_interpolated": "MODELLED", "timestamp": "2026-10-09T01:39:38.179956+00:00", "assumptions_version": "2026-10-09-prompt-4b-risk-explainability", "computation_mode": "geometric"}, "geometry": {"type": "LineString", "coordinates": [[75.8529876, 22.715783099999992], [75.8530103, 22.715893199999996], [75.853004, 22.7160386]]}}, {"id": "534", "type": "Feature", "properties": {"segment_id": "osm-3734494548-3734494551-0", "length_m": 71.74508012975431, "shade_fraction": 0.0741745565413148, "exposure_fraction": 0.9258254434586852, "canonical_time": "15:00", "solar_azimuth_deg": 271.54425686027565, "solar_elevation_deg": 53.21021702250467, "estimated_height_building_count": 3793, "source_type": "derived", "source_reference": "Cached OSM streets intersected with modelled building shadows", "observed_or_estimated": "ESTIMATED", "modelled_or_interpolated": "MODELLED", "timestamp": "2026-10-09T01:39:38.179956+00:00", "assumptions_version": "2026-10-09-prompt-4b-risk-explainability", "computation_mode": "geometric"}, "geometry": {"type": "LineString", "coordinates": [[75.8529876, 22.715783099999992], [75.8527914, 22.715755599999994], [75.8525839, 22.7157389], [75.8525491, 22.7157401], [75.8525223, 22.71575869999999], [75.8525142, 22.715790800000004], [75.8525106, 22.7159652]]}}, {"id": "535", "type": "Feature", "properties": {"segment_id": "osm-3734494551-6611315823-0", "length_m": 38.08400138613958, "shade_fraction": 0.0, "exposure_fraction": 1.0, "canonical_time": "15:00", "solar_azimuth_deg": 271.54425686027565, "solar_elevation_deg": 53.21021702250467, "estimated_height_building_count": 3793, "source_type": "derived", "source_reference": "Cached OSM streets intersected with modelled building shadows", "observed_or_estimated": "ESTIMATED", "modelled_or_interpolated": "MODELLED", "timestamp": "2026-10-09T01:39:38.179956+00:00", "assumptions_version": "2026-10-09-prompt-4b-risk-explainability", "computation_mode": "geometric"}, "geometry": {"type": "LineString", "coordinates": [[75.8525106, 22.7159652], [75.85214590000001, 22.715903]]}}, {"id": "536", "type": "Feature", "properties": {"segment_id": "osm-3734494551-2027156516-0", "length_m": 51.32172205590466, "shade_fraction": 0.0, "exposure_fraction": 1.0, "canonical_time": "15:00", "solar_azimuth_deg": 271.54425686027565, "solar_elevation_deg": 53.21021702250467, "estimated_height_building_count": 3793, "source_type": "derived", "source_reference": "Cached OSM streets intersected with modelled building shadows", "observed_or_estimated": "ESTIMATED", "modelled_or_interpolated": "MODELLED", "timestamp": "2026-10-09T01:39:38.179956+00:00", "assumptions_version": "2026-10-09-prompt-4b-risk-explainability", "computation_mode": "geometric"}, "geometry": {"type": "LineString", "coordinates": [[75.8525106, 22.7159652], [75.853004, 22.7160386]]}}, {"id": "537", "type": "Feature", "properties": {"segment_id": "osm-3734494551-3734494548-0", "length_m": 71.74508012975431, "shade_fraction": 0.0741745565413148, "exposure_fraction": 0.9258254434586852, "canonical_time": "15:00", "solar_azimuth_deg": 271.54425686027565, "solar_elevation_deg": 53.21021702250467, "estimated_height_building_count": 3793, "source_type": "derived", "source_reference": "Cached OSM streets intersected with modelled building shadows", "observed_or_estimated": "ESTIMATED", "modelled_or_interpolated": "MODELLED", "timestamp": "2026-10-09T01:39:38.179956+00:00", "assumptions_version": "2026-10-09-prompt-4b-risk-explainability", "computation_mode": "geometric"}, "geometry": {"type": "LineString", "coordinates": [[75.8525106, 22.7159652], [75.8525142, 22.715790800000004], [75.8525223, 22.71575869999999], [75.8525491, 22.7157401], [75.8525839, 22.7157389], [75.8527914, 22.715755599999994], [75.8529876, 22.715783099999992]]}}, {"id": "538", "type": "Feature", "properties": {"segment_id": "osm-3734494554-3734494582-0", "length_m": 35.15430387259862, "shade_fraction": 0.7100066374413803, "exposure_fraction": 0.28999336255861974, "canonical_time": "15:00", "solar_azimuth_deg": 271.54425686027565, "solar_elevation_deg": 53.21021702250467, "estimated_height_building_count": 3793, "source_type": "derived", "source_reference": "Cached OSM streets intersected with modelled building shadows", "observed_or_estimated": "ESTIMATED", "modelled_or_interpolated": "MODELLED", "timestamp": "2026-10-09T01:39:38.179956+00:00", "assumptions_version": "2026-10-09-prompt-4b-risk-explainability", "computation_mode": "geometric"}, "geometry": {"type": "LineString", "coordinates": [[75.8506852, 22.716049], [75.8507116, 22.716365599999996]]}}, {"id": "539", "type": "Feature", "properties": {"segment_id": "osm-3734494554-3734494544-0", "length_m": 43.23675028675637, "shade_fraction": 0.0, "exposure_fraction": 1.0, "canonical_time": "15:00", "solar_azimuth_deg": 271.54425686027565, "solar_elevation_deg": 53.21021702250467, "estimated_height_building_count": 3793, "source_type": "derived", "source_reference": "Cached OSM streets intersected with modelled building shadows", "observed_or_estimated": "ESTIMATED", "modelled_or_interpolated": "MODELLED", "timestamp": "2026-10-09T01:39:38.179956+00:00", "assumptions_version": "2026-10-09-prompt-4b-risk-explainability", "computation_mode": "geometric"}, "geometry": {"type": "LineString", "coordinates": [[75.8506852, 22.716049], [75.8506914, 22.715704299999995], [75.8506922, 22.7156585]]}}, {"id": "540", "type": "Feature", "properties": {"segment_id": "osm-3734494557-3734494569-0", "length_m": 17.455162699940065, "shade_fraction": 0.16988743736083753, "exposure_fraction": 0.8301125626391624, "canonical_time": "15:00", "solar_azimuth_deg": 271.54425686027565, "solar_elevation_deg": 53.21021702250467, "estimated_height_building_count": 3793, "source_type": "derived", "source_reference": "Cached OSM streets intersected with modelled building shadows", "observed_or_estimated": "ESTIMATED", "modelled_or_interpolated": "MODELLED", "timestamp": "2026-10-09T01:39:38.179956+00:00", "assumptions_version": "2026-10-09-prompt-4b-risk-explainability", "computation_mode": "geometric"}, "geometry": {"type": "LineString", "coordinates": [[75.8516515, 22.716103099999998], [75.8516464, 22.716260700000003]]}}, {"id": "541", "type": "Feature", "properties": {"segment_id": "osm-3734494557-6611315824-0", "length_m": 30.954895272465073, "shade_fraction": 0.4389707802969588, "exposure_fraction": 0.5610292197030412, "canonical_time": "15:00", "solar_azimuth_deg": 271.54425686027565, "solar_elevation_deg": 53.21021702250467, "estimated_height_building_count": 3793, "source_type": "derived", "source_reference": "Cached OSM streets intersected with modelled building shadows", "observed_or_estimated": "ESTIMATED", "modelled_or_interpolated": "MODELLED", "timestamp": "2026-10-09T01:39:38.179956+00:00", "assumptions_version": "2026-10-09-prompt-4b-risk-explainability", "computation_mode": "geometric"}, "geometry": {"type": "LineString", "coordinates": [[75.8516515, 22.716103099999998], [75.8516491, 22.715869], [75.8516486, 22.715823499999996]]}}, {"id": "542", "type": "Feature", "properties": {"segment_id": "osm-3734494557-3734494563-0", "length_m": 48.165535377115845, "shade_fraction": 0.0, "exposure_fraction": 1.0, "canonical_time": "15:00", "solar_azimuth_deg": 271.54425686027565, "solar_elevation_deg": 53.21021702250467, "estimated_height_building_count": 3793, "source_type": "derived", "source_reference": "Cached OSM streets intersected with modelled building shadows", "observed_or_estimated": "ESTIMATED", "modelled_or_interpolated": "MODELLED", "timestamp": "2026-10-09T01:39:38.179956+00:00", "assumptions_version": "2026-10-09-prompt-4b-risk-explainability", "computation_mode": "geometric"}, "geometry": {"type": "LineString", "coordinates": [[75.8516515, 22.716103099999998], [75.8519212, 22.71612289999999], [75.8521187, 22.716140699999997]]}}, {"id": "543", "type": "Feature", "properties": {"segment_id": "osm-3734494563-6611315825-0", "length_m": 16.015730445049332, "shade_fraction": 0.737620927064915, "exposure_fraction": 0.262379072935085, "canonical_time": "15:00", "solar_azimuth_deg": 271.54425686027565, "solar_elevation_deg": 53.21021702250467, "estimated_height_building_count": 3793, "source_type": "derived", "source_reference": "Cached OSM streets intersected with modelled building shadows", "observed_or_estimated": "ESTIMATED", "modelled_or_interpolated": "MODELLED", "timestamp": "2026-10-09T01:39:38.179956+00:00", "assumptions_version": "2026-10-09-prompt-4b-risk-explainability", "computation_mode": "geometric"}, "geometry": {"type": "LineString", "coordinates": [[75.8521187, 22.716140699999997], [75.8520973, 22.716284000000005]]}}, {"id": "544", "type": "Feature", "properties": {"segment_id": "osm-3734494563-6611315823-0", "length_m": 26.462739497854287, "shade_fraction": 0.7613681959181605, "exposure_fraction": 0.23863180408183948, "canonical_time": "15:00", "solar_azimuth_deg": 271.54425686027565, "solar_elevation_deg": 53.21021702250467, "estimated_height_building_count": 3793, "source_type": "derived", "source_reference": "Cached OSM streets intersected with modelled building shadows", "observed_or_estimated": "ESTIMATED", "modelled_or_interpolated": "MODELLED", "timestamp": "2026-10-09T01:39:38.179956+00:00", "assumptions_version": "2026-10-09-prompt-4b-risk-explainability", "computation_mode": "geometric"}, "geometry": {"type": "LineString", "coordinates": [[75.8521187, 22.716140699999997], [75.8521408, 22.715947799999984], [75.85214590000001, 22.715903]]}}, {"id": "545", "type": "Feature", "properties": {"segment_id": "osm-3734494563-3734494557-0", "length_m": 48.165535377115845, "shade_fraction": 0.0, "exposure_fraction": 1.0, "canonical_time": "15:00", "solar_azimuth_deg": 271.54425686027565, "solar_elevation_deg": 53.21021702250467, "estimated_height_building_count": 3793, "source_type": "derived", "source_reference": "Cached OSM streets intersected with modelled building shadows", "observed_or_estimated": "ESTIMATED", "modelled_or_interpolated": "MODELLED", "timestamp": "2026-10-09T01:39:38.179956+00:00", "assumptions_version": "2026-10-09-prompt-4b-risk-explainability", "computation_mode": "geometric"}, "geometry": {"type": "LineString", "coordinates": [[75.8521187, 22.716140699999997], [75.8519212, 22.71612289999999], [75.8516515, 22.716103099999998]]}}, {"id": "546", "type": "Feature", "properties": {"segment_id": "osm-3734494567-3734494577-0", "length_m": 13.14943022214579, "shade_fraction": 0.0, "exposure_fraction": 1.0, "canonical_time": "15:00", "solar_azimuth_deg": 271.54425686027565, "solar_elevation_deg": 53.21021702250467, "estimated_height_building_count": 3793, "source_type": "derived", "source_reference": "Cached OSM streets intersected with modelled building shadows", "observed_or_estimated": "ESTIMATED", "modelled_or_interpolated": "MODELLED", "timestamp": "2026-10-09T01:39:38.179956+00:00", "assumptions_version": "2026-10-09-prompt-4b-risk-explainability", "computation_mode": "geometric"}, "geometry": {"type": "LineString", "coordinates": [[75.8526987, 22.71621040000001], [75.85270570000002, 22.716329000000005]]}}, {"id": "547", "type": "Feature", "properties": {"segment_id": "osm-3734494568-3732489062-0", "length_m": 28.7519581013984, "shade_fraction": 0.0, "exposure_fraction": 1.0, "canonical_time": "15:00", "solar_azimuth_deg": 271.54425686027565, "solar_elevation_deg": 53.21021702250467, "estimated_height_building_count": 3793, "source_type": "derived", "source_reference": "Cached OSM streets intersected with modelled building shadows", "observed_or_estimated": "ESTIMATED", "modelled_or_interpolated": "MODELLED", "timestamp": "2026-10-09T01:39:38.179956+00:00", "assumptions_version": "2026-10-09-prompt-4b-risk-explainability", "computation_mode": "geometric"}, "geometry": {"type": "LineString", "coordinates": [[75.8537394, 22.716150399999997], [75.8534638, 22.716104799999993]]}}, {"id": "548", "type": "Feature", "properties": {"segment_id": "osm-3734494568-2027156525-0", "length_m": 29.20508942843178, "shade_fraction": 0.0, "exposure_fraction": 1.0, "canonical_time": "15:00", "solar_azimuth_deg": 271.54425686027565, "solar_elevation_deg": 53.21021702250467, "estimated_height_building_count": 3793, "source_type": "derived", "source_reference": "Cached OSM streets intersected with modelled building shadows", "observed_or_estimated": "ESTIMATED", "modelled_or_interpolated": "MODELLED", "timestamp": "2026-10-09T01:39:38.179956+00:00", "assumptions_version": "2026-10-09-prompt-4b-risk-explainability", "computation_mode": "geometric"}, "geometry": {"type": "LineString", "coordinates": [[75.8537394, 22.716150399999997], [75.8540169, 22.716208]]}}, {"id": "549", "type": "Feature", "properties": {"segment_id": "osm-3734494568-2027156502-0", "length_m": 48.73706806371819, "shade_fraction": 0.3706748878903884, "exposure_fraction": 0.6293251121096116, "canonical_time": "15:00", "solar_azimuth_deg": 271.54425686027565, "solar_elevation_deg": 53.21021702250467, "estimated_height_building_count": 3793, "source_type": "derived", "source_reference": "Cached OSM streets intersected with modelled building shadows", "observed_or_estimated": "ESTIMATED", "modelled_or_interpolated": "MODELLED", "timestamp": "2026-10-09T01:39:38.179956+00:00", "assumptions_version": "2026-10-09-prompt-4b-risk-explainability", "computation_mode": "geometric"}, "geometry": {"type": "LineString", "coordinates": [[75.8537394, 22.716150399999997], [75.8537204, 22.715971299999993], [75.8539987, 22.7159384]]}}, {"id": "550", "type": "Feature", "properties": {"segment_id": "osm-3734494569-3734494557-0", "length_m": 17.455162699940065, "shade_fraction": 0.16988743736083753, "exposure_fraction": 0.8301125626391624, "canonical_time": "15:00", "solar_azimuth_deg": 271.54425686027565, "solar_elevation_deg": 53.21021702250467, "estimated_height_building_count": 3793, "source_type": "derived", "source_reference": "Cached OSM streets intersected with modelled building shadows", "observed_or_estimated": "ESTIMATED", "modelled_or_interpolated": "MODELLED", "timestamp": "2026-10-09T01:39:38.179956+00:00", "assumptions_version": "2026-10-09-prompt-4b-risk-explainability", "computation_mode": "geometric"}, "geometry": {"type": "LineString", "coordinates": [[75.8516464, 22.716260700000003], [75.8516515, 22.716103099999998]]}}, {"id": "551", "type": "Feature", "properties": {"segment_id": "osm-3734494569-3734494570-0", "length_m": 30.367618128709395, "shade_fraction": 0.0, "exposure_fraction": 1.0, "canonical_time": "15:00", "solar_azimuth_deg": 271.54425686027565, "solar_elevation_deg": 53.21021702250467, "estimated_height_building_count": 3793, "source_type": "derived", "source_reference": "Cached OSM streets intersected with modelled building shadows", "observed_or_estimated": "ESTIMATED", "modelled_or_interpolated": "MODELLED", "timestamp": "2026-10-09T01:39:38.179956+00:00", "assumptions_version": "2026-10-09-prompt-4b-risk-explainability", "computation_mode": "geometric"}, "geometry": {"type": "LineString", "coordinates": [[75.8516464, 22.716260700000003], [75.8515491, 22.7162515], [75.8513513, 22.716246399999992]]}}, {"id": "552", "type": "Feature", "properties": {"segment_id": "osm-3734494569-6611315825-0", "length_m": 46.495634473485616, "shade_fraction": 0.0, "exposure_fraction": 1.0, "canonical_time": "15:00", "solar_azimuth_deg": 271.54425686027565, "solar_elevation_deg": 53.21021702250467, "estimated_height_building_count": 3793, "source_type": "derived", "source_reference": "Cached OSM streets intersected with modelled building shadows", "observed_or_estimated": "ESTIMATED", "modelled_or_interpolated": "MODELLED", "timestamp": "2026-10-09T01:39:38.179956+00:00", "assumptions_version": "2026-10-09-prompt-4b-risk-explainability", "computation_mode": "geometric"}, "geometry": {"type": "LineString", "coordinates": [[75.8516464, 22.716260700000003], [75.8520216, 22.716268999999997], [75.8520973, 22.716284000000005]]}}, {"id": "553", "type": "Feature", "properties": {"segment_id": "osm-3734494570-3734494585-0", "length_m": 13.353260314729344, "shade_fraction": 0.0, "exposure_fraction": 1.0, "canonical_time": "15:00", "solar_azimuth_deg": 271.54425686027565, "solar_elevation_deg": 53.21021702250467, "estimated_height_building_count": 3793, "source_type": "derived", "source_reference": "Cached OSM streets intersected with modelled building shadows", "observed_or_estimated": "ESTIMATED", "modelled_or_interpolated": "MODELLED", "timestamp": "2026-10-09T01:39:38.179956+00:00", "assumptions_version": "2026-10-09-prompt-4b-risk-explainability", "computation_mode": "geometric"}, "geometry": {"type": "LineString", "coordinates": [[75.8513513, 22.716246399999992], [75.8513536, 22.716367000000005]]}}, {"id": "554", "type": "Feature", "properties": {"segment_id": "osm-3734494570-3734494569-0", "length_m": 30.367618128709395, "shade_fraction": 0.0, "exposure_fraction": 1.0, "canonical_time": "15:00", "solar_azimuth_deg": 271.54425686027565, "solar_elevation_deg": 53.21021702250467, "estimated_height_building_count": 3793, "source_type": "derived", "source_reference": "Cached OSM streets intersected with modelled building shadows", "observed_or_estimated": "ESTIMATED", "modelled_or_interpolated": "MODELLED", "timestamp": "2026-10-09T01:39:38.179956+00:00", "assumptions_version": "2026-10-09-prompt-4b-risk-explainability", "computation_mode": "geometric"}, "geometry": {"type": "LineString", "coordinates": [[75.8513513, 22.716246399999992], [75.8515491, 22.7162515], [75.8516464, 22.716260700000003]]}}, {"id": "555", "type": "Feature", "properties": {"segment_id": "osm-3734494570-2027156492-0", "length_m": 53.47111805787932, "shade_fraction": 0.0, "exposure_fraction": 1.0, "canonical_time": "15:00", "solar_azimuth_deg": 271.54425686027565, "solar_elevation_deg": 53.21021702250467, "estimated_height_building_count": 3793, "source_type": "derived", "source_reference": "Cached OSM streets intersected with modelled building shadows", "observed_or_estimated": "ESTIMATED", "modelled_or_interpolated": "MODELLED", "timestamp": "2026-10-09T01:39:38.179956+00:00", "assumptions_version": "2026-10-09-prompt-4b-risk-explainability", "computation_mode": "geometric"}, "geometry": {"type": "LineString", "coordinates": [[75.8513513, 22.716246399999992], [75.8513417, 22.715809599999996], [75.8513407, 22.715763499999994]]}}, {"id": "556", "type": "Feature", "properties": {"segment_id": "osm-3734494575-2027156516-0", "length_m": 32.45960624390125, "shade_fraction": 0.5748953821753028, "exposure_fraction": 0.4251046178246972, "canonical_time": "15:00", "solar_azimuth_deg": 271.54425686027565, "solar_elevation_deg": 53.21021702250467, "estimated_height_building_count": 3793, "source_type": "derived", "source_reference": "Cached OSM streets intersected with modelled building shadows", "observed_or_estimated": "ESTIMATED", "modelled_or_interpolated": "MODELLED", "timestamp": "2026-10-09T01:39:38.179956+00:00", "assumptions_version": "2026-10-09-prompt-4b-risk-explainability", "computation_mode": "geometric"}, "geometry": {"type": "LineString", "coordinates": [[75.8530058, 22.7163318], [75.8530042, 22.71607890000001], [75.853004, 22.7160386]]}}, {"id": "557", "type": "Feature", "properties": {"segment_id": "osm-3734494575-6611316866-0", "length_m": 40.703874250872374, "shade_fraction": 0.3208346826300063, "exposure_fraction": 0.6791653173699936, "canonical_time": "15:00", "solar_azimuth_deg": 271.54425686027565, "solar_elevation_deg": 53.21021702250467, "estimated_height_building_count": 3793, "source_type": "derived", "source_reference": "Cached OSM streets intersected with modelled building shadows", "observed_or_estimated": "ESTIMATED", "modelled_or_interpolated": "MODELLED", "timestamp": "2026-10-09T01:39:38.179956+00:00", "assumptions_version": "2026-10-09-prompt-4b-risk-explainability", "computation_mode": "geometric"}, "geometry": {"type": "LineString", "coordinates": [[75.8530058, 22.7163318], [75.8530077, 22.716670299999997], [75.8530144, 22.716698799999996]]}}, {"id": "558", "type": "Feature", "properties": {"segment_id": "osm-3734494575-3734494577-0", "length_m": 30.8279708279903, "shade_fraction": 0.0, "exposure_fraction": 1.0, "canonical_time": "15:00", "solar_azimuth_deg": 271.54425686027565, "solar_elevation_deg": 53.21021702250467, "estimated_height_building_count": 3793, "source_type": "derived", "source_reference": "Cached OSM streets intersected with modelled building shadows", "observed_or_estimated": "ESTIMATED", "modelled_or_interpolated": "MODELLED", "timestamp": "2026-10-09T01:39:38.179956+00:00", "assumptions_version": "2026-10-09-prompt-4b-risk-explainability", "computation_mode": "geometric"}, "geometry": {"type": "LineString", "coordinates": [[75.8530058, 22.7163318], [75.8528897, 22.7163283], [75.85270570000002, 22.716329000000005]]}}, {"id": "559", "type": "Feature", "properties": {"segment_id": "osm-3734494577-3734494567-0", "length_m": 13.14943022214579, "shade_fraction": 0.0, "exposure_fraction": 1.0, "canonical_time": "15:00", "solar_azimuth_deg": 271.54425686027565, "solar_elevation_deg": 53.21021702250467, "estimated_height_building_count": 3793, "source_type": "derived", "source_reference": "Cached OSM streets intersected with modelled building shadows", "observed_or_estimated": "ESTIMATED", "modelled_or_interpolated": "MODELLED", "timestamp": "2026-10-09T01:39:38.179956+00:00", "assumptions_version": "2026-10-09-prompt-4b-risk-explainability", "computation_mode": "geometric"}, "geometry": {"type": "LineString", "coordinates": [[75.85270570000002, 22.716329000000005], [75.8526987, 22.71621040000001]]}}, {"id": "560", "type": "Feature", "properties": {"segment_id": "osm-3734494577-6611315825-0", "length_m": 64.2091208823156, "shade_fraction": 0.0, "exposure_fraction": 1.0, "canonical_time": "15:00", "solar_azimuth_deg": 271.54425686027565, "solar_elevation_deg": 53.21021702250467, "estimated_height_building_count": 3793, "source_type": "derived", "source_reference": "Cached OSM streets intersected with modelled building shadows", "observed_or_estimated": "ESTIMATED", "modelled_or_interpolated": "MODELLED", "timestamp": "2026-10-09T01:39:38.179956+00:00", "assumptions_version": "2026-10-09-prompt-4b-risk-explainability", "computation_mode": "geometric"}, "geometry": {"type": "LineString", "coordinates": [[75.85270570000002, 22.716329000000005], [75.8526571, 22.7163285], [75.8523199, 22.7163244], [75.8521296, 22.7163181], [75.8520973, 22.716284000000005]]}}, {"id": "561", "type": "Feature", "properties": {"segment_id": "osm-3734494577-3734494575-0", "length_m": 30.8279708279903, "shade_fraction": 0.0, "exposure_fraction": 1.0, "canonical_time": "15:00", "solar_azimuth_deg": 271.54425686027565, "solar_elevation_deg": 53.21021702250467, "estimated_height_building_count": 3793, "source_type": "derived", "source_reference": "Cached OSM streets intersected with modelled building shadows", "observed_or_estimated": "ESTIMATED", "modelled_or_interpolated": "MODELLED", "timestamp": "2026-10-09T01:39:38.179956+00:00", "assumptions_version": "2026-10-09-prompt-4b-risk-explainability", "computation_mode": "geometric"}, "geometry": {"type": "LineString", "coordinates": [[75.85270570000002, 22.716329000000005], [75.8528897, 22.7163283], [75.8530058, 22.7163318]]}}, {"id": "562", "type": "Feature", "properties": {"segment_id": "osm-3734494580-3734494595-0", "length_m": 35.0882220965287, "shade_fraction": 0.6114727728034489, "exposure_fraction": 0.3885272271965511, "canonical_time": "15:00", "solar_azimuth_deg": 271.54425686027565, "solar_elevation_deg": 53.21021702250467, "estimated_height_building_count": 3793, "source_type": "derived", "source_reference": "Cached OSM streets intersected with modelled building shadows", "observed_or_estimated": "ESTIMATED", "modelled_or_interpolated": "MODELLED", "timestamp": "2026-10-09T01:39:38.179956+00:00", "assumptions_version": "2026-10-09-prompt-4b-risk-explainability", "computation_mode": "geometric"}, "geometry": {"type": "LineString", "coordinates": [[75.850406, 22.7163685], [75.8504261, 22.7166849]]}}, {"id": "563", "type": "Feature", "properties": {"segment_id": "osm-3734494580-3734494582-0", "length_m": 31.389091221180976, "shade_fraction": 0.0, "exposure_fraction": 1.0, "canonical_time": "15:00", "solar_azimuth_deg": 271.54425686027565, "solar_elevation_deg": 53.21021702250467, "estimated_height_building_count": 3793, "source_type": "derived", "source_reference": "Cached OSM streets intersected with modelled building shadows", "observed_or_estimated": "ESTIMATED", "modelled_or_interpolated": "MODELLED", "timestamp": "2026-10-09T01:39:38.179956+00:00", "assumptions_version": "2026-10-09-prompt-4b-risk-explainability", "computation_mode": "geometric"}, "geometry": {"type": "LineString", "coordinates": [[75.850406, 22.7163685], [75.8504992, 22.716368700000004], [75.8507116, 22.716365599999996]]}}, {"id": "564", "type": "Feature", "properties": {"segment_id": "osm-3734494582-3734494554-0", "length_m": 35.15430387259862, "shade_fraction": 0.7100066374413803, "exposure_fraction": 0.28999336255861974, "canonical_time": "15:00", "solar_azimuth_deg": 271.54425686027565, "solar_elevation_deg": 53.21021702250467, "estimated_height_building_count": 3793, "source_type": "derived", "source_reference": "Cached OSM streets intersected with modelled building shadows", "observed_or_estimated": "ESTIMATED", "modelled_or_interpolated": "MODELLED", "timestamp": "2026-10-09T01:39:38.179956+00:00", "assumptions_version": "2026-10-09-prompt-4b-risk-explainability", "computation_mode": "geometric"}, "geometry": {"type": "LineString", "coordinates": [[75.8507116, 22.716365599999996], [75.8506852, 22.716049]]}}, {"id": "565", "type": "Feature", "properties": {"segment_id": "osm-3734494582-3734494584-0", "length_m": 31.941188557157684, "shade_fraction": 0.0, "exposure_fraction": 1.0, "canonical_time": "15:00", "solar_azimuth_deg": 271.54425686027565, "solar_elevation_deg": 53.21021702250467, "estimated_height_building_count": 3793, "source_type": "derived", "source_reference": "Cached OSM streets intersected with modelled building shadows", "observed_or_estimated": "ESTIMATED", "modelled_or_interpolated": "MODELLED", "timestamp": "2026-10-09T01:39:38.179956+00:00", "assumptions_version": "2026-10-09-prompt-4b-risk-explainability", "computation_mode": "geometric"}, "geometry": {"type": "LineString", "coordinates": [[75.8507116, 22.716365599999996], [75.8510224, 22.7163552]]}}, {"id": "566", "type": "Feature", "properties": {"segment_id": "osm-3734494582-3734494580-0", "length_m": 31.389091221180976, "shade_fraction": 0.0, "exposure_fraction": 1.0, "canonical_time": "15:00", "solar_azimuth_deg": 271.54425686027565, "solar_elevation_deg": 53.21021702250467, "estimated_height_building_count": 3793, "source_type": "derived", "source_reference": "Cached OSM streets intersected with modelled building shadows", "observed_or_estimated": "ESTIMATED", "modelled_or_interpolated": "MODELLED", "timestamp": "2026-10-09T01:39:38.179956+00:00", "assumptions_version": "2026-10-09-prompt-4b-risk-explainability", "computation_mode": "geometric"}, "geometry": {"type": "LineString", "coordinates": [[75.8507116, 22.716365599999996], [75.8504992, 22.716368700000004], [75.850406, 22.7163685]]}}, {"id": "567", "type": "Feature", "properties": {"segment_id": "osm-3734494584-3734494582-0", "length_m": 31.941188557157684, "shade_fraction": 0.0, "exposure_fraction": 1.0, "canonical_time": "15:00", "solar_azimuth_deg": 271.54425686027565, "solar_elevation_deg": 53.21021702250467, "estimated_height_building_count": 3793, "source_type": "derived", "source_reference": "Cached OSM streets intersected with modelled building shadows", "observed_or_estimated": "ESTIMATED", "modelled_or_interpolated": "MODELLED", "timestamp": "2026-10-09T01:39:38.179956+00:00", "assumptions_version": "2026-10-09-prompt-4b-risk-explainability", "computation_mode": "geometric"}, "geometry": {"type": "LineString", "coordinates": [[75.8510224, 22.7163552], [75.8507116, 22.716365599999996]]}}, {"id": "568", "type": "Feature", "properties": {"segment_id": "osm-3734494584-2027156485-0", "length_m": 70.16101436577843, "shade_fraction": 0.0, "exposure_fraction": 1.0, "canonical_time": "15:00", "solar_azimuth_deg": 271.54425686027565, "solar_elevation_deg": 53.21021702250467, "estimated_height_building_count": 3793, "source_type": "derived", "source_reference": "Cached OSM streets intersected with modelled building shadows", "observed_or_estimated": "ESTIMATED", "modelled_or_interpolated": "MODELLED", "timestamp": "2026-10-09T01:39:38.179956+00:00", "assumptions_version": "2026-10-09-prompt-4b-risk-explainability", "computation_mode": "geometric"}, "geometry": {"type": "LineString", "coordinates": [[75.8510224, 22.7163552], [75.851015, 22.715767], [75.8510136, 22.715721500000004]]}}, {"id": "569", "type": "Feature", "properties": {"segment_id": "osm-3734494584-8478005611-0", "length_m": 8.500192340293129, "shade_fraction": 0.0, "exposure_fraction": 1.0, "canonical_time": "15:00", "solar_azimuth_deg": 271.54425686027565, "solar_elevation_deg": 53.21021702250467, "estimated_height_building_count": 3793, "source_type": "derived", "source_reference": "Cached OSM streets intersected with modelled building shadows", "observed_or_estimated": "ESTIMATED", "modelled_or_interpolated": "MODELLED", "timestamp": "2026-10-09T01:39:38.179956+00:00", "assumptions_version": "2026-10-09-prompt-4b-risk-explainability", "computation_mode": "geometric"}, "geometry": {"type": "LineString", "coordinates": [[75.8510224, 22.7163552], [75.8510206, 22.716386399999998], [75.8510156, 22.716431699999994]]}}, {"id": "570", "type": "Feature", "properties": {"segment_id": "osm-3734494585-3734494570-0", "length_m": 13.353260314729344, "shade_fraction": 0.0, "exposure_fraction": 1.0, "canonical_time": "15:00", "solar_azimuth_deg": 271.54425686027565, "solar_elevation_deg": 53.21021702250467, "estimated_height_building_count": 3793, "source_type": "derived", "source_reference": "Cached OSM streets intersected with modelled building shadows", "observed_or_estimated": "ESTIMATED", "modelled_or_interpolated": "MODELLED", "timestamp": "2026-10-09T01:39:38.179956+00:00", "assumptions_version": "2026-10-09-prompt-4b-risk-explainability", "computation_mode": "geometric"}, "geometry": {"type": "LineString", "coordinates": [[75.8513536, 22.716367000000005], [75.8513513, 22.716246399999992]]}}, {"id": "571", "type": "Feature", "properties": {"segment_id": "osm-3734494585-8478005611-0", "length_m": 35.445228666764955, "shade_fraction": 0.0, "exposure_fraction": 1.0, "canonical_time": "15:00", "solar_azimuth_deg": 271.54425686027565, "solar_elevation_deg": 53.21021702250467, "estimated_height_building_count": 3793, "source_type": "derived", "source_reference": "Cached OSM streets intersected with modelled building shadows", "observed_or_estimated": "ESTIMATED", "modelled_or_interpolated": "MODELLED", "timestamp": "2026-10-09T01:39:38.179956+00:00", "assumptions_version": "2026-10-09-prompt-4b-risk-explainability", "computation_mode": "geometric"}, "geometry": {"type": "LineString", "coordinates": [[75.8513536, 22.716367000000005], [75.8510156, 22.716431699999994]]}}, {"id": "572", "type": "Feature", "properties": {"segment_id": "osm-3734494585-3734494592-0", "length_m": 43.149253016772406, "shade_fraction": 0.0, "exposure_fraction": 1.0, "canonical_time": "15:00", "solar_azimuth_deg": 271.54425686027565, "solar_elevation_deg": 53.21021702250467, "estimated_height_building_count": 3793, "source_type": "derived", "source_reference": "Cached OSM streets intersected with modelled building shadows", "observed_or_estimated": "ESTIMATED", "modelled_or_interpolated": "MODELLED", "timestamp": "2026-10-09T01:39:38.179956+00:00", "assumptions_version": "2026-10-09-prompt-4b-risk-explainability", "computation_mode": "geometric"}, "geometry": {"type": "LineString", "coordinates": [[75.8513536, 22.716367000000005], [75.8514279, 22.716379699999994], [75.8514695, 22.716393299999996], [75.85149090000002, 22.7164143], [75.8515124, 22.71644519999999], [75.8515307, 22.716657599999994]]}}, {"id": "573", "type": "Feature", "properties": {"segment_id": "osm-3734494592-6611316219-0", "length_m": 16.87353859728329, "shade_fraction": 0.0, "exposure_fraction": 1.0, "canonical_time": "15:00", "solar_azimuth_deg": 271.54425686027565, "solar_elevation_deg": 53.21021702250467, "estimated_height_building_count": 3793, "source_type": "derived", "source_reference": "Cached OSM streets intersected with modelled building shadows", "observed_or_estimated": "ESTIMATED", "modelled_or_interpolated": "MODELLED", "timestamp": "2026-10-09T01:39:38.179956+00:00", "assumptions_version": "2026-10-09-prompt-4b-risk-explainability", "computation_mode": "geometric"}, "geometry": {"type": "LineString", "coordinates": [[75.8515307, 22.716657599999994], [75.8516947, 22.7166485]]}}, {"id": "574", "type": "Feature", "properties": {"segment_id": "osm-3734494592-6611316218-0", "length_m": 52.62760889409574, "shade_fraction": 0.0, "exposure_fraction": 1.0, "canonical_time": "15:00", "solar_azimuth_deg": 271.54425686027565, "solar_elevation_deg": 53.21021702250467, "estimated_height_building_count": 3793, "source_type": "derived", "source_reference": "Cached OSM streets intersected with modelled building shadows", "observed_or_estimated": "ESTIMATED", "modelled_or_interpolated": "MODELLED", "timestamp": "2026-10-09T01:39:38.179956+00:00", "assumptions_version": "2026-10-09-prompt-4b-risk-explainability", "computation_mode": "geometric"}, "geometry": {"type": "LineString", "coordinates": [[75.8515307, 22.716657599999994], [75.8513218, 22.7166487], [75.8510191, 22.7166664]]}}, {"id": "575", "type": "Feature", "properties": {"segment_id": "osm-3734494592-3734494585-0", "length_m": 43.14925301677241, "shade_fraction": 0.0, "exposure_fraction": 1.0, "canonical_time": "15:00", "solar_azimuth_deg": 271.54425686027565, "solar_elevation_deg": 53.21021702250467, "estimated_height_building_count": 3793, "source_type": "derived", "source_reference": "Cached OSM streets intersected with modelled building shadows", "observed_or_estimated": "ESTIMATED", "modelled_or_interpolated": "MODELLED", "timestamp": "2026-10-09T01:39:38.179956+00:00", "assumptions_version": "2026-10-09-prompt-4b-risk-explainability", "computation_mode": "geometric"}, "geometry": {"type": "LineString", "coordinates": [[75.8515307, 22.716657599999994], [75.8515124, 22.71644519999999], [75.85149090000002, 22.7164143], [75.8514695, 22.716393299999996], [75.8514279, 22.716379699999994], [75.8513536, 22.716367000000005]]}}, {"id": "576", "type": "Feature", "properties": {"segment_id": "osm-3734494595-3734494580-0", "length_m": 35.0882220965287, "shade_fraction": 0.6114727728034489, "exposure_fraction": 0.3885272271965511, "canonical_time": "15:00", "solar_azimuth_deg": 271.54425686027565, "solar_elevation_deg": 53.21021702250467, "estimated_height_building_count": 3793, "source_type": "derived", "source_reference": "Cached OSM streets intersected with modelled building shadows", "observed_or_estimated": "ESTIMATED", "modelled_or_interpolated": "MODELLED", "timestamp": "2026-10-09T01:39:38.179956+00:00", "assumptions_version": "2026-10-09-prompt-4b-risk-explainability", "computation_mode": "geometric"}, "geometry": {"type": "LineString", "coordinates": [[75.8504261, 22.7166849], [75.850406, 22.7163685]]}}, {"id": "577", "type": "Feature", "properties": {"segment_id": "osm-3734494595-3734494596-0", "length_m": 8.793964307959738, "shade_fraction": 0.0, "exposure_fraction": 1.0, "canonical_time": "15:00", "solar_azimuth_deg": 271.54425686027565, "solar_elevation_deg": 53.21021702250467, "estimated_height_building_count": 3793, "source_type": "derived", "source_reference": "Cached OSM streets intersected with modelled building shadows", "observed_or_estimated": "ESTIMATED", "modelled_or_interpolated": "MODELLED", "timestamp": "2026-10-09T01:39:38.179956+00:00", "assumptions_version": "2026-10-09-prompt-4b-risk-explainability", "computation_mode": "geometric"}, "geometry": {"type": "LineString", "coordinates": [[75.8504261, 22.7166849], [75.8505113, 22.7166928]]}}, {"id": "578", "type": "Feature", "properties": {"segment_id": "osm-3734494596-6611316218-0", "length_m": 52.23484289640684, "shade_fraction": 0.0, "exposure_fraction": 1.0, "canonical_time": "15:00", "solar_azimuth_deg": 271.54425686027565, "solar_elevation_deg": 53.21021702250467, "estimated_height_building_count": 3793, "source_type": "derived", "source_reference": "Cached OSM streets intersected with modelled building shadows", "observed_or_estimated": "ESTIMATED", "modelled_or_interpolated": "MODELLED", "timestamp": "2026-10-09T01:39:38.179956+00:00", "assumptions_version": "2026-10-09-prompt-4b-risk-explainability", "computation_mode": "geometric"}, "geometry": {"type": "LineString", "coordinates": [[75.8505113, 22.7166928], [75.8510191, 22.7166664]]}}, {"id": "579", "type": "Feature", "properties": {"segment_id": "osm-3734494596-3734494595-0", "length_m": 8.793964307959738, "shade_fraction": 0.0, "exposure_fraction": 1.0, "canonical_time": "15:00", "solar_azimuth_deg": 271.54425686027565, "solar_elevation_deg": 53.21021702250467, "estimated_height_building_count": 3793, "source_type": "derived", "source_reference": "Cached OSM streets intersected with modelled building shadows", "observed_or_estimated": "ESTIMATED", "modelled_or_interpolated": "MODELLED", "timestamp": "2026-10-09T01:39:38.179956+00:00", "assumptions_version": "2026-10-09-prompt-4b-risk-explainability", "computation_mode": "geometric"}, "geometry": {"type": "LineString", "coordinates": [[75.8505113, 22.7166928], [75.8504261, 22.7166849]]}}, {"id": "580", "type": "Feature", "properties": {"segment_id": "osm-3734494596-3734496654-0", "length_m": 102.5124866847197, "shade_fraction": 0.5322656330036633, "exposure_fraction": 0.46773436699633675, "canonical_time": "15:00", "solar_azimuth_deg": 271.54425686027565, "solar_elevation_deg": 53.21021702250467, "estimated_height_building_count": 3793, "source_type": "derived", "source_reference": "Cached OSM streets intersected with modelled building shadows", "observed_or_estimated": "ESTIMATED", "modelled_or_interpolated": "MODELLED", "timestamp": "2026-10-09T01:39:38.179956+00:00", "assumptions_version": "2026-10-09-prompt-4b-risk-explainability", "computation_mode": "geometric"}, "geometry": {"type": "LineString", "coordinates": [[75.8505113, 22.7166928], [75.8505215, 22.7168462], [75.8505287, 22.717062499999997], [75.8505185, 22.717261599999997], [75.850501, 22.7172985], [75.85048, 22.717311199999994], [75.8504486, 22.7173356], [75.8504303, 22.717375199999992], [75.8504237, 22.7174041], [75.8503921, 22.717584100000003]]}}, {"id": "581", "type": "Feature", "properties": {"segment_id": "osm-3734494601-3734494617-0", "length_m": 24.11183768718711, "shade_fraction": 0.0, "exposure_fraction": 1.0, "canonical_time": "15:00", "solar_azimuth_deg": 271.54425686027565, "solar_elevation_deg": 53.21021702250467, "estimated_height_building_count": 3793, "source_type": "derived", "source_reference": "Cached OSM streets intersected with modelled building shadows", "observed_or_estimated": "ESTIMATED", "modelled_or_interpolated": "MODELLED", "timestamp": "2026-10-09T01:39:38.179956+00:00", "assumptions_version": "2026-10-09-prompt-4b-risk-explainability", "computation_mode": "geometric"}, "geometry": {"type": "LineString", "coordinates": [[75.8535143, 22.7166878], [75.8535141, 22.716905599999997]]}}, {"id": "582", "type": "Feature", "properties": {"segment_id": "osm-3734494601-6611316866-0", "length_m": 51.35611793060415, "shade_fraction": 0.0, "exposure_fraction": 1.0, "canonical_time": "15:00", "solar_azimuth_deg": 271.54425686027565, "solar_elevation_deg": 53.21021702250467, "estimated_height_building_count": 3793, "source_type": "derived", "source_reference": "Cached OSM streets intersected with modelled building shadows", "observed_or_estimated": "ESTIMATED", "modelled_or_interpolated": "MODELLED", "timestamp": "2026-10-09T01:39:38.179956+00:00", "assumptions_version": "2026-10-09-prompt-4b-risk-explainability", "computation_mode": "geometric"}, "geometry": {"type": "LineString", "coordinates": [[75.8535143, 22.7166878], [75.8530144, 22.716698799999996]]}}, {"id": "583", "type": "Feature", "properties": {"segment_id": "osm-3734494601-3732489062-0", "length_m": 64.74982074175853, "shade_fraction": 0.0, "exposure_fraction": 1.0, "canonical_time": "15:00", "solar_azimuth_deg": 271.54425686027565, "solar_elevation_deg": 53.21021702250467, "estimated_height_building_count": 3793, "source_type": "derived", "source_reference": "Cached OSM streets intersected with modelled building shadows", "observed_or_estimated": "ESTIMATED", "modelled_or_interpolated": "MODELLED", "timestamp": "2026-10-09T01:39:38.179956+00:00", "assumptions_version": "2026-10-09-prompt-4b-risk-explainability", "computation_mode": "geometric"}, "geometry": {"type": "LineString", "coordinates": [[75.8535143, 22.7166878], [75.8534678, 22.7161511], [75.8534638, 22.716104799999993]]}}, {"id": "584", "type": "Feature", "properties": {"segment_id": "osm-3734494606-3734496670-0", "length_m": 176.38138486401547, "shade_fraction": 0.10062906631361143, "exposure_fraction": 0.8993709336863885, "canonical_time": "15:00", "solar_azimuth_deg": 271.54425686027565, "solar_elevation_deg": 53.21021702250467, "estimated_height_building_count": 3793, "source_type": "derived", "source_reference": "Cached OSM streets intersected with modelled building shadows", "observed_or_estimated": "ESTIMATED", "modelled_or_interpolated": "MODELLED", "timestamp": "2026-10-09T01:39:38.179956+00:00", "assumptions_version": "2026-10-09-prompt-4b-risk-explainability", "computation_mode": "geometric"}, "geometry": {"type": "LineString", "coordinates": [[75.8546448, 22.716781800000003], [75.8546986, 22.7168269], [75.854729, 22.7169004], [75.854767, 22.717037], [75.8547916, 22.71712449999999], [75.85487130000001, 22.717134999999992], [75.8549105, 22.7171475], [75.8548947, 22.7176126], [75.8550877, 22.7176094], [75.8551409, 22.71762469999999], [75.855191, 22.7176586], [75.8552958, 22.717657], [75.8554104, 22.717645199999993], [75.855566, 22.717633899999996]]}}, {"id": "585", "type": "Feature", "properties": {"segment_id": "osm-3734494606-2027156534-0", "length_m": 53.83341086813313, "shade_fraction": 0.49154422854717084, "exposure_fraction": 0.5084557714528292, "canonical_time": "15:00", "solar_azimuth_deg": 271.54425686027565, "solar_elevation_deg": 53.21021702250467, "estimated_height_building_count": 3793, "source_type": "derived", "source_reference": "Cached OSM streets intersected with modelled building shadows", "observed_or_estimated": "ESTIMATED", "modelled_or_interpolated": "MODELLED", "timestamp": "2026-10-09T01:39:38.179956+00:00", "assumptions_version": "2026-10-09-prompt-4b-risk-explainability", "computation_mode": "geometric"}, "geometry": {"type": "LineString", "coordinates": [[75.8546448, 22.716781800000003], [75.8546448, 22.7165615], [75.8546257, 22.716342799999993], [75.8546216, 22.716296399999994]]}}, {"id": "586", "type": "Feature", "properties": {"segment_id": "osm-3734494606-3734496627-0", "length_m": 33.7005342399895, "shade_fraction": 0.18876468512277292, "exposure_fraction": 0.8112353148772271, "canonical_time": "15:00", "solar_azimuth_deg": 271.54425686027565, "solar_elevation_deg": 53.21021702250467, "estimated_height_building_count": 3793, "source_type": "derived", "source_reference": "Cached OSM streets intersected with modelled building shadows", "observed_or_estimated": "ESTIMATED", "modelled_or_interpolated": "MODELLED", "timestamp": "2026-10-09T01:39:38.179956+00:00", "assumptions_version": "2026-10-09-prompt-4b-risk-explainability", "computation_mode": "geometric"}, "geometry": {"type": "LineString", "coordinates": [[75.8546448, 22.716781800000003], [75.854567, 22.716838699999997], [75.8544838, 22.716967499999992], [75.8544413, 22.7170158]]}}, {"id": "587", "type": "Feature", "properties": {"segment_id": "osm-3734494616-3734496627-0", "length_m": 46.288047481980925, "shade_fraction": 0.0, "exposure_fraction": 1.0, "canonical_time": "15:00", "solar_azimuth_deg": 271.54425686027565, "solar_elevation_deg": 53.21021702250467, "estimated_height_building_count": 3793, "source_type": "derived", "source_reference": "Cached OSM streets intersected with modelled building shadows", "observed_or_estimated": "ESTIMATED", "modelled_or_interpolated": "MODELLED", "timestamp": "2026-10-09T01:39:38.179956+00:00", "assumptions_version": "2026-10-09-prompt-4b-risk-explainability", "computation_mode": "geometric"}, "geometry": {"type": "LineString", "coordinates": [[75.8540151, 22.7168913], [75.8541419, 22.716927100000003], [75.8542161, 22.71694409999999], [75.8543262, 22.716972200000008], [75.854404, 22.7169879], [75.8544413, 22.7170158]]}}, {"id": "588", "type": "Feature", "properties": {"segment_id": "osm-3734494616-3734494617-0", "length_m": 52.107252142764885, "shade_fraction": 0.0, "exposure_fraction": 1.0, "canonical_time": "15:00", "solar_azimuth_deg": 271.54425686027565, "solar_elevation_deg": 53.21021702250467, "estimated_height_building_count": 3793, "source_type": "derived", "source_reference": "Cached OSM streets intersected with modelled building shadows", "observed_or_estimated": "ESTIMATED", "modelled_or_interpolated": "MODELLED", "timestamp": "2026-10-09T01:39:38.179956+00:00", "assumptions_version": "2026-10-09-prompt-4b-risk-explainability", "computation_mode": "geometric"}, "geometry": {"type": "LineString", "coordinates": [[75.8540151, 22.7168913], [75.8539702, 22.716871599999997], [75.8538975, 22.716878400000006], [75.8536474, 22.7169], [75.8535141, 22.716905599999997]]}}, {"id": "589", "type": "Feature", "properties": {"segment_id": "osm-3734494616-2027156525-0", "length_m": 75.90624523219836, "shade_fraction": 0.6153948757364311, "exposure_fraction": 0.38460512426356885, "canonical_time": "15:00", "solar_azimuth_deg": 271.54425686027565, "solar_elevation_deg": 53.21021702250467, "estimated_height_building_count": 3793, "source_type": "derived", "source_reference": "Cached OSM streets intersected with modelled building shadows", "observed_or_estimated": "ESTIMATED", "modelled_or_interpolated": "MODELLED", "timestamp": "2026-10-09T01:39:38.179956+00:00", "assumptions_version": "2026-10-09-prompt-4b-risk-explainability", "computation_mode": "geometric"}, "geometry": {"type": "LineString", "coordinates": [[75.8540151, 22.7168913], [75.85402460000002, 22.7168368], [75.8540193, 22.71674209999999], [75.854032, 22.716664499999993], [75.8540337, 22.7165889], [75.8540289, 22.716362500000002], [75.8540263, 22.716278899999992], [75.854023, 22.71625439999999], [75.8540169, 22.716208]]}}, {"id": "590", "type": "Feature", "properties": {"segment_id": "osm-3734494617-3734494601-0", "length_m": 24.11183768718711, "shade_fraction": 0.0, "exposure_fraction": 1.0, "canonical_time": "15:00", "solar_azimuth_deg": 271.54425686027565, "solar_elevation_deg": 53.21021702250467, "estimated_height_building_count": 3793, "source_type": "derived", "source_reference": "Cached OSM streets intersected with modelled building shadows", "observed_or_estimated": "ESTIMATED", "modelled_or_interpolated": "MODELLED", "timestamp": "2026-10-09T01:39:38.179956+00:00", "assumptions_version": "2026-10-09-prompt-4b-risk-explainability", "computation_mode": "geometric"}, "geometry": {"type": "LineString", "coordinates": [[75.8535141, 22.716905599999997], [75.8535143, 22.7166878]]}}, {"id": "591", "type": "Feature", "properties": {"segment_id": "osm-3734494617-3732489063-0", "length_m": 123.81772789768391, "shade_fraction": 0.0779445064609, "exposure_fraction": 0.9220554935391, "canonical_time": "15:00", "solar_azimuth_deg": 271.54425686027565, "solar_elevation_deg": 53.21021702250467, "estimated_height_building_count": 3793, "source_type": "derived", "source_reference": "Cached OSM streets intersected with modelled building shadows", "observed_or_estimated": "ESTIMATED", "modelled_or_interpolated": "MODELLED", "timestamp": "2026-10-09T01:39:38.179956+00:00", "assumptions_version": "2026-10-09-prompt-4b-risk-explainability", "computation_mode": "geometric"}, "geometry": {"type": "LineString", "coordinates": [[75.8535141, 22.716905599999997], [75.8535547, 22.718023399999993]]}}, {"id": "592", "type": "Feature", "properties": {"segment_id": "osm-3734494617-3734494616-0", "length_m": 52.107252142764885, "shade_fraction": 0.0, "exposure_fraction": 1.0, "canonical_time": "15:00", "solar_azimuth_deg": 271.54425686027565, "solar_elevation_deg": 53.21021702250467, "estimated_height_building_count": 3793, "source_type": "derived", "source_reference": "Cached OSM streets intersected with modelled building shadows", "observed_or_estimated": "ESTIMATED", "modelled_or_interpolated": "MODELLED", "timestamp": "2026-10-09T01:39:38.179956+00:00", "assumptions_version": "2026-10-09-prompt-4b-risk-explainability", "computation_mode": "geometric"}, "geometry": {"type": "LineString", "coordinates": [[75.8535141, 22.716905599999997], [75.8536474, 22.7169], [75.8538975, 22.716878400000006], [75.8539702, 22.716871599999997], [75.8540151, 22.7168913]]}}, {"id": "593", "type": "Feature", "properties": {"segment_id": "osm-3734496625-8478005564-0", "length_m": 71.39664021062683, "shade_fraction": 0.011774314813527021, "exposure_fraction": 0.988225685186473, "canonical_time": "15:00", "solar_azimuth_deg": 271.54425686027565, "solar_elevation_deg": 53.21021702250467, "estimated_height_building_count": 3793, "source_type": "derived", "source_reference": "Cached OSM streets intersected with modelled building shadows", "observed_or_estimated": "ESTIMATED", "modelled_or_interpolated": "MODELLED", "timestamp": "2026-10-09T01:39:38.179956+00:00", "assumptions_version": "2026-10-09-prompt-4b-risk-explainability", "computation_mode": "geometric"}, "geometry": {"type": "LineString", "coordinates": [[75.85235450000002, 22.717004899999996], [75.8525813, 22.716971], [75.8527315, 22.716963599999996], [75.8528414, 22.716966100000004], [75.853046, 22.716952800000005]]}}, {"id": "594", "type": "Feature", "properties": {"segment_id": "osm-3734496625-3734496628-0", "length_m": 67.23669951613871, "shade_fraction": 0.04336357478589524, "exposure_fraction": 0.9566364252141047, "canonical_time": "15:00", "solar_azimuth_deg": 271.54425686027565, "solar_elevation_deg": 53.21021702250467, "estimated_height_building_count": 3793, "source_type": "derived", "source_reference": "Cached OSM streets intersected with modelled building shadows", "observed_or_estimated": "ESTIMATED", "modelled_or_interpolated": "MODELLED", "timestamp": "2026-10-09T01:39:38.179956+00:00", "assumptions_version": "2026-10-09-prompt-4b-risk-explainability", "computation_mode": "geometric"}, "geometry": {"type": "LineString", "coordinates": [[75.85235450000002, 22.717004899999996], [75.8519438, 22.717009899999997], [75.8517002, 22.7170217]]}}, {"id": "595", "type": "Feature", "properties": {"segment_id": "osm-3734496625-3734496656-0", "length_m": 63.846387161075015, "shade_fraction": 0.7867454834672603, "exposure_fraction": 0.21325451653273975, "canonical_time": "15:00", "solar_azimuth_deg": 271.54425686027565, "solar_elevation_deg": 53.21021702250467, "estimated_height_building_count": 3793, "source_type": "derived", "source_reference": "Cached OSM streets intersected with modelled building shadows", "observed_or_estimated": "ESTIMATED", "modelled_or_interpolated": "MODELLED", "timestamp": "2026-10-09T01:39:38.179956+00:00", "assumptions_version": "2026-10-09-prompt-4b-risk-explainability", "computation_mode": "geometric"}, "geometry": {"type": "LineString", "coordinates": [[75.85235450000002, 22.717004899999996], [75.8523786, 22.7173268], [75.8523965, 22.71758029999999]]}}, {"id": "596", "type": "Feature", "properties": {"segment_id": "osm-3734496627-3734494616-0", "length_m": 46.288047481980925, "shade_fraction": 0.0, "exposure_fraction": 1.0, "canonical_time": "15:00", "solar_azimuth_deg": 271.54425686027565, "solar_elevation_deg": 53.21021702250467, "estimated_height_building_count": 3793, "source_type": "derived", "source_reference": "Cached OSM streets intersected with modelled building shadows", "observed_or_estimated": "ESTIMATED", "modelled_or_interpolated": "MODELLED", "timestamp": "2026-10-09T01:39:38.179956+00:00", "assumptions_version": "2026-10-09-prompt-4b-risk-explainability", "computation_mode": "geometric"}, "geometry": {"type": "LineString", "coordinates": [[75.8544413, 22.7170158], [75.854404, 22.7169879], [75.8543262, 22.716972200000008], [75.8542161, 22.71694409999999], [75.8541419, 22.716927100000003], [75.8540151, 22.7168913]]}}, {"id": "597", "type": "Feature", "properties": {"segment_id": "osm-3734496627-3734496686-0", "length_m": 125.44545392189947, "shade_fraction": 0.036373902936940275, "exposure_fraction": 0.9636260970630597, "canonical_time": "15:00", "solar_azimuth_deg": 271.54425686027565, "solar_elevation_deg": 53.21021702250467, "estimated_height_building_count": 3793, "source_type": "derived", "source_reference": "Cached OSM streets intersected with modelled building shadows", "observed_or_estimated": "ESTIMATED", "modelled_or_interpolated": "MODELLED", "timestamp": "2026-10-09T01:39:38.179956+00:00", "assumptions_version": "2026-10-09-prompt-4b-risk-explainability", "computation_mode": "geometric"}, "geometry": {"type": "LineString", "coordinates": [[75.8544413, 22.7170158], [75.8543893, 22.717075], [75.8543576, 22.7171111], [75.8542557, 22.717224899999994], [75.8541671, 22.7173685], [75.8541322, 22.71750219999999], [75.8541134, 22.717668100000004], [75.8541, 22.717881000000002], [75.8540906, 22.718024800000006], [75.8540906, 22.7180599]]}}, {"id": "598", "type": "Feature", "properties": {"segment_id": "osm-3734496627-3734494606-0", "length_m": 33.7005342399895, "shade_fraction": 0.18876468512277292, "exposure_fraction": 0.8112353148772271, "canonical_time": "15:00", "solar_azimuth_deg": 271.54425686027565, "solar_elevation_deg": 53.21021702250467, "estimated_height_building_count": 3793, "source_type": "derived", "source_reference": "Cached OSM streets intersected with modelled building shadows", "observed_or_estimated": "ESTIMATED", "modelled_or_interpolated": "MODELLED", "timestamp": "2026-10-09T01:39:38.179956+00:00", "assumptions_version": "2026-10-09-prompt-4b-risk-explainability", "computation_mode": "geometric"}, "geometry": {"type": "LineString", "coordinates": [[75.8544413, 22.7170158], [75.8544838, 22.716967499999992], [75.854567, 22.716838699999997], [75.8546448, 22.716781800000003]]}}, {"id": "599", "type": "Feature", "properties": {"segment_id": "osm-3734496628-3734496625-0", "length_m": 67.23669951613871, "shade_fraction": 0.04336357478589524, "exposure_fraction": 0.9566364252141047, "canonical_time": "15:00", "solar_azimuth_deg": 271.54425686027565, "solar_elevation_deg": 53.21021702250467, "estimated_height_building_count": 3793, "source_type": "derived", "source_reference": "Cached OSM streets intersected with modelled building shadows", "observed_or_estimated": "ESTIMATED", "modelled_or_interpolated": "MODELLED", "timestamp": "2026-10-09T01:39:38.179956+00:00", "assumptions_version": "2026-10-09-prompt-4b-risk-explainability", "computation_mode": "geometric"}, "geometry": {"type": "LineString", "coordinates": [[75.8517002, 22.7170217], [75.8519438, 22.717009899999997], [75.85235450000002, 22.717004899999996]]}}, {"id": "600", "type": "Feature", "properties": {"segment_id": "osm-3734496628-6611316219-0", "length_m": 41.325581755601206, "shade_fraction": 0.6892846345201885, "exposure_fraction": 0.3107153654798115, "canonical_time": "15:00", "solar_azimuth_deg": 271.54425686027565, "solar_elevation_deg": 53.21021702250467, "estimated_height_building_count": 3793, "source_type": "derived", "source_reference": "Cached OSM streets intersected with modelled building shadows", "observed_or_estimated": "ESTIMATED", "modelled_or_interpolated": "MODELLED", "timestamp": "2026-10-09T01:39:38.179956+00:00", "assumptions_version": "2026-10-09-prompt-4b-risk-explainability", "computation_mode": "geometric"}, "geometry": {"type": "LineString", "coordinates": [[75.8517002, 22.7170217], [75.8516935, 22.716665599999995], [75.8516947, 22.7166485]]}}, {"id": "601", "type": "Feature", "properties": {"segment_id": "osm-3734496628-3734496656-0", "length_m": 136.38000988716476, "shade_fraction": 0.2200891489790895, "exposure_fraction": 0.7799108510209105, "canonical_time": "15:00", "solar_azimuth_deg": 271.54425686027565, "solar_elevation_deg": 53.21021702250467, "estimated_height_building_count": 3793, "source_type": "derived", "source_reference": "Cached OSM streets intersected with modelled building shadows", "observed_or_estimated": "ESTIMATED", "modelled_or_interpolated": "MODELLED", "timestamp": "2026-10-09T01:39:38.179956+00:00", "assumptions_version": "2026-10-09-prompt-4b-risk-explainability", "computation_mode": "geometric"}, "geometry": {"type": "LineString", "coordinates": [[75.8517002, 22.7170217], [75.851706, 22.717224800000004], [75.8516642, 22.7175718], [75.8518005, 22.7175681], [75.8520453, 22.717573399999996], [75.8521402, 22.7175734], [75.8523965, 22.71758029999999]]}}, {"id": "602", "type": "Feature", "properties": {"segment_id": "osm-3734496654-3734496665-0", "length_m": 32.79763701807656, "shade_fraction": 0.0, "exposure_fraction": 1.0, "canonical_time": "15:00", "solar_azimuth_deg": 271.54425686027565, "solar_elevation_deg": 53.21021702250467, "estimated_height_building_count": 3793, "source_type": "derived", "source_reference": "Cached OSM streets intersected with modelled building shadows", "observed_or_estimated": "ESTIMATED", "modelled_or_interpolated": "MODELLED", "timestamp": "2026-10-09T01:39:38.179956+00:00", "assumptions_version": "2026-10-09-prompt-4b-risk-explainability", "computation_mode": "geometric"}, "geometry": {"type": "LineString", "coordinates": [[75.8503921, 22.717584100000003], [75.8504015, 22.717590899999998], [75.850422, 22.717602600000003], [75.850526, 22.7176115], [75.8506267, 22.7176277], [75.8507031, 22.7176341]]}}, {"id": "603", "type": "Feature", "properties": {"segment_id": "osm-3734496654-3734494596-0", "length_m": 102.51248668471975, "shade_fraction": 0.532265633003663, "exposure_fraction": 0.46773436699633697, "canonical_time": "15:00", "solar_azimuth_deg": 271.54425686027565, "solar_elevation_deg": 53.21021702250467, "estimated_height_building_count": 3793, "source_type": "derived", "source_reference": "Cached OSM streets intersected with modelled building shadows", "observed_or_estimated": "ESTIMATED", "modelled_or_interpolated": "MODELLED", "timestamp": "2026-10-09T01:39:38.179956+00:00", "assumptions_version": "2026-10-09-prompt-4b-risk-explainability", "computation_mode": "geometric"}, "geometry": {"type": "LineString", "coordinates": [[75.8503921, 22.717584100000003], [75.8504237, 22.7174041], [75.8504303, 22.717375199999992], [75.8504486, 22.7173356], [75.85048, 22.717311199999994], [75.850501, 22.7172985], [75.8505185, 22.717261599999997], [75.8505287, 22.717062499999997], [75.8505215, 22.7168462], [75.8505113, 22.7166928]]}}, {"id": "604", "type": "Feature", "properties": {"segment_id": "osm-3734496656-3734496628-0", "length_m": 136.38000988716476, "shade_fraction": 0.2200891489790895, "exposure_fraction": 0.7799108510209105, "canonical_time": "15:00", "solar_azimuth_deg": 271.54425686027565, "solar_elevation_deg": 53.21021702250467, "estimated_height_building_count": 3793, "source_type": "derived", "source_reference": "Cached OSM streets intersected with modelled building shadows", "observed_or_estimated": "ESTIMATED", "modelled_or_interpolated": "MODELLED", "timestamp": "2026-10-09T01:39:38.179956+00:00", "assumptions_version": "2026-10-09-prompt-4b-risk-explainability", "computation_mode": "geometric"}, "geometry": {"type": "LineString", "coordinates": [[75.8523965, 22.71758029999999], [75.8521402, 22.7175734], [75.8520453, 22.717573399999996], [75.8518005, 22.7175681], [75.8516642, 22.7175718], [75.851706, 22.717224800000004], [75.8517002, 22.7170217]]}}, {"id": "605", "type": "Feature", "properties": {"segment_id": "osm-3734496656-8478005564-0", "length_m": 144.69895578863324, "shade_fraction": 0.2381576939001065, "exposure_fraction": 0.7618423060998936, "canonical_time": "15:00", "solar_azimuth_deg": 271.54425686027565, "solar_elevation_deg": 53.21021702250467, "estimated_height_building_count": 3793, "source_type": "derived", "source_reference": "Cached OSM streets intersected with modelled building shadows", "observed_or_estimated": "ESTIMATED", "modelled_or_interpolated": "MODELLED", "timestamp": "2026-10-09T01:39:38.179956+00:00", "assumptions_version": "2026-10-09-prompt-4b-risk-explainability", "computation_mode": "geometric"}, "geometry": {"type": "LineString", "coordinates": [[75.8523965, 22.71758029999999], [75.8530126, 22.717628200000004], [75.8530493, 22.717622899999995], [75.8530985, 22.717591], [75.8531096, 22.7175445], [75.8530827, 22.717153799999995], [75.85306900000002, 22.7170427], [75.853046, 22.716952800000005]]}}, {"id": "606", "type": "Feature", "properties": {"segment_id": "osm-3734496656-3734496625-0", "length_m": 63.846387161075015, "shade_fraction": 0.7867454834672603, "exposure_fraction": 0.21325451653273975, "canonical_time": "15:00", "solar_azimuth_deg": 271.54425686027565, "solar_elevation_deg": 53.21021702250467, "estimated_height_building_count": 3793, "source_type": "derived", "source_reference": "Cached OSM streets intersected with modelled building shadows", "observed_or_estimated": "ESTIMATED", "modelled_or_interpolated": "MODELLED", "timestamp": "2026-10-09T01:39:38.179956+00:00", "assumptions_version": "2026-10-09-prompt-4b-risk-explainability", "computation_mode": "geometric"}, "geometry": {"type": "LineString", "coordinates": [[75.8523965, 22.71758029999999], [75.8523786, 22.7173268], [75.85235450000002, 22.717004899999996]]}}, {"id": "607", "type": "Feature", "properties": {"segment_id": "osm-3734496665-3734496654-0", "length_m": 32.79763701807656, "shade_fraction": 0.0, "exposure_fraction": 1.0, "canonical_time": "15:00", "solar_azimuth_deg": 271.54425686027565, "solar_elevation_deg": 53.21021702250467, "estimated_height_building_count": 3793, "source_type": "derived", "source_reference": "Cached OSM streets intersected with modelled building shadows", "observed_or_estimated": "ESTIMATED", "modelled_or_interpolated": "MODELLED", "timestamp": "2026-10-09T01:39:38.179956+00:00", "assumptions_version": "2026-10-09-prompt-4b-risk-explainability", "computation_mode": "geometric"}, "geometry": {"type": "LineString", "coordinates": [[75.8507031, 22.7176341], [75.8506267, 22.7176277], [75.850526, 22.7176115], [75.850422, 22.717602600000003], [75.8504015, 22.717590899999998], [75.8503921, 22.717584100000003]]}}, {"id": "608", "type": "Feature", "properties": {"segment_id": "osm-3734496670-3734494606-0", "length_m": 176.38138486401544, "shade_fraction": 0.10062906631361143, "exposure_fraction": 0.8993709336863885, "canonical_time": "15:00", "solar_azimuth_deg": 271.54425686027565, "solar_elevation_deg": 53.21021702250467, "estimated_height_building_count": 3793, "source_type": "derived", "source_reference": "Cached OSM streets intersected with modelled building shadows", "observed_or_estimated": "ESTIMATED", "modelled_or_interpolated": "MODELLED", "timestamp": "2026-10-09T01:39:38.179956+00:00", "assumptions_version": "2026-10-09-prompt-4b-risk-explainability", "computation_mode": "geometric"}, "geometry": {"type": "LineString", "coordinates": [[75.855566, 22.717633899999996], [75.8554104, 22.717645199999993], [75.8552958, 22.717657], [75.855191, 22.7176586], [75.8551409, 22.71762469999999], [75.8550877, 22.7176094], [75.8548947, 22.7176126], [75.8549105, 22.7171475], [75.85487130000001, 22.717134999999992], [75.8547916, 22.71712449999999], [75.854767, 22.717037], [75.854729, 22.7169004], [75.8546986, 22.7168269], [75.8546448, 22.716781800000003]]}}, {"id": "609", "type": "Feature", "properties": {"segment_id": "osm-3734496670-9523322983-0", "length_m": 33.462618739906205, "shade_fraction": 0.5457400725376995, "exposure_fraction": 0.4542599274623005, "canonical_time": "15:00", "solar_azimuth_deg": 271.54425686027565, "solar_elevation_deg": 53.21021702250467, "estimated_height_building_count": 3793, "source_type": "derived", "source_reference": "Cached OSM streets intersected with modelled building shadows", "observed_or_estimated": "ESTIMATED", "modelled_or_interpolated": "MODELLED", "timestamp": "2026-10-09T01:39:38.179956+00:00", "assumptions_version": "2026-10-09-prompt-4b-risk-explainability", "computation_mode": "geometric"}, "geometry": {"type": "LineString", "coordinates": [[75.855566, 22.717633899999996], [75.8555608, 22.717850099999996], [75.8555792, 22.717934399999997]]}}, {"id": "610", "type": "Feature", "properties": {"segment_id": "osm-3734496670-9523322987-0", "length_m": 135.04408418716127, "shade_fraction": 0.3059216523595785, "exposure_fraction": 0.6940783476404215, "canonical_time": "15:00", "solar_azimuth_deg": 271.54425686027565, "solar_elevation_deg": 53.21021702250467, "estimated_height_building_count": 3793, "source_type": "derived", "source_reference": "Cached OSM streets intersected with modelled building shadows", "observed_or_estimated": "ESTIMATED", "modelled_or_interpolated": "MODELLED", "timestamp": "2026-10-09T01:39:38.179956+00:00", "assumptions_version": "2026-10-09-prompt-4b-risk-explainability", "computation_mode": "geometric"}, "geometry": {"type": "LineString", "coordinates": [[75.855566, 22.717633899999996], [75.855532, 22.7170346], [75.8555146, 22.716870399999998], [75.8554088, 22.716426399999985]]}}, {"id": "611", "type": "Feature", "properties": {"segment_id": "osm-3734496680-3732489063-0", "length_m": 151.62277774464837, "shade_fraction": 0.0, "exposure_fraction": 1.0, "canonical_time": "15:00", "solar_azimuth_deg": 271.54425686027565, "solar_elevation_deg": 53.21021702250467, "estimated_height_building_count": 3793, "source_type": "derived", "source_reference": "Cached OSM streets intersected with modelled building shadows", "observed_or_estimated": "ESTIMATED", "modelled_or_interpolated": "MODELLED", "timestamp": "2026-10-09T01:39:38.179956+00:00", "assumptions_version": "2026-10-09-prompt-4b-risk-explainability", "computation_mode": "geometric"}, "geometry": {"type": "LineString", "coordinates": [[75.8520809, 22.717945600000004], [75.8527164, 22.7179698], [75.8535547, 22.718023399999993]]}}, {"id": "612", "type": "Feature", "properties": {"segment_id": "osm-3734496680-2025020003-0", "length_m": 98.3927514501522, "shade_fraction": 0.0, "exposure_fraction": 1.0, "canonical_time": "15:00", "solar_azimuth_deg": 271.54425686027565, "solar_elevation_deg": 53.21021702250467, "estimated_height_building_count": 3793, "source_type": "derived", "source_reference": "Cached OSM streets intersected with modelled building shadows", "observed_or_estimated": "ESTIMATED", "modelled_or_interpolated": "MODELLED", "timestamp": "2026-10-09T01:39:38.179956+00:00", "assumptions_version": "2026-10-09-prompt-4b-risk-explainability", "computation_mode": "geometric"}, "geometry": {"type": "LineString", "coordinates": [[75.8520809, 22.717945600000004], [75.8513458, 22.7178984], [75.8511287, 22.717937599999992]]}}, {"id": "613", "type": "Feature", "properties": {"segment_id": "osm-3734496680-3734496695-0", "length_m": 40.177639613148486, "shade_fraction": 0.011055246047694194, "exposure_fraction": 0.9889447539523059, "canonical_time": "15:00", "solar_azimuth_deg": 271.54425686027565, "solar_elevation_deg": 53.21021702250467, "estimated_height_building_count": 3793, "source_type": "derived", "source_reference": "Cached OSM streets intersected with modelled building shadows", "observed_or_estimated": "ESTIMATED", "modelled_or_interpolated": "MODELLED", "timestamp": "2026-10-09T01:39:38.179956+00:00", "assumptions_version": "2026-10-09-prompt-4b-risk-explainability", "computation_mode": "geometric"}, "geometry": {"type": "LineString", "coordinates": [[75.8520809, 22.717945600000004], [75.8520803, 22.718259599999996], [75.8520872, 22.71830809999999]]}}, {"id": "614", "type": "Feature", "properties": {"segment_id": "osm-3734496685-2025020003-0", "length_m": 10.935980575244917, "shade_fraction": 0.0, "exposure_fraction": 1.0, "canonical_time": "15:00", "solar_azimuth_deg": 271.54425686027565, "solar_elevation_deg": 53.21021702250467, "estimated_height_building_count": 3793, "source_type": "derived", "source_reference": "Cached OSM streets intersected with modelled building shadows", "observed_or_estimated": "ESTIMATED", "modelled_or_interpolated": "MODELLED", "timestamp": "2026-10-09T01:39:38.179956+00:00", "assumptions_version": "2026-10-09-prompt-4b-risk-explainability", "computation_mode": "geometric"}, "geometry": {"type": "LineString", "coordinates": [[75.851159, 22.7180323], [75.8511287, 22.717937599999992]]}}, {"id": "615", "type": "Feature", "properties": {"segment_id": "osm-3734496685-2025020078-0", "length_m": 121.8420606191732, "shade_fraction": 0.0, "exposure_fraction": 1.0, "canonical_time": "15:00", "solar_azimuth_deg": 271.54425686027565, "solar_elevation_deg": 53.21021702250467, "estimated_height_building_count": 3793, "source_type": "derived", "source_reference": "Cached OSM streets intersected with modelled building shadows", "observed_or_estimated": "ESTIMATED", "modelled_or_interpolated": "MODELLED", "timestamp": "2026-10-09T01:39:38.179956+00:00", "assumptions_version": "2026-10-09-prompt-4b-risk-explainability", "computation_mode": "geometric"}, "geometry": {"type": "LineString", "coordinates": [[75.851159, 22.7180323], [75.8510731, 22.719129999999993]]}}, {"id": "616", "type": "Feature", "properties": {"segment_id": "osm-3734496686-2025020021-0", "length_m": 140.40221853402363, "shade_fraction": 0.0, "exposure_fraction": 1.0, "canonical_time": "15:00", "solar_azimuth_deg": 271.54425686027565, "solar_elevation_deg": 53.21021702250467, "estimated_height_building_count": 3793, "source_type": "derived", "source_reference": "Cached OSM streets intersected with modelled building shadows", "observed_or_estimated": "ESTIMATED", "modelled_or_interpolated": "MODELLED", "timestamp": "2026-10-09T01:39:38.179956+00:00", "assumptions_version": "2026-10-09-prompt-4b-risk-explainability", "computation_mode": "geometric"}, "geometry": {"type": "LineString", "coordinates": [[75.8540906, 22.7180599], [75.8542752, 22.718073399999994], [75.8551934, 22.7180706], [75.8553029, 22.7181106], [75.8554029, 22.71820930000001]]}}, {"id": "617", "type": "Feature", "properties": {"segment_id": "osm-3734496686-3732489063-0", "length_m": 55.18729955110561, "shade_fraction": 0.0, "exposure_fraction": 1.0, "canonical_time": "15:00", "solar_azimuth_deg": 271.54425686027565, "solar_elevation_deg": 53.21021702250467, "estimated_height_building_count": 3793, "source_type": "derived", "source_reference": "Cached OSM streets intersected with modelled building shadows", "observed_or_estimated": "ESTIMATED", "modelled_or_interpolated": "MODELLED", "timestamp": "2026-10-09T01:39:38.179956+00:00", "assumptions_version": "2026-10-09-prompt-4b-risk-explainability", "computation_mode": "geometric"}, "geometry": {"type": "LineString", "coordinates": [[75.8540906, 22.7180599], [75.8538547, 22.718042600000008], [75.8535547, 22.718023399999993]]}}, {"id": "618", "type": "Feature", "properties": {"segment_id": "osm-3734496686-3734496703-0", "length_m": 89.52203349002498, "shade_fraction": 0.25815154842642235, "exposure_fraction": 0.7418484515735777, "canonical_time": "15:00", "solar_azimuth_deg": 271.54425686027565, "solar_elevation_deg": 53.21021702250467, "estimated_height_building_count": 3793, "source_type": "derived", "source_reference": "Cached OSM streets intersected with modelled building shadows", "observed_or_estimated": "ESTIMATED", "modelled_or_interpolated": "MODELLED", "timestamp": "2026-10-09T01:39:38.179956+00:00", "assumptions_version": "2026-10-09-prompt-4b-risk-explainability", "computation_mode": "geometric"}, "geometry": {"type": "LineString", "coordinates": [[75.8540906, 22.7180599], [75.8540785, 22.718277099999995], [75.8540705, 22.718457799999996], [75.8540691, 22.7188681]]}}, {"id": "619", "type": "Feature", "properties": {"segment_id": "osm-3734496686-3734496627-0", "length_m": 125.44545392189947, "shade_fraction": 0.036373902936940275, "exposure_fraction": 0.9636260970630597, "canonical_time": "15:00", "solar_azimuth_deg": 271.54425686027565, "solar_elevation_deg": 53.21021702250467, "estimated_height_building_count": 3793, "source_type": "derived", "source_reference": "Cached OSM streets intersected with modelled building shadows", "observed_or_estimated": "ESTIMATED", "modelled_or_interpolated": "MODELLED", "timestamp": "2026-10-09T01:39:38.179956+00:00", "assumptions_version": "2026-10-09-prompt-4b-risk-explainability", "computation_mode": "geometric"}, "geometry": {"type": "LineString", "coordinates": [[75.8540906, 22.7180599], [75.8540906, 22.718024800000006], [75.8541, 22.717881000000002], [75.8541134, 22.717668100000004], [75.8541322, 22.71750219999999], [75.8541671, 22.7173685], [75.8542557, 22.717224899999994], [75.8543576, 22.7171111], [75.8543893, 22.717075], [75.8544413, 22.7170158]]}}, {"id": "620", "type": "Feature", "properties": {"segment_id": "osm-3734496687-3732489063-0", "length_m": 24.563731269389162, "shade_fraction": 0.26904176309280087, "exposure_fraction": 0.7309582369071992, "canonical_time": "15:00", "solar_azimuth_deg": 271.54425686027565, "solar_elevation_deg": 53.21021702250467, "estimated_height_building_count": 3793, "source_type": "derived", "source_reference": "Cached OSM streets intersected with modelled building shadows", "observed_or_estimated": "ESTIMATED", "modelled_or_interpolated": "MODELLED", "timestamp": "2026-10-09T01:39:38.179956+00:00", "assumptions_version": "2026-10-09-prompt-4b-risk-explainability", "computation_mode": "geometric"}, "geometry": {"type": "LineString", "coordinates": [[75.8535482, 22.7182452], [75.8535547, 22.718023399999993]]}}, {"id": "621", "type": "Feature", "properties": {"segment_id": "osm-3734496687-3732489064-0", "length_m": 74.39131421689721, "shade_fraction": 0.27911030023732086, "exposure_fraction": 0.7208896997626791, "canonical_time": "15:00", "solar_azimuth_deg": 271.54425686027565, "solar_elevation_deg": 53.21021702250467, "estimated_height_building_count": 3793, "source_type": "derived", "source_reference": "Cached OSM streets intersected with modelled building shadows", "observed_or_estimated": "ESTIMATED", "modelled_or_interpolated": "MODELLED", "timestamp": "2026-10-09T01:39:38.179956+00:00", "assumptions_version": "2026-10-09-prompt-4b-risk-explainability", "computation_mode": "geometric"}, "geometry": {"type": "LineString", "coordinates": [[75.8535482, 22.7182452], [75.8536022, 22.7189153]]}}, {"id": "622", "type": "Feature", "properties": {"segment_id": "osm-3734496687-3734496697-0", "length_m": 99.17746748742312, "shade_fraction": 0.08969872722419141, "exposure_fraction": 0.9103012727758086, "canonical_time": "15:00", "solar_azimuth_deg": 271.54425686027565, "solar_elevation_deg": 53.21021702250467, "estimated_height_building_count": 3793, "source_type": "derived", "source_reference": "Cached OSM streets intersected with modelled building shadows", "observed_or_estimated": "ESTIMATED", "modelled_or_interpolated": "MODELLED", "timestamp": "2026-10-09T01:39:38.179956+00:00", "assumptions_version": "2026-10-09-prompt-4b-risk-explainability", "computation_mode": "geometric"}, "geometry": {"type": "LineString", "coordinates": [[75.8535482, 22.7182452], [75.8532558, 22.718251399999993], [75.8530748, 22.7182588], [75.8529662, 22.718267399999988], [75.8527241, 22.718269000000006], [75.852704, 22.71827359999999], [75.8526926, 22.718284099999995], [75.8526886, 22.718300500000005], [75.8526872, 22.718380299999993]]}}, {"id": "623", "type": "Feature", "properties": {"segment_id": "osm-3734496695-3734496697-0", "length_m": 63.92451213098353, "shade_fraction": 0.06732734544060283, "exposure_fraction": 0.9326726545593972, "canonical_time": "15:00", "solar_azimuth_deg": 271.54425686027565, "solar_elevation_deg": 53.21021702250467, "estimated_height_building_count": 3793, "source_type": "derived", "source_reference": "Cached OSM streets intersected with modelled building shadows", "observed_or_estimated": "ESTIMATED", "modelled_or_interpolated": "MODELLED", "timestamp": "2026-10-09T01:39:38.179956+00:00", "assumptions_version": "2026-10-09-prompt-4b-risk-explainability", "computation_mode": "geometric"}, "geometry": {"type": "LineString", "coordinates": [[75.8520872, 22.71830809999999], [75.8523912, 22.7183141], [75.852414, 22.718318200000002], [75.8524425, 22.718329899999997], [75.8524592, 22.718347799999993], [75.8524713, 22.718362100000004], [75.8524907, 22.71837199999999], [75.8525102, 22.718373199999995], [75.8526872, 22.718380299999993]]}}, {"id": "624", "type": "Feature", "properties": {"segment_id": "osm-3734496695-3734496680-0", "length_m": 40.177639613148486, "shade_fraction": 0.011055246047694194, "exposure_fraction": 0.9889447539523059, "canonical_time": "15:00", "solar_azimuth_deg": 271.54425686027565, "solar_elevation_deg": 53.21021702250467, "estimated_height_building_count": 3793, "source_type": "derived", "source_reference": "Cached OSM streets intersected with modelled building shadows", "observed_or_estimated": "ESTIMATED", "modelled_or_interpolated": "MODELLED", "timestamp": "2026-10-09T01:39:38.179956+00:00", "assumptions_version": "2026-10-09-prompt-4b-risk-explainability", "computation_mode": "geometric"}, "geometry": {"type": "LineString", "coordinates": [[75.8520872, 22.71830809999999], [75.8520803, 22.718259599999996], [75.8520809, 22.717945600000004]]}}, {"id": "625", "type": "Feature", "properties": {"segment_id": "osm-3734496695-3734496706-0", "length_m": 87.79355632652911, "shade_fraction": 0.09119719717763243, "exposure_fraction": 0.9088028028223676, "canonical_time": "15:00", "solar_azimuth_deg": 271.54425686027565, "solar_elevation_deg": 53.21021702250467, "estimated_height_building_count": 3793, "source_type": "derived", "source_reference": "Cached OSM streets intersected with modelled building shadows", "observed_or_estimated": "ESTIMATED", "modelled_or_interpolated": "MODELLED", "timestamp": "2026-10-09T01:39:38.179956+00:00", "assumptions_version": "2026-10-09-prompt-4b-risk-explainability", "computation_mode": "geometric"}, "geometry": {"type": "LineString", "coordinates": [[75.8520872, 22.71830809999999], [75.8521071, 22.718447799999993], [75.8521313, 22.718631000000002], [75.8521384, 22.719098499999994]]}}, {"id": "626", "type": "Feature", "properties": {"segment_id": "osm-3734496697-8460931645-0", "length_m": 33.99152437121018, "shade_fraction": 0.3267927453057174, "exposure_fraction": 0.6732072546942827, "canonical_time": "15:00", "solar_azimuth_deg": 271.54425686027565, "solar_elevation_deg": 53.21021702250467, "estimated_height_building_count": 3793, "source_type": "derived", "source_reference": "Cached OSM streets intersected with modelled building shadows", "observed_or_estimated": "ESTIMATED", "modelled_or_interpolated": "MODELLED", "timestamp": "2026-10-09T01:39:38.179956+00:00", "assumptions_version": "2026-10-09-prompt-4b-risk-explainability", "computation_mode": "geometric"}, "geometry": {"type": "LineString", "coordinates": [[75.8526872, 22.718380299999993], [75.8526927, 22.718687300000003]]}}, {"id": "627", "type": "Feature", "properties": {"segment_id": "osm-3734496697-3734496695-0", "length_m": 63.92451213098352, "shade_fraction": 0.06732734544060284, "exposure_fraction": 0.9326726545593972, "canonical_time": "15:00", "solar_azimuth_deg": 271.54425686027565, "solar_elevation_deg": 53.21021702250467, "estimated_height_building_count": 3793, "source_type": "derived", "source_reference": "Cached OSM streets intersected with modelled building shadows", "observed_or_estimated": "ESTIMATED", "modelled_or_interpolated": "MODELLED", "timestamp": "2026-10-09T01:39:38.179956+00:00", "assumptions_version": "2026-10-09-prompt-4b-risk-explainability", "computation_mode": "geometric"}, "geometry": {"type": "LineString", "coordinates": [[75.8526872, 22.718380299999993], [75.8525102, 22.718373199999995], [75.8524907, 22.71837199999999], [75.8524713, 22.718362100000004], [75.8524592, 22.718347799999993], [75.8524425, 22.718329899999997], [75.852414, 22.718318200000002], [75.8523912, 22.7183141], [75.8520872, 22.71830809999999]]}}, {"id": "628", "type": "Feature", "properties": {"segment_id": "osm-3734496697-3734496687-0", "length_m": 99.17746748742313, "shade_fraction": 0.0896987272241914, "exposure_fraction": 0.9103012727758086, "canonical_time": "15:00", "solar_azimuth_deg": 271.54425686027565, "solar_elevation_deg": 53.21021702250467, "estimated_height_building_count": 3793, "source_type": "derived", "source_reference": "Cached OSM streets intersected with modelled building shadows", "observed_or_estimated": "ESTIMATED", "modelled_or_interpolated": "MODELLED", "timestamp": "2026-10-09T01:39:38.179956+00:00", "assumptions_version": "2026-10-09-prompt-4b-risk-explainability", "computation_mode": "geometric"}, "geometry": {"type": "LineString", "coordinates": [[75.8526872, 22.718380299999993], [75.8526886, 22.718300500000005], [75.8526926, 22.718284099999995], [75.852704, 22.71827359999999], [75.8527241, 22.718269000000006], [75.8529662, 22.718267399999988], [75.8530748, 22.7182588], [75.8532558, 22.718251399999993], [75.8535482, 22.7182452]]}}, {"id": "629", "type": "Feature", "properties": {"segment_id": "osm-3734496702-3734496705-0", "length_m": 16.495706389947944, "shade_fraction": 0.29280587592758983, "exposure_fraction": 0.7071941240724102, "canonical_time": "15:00", "solar_azimuth_deg": 271.54425686027565, "solar_elevation_deg": 53.21021702250467, "estimated_height_building_count": 3793, "source_type": "derived", "source_reference": "Cached OSM streets intersected with modelled building shadows", "observed_or_estimated": "ESTIMATED", "modelled_or_interpolated": "MODELLED", "timestamp": "2026-10-09T01:39:38.179956+00:00", "assumptions_version": "2026-10-09-prompt-4b-risk-explainability", "computation_mode": "geometric"}, "geometry": {"type": "LineString", "coordinates": [[75.8549209, 22.7188409], [75.8549221, 22.7189899]]}}, {"id": "630", "type": "Feature", "properties": {"segment_id": "osm-3734496702-2025020057-0", "length_m": 41.382508169192874, "shade_fraction": 0.0, "exposure_fraction": 1.0, "canonical_time": "15:00", "solar_azimuth_deg": 271.54425686027565, "solar_elevation_deg": 53.21021702250467, "estimated_height_building_count": 3793, "source_type": "derived", "source_reference": "Cached OSM streets intersected with modelled building shadows", "observed_or_estimated": "ESTIMATED", "modelled_or_interpolated": "MODELLED", "timestamp": "2026-10-09T01:39:38.179956+00:00", "assumptions_version": "2026-10-09-prompt-4b-risk-explainability", "computation_mode": "geometric"}, "geometry": {"type": "LineString", "coordinates": [[75.8549209, 22.7188409], [75.8553232, 22.7188199]]}}, {"id": "631", "type": "Feature", "properties": {"segment_id": "osm-3734496702-3734496703-0", "length_m": 87.53651129832161, "shade_fraction": 0.0, "exposure_fraction": 1.0, "canonical_time": "15:00", "solar_azimuth_deg": 271.54425686027565, "solar_elevation_deg": 53.21021702250467, "estimated_height_building_count": 3793, "source_type": "derived", "source_reference": "Cached OSM streets intersected with modelled building shadows", "observed_or_estimated": "ESTIMATED", "modelled_or_interpolated": "MODELLED", "timestamp": "2026-10-09T01:39:38.179956+00:00", "assumptions_version": "2026-10-09-prompt-4b-risk-explainability", "computation_mode": "geometric"}, "geometry": {"type": "LineString", "coordinates": [[75.8549209, 22.7188409], [75.8541544, 22.718867299999992], [75.8540691, 22.7188681]]}}, {"id": "632", "type": "Feature", "properties": {"segment_id": "osm-3734496703-6997700387-0", "length_m": 38.368879673759224, "shade_fraction": 0.0, "exposure_fraction": 1.0, "canonical_time": "15:00", "solar_azimuth_deg": 271.54425686027565, "solar_elevation_deg": 53.21021702250467, "estimated_height_building_count": 3793, "source_type": "derived", "source_reference": "Cached OSM streets intersected with modelled building shadows", "observed_or_estimated": "ESTIMATED", "modelled_or_interpolated": "MODELLED", "timestamp": "2026-10-09T01:39:38.179956+00:00", "assumptions_version": "2026-10-09-prompt-4b-risk-explainability", "computation_mode": "geometric"}, "geometry": {"type": "LineString", "coordinates": [[75.8540691, 22.7188681], [75.8536977, 22.7189056]]}}, {"id": "633", "type": "Feature", "properties": {"segment_id": "osm-3734496703-3734496702-0", "length_m": 87.53651129832161, "shade_fraction": 0.0, "exposure_fraction": 1.0, "canonical_time": "15:00", "solar_azimuth_deg": 271.54425686027565, "solar_elevation_deg": 53.21021702250467, "estimated_height_building_count": 3793, "source_type": "derived", "source_reference": "Cached OSM streets intersected with modelled building shadows", "observed_or_estimated": "ESTIMATED", "modelled_or_interpolated": "MODELLED", "timestamp": "2026-10-09T01:39:38.179956+00:00", "assumptions_version": "2026-10-09-prompt-4b-risk-explainability", "computation_mode": "geometric"}, "geometry": {"type": "LineString", "coordinates": [[75.8540691, 22.7188681], [75.8541544, 22.718867299999992], [75.8549209, 22.7188409]]}}, {"id": "634", "type": "Feature", "properties": {"segment_id": "osm-3734496703-3734496686-0", "length_m": 89.52203349002498, "shade_fraction": 0.25815154842642235, "exposure_fraction": 0.7418484515735777, "canonical_time": "15:00", "solar_azimuth_deg": 271.54425686027565, "solar_elevation_deg": 53.21021702250467, "estimated_height_building_count": 3793, "source_type": "derived", "source_reference": "Cached OSM streets intersected with modelled building shadows", "observed_or_estimated": "ESTIMATED", "modelled_or_interpolated": "MODELLED", "timestamp": "2026-10-09T01:39:38.179956+00:00", "assumptions_version": "2026-10-09-prompt-4b-risk-explainability", "computation_mode": "geometric"}, "geometry": {"type": "LineString", "coordinates": [[75.8540691, 22.7188681], [75.8540705, 22.718457799999996], [75.8540785, 22.718277099999995], [75.8540906, 22.7180599]]}}, {"id": "635", "type": "Feature", "properties": {"segment_id": "osm-3734496703-3734496825-0", "length_m": 78.31697162321046, "shade_fraction": 0.0, "exposure_fraction": 1.0, "canonical_time": "15:00", "solar_azimuth_deg": 271.54425686027565, "solar_elevation_deg": 53.21021702250467, "estimated_height_building_count": 3793, "source_type": "derived", "source_reference": "Cached OSM streets intersected with modelled building shadows", "observed_or_estimated": "ESTIMATED", "modelled_or_interpolated": "MODELLED", "timestamp": "2026-10-09T01:39:38.179956+00:00", "assumptions_version": "2026-10-09-prompt-4b-risk-explainability", "computation_mode": "geometric"}, "geometry": {"type": "LineString", "coordinates": [[75.8540691, 22.7188681], [75.8541, 22.71921779999999], [75.85413350000002, 22.719573]]}}, {"id": "636", "type": "Feature", "properties": {"segment_id": "osm-3734496704-3734496705-0", "length_m": 48.77605639347511, "shade_fraction": 0.0, "exposure_fraction": 1.0, "canonical_time": "15:00", "solar_azimuth_deg": 271.54425686027565, "solar_elevation_deg": 53.21021702250467, "estimated_height_building_count": 3793, "source_type": "derived", "source_reference": "Cached OSM streets intersected with modelled building shadows", "observed_or_estimated": "ESTIMATED", "modelled_or_interpolated": "MODELLED", "timestamp": "2026-10-09T01:39:38.179956+00:00", "assumptions_version": "2026-10-09-prompt-4b-risk-explainability", "computation_mode": "geometric"}, "geometry": {"type": "LineString", "coordinates": [[75.8544472, 22.7189946], [75.8549221, 22.7189899]]}}, {"id": "637", "type": "Feature", "properties": {"segment_id": "osm-3734496705-3734496704-0", "length_m": 48.77605639347511, "shade_fraction": 0.0, "exposure_fraction": 1.0, "canonical_time": "15:00", "solar_azimuth_deg": 271.54425686027565, "solar_elevation_deg": 53.21021702250467, "estimated_height_building_count": 3793, "source_type": "derived", "source_reference": "Cached OSM streets intersected with modelled building shadows", "observed_or_estimated": "ESTIMATED", "modelled_or_interpolated": "MODELLED", "timestamp": "2026-10-09T01:39:38.179956+00:00", "assumptions_version": "2026-10-09-prompt-4b-risk-explainability", "computation_mode": "geometric"}, "geometry": {"type": "LineString", "coordinates": [[75.8549221, 22.7189899], [75.8544472, 22.7189946]]}}, {"id": "638", "type": "Feature", "properties": {"segment_id": "osm-3734496705-3734496713-0", "length_m": 40.56567956085933, "shade_fraction": 0.0, "exposure_fraction": 1.0, "canonical_time": "15:00", "solar_azimuth_deg": 271.54425686027565, "solar_elevation_deg": 53.21021702250467, "estimated_height_building_count": 3793, "source_type": "derived", "source_reference": "Cached OSM streets intersected with modelled building shadows", "observed_or_estimated": "ESTIMATED", "modelled_or_interpolated": "MODELLED", "timestamp": "2026-10-09T01:39:38.179956+00:00", "assumptions_version": "2026-10-09-prompt-4b-risk-explainability", "computation_mode": "geometric"}, "geometry": {"type": "LineString", "coordinates": [[75.8549221, 22.7189899], [75.8549268, 22.719356299999994]]}}, {"id": "639", "type": "Feature", "properties": {"segment_id": "osm-3734496705-3734496702-0", "length_m": 16.495706389947944, "shade_fraction": 0.29280587592758983, "exposure_fraction": 0.7071941240724102, "canonical_time": "15:00", "solar_azimuth_deg": 271.54425686027565, "solar_elevation_deg": 53.21021702250467, "estimated_height_building_count": 3793, "source_type": "derived", "source_reference": "Cached OSM streets intersected with modelled building shadows", "observed_or_estimated": "ESTIMATED", "modelled_or_interpolated": "MODELLED", "timestamp": "2026-10-09T01:39:38.179956+00:00", "assumptions_version": "2026-10-09-prompt-4b-risk-explainability", "computation_mode": "geometric"}, "geometry": {"type": "LineString", "coordinates": [[75.8549221, 22.7189899], [75.8549209, 22.7188409]]}}, {"id": "640", "type": "Feature", "properties": {"segment_id": "osm-3734496706-3734496840-0", "length_m": 77.4509136567186, "shade_fraction": 0.5362495625524271, "exposure_fraction": 0.46375043744757294, "canonical_time": "15:00", "solar_azimuth_deg": 271.54425686027565, "solar_elevation_deg": 53.21021702250467, "estimated_height_building_count": 3793, "source_type": "derived", "source_reference": "Cached OSM streets intersected with modelled building shadows", "observed_or_estimated": "ESTIMATED", "modelled_or_interpolated": "MODELLED", "timestamp": "2026-10-09T01:39:38.179956+00:00", "assumptions_version": "2026-10-09-prompt-4b-risk-explainability", "computation_mode": "geometric"}, "geometry": {"type": "LineString", "coordinates": [[75.8521384, 22.719098499999994], [75.8521418, 22.7191593], [75.8521555, 22.719339000000005], [75.852176, 22.719541399999997], [75.852189, 22.719796399999996]]}}, {"id": "641", "type": "Feature", "properties": {"segment_id": "osm-3734496706-3732489064-0", "length_m": 151.75956089525351, "shade_fraction": 0.0, "exposure_fraction": 1.0, "canonical_time": "15:00", "solar_azimuth_deg": 271.54425686027565, "solar_elevation_deg": 53.21021702250467, "estimated_height_building_count": 3793, "source_type": "derived", "source_reference": "Cached OSM streets intersected with modelled building shadows", "observed_or_estimated": "ESTIMATED", "modelled_or_interpolated": "MODELLED", "timestamp": "2026-10-09T01:39:38.179956+00:00", "assumptions_version": "2026-10-09-prompt-4b-risk-explainability", "computation_mode": "geometric"}, "geometry": {"type": "LineString", "coordinates": [[75.8521384, 22.719098499999994], [75.8530783, 22.718961899999996], [75.8536022, 22.7189153]]}}, {"id": "642", "type": "Feature", "properties": {"segment_id": "osm-3734496706-2025020078-0", "length_m": 109.46878225506524, "shade_fraction": 0.0, "exposure_fraction": 1.0, "canonical_time": "15:00", "solar_azimuth_deg": 271.54425686027565, "solar_elevation_deg": 53.21021702250467, "estimated_height_building_count": 3793, "source_type": "derived", "source_reference": "Cached OSM streets intersected with modelled building shadows", "observed_or_estimated": "ESTIMATED", "modelled_or_interpolated": "MODELLED", "timestamp": "2026-10-09T01:39:38.179956+00:00", "assumptions_version": "2026-10-09-prompt-4b-risk-explainability", "computation_mode": "geometric"}, "geometry": {"type": "LineString", "coordinates": [[75.8521384, 22.719098499999994], [75.8517821, 22.719104699999995], [75.8510731, 22.719129999999993]]}}, {"id": "643", "type": "Feature", "properties": {"segment_id": "osm-3734496706-3734496695-0", "length_m": 87.79355632652911, "shade_fraction": 0.09119719717763243, "exposure_fraction": 0.9088028028223676, "canonical_time": "15:00", "solar_azimuth_deg": 271.54425686027565, "solar_elevation_deg": 53.21021702250467, "estimated_height_building_count": 3793, "source_type": "derived", "source_reference": "Cached OSM streets intersected with modelled building shadows", "observed_or_estimated": "ESTIMATED", "modelled_or_interpolated": "MODELLED", "timestamp": "2026-10-09T01:39:38.179956+00:00", "assumptions_version": "2026-10-09-prompt-4b-risk-explainability", "computation_mode": "geometric"}, "geometry": {"type": "LineString", "coordinates": [[75.8521384, 22.719098499999994], [75.8521313, 22.718631000000002], [75.8521071, 22.718447799999993], [75.8520872, 22.71830809999999]]}}, {"id": "644", "type": "Feature", "properties": {"segment_id": "osm-3734496707-2025020078-0", "length_m": 23.01582300193119, "shade_fraction": 0.0, "exposure_fraction": 1.0, "canonical_time": "15:00", "solar_azimuth_deg": 271.54425686027565, "solar_elevation_deg": 53.21021702250467, "estimated_height_building_count": 3793, "source_type": "derived", "source_reference": "Cached OSM streets intersected with modelled building shadows", "observed_or_estimated": "ESTIMATED", "modelled_or_interpolated": "MODELLED", "timestamp": "2026-10-09T01:39:38.179956+00:00", "assumptions_version": "2026-10-09-prompt-4b-risk-explainability", "computation_mode": "geometric"}, "geometry": {"type": "LineString", "coordinates": [[75.8508491, 22.719136299999988], [75.8510731, 22.719129999999993]]}}, {"id": "645", "type": "Feature", "properties": {"segment_id": "osm-3734496707-3734496838-0", "length_m": 61.22969644270977, "shade_fraction": 0.6608994175095477, "exposure_fraction": 0.3391005824904523, "canonical_time": "15:00", "solar_azimuth_deg": 271.54425686027565, "solar_elevation_deg": 53.21021702250467, "estimated_height_building_count": 3793, "source_type": "derived", "source_reference": "Cached OSM streets intersected with modelled building shadows", "observed_or_estimated": "ESTIMATED", "modelled_or_interpolated": "MODELLED", "timestamp": "2026-10-09T01:39:38.179956+00:00", "assumptions_version": "2026-10-09-prompt-4b-risk-explainability", "computation_mode": "geometric"}, "geometry": {"type": "LineString", "coordinates": [[75.8508491, 22.719136299999988], [75.8508543, 22.7192391], [75.8508717, 22.719435199999992], [75.850854, 22.719595499999993], [75.8508502, 22.719687699999998]]}}, {"id": "646", "type": "Feature", "properties": {"segment_id": "osm-3734496713-3734496714-0", "length_m": 49.17262290366161, "shade_fraction": 0.0, "exposure_fraction": 1.0, "canonical_time": "15:00", "solar_azimuth_deg": 271.54425686027565, "solar_elevation_deg": 53.21021702250467, "estimated_height_building_count": 3793, "source_type": "derived", "source_reference": "Cached OSM streets intersected with modelled building shadows", "observed_or_estimated": "ESTIMATED", "modelled_or_interpolated": "MODELLED", "timestamp": "2026-10-09T01:39:38.179956+00:00", "assumptions_version": "2026-10-09-prompt-4b-risk-explainability", "computation_mode": "geometric"}, "geometry": {"type": "LineString", "coordinates": [[75.8549268, 22.719356299999994], [75.8544482, 22.7193688]]}}, {"id": "647", "type": "Feature", "properties": {"segment_id": "osm-3734496713-3734496722-0", "length_m": 23.163057783361925, "shade_fraction": 0.0, "exposure_fraction": 1.0, "canonical_time": "15:00", "solar_azimuth_deg": 271.54425686027565, "solar_elevation_deg": 53.21021702250467, "estimated_height_building_count": 3793, "source_type": "derived", "source_reference": "Cached OSM streets intersected with modelled building shadows", "observed_or_estimated": "ESTIMATED", "modelled_or_interpolated": "MODELLED", "timestamp": "2026-10-09T01:39:38.179956+00:00", "assumptions_version": "2026-10-09-prompt-4b-risk-explainability", "computation_mode": "geometric"}, "geometry": {"type": "LineString", "coordinates": [[75.8549268, 22.719356299999994], [75.8549306, 22.719565499999995]]}}, {"id": "648", "type": "Feature", "properties": {"segment_id": "osm-3734496713-3734496705-0", "length_m": 40.56567956085933, "shade_fraction": 0.0, "exposure_fraction": 1.0, "canonical_time": "15:00", "solar_azimuth_deg": 271.54425686027565, "solar_elevation_deg": 53.21021702250467, "estimated_height_building_count": 3793, "source_type": "derived", "source_reference": "Cached OSM streets intersected with modelled building shadows", "observed_or_estimated": "ESTIMATED", "modelled_or_interpolated": "MODELLED", "timestamp": "2026-10-09T01:39:38.179956+00:00", "assumptions_version": "2026-10-09-prompt-4b-risk-explainability", "computation_mode": "geometric"}, "geometry": {"type": "LineString", "coordinates": [[75.8549268, 22.719356299999994], [75.8549221, 22.7189899]]}}, {"id": "649", "type": "Feature", "properties": {"segment_id": "osm-3734496714-3734496713-0", "length_m": 49.17262290366161, "shade_fraction": 0.0, "exposure_fraction": 1.0, "canonical_time": "15:00", "solar_azimuth_deg": 271.54425686027565, "solar_elevation_deg": 53.21021702250467, "estimated_height_building_count": 3793, "source_type": "derived", "source_reference": "Cached OSM streets intersected with modelled building shadows", "observed_or_estimated": "ESTIMATED", "modelled_or_interpolated": "MODELLED", "timestamp": "2026-10-09T01:39:38.179956+00:00", "assumptions_version": "2026-10-09-prompt-4b-risk-explainability", "computation_mode": "geometric"}, "geometry": {"type": "LineString", "coordinates": [[75.8544482, 22.7193688], [75.8549268, 22.719356299999994]]}}, {"id": "650", "type": "Feature", "properties": {"segment_id": "osm-3734496722-3734496713-0", "length_m": 23.163057783361925, "shade_fraction": 0.0, "exposure_fraction": 1.0, "canonical_time": "15:00", "solar_azimuth_deg": 271.54425686027565, "solar_elevation_deg": 53.21021702250467, "estimated_height_building_count": 3793, "source_type": "derived", "source_reference": "Cached OSM streets intersected with modelled building shadows", "observed_or_estimated": "ESTIMATED", "modelled_or_interpolated": "MODELLED", "timestamp": "2026-10-09T01:39:38.179956+00:00", "assumptions_version": "2026-10-09-prompt-4b-risk-explainability", "computation_mode": "geometric"}, "geometry": {"type": "LineString", "coordinates": [[75.8549306, 22.719565499999995], [75.8549268, 22.719356299999994]]}}, {"id": "651", "type": "Feature", "properties": {"segment_id": "osm-3734496722-3734496723-0", "length_m": 42.44665216137158, "shade_fraction": 0.0, "exposure_fraction": 1.0, "canonical_time": "15:00", "solar_azimuth_deg": 271.54425686027565, "solar_elevation_deg": 53.21021702250467, "estimated_height_building_count": 3793, "source_type": "derived", "source_reference": "Cached OSM streets intersected with modelled building shadows", "observed_or_estimated": "ESTIMATED", "modelled_or_interpolated": "MODELLED", "timestamp": "2026-10-09T01:39:38.179956+00:00", "assumptions_version": "2026-10-09-prompt-4b-risk-explainability", "computation_mode": "geometric"}, "geometry": {"type": "LineString", "coordinates": [[75.8549306, 22.719565499999995], [75.8553439, 22.7195655]]}}, {"id": "652", "type": "Feature", "properties": {"segment_id": "osm-3734496722-3734496825-0", "length_m": 81.89433872774136, "shade_fraction": 0.0, "exposure_fraction": 1.0, "canonical_time": "15:00", "solar_azimuth_deg": 271.54425686027565, "solar_elevation_deg": 53.21021702250467, "estimated_height_building_count": 3793, "source_type": "derived", "source_reference": "Cached OSM streets intersected with modelled building shadows", "observed_or_estimated": "ESTIMATED", "modelled_or_interpolated": "MODELLED", "timestamp": "2026-10-09T01:39:38.179956+00:00", "assumptions_version": "2026-10-09-prompt-4b-risk-explainability", "computation_mode": "geometric"}, "geometry": {"type": "LineString", "coordinates": [[75.8549306, 22.719565499999995], [75.8544609, 22.719570499999993], [75.85426770000001, 22.7195779], [75.85413350000002, 22.719573]]}}, {"id": "653", "type": "Feature", "properties": {"segment_id": "osm-3734496723-3734496722-0", "length_m": 42.44665216137158, "shade_fraction": 0.0, "exposure_fraction": 1.0, "canonical_time": "15:00", "solar_azimuth_deg": 271.54425686027565, "solar_elevation_deg": 53.21021702250467, "estimated_height_building_count": 3793, "source_type": "derived", "source_reference": "Cached OSM streets intersected with modelled building shadows", "observed_or_estimated": "ESTIMATED", "modelled_or_interpolated": "MODELLED", "timestamp": "2026-10-09T01:39:38.179956+00:00", "assumptions_version": "2026-10-09-prompt-4b-risk-explainability", "computation_mode": "geometric"}, "geometry": {"type": "LineString", "coordinates": [[75.8553439, 22.7195655], [75.8549306, 22.719565499999995]]}}, {"id": "654", "type": "Feature", "properties": {"segment_id": "osm-3734496723-2025020057-0", "length_m": 82.57003697592934, "shade_fraction": 0.0, "exposure_fraction": 1.0, "canonical_time": "15:00", "solar_azimuth_deg": 271.54425686027565, "solar_elevation_deg": 53.21021702250467, "estimated_height_building_count": 3793, "source_type": "derived", "source_reference": "Cached OSM streets intersected with modelled building shadows", "observed_or_estimated": "ESTIMATED", "modelled_or_interpolated": "MODELLED", "timestamp": "2026-10-09T01:39:38.179956+00:00", "assumptions_version": "2026-10-09-prompt-4b-risk-explainability", "computation_mode": "geometric"}, "geometry": {"type": "LineString", "coordinates": [[75.8553439, 22.7195655], [75.8553232, 22.7188199]]}}, {"id": "655", "type": "Feature", "properties": {"segment_id": "osm-3734496723-2025111198-0", "length_m": 24.311485414619504, "shade_fraction": 0.0, "exposure_fraction": 1.0, "canonical_time": "15:00", "solar_azimuth_deg": 271.54425686027565, "solar_elevation_deg": 53.21021702250467, "estimated_height_building_count": 3793, "source_type": "derived", "source_reference": "Cached OSM streets intersected with modelled building shadows", "observed_or_estimated": "ESTIMATED", "modelled_or_interpolated": "MODELLED", "timestamp": "2026-10-09T01:39:38.179956+00:00", "assumptions_version": "2026-10-09-prompt-4b-risk-explainability", "computation_mode": "geometric"}, "geometry": {"type": "LineString", "coordinates": [[75.8553439, 22.7195655], [75.8553426, 22.7197851]]}}, {"id": "656", "type": "Feature", "properties": {"segment_id": "osm-3734496825-6997640180-0", "length_m": 9.738599660118545, "shade_fraction": 0.0, "exposure_fraction": 1.0, "canonical_time": "15:00", "solar_azimuth_deg": 271.54425686027565, "solar_elevation_deg": 53.21021702250467, "estimated_height_building_count": 3793, "source_type": "derived", "source_reference": "Cached OSM streets intersected with modelled building shadows", "observed_or_estimated": "ESTIMATED", "modelled_or_interpolated": "MODELLED", "timestamp": "2026-10-09T01:39:38.179956+00:00", "assumptions_version": "2026-10-09-prompt-4b-risk-explainability", "computation_mode": "geometric"}, "geometry": {"type": "LineString", "coordinates": [[75.85413350000002, 22.719573], [75.8541489, 22.719659799999995]]}}, {"id": "657", "type": "Feature", "properties": {"segment_id": "osm-3734496825-3734496722-0", "length_m": 81.89433872774136, "shade_fraction": 0.0, "exposure_fraction": 1.0, "canonical_time": "15:00", "solar_azimuth_deg": 271.54425686027565, "solar_elevation_deg": 53.21021702250467, "estimated_height_building_count": 3793, "source_type": "derived", "source_reference": "Cached OSM streets intersected with modelled building shadows", "observed_or_estimated": "ESTIMATED", "modelled_or_interpolated": "MODELLED", "timestamp": "2026-10-09T01:39:38.179956+00:00", "assumptions_version": "2026-10-09-prompt-4b-risk-explainability", "computation_mode": "geometric"}, "geometry": {"type": "LineString", "coordinates": [[75.85413350000002, 22.719573], [75.85426770000001, 22.7195779], [75.8544609, 22.719570499999993], [75.8549306, 22.719565499999995]]}}, {"id": "658", "type": "Feature", "properties": {"segment_id": "osm-3734496825-3734496703-0", "length_m": 78.31697162321046, "shade_fraction": 0.0, "exposure_fraction": 1.0, "canonical_time": "15:00", "solar_azimuth_deg": 271.54425686027565, "solar_elevation_deg": 53.21021702250467, "estimated_height_building_count": 3793, "source_type": "derived", "source_reference": "Cached OSM streets intersected with modelled building shadows", "observed_or_estimated": "ESTIMATED", "modelled_or_interpolated": "MODELLED", "timestamp": "2026-10-09T01:39:38.179956+00:00", "assumptions_version": "2026-10-09-prompt-4b-risk-explainability", "computation_mode": "geometric"}, "geometry": {"type": "LineString", "coordinates": [[75.85413350000002, 22.719573], [75.8541, 22.71921779999999], [75.8540691, 22.7188681]]}}, {"id": "659", "type": "Feature", "properties": {"segment_id": "osm-3734496833-8460931649-0", "length_m": 19.061934067195235, "shade_fraction": 0.4080923484078567, "exposure_fraction": 0.5919076515921433, "canonical_time": "15:00", "solar_azimuth_deg": 271.54425686027565, "solar_elevation_deg": 53.21021702250467, "estimated_height_building_count": 3793, "source_type": "derived", "source_reference": "Cached OSM streets intersected with modelled building shadows", "observed_or_estimated": "ESTIMATED", "modelled_or_interpolated": "MODELLED", "timestamp": "2026-10-09T01:39:38.179956+00:00", "assumptions_version": "2026-10-09-prompt-4b-risk-explainability", "computation_mode": "geometric"}, "geometry": {"type": "LineString", "coordinates": [[75.8515994, 22.719633], [75.8516275, 22.719803200000005]]}}, {"id": "660", "type": "Feature", "properties": {"segment_id": "osm-3734496834-3734496838-0", "length_m": 29.844312467164734, "shade_fraction": 0.05627557858785832, "exposure_fraction": 0.9437244214121416, "canonical_time": "15:00", "solar_azimuth_deg": 271.54425686027565, "solar_elevation_deg": 53.21021702250467, "estimated_height_building_count": 3793, "source_type": "derived", "source_reference": "Cached OSM streets intersected with modelled building shadows", "observed_or_estimated": "ESTIMATED", "modelled_or_interpolated": "MODELLED", "timestamp": "2026-10-09T01:39:38.179956+00:00", "assumptions_version": "2026-10-09-prompt-4b-risk-explainability", "computation_mode": "geometric"}, "geometry": {"type": "LineString", "coordinates": [[75.8505597, 22.719680899999993], [75.8508502, 22.719687699999998]]}}, {"id": "661", "type": "Feature", "properties": {"segment_id": "osm-3734496838-3734496834-0", "length_m": 29.844312467164734, "shade_fraction": 0.05627557858785832, "exposure_fraction": 0.9437244214121416, "canonical_time": "15:00", "solar_azimuth_deg": 271.54425686027565, "solar_elevation_deg": 53.21021702250467, "estimated_height_building_count": 3793, "source_type": "derived", "source_reference": "Cached OSM streets intersected with modelled building shadows", "observed_or_estimated": "ESTIMATED", "modelled_or_interpolated": "MODELLED", "timestamp": "2026-10-09T01:39:38.179956+00:00", "assumptions_version": "2026-10-09-prompt-4b-risk-explainability", "computation_mode": "geometric"}, "geometry": {"type": "LineString", "coordinates": [[75.8508502, 22.719687699999998], [75.8505597, 22.719680899999993]]}}, {"id": "662", "type": "Feature", "properties": {"segment_id": "osm-3734496838-3734496707-0", "length_m": 61.22969644270977, "shade_fraction": 0.6608994175095477, "exposure_fraction": 0.3391005824904523, "canonical_time": "15:00", "solar_azimuth_deg": 271.54425686027565, "solar_elevation_deg": 53.21021702250467, "estimated_height_building_count": 3793, "source_type": "derived", "source_reference": "Cached OSM streets intersected with modelled building shadows", "observed_or_estimated": "ESTIMATED", "modelled_or_interpolated": "MODELLED", "timestamp": "2026-10-09T01:39:38.179956+00:00", "assumptions_version": "2026-10-09-prompt-4b-risk-explainability", "computation_mode": "geometric"}, "geometry": {"type": "LineString", "coordinates": [[75.8508502, 22.719687699999998], [75.850854, 22.719595499999993], [75.8508717, 22.719435199999992], [75.8508543, 22.7192391], [75.8508491, 22.719136299999988]]}}, {"id": "663", "type": "Feature", "properties": {"segment_id": "osm-3734496838-3734496844-0", "length_m": 12.50418957892046, "shade_fraction": 0.861679819400926, "exposure_fraction": 0.13832018059907403, "canonical_time": "15:00", "solar_azimuth_deg": 271.54425686027565, "solar_elevation_deg": 53.21021702250467, "estimated_height_building_count": 3793, "source_type": "derived", "source_reference": "Cached OSM streets intersected with modelled building shadows", "observed_or_estimated": "ESTIMATED", "modelled_or_interpolated": "MODELLED", "timestamp": "2026-10-09T01:39:38.179956+00:00", "assumptions_version": "2026-10-09-prompt-4b-risk-explainability", "computation_mode": "geometric"}, "geometry": {"type": "LineString", "coordinates": [[75.8508502, 22.719687699999998], [75.8508334, 22.71976699999999], [75.8508429, 22.719797899999996]]}}, {"id": "664", "type": "Feature", "properties": {"segment_id": "osm-3734496839-2025020078-0", "length_m": 66.52832980112417, "shade_fraction": 0.3060888582363625, "exposure_fraction": 0.6939111417636374, "canonical_time": "15:00", "solar_azimuth_deg": 271.54425686027565, "solar_elevation_deg": 53.21021702250467, "estimated_height_building_count": 3793, "source_type": "derived", "source_reference": "Cached OSM streets intersected with modelled building shadows", "observed_or_estimated": "ESTIMATED", "modelled_or_interpolated": "MODELLED", "timestamp": "2026-10-09T01:39:38.179956+00:00", "assumptions_version": "2026-10-09-prompt-4b-risk-explainability", "computation_mode": "geometric"}, "geometry": {"type": "LineString", "coordinates": [[75.8509629, 22.71971630000001], [75.851018, 22.7195845], [75.8510602, 22.719428399999995], [75.8510656, 22.7192811], [75.8510731, 22.719129999999993]]}}, {"id": "665", "type": "Feature", "properties": {"segment_id": "osm-3734496839-3734496844-0", "length_m": 16.199847649133286, "shade_fraction": 0.2554764657992652, "exposure_fraction": 0.7445235342007348, "canonical_time": "15:00", "solar_azimuth_deg": 271.54425686027565, "solar_elevation_deg": 53.21021702250467, "estimated_height_building_count": 3793, "source_type": "derived", "source_reference": "Cached OSM streets intersected with modelled building shadows", "observed_or_estimated": "ESTIMATED", "modelled_or_interpolated": "MODELLED", "timestamp": "2026-10-09T01:39:38.179956+00:00", "assumptions_version": "2026-10-09-prompt-4b-risk-explainability", "computation_mode": "geometric"}, "geometry": {"type": "LineString", "coordinates": [[75.8509629, 22.71971630000001], [75.8509032, 22.71978619999999], [75.8508429, 22.719797899999996]]}}, {"id": "666", "type": "Feature", "properties": {"segment_id": "osm-3734496839-8460931654-0", "length_m": 17.52200231116027, "shade_fraction": 0.052085599054005685, "exposure_fraction": 0.9479144009459943, "canonical_time": "15:00", "solar_azimuth_deg": 271.54425686027565, "solar_elevation_deg": 53.21021702250467, "estimated_height_building_count": 3793, "source_type": "derived", "source_reference": "Cached OSM streets intersected with modelled building shadows", "observed_or_estimated": "ESTIMATED", "modelled_or_interpolated": "MODELLED", "timestamp": "2026-10-09T01:39:38.179956+00:00", "assumptions_version": "2026-10-09-prompt-4b-risk-explainability", "computation_mode": "geometric"}, "geometry": {"type": "LineString", "coordinates": [[75.8509629, 22.71971630000001], [75.8510014, 22.7197902], [75.8510081, 22.7198311], [75.8510113, 22.719865799999994]]}}, {"id": "667", "type": "Feature", "properties": {"segment_id": "osm-3734496840-3734496706-0", "length_m": 77.4509136567186, "shade_fraction": 0.5362495625524271, "exposure_fraction": 0.46375043744757294, "canonical_time": "15:00", "solar_azimuth_deg": 271.54425686027565, "solar_elevation_deg": 53.21021702250467, "estimated_height_building_count": 3793, "source_type": "derived", "source_reference": "Cached OSM streets intersected with modelled building shadows", "observed_or_estimated": "ESTIMATED", "modelled_or_interpolated": "MODELLED", "timestamp": "2026-10-09T01:39:38.179956+00:00", "assumptions_version": "2026-10-09-prompt-4b-risk-explainability", "computation_mode": "geometric"}, "geometry": {"type": "LineString", "coordinates": [[75.852189, 22.719796399999996], [75.852176, 22.719541399999997], [75.8521555, 22.719339000000005], [75.8521418, 22.7191593], [75.8521384, 22.719098499999994]]}}, {"id": "668", "type": "Feature", "properties": {"segment_id": "osm-3734496840-3734496860-0", "length_m": 36.656661172892996, "shade_fraction": 0.6015618304311156, "exposure_fraction": 0.39843816956888445, "canonical_time": "15:00", "solar_azimuth_deg": 271.54425686027565, "solar_elevation_deg": 53.21021702250467, "estimated_height_building_count": 3793, "source_type": "derived", "source_reference": "Cached OSM streets intersected with modelled building shadows", "observed_or_estimated": "ESTIMATED", "modelled_or_interpolated": "MODELLED", "timestamp": "2026-10-09T01:39:38.179956+00:00", "assumptions_version": "2026-10-09-prompt-4b-risk-explainability", "computation_mode": "geometric"}, "geometry": {"type": "LineString", "coordinates": [[75.852189, 22.719796399999996], [75.8521777, 22.719963799999988], [75.852151, 22.7201253]]}}, {"id": "669", "type": "Feature", "properties": {"segment_id": "osm-3734496840-3734496845-0", "length_m": 57.634027141835745, "shade_fraction": 0.0, "exposure_fraction": 1.0, "canonical_time": "15:00", "solar_azimuth_deg": 271.54425686027565, "solar_elevation_deg": 53.21021702250467, "estimated_height_building_count": 3793, "source_type": "derived", "source_reference": "Cached OSM streets intersected with modelled building shadows", "observed_or_estimated": "ESTIMATED", "modelled_or_interpolated": "MODELLED", "timestamp": "2026-10-09T01:39:38.179956+00:00", "assumptions_version": "2026-10-09-prompt-4b-risk-explainability", "computation_mode": "geometric"}, "geometry": {"type": "LineString", "coordinates": [[75.852189, 22.719796399999996], [75.85205270000002, 22.71980589999999], [75.8518447, 22.719815100000005], [75.8516285, 22.7198198]]}}, {"id": "670", "type": "Feature", "properties": {"segment_id": "osm-3734496844-3734496838-0", "length_m": 12.50418957892046, "shade_fraction": 0.861679819400926, "exposure_fraction": 0.13832018059907403, "canonical_time": "15:00", "solar_azimuth_deg": 271.54425686027565, "solar_elevation_deg": 53.21021702250467, "estimated_height_building_count": 3793, "source_type": "derived", "source_reference": "Cached OSM streets intersected with modelled building shadows", "observed_or_estimated": "ESTIMATED", "modelled_or_interpolated": "MODELLED", "timestamp": "2026-10-09T01:39:38.179956+00:00", "assumptions_version": "2026-10-09-prompt-4b-risk-explainability", "computation_mode": "geometric"}, "geometry": {"type": "LineString", "coordinates": [[75.8508429, 22.719797899999996], [75.8508334, 22.71976699999999], [75.8508502, 22.719687699999998]]}}, {"id": "671", "type": "Feature", "properties": {"segment_id": "osm-3734496844-3665539304-0", "length_m": 118.97993882491296, "shade_fraction": 0.3036080124276775, "exposure_fraction": 0.6963919875723226, "canonical_time": "15:00", "solar_azimuth_deg": 271.54425686027565, "solar_elevation_deg": 53.21021702250467, "estimated_height_building_count": 3793, "source_type": "derived", "source_reference": "Cached OSM streets intersected with modelled building shadows", "observed_or_estimated": "ESTIMATED", "modelled_or_interpolated": "MODELLED", "timestamp": "2026-10-09T01:39:38.179956+00:00", "assumptions_version": "2026-10-09-prompt-4b-risk-explainability", "computation_mode": "geometric"}, "geometry": {"type": "LineString", "coordinates": [[75.8508429, 22.719797899999996], [75.8507852, 22.7200838], [75.850765, 22.720306599999986], [75.8507664, 22.720504699999992], [75.8507865, 22.7207027], [75.8508353, 22.720859600000008]]}}, {"id": "672", "type": "Feature", "properties": {"segment_id": "osm-3734496844-3734496839-0", "length_m": 16.199847649133286, "shade_fraction": 0.2554764657992652, "exposure_fraction": 0.7445235342007348, "canonical_time": "15:00", "solar_azimuth_deg": 271.54425686027565, "solar_elevation_deg": 53.21021702250467, "estimated_height_building_count": 3793, "source_type": "derived", "source_reference": "Cached OSM streets intersected with modelled building shadows", "observed_or_estimated": "ESTIMATED", "modelled_or_interpolated": "MODELLED", "timestamp": "2026-10-09T01:39:38.179956+00:00", "assumptions_version": "2026-10-09-prompt-4b-risk-explainability", "computation_mode": "geometric"}, "geometry": {"type": "LineString", "coordinates": [[75.8508429, 22.719797899999996], [75.8509032, 22.71978619999999], [75.8509629, 22.71971630000001]]}}, {"id": "673", "type": "Feature", "properties": {"segment_id": "osm-3734496845-8460931649-0", "length_m": 1.8405917592323766, "shade_fraction": 0.0, "exposure_fraction": 1.0, "canonical_time": "15:00", "solar_azimuth_deg": 271.54425686027565, "solar_elevation_deg": 53.21021702250467, "estimated_height_building_count": 3793, "source_type": "derived", "source_reference": "Cached OSM streets intersected with modelled building shadows", "observed_or_estimated": "ESTIMATED", "modelled_or_interpolated": "MODELLED", "timestamp": "2026-10-09T01:39:38.179956+00:00", "assumptions_version": "2026-10-09-prompt-4b-risk-explainability", "computation_mode": "geometric"}, "geometry": {"type": "LineString", "coordinates": [[75.8516285, 22.7198198], [75.8516275, 22.719803200000005]]}}, {"id": "674", "type": "Feature", "properties": {"segment_id": "osm-3734496845-3734496840-0", "length_m": 57.634027141835745, "shade_fraction": 0.0, "exposure_fraction": 1.0, "canonical_time": "15:00", "solar_azimuth_deg": 271.54425686027565, "solar_elevation_deg": 53.21021702250467, "estimated_height_building_count": 3793, "source_type": "derived", "source_reference": "Cached OSM streets intersected with modelled building shadows", "observed_or_estimated": "ESTIMATED", "modelled_or_interpolated": "MODELLED", "timestamp": "2026-10-09T01:39:38.179956+00:00", "assumptions_version": "2026-10-09-prompt-4b-risk-explainability", "computation_mode": "geometric"}, "geometry": {"type": "LineString", "coordinates": [[75.8516285, 22.7198198], [75.8518447, 22.719815100000005], [75.85205270000002, 22.71980589999999], [75.852189, 22.719796399999996]]}}, {"id": "675", "type": "Feature", "properties": {"segment_id": "osm-3734496845-3734496866-0", "length_m": 77.0371783911169, "shade_fraction": 0.48678341873339076, "exposure_fraction": 0.5132165812666092, "canonical_time": "15:00", "solar_azimuth_deg": 271.54425686027565, "solar_elevation_deg": 53.21021702250467, "estimated_height_building_count": 3793, "source_type": "derived", "source_reference": "Cached OSM streets intersected with modelled building shadows", "observed_or_estimated": "ESTIMATED", "modelled_or_interpolated": "MODELLED", "timestamp": "2026-10-09T01:39:38.179956+00:00", "assumptions_version": "2026-10-09-prompt-4b-risk-explainability", "computation_mode": "geometric"}, "geometry": {"type": "LineString", "coordinates": [[75.8516285, 22.7198198], [75.8516383, 22.7199133], [75.8516697, 22.720179399999985], [75.8518223, 22.720179], [75.85194, 22.720186400000006], [75.8520297, 22.7201882]]}}, {"id": "676", "type": "Feature", "properties": {"segment_id": "osm-3734496853-3734463378-0", "length_m": 5.025128994276172, "shade_fraction": 0.0, "exposure_fraction": 1.0, "canonical_time": "15:00", "solar_azimuth_deg": 271.54425686027565, "solar_elevation_deg": 53.21021702250467, "estimated_height_building_count": 3793, "source_type": "derived", "source_reference": "Cached OSM streets intersected with modelled building shadows", "observed_or_estimated": "ESTIMATED", "modelled_or_interpolated": "MODELLED", "timestamp": "2026-10-09T01:39:38.179956+00:00", "assumptions_version": "2026-10-09-prompt-4b-risk-explainability", "computation_mode": "geometric"}, "geometry": {"type": "LineString", "coordinates": [[75.8542055, 22.719978100000002], [75.8541567, 22.719981399999988]]}}, {"id": "677", "type": "Feature", "properties": {"segment_id": "osm-3734496853-6997640180-0", "length_m": 35.714065994283494, "shade_fraction": 0.0, "exposure_fraction": 1.0, "canonical_time": "15:00", "solar_azimuth_deg": 271.54425686027565, "solar_elevation_deg": 53.21021702250467, "estimated_height_building_count": 3793, "source_type": "derived", "source_reference": "Cached OSM streets intersected with modelled building shadows", "observed_or_estimated": "ESTIMATED", "modelled_or_interpolated": "MODELLED", "timestamp": "2026-10-09T01:39:38.179956+00:00", "assumptions_version": "2026-10-09-prompt-4b-risk-explainability", "computation_mode": "geometric"}, "geometry": {"type": "LineString", "coordinates": [[75.8542055, 22.719978100000002], [75.8541489, 22.719659799999995]]}}, {"id": "678", "type": "Feature", "properties": {"segment_id": "osm-3734496853-3734463375-0", "length_m": 60.229128374837714, "shade_fraction": 0.0, "exposure_fraction": 1.0, "canonical_time": "15:00", "solar_azimuth_deg": 271.54425686027565, "solar_elevation_deg": 53.21021702250467, "estimated_height_building_count": 3793, "source_type": "derived", "source_reference": "Cached OSM streets intersected with modelled building shadows", "observed_or_estimated": "ESTIMATED", "modelled_or_interpolated": "MODELLED", "timestamp": "2026-10-09T01:39:38.179956+00:00", "assumptions_version": "2026-10-09-prompt-4b-risk-explainability", "computation_mode": "geometric"}, "geometry": {"type": "LineString", "coordinates": [[75.8542055, 22.719978100000002], [75.8542777, 22.7199556], [75.8545804, 22.7199469], [75.8547878, 22.719950599999994]]}}, {"id": "679", "type": "Feature", "properties": {"segment_id": "osm-3734496854-2025111228-0", "length_m": 44.78008150756786, "shade_fraction": 0.0, "exposure_fraction": 1.0, "canonical_time": "15:00", "solar_azimuth_deg": 271.54425686027565, "solar_elevation_deg": 53.21021702250467, "estimated_height_building_count": 3793, "source_type": "derived", "source_reference": "Cached OSM streets intersected with modelled building shadows", "observed_or_estimated": "ESTIMATED", "modelled_or_interpolated": "MODELLED", "timestamp": "2026-10-09T01:39:38.179956+00:00", "assumptions_version": "2026-10-09-prompt-4b-risk-explainability", "computation_mode": "geometric"}, "geometry": {"type": "LineString", "coordinates": [[75.855238, 22.719984699999998], [75.855636, 22.7201499]]}}, {"id": "680", "type": "Feature", "properties": {"segment_id": "osm-3734496854-2025111198-0", "length_m": 24.569903097468877, "shade_fraction": 0.18644110131703265, "exposure_fraction": 0.8135588986829674, "canonical_time": "15:00", "solar_azimuth_deg": 271.54425686027565, "solar_elevation_deg": 53.21021702250467, "estimated_height_building_count": 3793, "source_type": "derived", "source_reference": "Cached OSM streets intersected with modelled building shadows", "observed_or_estimated": "ESTIMATED", "modelled_or_interpolated": "MODELLED", "timestamp": "2026-10-09T01:39:38.179956+00:00", "assumptions_version": "2026-10-09-prompt-4b-risk-explainability", "computation_mode": "geometric"}, "geometry": {"type": "LineString", "coordinates": [[75.855238, 22.719984699999998], [75.8553426, 22.7197851]]}}, {"id": "681", "type": "Feature", "properties": {"segment_id": "osm-3734496854-3734463375-0", "length_m": 46.73267330197824, "shade_fraction": 0.0, "exposure_fraction": 1.0, "canonical_time": "15:00", "solar_azimuth_deg": 271.54425686027565, "solar_elevation_deg": 53.21021702250467, "estimated_height_building_count": 3793, "source_type": "derived", "source_reference": "Cached OSM streets intersected with modelled building shadows", "observed_or_estimated": "ESTIMATED", "modelled_or_interpolated": "MODELLED", "timestamp": "2026-10-09T01:39:38.179956+00:00", "assumptions_version": "2026-10-09-prompt-4b-risk-explainability", "computation_mode": "geometric"}, "geometry": {"type": "LineString", "coordinates": [[75.855238, 22.719984699999998], [75.8551462, 22.719970000000004], [75.8549508, 22.719938399999993], [75.8547878, 22.719950599999994]]}}, {"id": "682", "type": "Feature", "properties": {"segment_id": "osm-3734496854-2025111260-0", "length_m": 133.63093346282716, "shade_fraction": 0.5155218683861353, "exposure_fraction": 0.48447813161386466, "canonical_time": "15:00", "solar_azimuth_deg": 271.54425686027565, "solar_elevation_deg": 53.21021702250467, "estimated_height_building_count": 3793, "source_type": "derived", "source_reference": "Cached OSM streets intersected with modelled building shadows", "observed_or_estimated": "ESTIMATED", "modelled_or_interpolated": "MODELLED", "timestamp": "2026-10-09T01:39:38.179956+00:00", "assumptions_version": "2026-10-09-prompt-4b-risk-explainability", "computation_mode": "geometric"}, "geometry": {"type": "LineString", "coordinates": [[75.855238, 22.719984699999998], [75.8551438, 22.7201769], [75.854995, 22.7205373], [75.8548203, 22.7208865], [75.8547272, 22.7210943]]}}, {"id": "683", "type": "Feature", "properties": {"segment_id": "osm-3734496860-3734496840-0", "length_m": 36.656661172892996, "shade_fraction": 0.6015618304311156, "exposure_fraction": 0.39843816956888445, "canonical_time": "15:00", "solar_azimuth_deg": 271.54425686027565, "solar_elevation_deg": 53.21021702250467, "estimated_height_building_count": 3793, "source_type": "derived", "source_reference": "Cached OSM streets intersected with modelled building shadows", "observed_or_estimated": "ESTIMATED", "modelled_or_interpolated": "MODELLED", "timestamp": "2026-10-09T01:39:38.179956+00:00", "assumptions_version": "2026-10-09-prompt-4b-risk-explainability", "computation_mode": "geometric"}, "geometry": {"type": "LineString", "coordinates": [[75.852151, 22.7201253], [75.8521777, 22.719963799999988], [75.852189, 22.719796399999996]]}}, {"id": "684", "type": "Feature", "properties": {"segment_id": "osm-3734496860-3734463385-0", "length_m": 35.014281799277356, "shade_fraction": 0.18241398871767867, "exposure_fraction": 0.8175860112823213, "canonical_time": "15:00", "solar_azimuth_deg": 271.54425686027565, "solar_elevation_deg": 53.21021702250467, "estimated_height_building_count": 3793, "source_type": "derived", "source_reference": "Cached OSM streets intersected with modelled building shadows", "observed_or_estimated": "ESTIMATED", "modelled_or_interpolated": "MODELLED", "timestamp": "2026-10-09T01:39:38.179956+00:00", "assumptions_version": "2026-10-09-prompt-4b-risk-explainability", "computation_mode": "geometric"}, "geometry": {"type": "LineString", "coordinates": [[75.852151, 22.7201253], [75.8521824, 22.720194099999993], [75.8522449, 22.720274899999996], [75.85231870000001, 22.720315399999997], [75.8523801, 22.720341300000005]]}}, {"id": "685", "type": "Feature", "properties": {"segment_id": "osm-3734496860-3734496866-0", "length_m": 15.326828609101245, "shade_fraction": 0.0, "exposure_fraction": 1.0, "canonical_time": "15:00", "solar_azimuth_deg": 271.54425686027565, "solar_elevation_deg": 53.21021702250467, "estimated_height_building_count": 3793, "source_type": "derived", "source_reference": "Cached OSM streets intersected with modelled building shadows", "observed_or_estimated": "ESTIMATED", "modelled_or_interpolated": "MODELLED", "timestamp": "2026-10-09T01:39:38.179956+00:00", "assumptions_version": "2026-10-09-prompt-4b-risk-explainability", "computation_mode": "geometric"}, "geometry": {"type": "LineString", "coordinates": [[75.852151, 22.7201253], [75.8521053, 22.720126599999993], [75.852061, 22.72014769999999], [75.8520297, 22.7201882]]}}, {"id": "686", "type": "Feature", "properties": {"segment_id": "osm-3734496866-3734496845-0", "length_m": 77.03717839111688, "shade_fraction": 0.4867834187333908, "exposure_fraction": 0.5132165812666092, "canonical_time": "15:00", "solar_azimuth_deg": 271.54425686027565, "solar_elevation_deg": 53.21021702250467, "estimated_height_building_count": 3793, "source_type": "derived", "source_reference": "Cached OSM streets intersected with modelled building shadows", "observed_or_estimated": "ESTIMATED", "modelled_or_interpolated": "MODELLED", "timestamp": "2026-10-09T01:39:38.179956+00:00", "assumptions_version": "2026-10-09-prompt-4b-risk-explainability", "computation_mode": "geometric"}, "geometry": {"type": "LineString", "coordinates": [[75.8520297, 22.7201882], [75.85194, 22.720186400000006], [75.8518223, 22.720179], [75.8516697, 22.720179399999985], [75.8516383, 22.7199133], [75.8516285, 22.7198198]]}}, {"id": "687", "type": "Feature", "properties": {"segment_id": "osm-3734496866-3665539298-0", "length_m": 65.39188445812279, "shade_fraction": 0.27552055925744434, "exposure_fraction": 0.7244794407425557, "canonical_time": "15:00", "solar_azimuth_deg": 271.54425686027565, "solar_elevation_deg": 53.21021702250467, "estimated_height_building_count": 3793, "source_type": "derived", "source_reference": "Cached OSM streets intersected with modelled building shadows", "observed_or_estimated": "ESTIMATED", "modelled_or_interpolated": "MODELLED", "timestamp": "2026-10-09T01:39:38.179956+00:00", "assumptions_version": "2026-10-09-prompt-4b-risk-explainability", "computation_mode": "geometric"}, "geometry": {"type": "LineString", "coordinates": [[75.8520297, 22.7201882], [75.8520047, 22.72021819999999], [75.8519859, 22.72029869999999], [75.85188350000001, 22.7207594]]}}, {"id": "688", "type": "Feature", "properties": {"segment_id": "osm-3734496866-3734496860-0", "length_m": 15.326828609101243, "shade_fraction": 0.0, "exposure_fraction": 1.0, "canonical_time": "15:00", "solar_azimuth_deg": 271.54425686027565, "solar_elevation_deg": 53.21021702250467, "estimated_height_building_count": 3793, "source_type": "derived", "source_reference": "Cached OSM streets intersected with modelled building shadows", "observed_or_estimated": "ESTIMATED", "modelled_or_interpolated": "MODELLED", "timestamp": "2026-10-09T01:39:38.179956+00:00", "assumptions_version": "2026-10-09-prompt-4b-risk-explainability", "computation_mode": "geometric"}, "geometry": {"type": "LineString", "coordinates": [[75.8520297, 22.7201882], [75.852061, 22.72014769999999], [75.8521053, 22.720126599999993], [75.852151, 22.7201253]]}}, {"id": "689", "type": "Feature", "properties": {"segment_id": "osm-3734538653-2027103687-0", "length_m": 42.65926855150046, "shade_fraction": 0.0, "exposure_fraction": 1.0, "canonical_time": "15:00", "solar_azimuth_deg": 271.54425686027565, "solar_elevation_deg": 53.21021702250467, "estimated_height_building_count": 3793, "source_type": "derived", "source_reference": "Cached OSM streets intersected with modelled building shadows", "observed_or_estimated": "ESTIMATED", "modelled_or_interpolated": "MODELLED", "timestamp": "2026-10-09T01:39:38.179956+00:00", "assumptions_version": "2026-10-09-prompt-4b-risk-explainability", "computation_mode": "geometric"}, "geometry": {"type": "LineString", "coordinates": [[75.8548908, 22.713287099999988], [75.8552993, 22.713217399999994]]}}, {"id": "690", "type": "Feature", "properties": {"segment_id": "osm-3734538653-2027103692-0", "length_m": 50.380415782377284, "shade_fraction": 0.026599708896353536, "exposure_fraction": 0.9734002911036465, "canonical_time": "15:00", "solar_azimuth_deg": 271.54425686027565, "solar_elevation_deg": 53.21021702250467, "estimated_height_building_count": 3793, "source_type": "derived", "source_reference": "Cached OSM streets intersected with modelled building shadows", "observed_or_estimated": "ESTIMATED", "modelled_or_interpolated": "MODELLED", "timestamp": "2026-10-09T01:39:38.179956+00:00", "assumptions_version": "2026-10-09-prompt-4b-risk-explainability", "computation_mode": "geometric"}, "geometry": {"type": "LineString", "coordinates": [[75.8548908, 22.713287099999988], [75.85441040000002, 22.713379100000004]]}}, {"id": "691", "type": "Feature", "properties": {"segment_id": "osm-3734538655-2027103703-0", "length_m": 20.203165107398288, "shade_fraction": 0.0, "exposure_fraction": 1.0, "canonical_time": "15:00", "solar_azimuth_deg": 271.54425686027565, "solar_elevation_deg": 53.21021702250467, "estimated_height_building_count": 3793, "source_type": "derived", "source_reference": "Cached OSM streets intersected with modelled building shadows", "observed_or_estimated": "ESTIMATED", "modelled_or_interpolated": "MODELLED", "timestamp": "2026-10-09T01:39:38.179956+00:00", "assumptions_version": "2026-10-09-prompt-4b-risk-explainability", "computation_mode": "geometric"}, "geometry": {"type": "LineString", "coordinates": [[75.8540093, 22.713774899999994], [75.854206, 22.713776599999992]]}}, {"id": "692", "type": "Feature", "properties": {"segment_id": "osm-3734538655-2027103702-0", "length_m": 20.47675952690482, "shade_fraction": 0.0, "exposure_fraction": 1.0, "canonical_time": "15:00", "solar_azimuth_deg": 271.54425686027565, "solar_elevation_deg": 53.21021702250467, "estimated_height_building_count": 3793, "source_type": "derived", "source_reference": "Cached OSM streets intersected with modelled building shadows", "observed_or_estimated": "ESTIMATED", "modelled_or_interpolated": "MODELLED", "timestamp": "2026-10-09T01:39:38.179956+00:00", "assumptions_version": "2026-10-09-prompt-4b-risk-explainability", "computation_mode": "geometric"}, "geometry": {"type": "LineString", "coordinates": [[75.8540093, 22.713774899999994], [75.8538103, 22.713786199999994]]}}, {"id": "693", "type": "Feature", "properties": {"segment_id": "osm-3734538655-3734538662-0", "length_m": 34.30297092660931, "shade_fraction": 0.57515603385399, "exposure_fraction": 0.42484396614601005, "canonical_time": "15:00", "solar_azimuth_deg": 271.54425686027565, "solar_elevation_deg": 53.21021702250467, "estimated_height_building_count": 3793, "source_type": "derived", "source_reference": "Cached OSM streets intersected with modelled building shadows", "observed_or_estimated": "ESTIMATED", "modelled_or_interpolated": "MODELLED", "timestamp": "2026-10-09T01:39:38.179956+00:00", "assumptions_version": "2026-10-09-prompt-4b-risk-explainability", "computation_mode": "geometric"}, "geometry": {"type": "LineString", "coordinates": [[75.8540093, 22.713774899999994], [75.8540253, 22.714084399999997]]}}, {"id": "694", "type": "Feature", "properties": {"segment_id": "osm-3734538656-2027032511-0", "length_m": 212.5583628652784, "shade_fraction": 0.02595039658448725, "exposure_fraction": 0.9740496034155127, "canonical_time": "15:00", "solar_azimuth_deg": 271.54425686027565, "solar_elevation_deg": 53.21021702250467, "estimated_height_building_count": 3793, "source_type": "derived", "source_reference": "Cached OSM streets intersected with modelled building shadows", "observed_or_estimated": "ESTIMATED", "modelled_or_interpolated": "MODELLED", "timestamp": "2026-10-09T01:39:38.179956+00:00", "assumptions_version": "2026-10-09-prompt-4b-risk-explainability", "computation_mode": "geometric"}, "geometry": {"type": "LineString", "coordinates": [[75.8528371, 22.713764600000008], [75.8528557, 22.713798399999998], [75.8529047, 22.713877799999988], [75.8529857, 22.7139514], [75.8530782, 22.714024], [75.853175, 22.7140862], [75.8532705, 22.7141385], [75.8534327, 22.7142186], [75.8536033, 22.714255000000005], [75.8538267, 22.714289800000007], [75.8539816, 22.7142937], [75.8541584, 22.714286099999995], [75.8543038, 22.714270699999993], [75.8544099, 22.7142374], [75.8544928, 22.714184799999998], [75.8545395, 22.71414369999999], [75.8546154, 22.714116300000004], [75.8546563, 22.7141337]]}}, {"id": "695", "type": "Feature", "properties": {"segment_id": "osm-3734538662-3734538655-0", "length_m": 34.30297092660931, "shade_fraction": 0.57515603385399, "exposure_fraction": 0.42484396614601005, "canonical_time": "15:00", "solar_azimuth_deg": 271.54425686027565, "solar_elevation_deg": 53.21021702250467, "estimated_height_building_count": 3793, "source_type": "derived", "source_reference": "Cached OSM streets intersected with modelled building shadows", "observed_or_estimated": "ESTIMATED", "modelled_or_interpolated": "MODELLED", "timestamp": "2026-10-09T01:39:38.179956+00:00", "assumptions_version": "2026-10-09-prompt-4b-risk-explainability", "computation_mode": "geometric"}, "geometry": {"type": "LineString", "coordinates": [[75.8540253, 22.714084399999997], [75.8540093, 22.713774899999994]]}}, {"id": "696", "type": "Feature", "properties": {"segment_id": "osm-3734538662-2027103712-0", "length_m": 22.278002973855262, "shade_fraction": 0.0, "exposure_fraction": 1.0, "canonical_time": "15:00", "solar_azimuth_deg": 271.54425686027565, "solar_elevation_deg": 53.21021702250467, "estimated_height_building_count": 3793, "source_type": "derived", "source_reference": "Cached OSM streets intersected with modelled building shadows", "observed_or_estimated": "ESTIMATED", "modelled_or_interpolated": "MODELLED", "timestamp": "2026-10-09T01:39:38.179956+00:00", "assumptions_version": "2026-10-09-prompt-4b-risk-explainability", "computation_mode": "geometric"}, "geometry": {"type": "LineString", "coordinates": [[75.8540253, 22.714084399999997], [75.8539634, 22.714085399999995], [75.8538084, 22.714084800000002]]}}, {"id": "697", "type": "Feature", "properties": {"segment_id": "osm-3734538662-2027103703-0", "length_m": 46.590054460099964, "shade_fraction": 0.4696595953849222, "exposure_fraction": 0.5303404046150778, "canonical_time": "15:00", "solar_azimuth_deg": 271.54425686027565, "solar_elevation_deg": 53.21021702250467, "estimated_height_building_count": 3793, "source_type": "derived", "source_reference": "Cached OSM streets intersected with modelled building shadows", "observed_or_estimated": "ESTIMATED", "modelled_or_interpolated": "MODELLED", "timestamp": "2026-10-09T01:39:38.179956+00:00", "assumptions_version": "2026-10-09-prompt-4b-risk-explainability", "computation_mode": "geometric"}, "geometry": {"type": "LineString", "coordinates": [[75.8540253, 22.714084399999997], [75.85416000000001, 22.7140472], [75.8542135, 22.7139947], [75.854206, 22.713776599999992]]}}, {"id": "698", "type": "Feature", "properties": {"segment_id": "osm-3734538674-2027156353-0", "length_m": 29.949191922528687, "shade_fraction": 0.20002697000908748, "exposure_fraction": 0.7999730299909125, "canonical_time": "15:00", "solar_azimuth_deg": 271.54425686027565, "solar_elevation_deg": 53.21021702250467, "estimated_height_building_count": 3793, "source_type": "derived", "source_reference": "Cached OSM streets intersected with modelled building shadows", "observed_or_estimated": "ESTIMATED", "modelled_or_interpolated": "MODELLED", "timestamp": "2026-10-09T01:39:38.179956+00:00", "assumptions_version": "2026-10-09-prompt-4b-risk-explainability", "computation_mode": "geometric"}, "geometry": {"type": "LineString", "coordinates": [[75.8514588, 22.7142643], [75.8514112, 22.714531200000007]]}}, {"id": "699", "type": "Feature", "properties": {"segment_id": "osm-3734538674-2027156315-0", "length_m": 18.628834985621385, "shade_fraction": 0.780648559297744, "exposure_fraction": 0.21935144070225598, "canonical_time": "15:00", "solar_azimuth_deg": 271.54425686027565, "solar_elevation_deg": 53.21021702250467, "estimated_height_building_count": 3793, "source_type": "derived", "source_reference": "Cached OSM streets intersected with modelled building shadows", "observed_or_estimated": "ESTIMATED", "modelled_or_interpolated": "MODELLED", "timestamp": "2026-10-09T01:39:38.179956+00:00", "assumptions_version": "2026-10-09-prompt-4b-risk-explainability", "computation_mode": "geometric"}, "geometry": {"type": "LineString", "coordinates": [[75.8514588, 22.7142643], [75.851503, 22.714101100000004]]}}, {"id": "700", "type": "Feature", "properties": {"segment_id": "osm-3734538674-3734538687-0", "length_m": 99.44310306103881, "shade_fraction": 0.007051870552631773, "exposure_fraction": 0.9929481294473682, "canonical_time": "15:00", "solar_azimuth_deg": 271.54425686027565, "solar_elevation_deg": 53.21021702250467, "estimated_height_building_count": 3793, "source_type": "derived", "source_reference": "Cached OSM streets intersected with modelled building shadows", "observed_or_estimated": "ESTIMATED", "modelled_or_interpolated": "MODELLED", "timestamp": "2026-10-09T01:39:38.179956+00:00", "assumptions_version": "2026-10-09-prompt-4b-risk-explainability", "computation_mode": "geometric"}, "geometry": {"type": "LineString", "coordinates": [[75.8514588, 22.7142643], [75.8515969, 22.7142841], [75.8516479, 22.714296399999995], [75.8516881, 22.71432119999999], [75.8517377, 22.714355799999993], [75.8517779, 22.71436819999999], [75.8518383, 22.7143781], [75.8520617, 22.714395399999997], [75.8521946, 22.7143993], [75.8523166, 22.714401], [75.8523987, 22.714392500000002]]}}, {"id": "701", "type": "Feature", "properties": {"segment_id": "osm-3734538687-2027156304-0", "length_m": 36.23574666266662, "shade_fraction": 0.0, "exposure_fraction": 1.0, "canonical_time": "15:00", "solar_azimuth_deg": 271.54425686027565, "solar_elevation_deg": 53.21021702250467, "estimated_height_building_count": 3793, "source_type": "derived", "source_reference": "Cached OSM streets intersected with modelled building shadows", "observed_or_estimated": "ESTIMATED", "modelled_or_interpolated": "MODELLED", "timestamp": "2026-10-09T01:39:38.179956+00:00", "assumptions_version": "2026-10-09-prompt-4b-risk-explainability", "computation_mode": "geometric"}, "geometry": {"type": "LineString", "coordinates": [[75.8523987, 22.714392500000002], [75.8524326, 22.71406669999999]]}}, {"id": "702", "type": "Feature", "properties": {"segment_id": "osm-3734538687-2027156370-0", "length_m": 34.77343067932083, "shade_fraction": 0.00036150001077071923, "exposure_fraction": 0.9996384999892293, "canonical_time": "15:00", "solar_azimuth_deg": 271.54425686027565, "solar_elevation_deg": 53.21021702250467, "estimated_height_building_count": 3793, "source_type": "derived", "source_reference": "Cached OSM streets intersected with modelled building shadows", "observed_or_estimated": "ESTIMATED", "modelled_or_interpolated": "MODELLED", "timestamp": "2026-10-09T01:39:38.179956+00:00", "assumptions_version": "2026-10-09-prompt-4b-risk-explainability", "computation_mode": "geometric"}, "geometry": {"type": "LineString", "coordinates": [[75.8523987, 22.714392500000002], [75.8523795, 22.714706099999997]]}}, {"id": "703", "type": "Feature", "properties": {"segment_id": "osm-3734538687-3734538674-0", "length_m": 99.4431030610388, "shade_fraction": 0.007051870552631774, "exposure_fraction": 0.9929481294473682, "canonical_time": "15:00", "solar_azimuth_deg": 271.54425686027565, "solar_elevation_deg": 53.21021702250467, "estimated_height_building_count": 3793, "source_type": "derived", "source_reference": "Cached OSM streets intersected with modelled building shadows", "observed_or_estimated": "ESTIMATED", "modelled_or_interpolated": "MODELLED", "timestamp": "2026-10-09T01:39:38.179956+00:00", "assumptions_version": "2026-10-09-prompt-4b-risk-explainability", "computation_mode": "geometric"}, "geometry": {"type": "LineString", "coordinates": [[75.8523987, 22.714392500000002], [75.8523166, 22.714401], [75.8521946, 22.7143993], [75.8520617, 22.714395399999997], [75.8518383, 22.7143781], [75.8517779, 22.71436819999999], [75.8517377, 22.714355799999993], [75.8516881, 22.71432119999999], [75.8516479, 22.714296399999995], [75.8515969, 22.7142841], [75.8514588, 22.7142643]]}}, {"id": "704", "type": "Feature", "properties": {"segment_id": "osm-3734538694-3734494544-0", "length_m": 4.039808950690573, "shade_fraction": 0.0, "exposure_fraction": 1.0, "canonical_time": "15:00", "solar_azimuth_deg": 271.54425686027565, "solar_elevation_deg": 53.21021702250467, "estimated_height_building_count": 3793, "source_type": "derived", "source_reference": "Cached OSM streets intersected with modelled building shadows", "observed_or_estimated": "ESTIMATED", "modelled_or_interpolated": "MODELLED", "timestamp": "2026-10-09T01:39:38.179956+00:00", "assumptions_version": "2026-10-09-prompt-4b-risk-explainability", "computation_mode": "geometric"}, "geometry": {"type": "LineString", "coordinates": [[75.850654, 22.715649799999994], [75.8506922, 22.7156585]]}}, {"id": "705", "type": "Feature", "properties": {"segment_id": "osm-3735831760-3665539324-0", "length_m": 5.547355232855593, "shade_fraction": 0.0, "exposure_fraction": 1.0, "canonical_time": "15:00", "solar_azimuth_deg": 271.54425686027565, "solar_elevation_deg": 53.21021702250467, "estimated_height_building_count": 3793, "source_type": "derived", "source_reference": "Cached OSM streets intersected with modelled building shadows", "observed_or_estimated": "ESTIMATED", "modelled_or_interpolated": "MODELLED", "timestamp": "2026-10-09T01:39:38.179956+00:00", "assumptions_version": "2026-10-09-prompt-4b-risk-explainability", "computation_mode": "geometric"}, "geometry": {"type": "LineString", "coordinates": [[75.850195, 22.721710799999993], [75.8502063, 22.721661799999993]]}}, {"id": "706", "type": "Feature", "properties": {"segment_id": "osm-6610174289-2027131470-0", "length_m": 16.429826136637843, "shade_fraction": 0.0, "exposure_fraction": 1.0, "canonical_time": "15:00", "solar_azimuth_deg": 271.54425686027565, "solar_elevation_deg": 53.21021702250467, "estimated_height_building_count": 3793, "source_type": "derived", "source_reference": "Cached OSM streets intersected with modelled building shadows", "observed_or_estimated": "ESTIMATED", "modelled_or_interpolated": "MODELLED", "timestamp": "2026-10-09T01:39:38.179956+00:00", "assumptions_version": "2026-10-09-prompt-4b-risk-explainability", "computation_mode": "geometric"}, "geometry": {"type": "LineString", "coordinates": [[75.8590266, 22.7151995], [75.8590054, 22.715052399999994]]}}, {"id": "707", "type": "Feature", "properties": {"segment_id": "osm-6610174557-2027131422-0", "length_m": 49.86703893246219, "shade_fraction": 0.0, "exposure_fraction": 1.0, "canonical_time": "15:00", "solar_azimuth_deg": 271.54425686027565, "solar_elevation_deg": 53.21021702250467, "estimated_height_building_count": 3793, "source_type": "derived", "source_reference": "Cached OSM streets intersected with modelled building shadows", "observed_or_estimated": "ESTIMATED", "modelled_or_interpolated": "MODELLED", "timestamp": "2026-10-09T01:39:38.179956+00:00", "assumptions_version": "2026-10-09-prompt-4b-risk-explainability", "computation_mode": "geometric"}, "geometry": {"type": "LineString", "coordinates": [[75.8582514, 22.7145073], [75.8582446, 22.7140569]]}}, {"id": "708", "type": "Feature", "properties": {"segment_id": "osm-6610174558-2027131460-0", "length_m": 34.0809116439167, "shade_fraction": 0.0, "exposure_fraction": 1.0, "canonical_time": "15:00", "solar_azimuth_deg": 271.54425686027565, "solar_elevation_deg": 53.21021702250467, "estimated_height_building_count": 3793, "source_type": "derived", "source_reference": "Cached OSM streets intersected with modelled building shadows", "observed_or_estimated": "ESTIMATED", "modelled_or_interpolated": "MODELLED", "timestamp": "2026-10-09T01:39:38.179956+00:00", "assumptions_version": "2026-10-09-prompt-4b-risk-explainability", "computation_mode": "geometric"}, "geometry": {"type": "LineString", "coordinates": [[75.8579331, 22.715021099999998], [75.8581836, 22.71481919999999]]}}, {"id": "709", "type": "Feature", "properties": {"segment_id": "osm-6610174558-2027131479-0", "length_m": 15.633315705013132, "shade_fraction": 0.0, "exposure_fraction": 1.0, "canonical_time": "15:00", "solar_azimuth_deg": 271.54425686027565, "solar_elevation_deg": 53.21021702250467, "estimated_height_building_count": 3793, "source_type": "derived", "source_reference": "Cached OSM streets intersected with modelled building shadows", "observed_or_estimated": "ESTIMATED", "modelled_or_interpolated": "MODELLED", "timestamp": "2026-10-09T01:39:38.179956+00:00", "assumptions_version": "2026-10-09-prompt-4b-risk-explainability", "computation_mode": "geometric"}, "geometry": {"type": "LineString", "coordinates": [[75.8579331, 22.715021099999998], [75.8579096, 22.7150401], [75.8578179, 22.7151134]]}}, {"id": "710", "type": "Feature", "properties": {"segment_id": "osm-6610174558-2027131485-0", "length_m": 108.64717503007986, "shade_fraction": 0.46366131658450355, "exposure_fraction": 0.5363386834154964, "canonical_time": "15:00", "solar_azimuth_deg": 271.54425686027565, "solar_elevation_deg": 53.21021702250467, "estimated_height_building_count": 3793, "source_type": "derived", "source_reference": "Cached OSM streets intersected with modelled building shadows", "observed_or_estimated": "ESTIMATED", "modelled_or_interpolated": "MODELLED", "timestamp": "2026-10-09T01:39:38.179956+00:00", "assumptions_version": "2026-10-09-prompt-4b-risk-explainability", "computation_mode": "geometric"}, "geometry": {"type": "LineString", "coordinates": [[75.8579331, 22.715021099999998], [75.8580288, 22.715114200000002], [75.8580771, 22.715163599999997], [75.8580919, 22.7152181], [75.858082, 22.715271999999995], [75.85813880000002, 22.7153962], [75.858167, 22.7154321], [75.8581991, 22.715460500000006], [75.8582407, 22.7154828], [75.8582836, 22.715484], [75.858437, 22.715440899999997], [75.8584646, 22.7154056], [75.8584741, 22.7153541], [75.8584773, 22.715295899999997], [75.858474, 22.715228499999995]]}}, {"id": "711", "type": "Feature", "properties": {"segment_id": "osm-6611315823-2027156504-0", "length_m": 22.497036312471653, "shade_fraction": 0.0, "exposure_fraction": 1.0, "canonical_time": "15:00", "solar_azimuth_deg": 271.54425686027565, "solar_elevation_deg": 53.21021702250467, "estimated_height_building_count": 3793, "source_type": "derived", "source_reference": "Cached OSM streets intersected with modelled building shadows", "observed_or_estimated": "ESTIMATED", "modelled_or_interpolated": "MODELLED", "timestamp": "2026-10-09T01:39:38.179956+00:00", "assumptions_version": "2026-10-09-prompt-4b-risk-explainability", "computation_mode": "geometric"}, "geometry": {"type": "LineString", "coordinates": [[75.85214590000001, 22.715903], [75.8519308, 22.715864599999996]]}}, {"id": "712", "type": "Feature", "properties": {"segment_id": "osm-6611315823-3734494551-0", "length_m": 38.08400138613958, "shade_fraction": 0.0, "exposure_fraction": 1.0, "canonical_time": "15:00", "solar_azimuth_deg": 271.54425686027565, "solar_elevation_deg": 53.21021702250467, "estimated_height_building_count": 3793, "source_type": "derived", "source_reference": "Cached OSM streets intersected with modelled building shadows", "observed_or_estimated": "ESTIMATED", "modelled_or_interpolated": "MODELLED", "timestamp": "2026-10-09T01:39:38.179956+00:00", "assumptions_version": "2026-10-09-prompt-4b-risk-explainability", "computation_mode": "geometric"}, "geometry": {"type": "LineString", "coordinates": [[75.85214590000001, 22.715903], [75.8525106, 22.7159652]]}}, {"id": "713", "type": "Feature", "properties": {"segment_id": "osm-6611315823-3734494563-0", "length_m": 26.462739497854287, "shade_fraction": 0.7613681959181605, "exposure_fraction": 0.23863180408183948, "canonical_time": "15:00", "solar_azimuth_deg": 271.54425686027565, "solar_elevation_deg": 53.21021702250467, "estimated_height_building_count": 3793, "source_type": "derived", "source_reference": "Cached OSM streets intersected with modelled building shadows", "observed_or_estimated": "ESTIMATED", "modelled_or_interpolated": "MODELLED", "timestamp": "2026-10-09T01:39:38.179956+00:00", "assumptions_version": "2026-10-09-prompt-4b-risk-explainability", "computation_mode": "geometric"}, "geometry": {"type": "LineString", "coordinates": [[75.85214590000001, 22.715903], [75.8521408, 22.715947799999984], [75.8521187, 22.716140699999997]]}}, {"id": "714", "type": "Feature", "properties": {"segment_id": "osm-6611315824-2027156492-0", "length_m": 32.31281171279715, "shade_fraction": 0.0, "exposure_fraction": 1.0, "canonical_time": "15:00", "solar_azimuth_deg": 271.54425686027565, "solar_elevation_deg": 53.21021702250467, "estimated_height_building_count": 3793, "source_type": "derived", "source_reference": "Cached OSM streets intersected with modelled building shadows", "observed_or_estimated": "ESTIMATED", "modelled_or_interpolated": "MODELLED", "timestamp": "2026-10-09T01:39:38.179956+00:00", "assumptions_version": "2026-10-09-prompt-4b-risk-explainability", "computation_mode": "geometric"}, "geometry": {"type": "LineString", "coordinates": [[75.8516486, 22.715823499999996], [75.8513407, 22.715763499999994]]}}, {"id": "715", "type": "Feature", "properties": {"segment_id": "osm-6611315824-2027156504-0", "length_m": 29.33818567382451, "shade_fraction": 0.0, "exposure_fraction": 1.0, "canonical_time": "15:00", "solar_azimuth_deg": 271.54425686027565, "solar_elevation_deg": 53.21021702250467, "estimated_height_building_count": 3793, "source_type": "derived", "source_reference": "Cached OSM streets intersected with modelled building shadows", "observed_or_estimated": "ESTIMATED", "modelled_or_interpolated": "MODELLED", "timestamp": "2026-10-09T01:39:38.179956+00:00", "assumptions_version": "2026-10-09-prompt-4b-risk-explainability", "computation_mode": "geometric"}, "geometry": {"type": "LineString", "coordinates": [[75.8516486, 22.715823499999996], [75.8519308, 22.715864599999996]]}}, {"id": "716", "type": "Feature", "properties": {"segment_id": "osm-6611315824-3734494557-0", "length_m": 30.954895272465073, "shade_fraction": 0.4389707802969588, "exposure_fraction": 0.5610292197030412, "canonical_time": "15:00", "solar_azimuth_deg": 271.54425686027565, "solar_elevation_deg": 53.21021702250467, "estimated_height_building_count": 3793, "source_type": "derived", "source_reference": "Cached OSM streets intersected with modelled building shadows", "observed_or_estimated": "ESTIMATED", "modelled_or_interpolated": "MODELLED", "timestamp": "2026-10-09T01:39:38.179956+00:00", "assumptions_version": "2026-10-09-prompt-4b-risk-explainability", "computation_mode": "geometric"}, "geometry": {"type": "LineString", "coordinates": [[75.8516486, 22.715823499999996], [75.8516491, 22.715869], [75.8516515, 22.716103099999998]]}}, {"id": "717", "type": "Feature", "properties": {"segment_id": "osm-6611315825-3734494563-0", "length_m": 16.015730445049332, "shade_fraction": 0.737620927064915, "exposure_fraction": 0.262379072935085, "canonical_time": "15:00", "solar_azimuth_deg": 271.54425686027565, "solar_elevation_deg": 53.21021702250467, "estimated_height_building_count": 3793, "source_type": "derived", "source_reference": "Cached OSM streets intersected with modelled building shadows", "observed_or_estimated": "ESTIMATED", "modelled_or_interpolated": "MODELLED", "timestamp": "2026-10-09T01:39:38.179956+00:00", "assumptions_version": "2026-10-09-prompt-4b-risk-explainability", "computation_mode": "geometric"}, "geometry": {"type": "LineString", "coordinates": [[75.8520973, 22.716284000000005], [75.8521187, 22.716140699999997]]}}, {"id": "718", "type": "Feature", "properties": {"segment_id": "osm-6611315825-3734494569-0", "length_m": 46.495634473485616, "shade_fraction": 0.0, "exposure_fraction": 1.0, "canonical_time": "15:00", "solar_azimuth_deg": 271.54425686027565, "solar_elevation_deg": 53.21021702250467, "estimated_height_building_count": 3793, "source_type": "derived", "source_reference": "Cached OSM streets intersected with modelled building shadows", "observed_or_estimated": "ESTIMATED", "modelled_or_interpolated": "MODELLED", "timestamp": "2026-10-09T01:39:38.179956+00:00", "assumptions_version": "2026-10-09-prompt-4b-risk-explainability", "computation_mode": "geometric"}, "geometry": {"type": "LineString", "coordinates": [[75.8520973, 22.716284000000005], [75.8520216, 22.716268999999997], [75.8516464, 22.716260700000003]]}}, {"id": "719", "type": "Feature", "properties": {"segment_id": "osm-6611315825-3734494577-0", "length_m": 64.2091208823156, "shade_fraction": 0.0, "exposure_fraction": 1.0, "canonical_time": "15:00", "solar_azimuth_deg": 271.54425686027565, "solar_elevation_deg": 53.21021702250467, "estimated_height_building_count": 3793, "source_type": "derived", "source_reference": "Cached OSM streets intersected with modelled building shadows", "observed_or_estimated": "ESTIMATED", "modelled_or_interpolated": "MODELLED", "timestamp": "2026-10-09T01:39:38.179956+00:00", "assumptions_version": "2026-10-09-prompt-4b-risk-explainability", "computation_mode": "geometric"}, "geometry": {"type": "LineString", "coordinates": [[75.8520973, 22.716284000000005], [75.8521296, 22.7163181], [75.8523199, 22.7163244], [75.8526571, 22.7163285], [75.85270570000002, 22.716329000000005]]}}, {"id": "720", "type": "Feature", "properties": {"segment_id": "osm-6611316218-8478005611-0", "length_m": 25.98523637119605, "shade_fraction": 0.0, "exposure_fraction": 1.0, "canonical_time": "15:00", "solar_azimuth_deg": 271.54425686027565, "solar_elevation_deg": 53.21021702250467, "estimated_height_building_count": 3793, "source_type": "derived", "source_reference": "Cached OSM streets intersected with modelled building shadows", "observed_or_estimated": "ESTIMATED", "modelled_or_interpolated": "MODELLED", "timestamp": "2026-10-09T01:39:38.179956+00:00", "assumptions_version": "2026-10-09-prompt-4b-risk-explainability", "computation_mode": "geometric"}, "geometry": {"type": "LineString", "coordinates": [[75.8510191, 22.7166664], [75.8510156, 22.716431699999994]]}}, {"id": "721", "type": "Feature", "properties": {"segment_id": "osm-6611316218-3734494596-0", "length_m": 52.23484289640684, "shade_fraction": 0.0, "exposure_fraction": 1.0, "canonical_time": "15:00", "solar_azimuth_deg": 271.54425686027565, "solar_elevation_deg": 53.21021702250467, "estimated_height_building_count": 3793, "source_type": "derived", "source_reference": "Cached OSM streets intersected with modelled building shadows", "observed_or_estimated": "ESTIMATED", "modelled_or_interpolated": "MODELLED", "timestamp": "2026-10-09T01:39:38.179956+00:00", "assumptions_version": "2026-10-09-prompt-4b-risk-explainability", "computation_mode": "geometric"}, "geometry": {"type": "LineString", "coordinates": [[75.8510191, 22.7166664], [75.8505113, 22.7166928]]}}, {"id": "722", "type": "Feature", "properties": {"segment_id": "osm-6611316218-2025020003-0", "length_m": 143.11853270615276, "shade_fraction": 0.44776594451549195, "exposure_fraction": 0.552234055484508, "canonical_time": "15:00", "solar_azimuth_deg": 271.54425686027565, "solar_elevation_deg": 53.21021702250467, "estimated_height_building_count": 3793, "source_type": "derived", "source_reference": "Cached OSM streets intersected with modelled building shadows", "observed_or_estimated": "ESTIMATED", "modelled_or_interpolated": "MODELLED", "timestamp": "2026-10-09T01:39:38.179956+00:00", "assumptions_version": "2026-10-09-prompt-4b-risk-explainability", "computation_mode": "geometric"}, "geometry": {"type": "LineString", "coordinates": [[75.8510191, 22.7166664], [75.851037, 22.717218], [75.851043, 22.717598299999995], [75.8510559, 22.717808400000003], [75.8510792, 22.7178883], [75.8511287, 22.717937599999992]]}}, {"id": "723", "type": "Feature", "properties": {"segment_id": "osm-6611316218-3734494592-0", "length_m": 52.62760889409574, "shade_fraction": 0.0, "exposure_fraction": 1.0, "canonical_time": "15:00", "solar_azimuth_deg": 271.54425686027565, "solar_elevation_deg": 53.21021702250467, "estimated_height_building_count": 3793, "source_type": "derived", "source_reference": "Cached OSM streets intersected with modelled building shadows", "observed_or_estimated": "ESTIMATED", "modelled_or_interpolated": "MODELLED", "timestamp": "2026-10-09T01:39:38.179956+00:00", "assumptions_version": "2026-10-09-prompt-4b-risk-explainability", "computation_mode": "geometric"}, "geometry": {"type": "LineString", "coordinates": [[75.8510191, 22.7166664], [75.8513218, 22.7166487], [75.8515307, 22.716657599999994]]}}, {"id": "724", "type": "Feature", "properties": {"segment_id": "osm-6611316219-3734494592-0", "length_m": 16.87353859728329, "shade_fraction": 0.0, "exposure_fraction": 1.0, "canonical_time": "15:00", "solar_azimuth_deg": 271.54425686027565, "solar_elevation_deg": 53.21021702250467, "estimated_height_building_count": 3793, "source_type": "derived", "source_reference": "Cached OSM streets intersected with modelled building shadows", "observed_or_estimated": "ESTIMATED", "modelled_or_interpolated": "MODELLED", "timestamp": "2026-10-09T01:39:38.179956+00:00", "assumptions_version": "2026-10-09-prompt-4b-risk-explainability", "computation_mode": "geometric"}, "geometry": {"type": "LineString", "coordinates": [[75.8516947, 22.7166485], [75.8515307, 22.716657599999994]]}}, {"id": "725", "type": "Feature", "properties": {"segment_id": "osm-6611316219-3734496628-0", "length_m": 41.325581755601206, "shade_fraction": 0.6892846345201885, "exposure_fraction": 0.3107153654798115, "canonical_time": "15:00", "solar_azimuth_deg": 271.54425686027565, "solar_elevation_deg": 53.21021702250467, "estimated_height_building_count": 3793, "source_type": "derived", "source_reference": "Cached OSM streets intersected with modelled building shadows", "observed_or_estimated": "ESTIMATED", "modelled_or_interpolated": "MODELLED", "timestamp": "2026-10-09T01:39:38.179956+00:00", "assumptions_version": "2026-10-09-prompt-4b-risk-explainability", "computation_mode": "geometric"}, "geometry": {"type": "LineString", "coordinates": [[75.8516947, 22.7166485], [75.8516935, 22.716665599999995], [75.8517002, 22.7170217]]}}, {"id": "726", "type": "Feature", "properties": {"segment_id": "osm-6611316219-6611316866-0", "length_m": 135.67575855398914, "shade_fraction": 0.0, "exposure_fraction": 1.0, "canonical_time": "15:00", "solar_azimuth_deg": 271.54425686027565, "solar_elevation_deg": 53.21021702250467, "estimated_height_building_count": 3793, "source_type": "derived", "source_reference": "Cached OSM streets intersected with modelled building shadows", "observed_or_estimated": "ESTIMATED", "modelled_or_interpolated": "MODELLED", "timestamp": "2026-10-09T01:39:38.179956+00:00", "assumptions_version": "2026-10-09-prompt-4b-risk-explainability", "computation_mode": "geometric"}, "geometry": {"type": "LineString", "coordinates": [[75.8516947, 22.7166485], [75.8527108, 22.7166777], [75.8530144, 22.716698799999996]]}}, {"id": "727", "type": "Feature", "properties": {"segment_id": "osm-6611316866-3734494601-0", "length_m": 51.35611793060415, "shade_fraction": 0.0, "exposure_fraction": 1.0, "canonical_time": "15:00", "solar_azimuth_deg": 271.54425686027565, "solar_elevation_deg": 53.21021702250467, "estimated_height_building_count": 3793, "source_type": "derived", "source_reference": "Cached OSM streets intersected with modelled building shadows", "observed_or_estimated": "ESTIMATED", "modelled_or_interpolated": "MODELLED", "timestamp": "2026-10-09T01:39:38.179956+00:00", "assumptions_version": "2026-10-09-prompt-4b-risk-explainability", "computation_mode": "geometric"}, "geometry": {"type": "LineString", "coordinates": [[75.8530144, 22.716698799999996], [75.8535143, 22.7166878]]}}, {"id": "728", "type": "Feature", "properties": {"segment_id": "osm-6611316866-3734494575-0", "length_m": 40.703874250872374, "shade_fraction": 0.3208346826300063, "exposure_fraction": 0.6791653173699936, "canonical_time": "15:00", "solar_azimuth_deg": 271.54425686027565, "solar_elevation_deg": 53.21021702250467, "estimated_height_building_count": 3793, "source_type": "derived", "source_reference": "Cached OSM streets intersected with modelled building shadows", "observed_or_estimated": "ESTIMATED", "modelled_or_interpolated": "MODELLED", "timestamp": "2026-10-09T01:39:38.179956+00:00", "assumptions_version": "2026-10-09-prompt-4b-risk-explainability", "computation_mode": "geometric"}, "geometry": {"type": "LineString", "coordinates": [[75.8530144, 22.716698799999996], [75.8530077, 22.716670299999997], [75.8530058, 22.7163318]]}}, {"id": "729", "type": "Feature", "properties": {"segment_id": "osm-6611316866-8478005564-0", "length_m": 28.365849988336777, "shade_fraction": 0.6453435811743401, "exposure_fraction": 0.3546564188256599, "canonical_time": "15:00", "solar_azimuth_deg": 271.54425686027565, "solar_elevation_deg": 53.21021702250467, "estimated_height_building_count": 3793, "source_type": "derived", "source_reference": "Cached OSM streets intersected with modelled building shadows", "observed_or_estimated": "ESTIMATED", "modelled_or_interpolated": "MODELLED", "timestamp": "2026-10-09T01:39:38.179956+00:00", "assumptions_version": "2026-10-09-prompt-4b-risk-explainability", "computation_mode": "geometric"}, "geometry": {"type": "LineString", "coordinates": [[75.8530144, 22.716698799999996], [75.8530311, 22.7168944], [75.853046, 22.716952800000005]]}}, {"id": "730", "type": "Feature", "properties": {"segment_id": "osm-6611316866-6611316219-0", "length_m": 135.67575855398914, "shade_fraction": 0.0, "exposure_fraction": 1.0, "canonical_time": "15:00", "solar_azimuth_deg": 271.54425686027565, "solar_elevation_deg": 53.21021702250467, "estimated_height_building_count": 3793, "source_type": "derived", "source_reference": "Cached OSM streets intersected with modelled building shadows", "observed_or_estimated": "ESTIMATED", "modelled_or_interpolated": "MODELLED", "timestamp": "2026-10-09T01:39:38.179956+00:00", "assumptions_version": "2026-10-09-prompt-4b-risk-explainability", "computation_mode": "geometric"}, "geometry": {"type": "LineString", "coordinates": [[75.8530144, 22.716698799999996], [75.8527108, 22.7166777], [75.8516947, 22.7166485]]}}, {"id": "731", "type": "Feature", "properties": {"segment_id": "osm-6616739535-2025111297-0", "length_m": 43.79947187990224, "shade_fraction": 0.33459238379095374, "exposure_fraction": 0.6654076162090463, "canonical_time": "15:00", "solar_azimuth_deg": 271.54425686027565, "solar_elevation_deg": 53.21021702250467, "estimated_height_building_count": 3793, "source_type": "derived", "source_reference": "Cached OSM streets intersected with modelled building shadows", "observed_or_estimated": "ESTIMATED", "modelled_or_interpolated": "MODELLED", "timestamp": "2026-10-09T01:39:38.179956+00:00", "assumptions_version": "2026-10-09-prompt-4b-risk-explainability", "computation_mode": "geometric"}, "geometry": {"type": "LineString", "coordinates": [[75.8544584, 22.721836599999993], [75.8545924, 22.721461]]}}, {"id": "732", "type": "Feature", "properties": {"segment_id": "osm-6616739535-8477883142-0", "length_m": 122.94584225299313, "shade_fraction": 0.0, "exposure_fraction": 1.0, "canonical_time": "15:00", "solar_azimuth_deg": 271.54425686027565, "solar_elevation_deg": 53.21021702250467, "estimated_height_building_count": 3793, "source_type": "derived", "source_reference": "Cached OSM streets intersected with modelled building shadows", "observed_or_estimated": "ESTIMATED", "modelled_or_interpolated": "MODELLED", "timestamp": "2026-10-09T01:39:38.179956+00:00", "assumptions_version": "2026-10-09-prompt-4b-risk-explainability", "computation_mode": "geometric"}, "geometry": {"type": "LineString", "coordinates": [[75.8544584, 22.721836599999993], [75.854146, 22.721784499999995], [75.8533628, 22.721832199999994], [75.8533224, 22.7219118]]}}, {"id": "733", "type": "Feature", "properties": {"segment_id": "osm-6616739535-2025111355-0", "length_m": 38.176386289316135, "shade_fraction": 0.0, "exposure_fraction": 1.0, "canonical_time": "15:00", "solar_azimuth_deg": 271.54425686027565, "solar_elevation_deg": 53.21021702250467, "estimated_height_building_count": 3793, "source_type": "derived", "source_reference": "Cached OSM streets intersected with modelled building shadows", "observed_or_estimated": "ESTIMATED", "modelled_or_interpolated": "MODELLED", "timestamp": "2026-10-09T01:39:38.179956+00:00", "assumptions_version": "2026-10-09-prompt-4b-risk-explainability", "computation_mode": "geometric"}, "geometry": {"type": "LineString", "coordinates": [[75.8544584, 22.721836599999993], [75.8545874, 22.7218731], [75.8548174, 22.7219256]]}}, {"id": "734", "type": "Feature", "properties": {"segment_id": "osm-6617250816-3732996662-0", "length_m": 16.543237704136253, "shade_fraction": 0.0, "exposure_fraction": 1.0, "canonical_time": "15:00", "solar_azimuth_deg": 271.54425686027565, "solar_elevation_deg": 53.21021702250467, "estimated_height_building_count": 3793, "source_type": "derived", "source_reference": "Cached OSM streets intersected with modelled building shadows", "observed_or_estimated": "ESTIMATED", "modelled_or_interpolated": "MODELLED", "timestamp": "2026-10-09T01:39:38.179956+00:00", "assumptions_version": "2026-10-09-prompt-4b-risk-explainability", "computation_mode": "geometric"}, "geometry": {"type": "LineString", "coordinates": [[75.8570003, 22.7221455], [75.8571598, 22.7221664]]}}, {"id": "735", "type": "Feature", "properties": {"segment_id": "osm-6617250816-3732996660-0", "length_m": 33.90284523961031, "shade_fraction": 0.0, "exposure_fraction": 1.0, "canonical_time": "15:00", "solar_azimuth_deg": 271.54425686027565, "solar_elevation_deg": 53.21021702250467, "estimated_height_building_count": 3793, "source_type": "derived", "source_reference": "Cached OSM streets intersected with modelled building shadows", "observed_or_estimated": "ESTIMATED", "modelled_or_interpolated": "MODELLED", "timestamp": "2026-10-09T01:39:38.179956+00:00", "assumptions_version": "2026-10-09-prompt-4b-risk-explainability", "computation_mode": "geometric"}, "geometry": {"type": "LineString", "coordinates": [[75.8570003, 22.7221455], [75.8569364, 22.7219917], [75.8568782, 22.721861000000004]]}}, {"id": "736", "type": "Feature", "properties": {"segment_id": "osm-6997640180-3734496853-0", "length_m": 35.714065994283494, "shade_fraction": 0.0, "exposure_fraction": 1.0, "canonical_time": "15:00", "solar_azimuth_deg": 271.54425686027565, "solar_elevation_deg": 53.21021702250467, "estimated_height_building_count": 3793, "source_type": "derived", "source_reference": "Cached OSM streets intersected with modelled building shadows", "observed_or_estimated": "ESTIMATED", "modelled_or_interpolated": "MODELLED", "timestamp": "2026-10-09T01:39:38.179956+00:00", "assumptions_version": "2026-10-09-prompt-4b-risk-explainability", "computation_mode": "geometric"}, "geometry": {"type": "LineString", "coordinates": [[75.8541489, 22.719659799999995], [75.8542055, 22.719978100000002]]}}, {"id": "737", "type": "Feature", "properties": {"segment_id": "osm-6997640180-3734496825-0", "length_m": 9.738599660118545, "shade_fraction": 0.0, "exposure_fraction": 1.0, "canonical_time": "15:00", "solar_azimuth_deg": 271.54425686027565, "solar_elevation_deg": 53.21021702250467, "estimated_height_building_count": 3793, "source_type": "derived", "source_reference": "Cached OSM streets intersected with modelled building shadows", "observed_or_estimated": "ESTIMATED", "modelled_or_interpolated": "MODELLED", "timestamp": "2026-10-09T01:39:38.179956+00:00", "assumptions_version": "2026-10-09-prompt-4b-risk-explainability", "computation_mode": "geometric"}, "geometry": {"type": "LineString", "coordinates": [[75.8541489, 22.719659799999995], [75.85413350000002, 22.719573]]}}, {"id": "738", "type": "Feature", "properties": {"segment_id": "osm-6997640180-6997700387-0", "length_m": 116.93861484668011, "shade_fraction": 0.34833345721965353, "exposure_fraction": 0.6516665427803465, "canonical_time": "15:00", "solar_azimuth_deg": 271.54425686027565, "solar_elevation_deg": 53.21021702250467, "estimated_height_building_count": 3793, "source_type": "derived", "source_reference": "Cached OSM streets intersected with modelled building shadows", "observed_or_estimated": "ESTIMATED", "modelled_or_interpolated": "MODELLED", "timestamp": "2026-10-09T01:39:38.179956+00:00", "assumptions_version": "2026-10-09-prompt-4b-risk-explainability", "computation_mode": "geometric"}, "geometry": {"type": "LineString", "coordinates": [[75.8541489, 22.719659799999995], [75.853921, 22.719674], [75.8538821, 22.7196691], [75.8538446, 22.719655399999994], [75.853811, 22.7196208], [75.853799, 22.719584899999997], [75.8537212, 22.7191705], [75.8536977, 22.7189056]]}}, {"id": "739", "type": "Feature", "properties": {"segment_id": "osm-6997700387-3734496703-0", "length_m": 38.368879673759224, "shade_fraction": 0.0, "exposure_fraction": 1.0, "canonical_time": "15:00", "solar_azimuth_deg": 271.54425686027565, "solar_elevation_deg": 53.21021702250467, "estimated_height_building_count": 3793, "source_type": "derived", "source_reference": "Cached OSM streets intersected with modelled building shadows", "observed_or_estimated": "ESTIMATED", "modelled_or_interpolated": "MODELLED", "timestamp": "2026-10-09T01:39:38.179956+00:00", "assumptions_version": "2026-10-09-prompt-4b-risk-explainability", "computation_mode": "geometric"}, "geometry": {"type": "LineString", "coordinates": [[75.8536977, 22.7189056], [75.8540691, 22.7188681]]}}, {"id": "740", "type": "Feature", "properties": {"segment_id": "osm-6997700387-3732489064-0", "length_m": 9.866675948743183, "shade_fraction": 0.0, "exposure_fraction": 1.0, "canonical_time": "15:00", "solar_azimuth_deg": 271.54425686027565, "solar_elevation_deg": 53.21021702250467, "estimated_height_building_count": 3793, "source_type": "derived", "source_reference": "Cached OSM streets intersected with modelled building shadows", "observed_or_estimated": "ESTIMATED", "modelled_or_interpolated": "MODELLED", "timestamp": "2026-10-09T01:39:38.179956+00:00", "assumptions_version": "2026-10-09-prompt-4b-risk-explainability", "computation_mode": "geometric"}, "geometry": {"type": "LineString", "coordinates": [[75.8536977, 22.7189056], [75.8536022, 22.7189153]]}}, {"id": "741", "type": "Feature", "properties": {"segment_id": "osm-6997700387-6997640180-0", "length_m": 116.93861484668011, "shade_fraction": 0.34833345721965353, "exposure_fraction": 0.6516665427803465, "canonical_time": "15:00", "solar_azimuth_deg": 271.54425686027565, "solar_elevation_deg": 53.21021702250467, "estimated_height_building_count": 3793, "source_type": "derived", "source_reference": "Cached OSM streets intersected with modelled building shadows", "observed_or_estimated": "ESTIMATED", "modelled_or_interpolated": "MODELLED", "timestamp": "2026-10-09T01:39:38.179956+00:00", "assumptions_version": "2026-10-09-prompt-4b-risk-explainability", "computation_mode": "geometric"}, "geometry": {"type": "LineString", "coordinates": [[75.8536977, 22.7189056], [75.8537212, 22.7191705], [75.853799, 22.719584899999997], [75.853811, 22.7196208], [75.8538446, 22.719655399999994], [75.8538821, 22.7196691], [75.853921, 22.719674], [75.8541489, 22.719659799999995]]}}, {"id": "742", "type": "Feature", "properties": {"segment_id": "osm-7010384308-8461125296-0", "length_m": 33.83848884201786, "shade_fraction": 0.0, "exposure_fraction": 1.0, "canonical_time": "15:00", "solar_azimuth_deg": 271.54425686027565, "solar_elevation_deg": 53.21021702250467, "estimated_height_building_count": 3793, "source_type": "derived", "source_reference": "Cached OSM streets intersected with modelled building shadows", "observed_or_estimated": "ESTIMATED", "modelled_or_interpolated": "MODELLED", "timestamp": "2026-10-09T01:39:38.179956+00:00", "assumptions_version": "2026-10-09-prompt-4b-risk-explainability", "computation_mode": "geometric"}, "geometry": {"type": "LineString", "coordinates": [[75.8587012, 22.7195061], [75.8585624, 22.71972209999999], [75.8585337, 22.719769300000003]]}}, {"id": "743", "type": "Feature", "properties": {"segment_id": "osm-7010384308-8461125292-0", "length_m": 59.54222819017199, "shade_fraction": 0.0, "exposure_fraction": 1.0, "canonical_time": "15:00", "solar_azimuth_deg": 271.54425686027565, "solar_elevation_deg": 53.21021702250467, "estimated_height_building_count": 3793, "source_type": "derived", "source_reference": "Cached OSM streets intersected with modelled building shadows", "observed_or_estimated": "ESTIMATED", "modelled_or_interpolated": "MODELLED", "timestamp": "2026-10-09T01:39:38.179956+00:00", "assumptions_version": "2026-10-09-prompt-4b-risk-explainability", "computation_mode": "geometric"}, "geometry": {"type": "LineString", "coordinates": [[75.8587012, 22.7195061], [75.8587436, 22.71940959999999], [75.8588536, 22.719200199999992], [75.8589211, 22.7190898], [75.8589669, 22.7190295]]}}, {"id": "744", "type": "Feature", "properties": {"segment_id": "osm-7010384308-2025020116-0", "length_m": 43.98748471800382, "shade_fraction": 0.0, "exposure_fraction": 1.0, "canonical_time": "15:00", "solar_azimuth_deg": 271.54425686027565, "solar_elevation_deg": 53.21021702250467, "estimated_height_building_count": 3793, "source_type": "derived", "source_reference": "Cached OSM streets intersected with modelled building shadows", "observed_or_estimated": "ESTIMATED", "modelled_or_interpolated": "MODELLED", "timestamp": "2026-10-09T01:39:38.179956+00:00", "assumptions_version": "2026-10-09-prompt-4b-risk-explainability", "computation_mode": "geometric"}, "geometry": {"type": "LineString", "coordinates": [[75.8587012, 22.7195061], [75.8587195, 22.7196282], [75.8587383, 22.7197234], [75.8587651, 22.719807599999996], [75.8588112, 22.719886199999994]]}}, {"id": "745", "type": "Feature", "properties": {"segment_id": "osm-8460393366-3732908385-0", "length_m": 105.46541024316751, "shade_fraction": 0.012569401178245255, "exposure_fraction": 0.9874305988217548, "canonical_time": "15:00", "solar_azimuth_deg": 271.54425686027565, "solar_elevation_deg": 53.21021702250467, "estimated_height_building_count": 3793, "source_type": "derived", "source_reference": "Cached OSM streets intersected with modelled building shadows", "observed_or_estimated": "ESTIMATED", "modelled_or_interpolated": "MODELLED", "timestamp": "2026-10-09T01:39:38.179956+00:00", "assumptions_version": "2026-10-09-prompt-4b-risk-explainability", "computation_mode": "geometric"}, "geometry": {"type": "LineString", "coordinates": [[75.8575363, 22.720450700000008], [75.8575378, 22.720783299999997], [75.8575469, 22.7209704], [75.8575587, 22.7212139], [75.8575869, 22.721401100000005]]}}, {"id": "746", "type": "Feature", "properties": {"segment_id": "osm-8460393366-2025111171-0", "length_m": 98.8302298524207, "shade_fraction": 0.3768624446187781, "exposure_fraction": 0.623137555381222, "canonical_time": "15:00", "solar_azimuth_deg": 271.54425686027565, "solar_elevation_deg": 53.21021702250467, "estimated_height_building_count": 3793, "source_type": "derived", "source_reference": "Cached OSM streets intersected with modelled building shadows", "observed_or_estimated": "ESTIMATED", "modelled_or_interpolated": "MODELLED", "timestamp": "2026-10-09T01:39:38.179956+00:00", "assumptions_version": "2026-10-09-prompt-4b-risk-explainability", "computation_mode": "geometric"}, "geometry": {"type": "LineString", "coordinates": [[75.8575363, 22.720450700000008], [75.8575429, 22.7203012], [75.8575918, 22.719895199999993], [75.8577065, 22.719578]]}}, {"id": "747", "type": "Feature", "properties": {"segment_id": "osm-8460393366-2025111240-0", "length_m": 61.592923046395015, "shade_fraction": 0.0, "exposure_fraction": 1.0, "canonical_time": "15:00", "solar_azimuth_deg": 271.54425686027565, "solar_elevation_deg": 53.21021702250467, "estimated_height_building_count": 3793, "source_type": "derived", "source_reference": "Cached OSM streets intersected with modelled building shadows", "observed_or_estimated": "ESTIMATED", "modelled_or_interpolated": "MODELLED", "timestamp": "2026-10-09T01:39:38.179956+00:00", "assumptions_version": "2026-10-09-prompt-4b-risk-explainability", "computation_mode": "geometric"}, "geometry": {"type": "LineString", "coordinates": [[75.8575363, 22.720450700000008], [75.8573302, 22.7204453], [75.8569371, 22.7204279]]}}, {"id": "748", "type": "Feature", "properties": {"segment_id": "osm-8460393386-2025111313-0", "length_m": 8.934282084370254, "shade_fraction": 0.0, "exposure_fraction": 1.0, "canonical_time": "15:00", "solar_azimuth_deg": 271.54425686027565, "solar_elevation_deg": 53.21021702250467, "estimated_height_building_count": 3793, "source_type": "derived", "source_reference": "Cached OSM streets intersected with modelled building shadows", "observed_or_estimated": "ESTIMATED", "modelled_or_interpolated": "MODELLED", "timestamp": "2026-10-09T01:39:38.179956+00:00", "assumptions_version": "2026-10-09-prompt-4b-risk-explainability", "computation_mode": "geometric"}, "geometry": {"type": "LineString", "coordinates": [[75.8567592, 22.7215136], [75.8567096, 22.72157989999999]]}}, {"id": "749", "type": "Feature", "properties": {"segment_id": "osm-8460393386-3732908384-0", "length_m": 18.50209012220145, "shade_fraction": 0.24234863039872773, "exposure_fraction": 0.7576513696012723, "canonical_time": "15:00", "solar_azimuth_deg": 271.54425686027565, "solar_elevation_deg": 53.21021702250467, "estimated_height_building_count": 3793, "source_type": "derived", "source_reference": "Cached OSM streets intersected with modelled building shadows", "observed_or_estimated": "ESTIMATED", "modelled_or_interpolated": "MODELLED", "timestamp": "2026-10-09T01:39:38.179956+00:00", "assumptions_version": "2026-10-09-prompt-4b-risk-explainability", "computation_mode": "geometric"}, "geometry": {"type": "LineString", "coordinates": [[75.8567592, 22.7215136], [75.856808, 22.72140609999999], [75.8568318, 22.72136070000001]]}}, {"id": "750", "type": "Feature", "properties": {"segment_id": "osm-8460393386-3732996657-0", "length_m": 36.06676300532204, "shade_fraction": 0.0, "exposure_fraction": 1.0, "canonical_time": "15:00", "solar_azimuth_deg": 271.54425686027565, "solar_elevation_deg": 53.21021702250467, "estimated_height_building_count": 3793, "source_type": "derived", "source_reference": "Cached OSM streets intersected with modelled building shadows", "observed_or_estimated": "ESTIMATED", "modelled_or_interpolated": "MODELLED", "timestamp": "2026-10-09T01:39:38.179956+00:00", "assumptions_version": "2026-10-09-prompt-4b-risk-explainability", "computation_mode": "geometric"}, "geometry": {"type": "LineString", "coordinates": [[75.8567592, 22.7215136], [75.85679820000001, 22.7215206], [75.8568581, 22.7215488], [75.8570274, 22.721557099999995], [75.8571019, 22.7215628]]}}, {"id": "751", "type": "Feature", "properties": {"segment_id": "osm-8460393393-3732908390-0", "length_m": 46.86801479107695, "shade_fraction": 0.35537183166830866, "exposure_fraction": 0.6446281683316913, "canonical_time": "15:00", "solar_azimuth_deg": 271.54425686027565, "solar_elevation_deg": 53.21021702250467, "estimated_height_building_count": 3793, "source_type": "derived", "source_reference": "Cached OSM streets intersected with modelled building shadows", "observed_or_estimated": "ESTIMATED", "modelled_or_interpolated": "MODELLED", "timestamp": "2026-10-09T01:39:38.179956+00:00", "assumptions_version": "2026-10-09-prompt-4b-risk-explainability", "computation_mode": "geometric"}, "geometry": {"type": "LineString", "coordinates": [[75.8555451, 22.721892799999996], [75.855543, 22.721805799999995], [75.8555351, 22.721751099999988], [75.8555267, 22.7216761], [75.8555256, 22.721621199999998], [75.8555264, 22.72152699999999], [75.8555245, 22.7214704]]}}, {"id": "752", "type": "Feature", "properties": {"segment_id": "osm-8460393393-3732908390-1", "length_m": 86.36520423030858, "shade_fraction": 0.2768899719825777, "exposure_fraction": 0.7231100280174223, "canonical_time": "15:00", "solar_azimuth_deg": 271.54425686027565, "solar_elevation_deg": 53.21021702250467, "estimated_height_building_count": 3793, "source_type": "derived", "source_reference": "Cached OSM streets intersected with modelled building shadows", "observed_or_estimated": "ESTIMATED", "modelled_or_interpolated": "MODELLED", "timestamp": "2026-10-09T01:39:38.179956+00:00", "assumptions_version": "2026-10-09-prompt-4b-risk-explainability", "computation_mode": "geometric"}, "geometry": {"type": "LineString", "coordinates": [[75.8555451, 22.721892799999996], [75.8554319, 22.7218923], [75.8553685, 22.721851899999997], [75.8553354, 22.7218291], [75.8553111, 22.7218015], [75.8552987, 22.7217277], [75.8552809, 22.721512199999992], [75.8552927, 22.721492500000007], [75.85532220000002, 22.72148609999999], [75.85538, 22.721479000000006], [75.8555245, 22.7214704]]}}, {"id": "753", "type": "Feature", "properties": {"segment_id": "osm-8460393393-3732908418-0", "length_m": 11.473966943996441, "shade_fraction": 0.08266016038448408, "exposure_fraction": 0.9173398396155159, "canonical_time": "15:00", "solar_azimuth_deg": 271.54425686027565, "solar_elevation_deg": 53.21021702250467, "estimated_height_building_count": 3793, "source_type": "derived", "source_reference": "Cached OSM streets intersected with modelled building shadows", "observed_or_estimated": "ESTIMATED", "modelled_or_interpolated": "MODELLED", "timestamp": "2026-10-09T01:39:38.179956+00:00", "assumptions_version": "2026-10-09-prompt-4b-risk-explainability", "computation_mode": "geometric"}, "geometry": {"type": "LineString", "coordinates": [[75.8555451, 22.721892799999996], [75.8555798, 22.721897399999996], [75.8556081, 22.721903600000008], [75.8556522, 22.7219202]]}}, {"id": "754", "type": "Feature", "properties": {"segment_id": "osm-8460452094-8460452095-0", "length_m": 64.80801154994973, "shade_fraction": 0.0, "exposure_fraction": 1.0, "canonical_time": "15:00", "solar_azimuth_deg": 271.54425686027565, "solar_elevation_deg": 53.21021702250467, "estimated_height_building_count": 3793, "source_type": "derived", "source_reference": "Cached OSM streets intersected with modelled building shadows", "observed_or_estimated": "ESTIMATED", "modelled_or_interpolated": "MODELLED", "timestamp": "2026-10-09T01:39:38.179956+00:00", "assumptions_version": "2026-10-09-prompt-4b-risk-explainability", "computation_mode": "geometric"}, "geometry": {"type": "LineString", "coordinates": [[75.8594799, 22.719337500000005], [75.8595006, 22.719812000000005], [75.8595026, 22.719922500000003]]}}, {"id": "755", "type": "Feature", "properties": {"segment_id": "osm-8460452095-8460513407-0", "length_m": 44.490201649060246, "shade_fraction": 0.0, "exposure_fraction": 1.0, "canonical_time": "15:00", "solar_azimuth_deg": 271.54425686027565, "solar_elevation_deg": 53.21021702250467, "estimated_height_building_count": 3793, "source_type": "derived", "source_reference": "Cached OSM streets intersected with modelled building shadows", "observed_or_estimated": "ESTIMATED", "modelled_or_interpolated": "MODELLED", "timestamp": "2026-10-09T01:39:38.179956+00:00", "assumptions_version": "2026-10-09-prompt-4b-risk-explainability", "computation_mode": "geometric"}, "geometry": {"type": "LineString", "coordinates": [[75.8595026, 22.719922500000003], [75.8592032, 22.719928999999993], [75.8590704, 22.7199145]]}}, {"id": "756", "type": "Feature", "properties": {"segment_id": "osm-8460452095-8460452094-0", "length_m": 64.80801154994973, "shade_fraction": 0.0, "exposure_fraction": 1.0, "canonical_time": "15:00", "solar_azimuth_deg": 271.54425686027565, "solar_elevation_deg": 53.21021702250467, "estimated_height_building_count": 3793, "source_type": "derived", "source_reference": "Cached OSM streets intersected with modelled building shadows", "observed_or_estimated": "ESTIMATED", "modelled_or_interpolated": "MODELLED", "timestamp": "2026-10-09T01:39:38.179956+00:00", "assumptions_version": "2026-10-09-prompt-4b-risk-explainability", "computation_mode": "geometric"}, "geometry": {"type": "LineString", "coordinates": [[75.8595026, 22.719922500000003], [75.8595006, 22.719812000000005], [75.8594799, 22.719337500000005]]}}, {"id": "757", "type": "Feature", "properties": {"segment_id": "osm-8460457256-8460457257-0", "length_m": 56.32271987762119, "shade_fraction": 0.0254073628011575, "exposure_fraction": 0.9745926371988425, "canonical_time": "15:00", "solar_azimuth_deg": 271.54425686027565, "solar_elevation_deg": 53.21021702250467, "estimated_height_building_count": 3793, "source_type": "derived", "source_reference": "Cached OSM streets intersected with modelled building shadows", "observed_or_estimated": "ESTIMATED", "modelled_or_interpolated": "MODELLED", "timestamp": "2026-10-09T01:39:38.179956+00:00", "assumptions_version": "2026-10-09-prompt-4b-risk-explainability", "computation_mode": "geometric"}, "geometry": {"type": "LineString", "coordinates": [[75.8561581, 22.719491399999995], [75.855682, 22.719238900000008]]}}, {"id": "758", "type": "Feature", "properties": {"segment_id": "osm-8460457256-2025111179-0", "length_m": 26.46070939739643, "shade_fraction": 0.9431842228077895, "exposure_fraction": 0.05681577719221054, "canonical_time": "15:00", "solar_azimuth_deg": 271.54425686027565, "solar_elevation_deg": 53.21021702250467, "estimated_height_building_count": 3793, "source_type": "derived", "source_reference": "Cached OSM streets intersected with modelled building shadows", "observed_or_estimated": "ESTIMATED", "modelled_or_interpolated": "MODELLED", "timestamp": "2026-10-09T01:39:38.179956+00:00", "assumptions_version": "2026-10-09-prompt-4b-risk-explainability", "computation_mode": "geometric"}, "geometry": {"type": "LineString", "coordinates": [[75.8561581, 22.719491399999995], [75.8561134, 22.71958419999999], [75.8560358, 22.7197012]]}}, {"id": "759", "type": "Feature", "properties": {"segment_id": "osm-8460457256-2025111142-0", "length_m": 48.374405967986775, "shade_fraction": 0.5869109571524642, "exposure_fraction": 0.4130890428475358, "canonical_time": "15:00", "solar_azimuth_deg": 271.54425686027565, "solar_elevation_deg": 53.21021702250467, "estimated_height_building_count": 3793, "source_type": "derived", "source_reference": "Cached OSM streets intersected with modelled building shadows", "observed_or_estimated": "ESTIMATED", "modelled_or_interpolated": "MODELLED", "timestamp": "2026-10-09T01:39:38.179956+00:00", "assumptions_version": "2026-10-09-prompt-4b-risk-explainability", "computation_mode": "geometric"}, "geometry": {"type": "LineString", "coordinates": [[75.8561581, 22.719491399999995], [75.8562256, 22.719350999999993], [75.8563147, 22.7190801]]}}, {"id": "760", "type": "Feature", "properties": {"segment_id": "osm-8460457257-8460457256-0", "length_m": 56.32271987762119, "shade_fraction": 0.0254073628011575, "exposure_fraction": 0.9745926371988425, "canonical_time": "15:00", "solar_azimuth_deg": 271.54425686027565, "solar_elevation_deg": 53.21021702250467, "estimated_height_building_count": 3793, "source_type": "derived", "source_reference": "Cached OSM streets intersected with modelled building shadows", "observed_or_estimated": "ESTIMATED", "modelled_or_interpolated": "MODELLED", "timestamp": "2026-10-09T01:39:38.179956+00:00", "assumptions_version": "2026-10-09-prompt-4b-risk-explainability", "computation_mode": "geometric"}, "geometry": {"type": "LineString", "coordinates": [[75.855682, 22.719238900000008], [75.8561581, 22.719491399999995]]}}, {"id": "761", "type": "Feature", "properties": {"segment_id": "osm-8460457257-2025111198-0", "length_m": 69.79518712849581, "shade_fraction": 0.6779058187039073, "exposure_fraction": 0.3220941812960927, "canonical_time": "15:00", "solar_azimuth_deg": 271.54425686027565, "solar_elevation_deg": 53.21021702250467, "estimated_height_building_count": 3793, "source_type": "derived", "source_reference": "Cached OSM streets intersected with modelled building shadows", "observed_or_estimated": "ESTIMATED", "modelled_or_interpolated": "MODELLED", "timestamp": "2026-10-09T01:39:38.179956+00:00", "assumptions_version": "2026-10-09-prompt-4b-risk-explainability", "computation_mode": "geometric"}, "geometry": {"type": "LineString", "coordinates": [[75.855682, 22.719238900000008], [75.8553426, 22.7197851]]}}, {"id": "762", "type": "Feature", "properties": {"segment_id": "osm-8460457257-2025111132-0", "length_m": 40.361463507178215, "shade_fraction": 0.14418825301374777, "exposure_fraction": 0.8558117469862523, "canonical_time": "15:00", "solar_azimuth_deg": 271.54425686027565, "solar_elevation_deg": 53.21021702250467, "estimated_height_building_count": 3793, "source_type": "derived", "source_reference": "Cached OSM streets intersected with modelled building shadows", "observed_or_estimated": "ESTIMATED", "modelled_or_interpolated": "MODELLED", "timestamp": "2026-10-09T01:39:38.179956+00:00", "assumptions_version": "2026-10-09-prompt-4b-risk-explainability", "computation_mode": "geometric"}, "geometry": {"type": "LineString", "coordinates": [[75.855682, 22.719238900000008], [75.8557288, 22.7191507], [75.855744, 22.7191005], [75.8557516, 22.719040600000007], [75.855742, 22.7189891], [75.8557141, 22.7188909]]}}, {"id": "763", "type": "Feature", "properties": {"segment_id": "osm-8460457262-2025111179-0", "length_m": 23.78841087333602, "shade_fraction": 0.9989386171145429, "exposure_fraction": 0.0010613828854570961, "canonical_time": "15:00", "solar_azimuth_deg": 271.54425686027565, "solar_elevation_deg": 53.21021702250467, "estimated_height_building_count": 3793, "source_type": "derived", "source_reference": "Cached OSM streets intersected with modelled building shadows", "observed_or_estimated": "ESTIMATED", "modelled_or_interpolated": "MODELLED", "timestamp": "2026-10-09T01:39:38.179956+00:00", "assumptions_version": "2026-10-09-prompt-4b-risk-explainability", "computation_mode": "geometric"}, "geometry": {"type": "LineString", "coordinates": [[75.8559144, 22.719884199999992], [75.8560358, 22.7197012]]}}, {"id": "764", "type": "Feature", "properties": {"segment_id": "osm-8460457262-2025111283-0", "length_m": 201.980859677018, "shade_fraction": 0.4362000050321949, "exposure_fraction": 0.5637999949678051, "canonical_time": "15:00", "solar_azimuth_deg": 271.54425686027565, "solar_elevation_deg": 53.21021702250467, "estimated_height_building_count": 3793, "source_type": "derived", "source_reference": "Cached OSM streets intersected with modelled building shadows", "observed_or_estimated": "ESTIMATED", "modelled_or_interpolated": "MODELLED", "timestamp": "2026-10-09T01:39:38.179956+00:00", "assumptions_version": "2026-10-09-prompt-4b-risk-explainability", "computation_mode": "geometric"}, "geometry": {"type": "LineString", "coordinates": [[75.8559144, 22.719884199999992], [75.8562572, 22.719927600000002], [75.8562867, 22.719937499999986], [75.8563068, 22.71995849999999], [75.8563136, 22.719991899999997], [75.8563141, 22.720014200000005], [75.8563154, 22.7202743], [75.8562988, 22.720443], [75.8562852, 22.720613399999994], [75.856276, 22.720865299999993], [75.85628340000001, 22.7210285], [75.8562948, 22.7211275], [75.8563007, 22.721196599999995], [75.8562941, 22.721401899999993]]}}, {"id": "765", "type": "Feature", "properties": {"segment_id": "osm-8460457262-2025111227-0", "length_m": 20.809923149875956, "shade_fraction": 0.6657372303375307, "exposure_fraction": 0.33426276966246926, "canonical_time": "15:00", "solar_azimuth_deg": 271.54425686027565, "solar_elevation_deg": 53.21021702250467, "estimated_height_building_count": 3793, "source_type": "derived", "source_reference": "Cached OSM streets intersected with modelled building shadows", "observed_or_estimated": "ESTIMATED", "modelled_or_interpolated": "MODELLED", "timestamp": "2026-10-09T01:39:38.179956+00:00", "assumptions_version": "2026-10-09-prompt-4b-risk-explainability", "computation_mode": "geometric"}, "geometry": {"type": "LineString", "coordinates": [[75.8559144, 22.719884199999992], [75.855848, 22.719959499999998], [75.8557852, 22.720029]]}}, {"id": "766", "type": "Feature", "properties": {"segment_id": "osm-8460457267-2025111240-0", "length_m": 2.7066026391879943, "shade_fraction": 0.0, "exposure_fraction": 1.0, "canonical_time": "15:00", "solar_azimuth_deg": 271.54425686027565, "solar_elevation_deg": 53.21021702250467, "estimated_height_building_count": 3793, "source_type": "derived", "source_reference": "Cached OSM streets intersected with modelled building shadows", "observed_or_estimated": "ESTIMATED", "modelled_or_interpolated": "MODELLED", "timestamp": "2026-10-09T01:39:38.179956+00:00", "assumptions_version": "2026-10-09-prompt-4b-risk-explainability", "computation_mode": "geometric"}, "geometry": {"type": "LineString", "coordinates": [[75.85694, 22.720452199999997], [75.8569371, 22.7204279]]}}, {"id": "767", "type": "Feature", "properties": {"segment_id": "osm-8460457267-8460457268-0", "length_m": 39.149875548891316, "shade_fraction": 0.0, "exposure_fraction": 1.0, "canonical_time": "15:00", "solar_azimuth_deg": 271.54425686027565, "solar_elevation_deg": 53.21021702250467, "estimated_height_building_count": 3793, "source_type": "derived", "source_reference": "Cached OSM streets intersected with modelled building shadows", "observed_or_estimated": "ESTIMATED", "modelled_or_interpolated": "MODELLED", "timestamp": "2026-10-09T01:39:38.179956+00:00", "assumptions_version": "2026-10-09-prompt-4b-risk-explainability", "computation_mode": "geometric"}, "geometry": {"type": "LineString", "coordinates": [[75.85694, 22.720452199999997], [75.8565588, 22.720453299999996]]}}, {"id": "768", "type": "Feature", "properties": {"segment_id": "osm-8460457267-3732908384-0", "length_m": 101.60667253846671, "shade_fraction": 0.45799727255886497, "exposure_fraction": 0.542002727441135, "canonical_time": "15:00", "solar_azimuth_deg": 271.54425686027565, "solar_elevation_deg": 53.21021702250467, "estimated_height_building_count": 3793, "source_type": "derived", "source_reference": "Cached OSM streets intersected with modelled building shadows", "observed_or_estimated": "ESTIMATED", "modelled_or_interpolated": "MODELLED", "timestamp": "2026-10-09T01:39:38.179956+00:00", "assumptions_version": "2026-10-09-prompt-4b-risk-explainability", "computation_mode": "geometric"}, "geometry": {"type": "LineString", "coordinates": [[75.85694, 22.720452199999997], [75.8569171, 22.721013400000007], [75.8568318, 22.72136070000001]]}}, {"id": "769", "type": "Feature", "properties": {"segment_id": "osm-8460457268-8460457267-0", "length_m": 39.149875548891316, "shade_fraction": 0.0, "exposure_fraction": 1.0, "canonical_time": "15:00", "solar_azimuth_deg": 271.54425686027565, "solar_elevation_deg": 53.21021702250467, "estimated_height_building_count": 3793, "source_type": "derived", "source_reference": "Cached OSM streets intersected with modelled building shadows", "observed_or_estimated": "ESTIMATED", "modelled_or_interpolated": "MODELLED", "timestamp": "2026-10-09T01:39:38.179956+00:00", "assumptions_version": "2026-10-09-prompt-4b-risk-explainability", "computation_mode": "geometric"}, "geometry": {"type": "LineString", "coordinates": [[75.8565588, 22.720453299999996], [75.85694, 22.720452199999997]]}}, {"id": "770", "type": "Feature", "properties": {"segment_id": "osm-8460513399-8460513407-0", "length_m": 122.51657036178469, "shade_fraction": 0.11411850577301556, "exposure_fraction": 0.8858814942269845, "canonical_time": "15:00", "solar_azimuth_deg": 271.54425686027565, "solar_elevation_deg": 53.21021702250467, "estimated_height_building_count": 3793, "source_type": "derived", "source_reference": "Cached OSM streets intersected with modelled building shadows", "observed_or_estimated": "ESTIMATED", "modelled_or_interpolated": "MODELLED", "timestamp": "2026-10-09T01:39:38.179956+00:00", "assumptions_version": "2026-10-09-prompt-4b-risk-explainability", "computation_mode": "geometric"}, "geometry": {"type": "LineString", "coordinates": [[75.8589864, 22.7209939], [75.8589904, 22.720866499999996], [75.8589984, 22.720826899999988], [75.8590199, 22.720794700000003], [75.8590427, 22.72077], [75.8590628, 22.7207421], [75.8590829, 22.720709399999997], [75.8590917, 22.720685199999995], [75.8590977, 22.720658600000004], [75.859099, 22.720603], [75.8590704, 22.7199145]]}}, {"id": "771", "type": "Feature", "properties": {"segment_id": "osm-8460513407-2025020116-0", "length_m": 26.803993387972945, "shade_fraction": 0.0, "exposure_fraction": 1.0, "canonical_time": "15:00", "solar_azimuth_deg": 271.54425686027565, "solar_elevation_deg": 53.21021702250467, "estimated_height_building_count": 3793, "source_type": "derived", "source_reference": "Cached OSM streets intersected with modelled building shadows", "observed_or_estimated": "ESTIMATED", "modelled_or_interpolated": "MODELLED", "timestamp": "2026-10-09T01:39:38.179956+00:00", "assumptions_version": "2026-10-09-prompt-4b-risk-explainability", "computation_mode": "geometric"}, "geometry": {"type": "LineString", "coordinates": [[75.8590704, 22.7199145], [75.8588112, 22.719886199999994]]}}, {"id": "772", "type": "Feature", "properties": {"segment_id": "osm-8460513407-8460452095-0", "length_m": 44.490201649060246, "shade_fraction": 0.0, "exposure_fraction": 1.0, "canonical_time": "15:00", "solar_azimuth_deg": 271.54425686027565, "solar_elevation_deg": 53.21021702250467, "estimated_height_building_count": 3793, "source_type": "derived", "source_reference": "Cached OSM streets intersected with modelled building shadows", "observed_or_estimated": "ESTIMATED", "modelled_or_interpolated": "MODELLED", "timestamp": "2026-10-09T01:39:38.179956+00:00", "assumptions_version": "2026-10-09-prompt-4b-risk-explainability", "computation_mode": "geometric"}, "geometry": {"type": "LineString", "coordinates": [[75.8590704, 22.7199145], [75.8592032, 22.719928999999993], [75.8595026, 22.719922500000003]]}}, {"id": "773", "type": "Feature", "properties": {"segment_id": "osm-8460513407-8460513399-0", "length_m": 122.51657036178467, "shade_fraction": 0.11411850577301558, "exposure_fraction": 0.8858814942269844, "canonical_time": "15:00", "solar_azimuth_deg": 271.54425686027565, "solar_elevation_deg": 53.21021702250467, "estimated_height_building_count": 3793, "source_type": "derived", "source_reference": "Cached OSM streets intersected with modelled building shadows", "observed_or_estimated": "ESTIMATED", "modelled_or_interpolated": "MODELLED", "timestamp": "2026-10-09T01:39:38.179956+00:00", "assumptions_version": "2026-10-09-prompt-4b-risk-explainability", "computation_mode": "geometric"}, "geometry": {"type": "LineString", "coordinates": [[75.8590704, 22.7199145], [75.859099, 22.720603], [75.8590977, 22.720658600000004], [75.8590917, 22.720685199999995], [75.8590829, 22.720709399999997], [75.8590628, 22.7207421], [75.8590427, 22.72077], [75.8590199, 22.720794700000003], [75.8589984, 22.720826899999988], [75.8589904, 22.720866499999996], [75.8589864, 22.7209939]]}}, {"id": "774", "type": "Feature", "properties": {"segment_id": "osm-8460755401-2027131531-0", "length_m": 11.82107883303307, "shade_fraction": 0.0, "exposure_fraction": 1.0, "canonical_time": "15:00", "solar_azimuth_deg": 271.54425686027565, "solar_elevation_deg": 53.21021702250467, "estimated_height_building_count": 3793, "source_type": "derived", "source_reference": "Cached OSM streets intersected with modelled building shadows", "observed_or_estimated": "ESTIMATED", "modelled_or_interpolated": "MODELLED", "timestamp": "2026-10-09T01:39:38.179956+00:00", "assumptions_version": "2026-10-09-prompt-4b-risk-explainability", "computation_mode": "geometric"}, "geometry": {"type": "LineString", "coordinates": [[75.8574013, 22.715646799999995], [75.8574239, 22.7157515]]}}, {"id": "775", "type": "Feature", "properties": {"segment_id": "osm-8460755401-2027131511-0", "length_m": 23.88639871824011, "shade_fraction": 0.13666532473136106, "exposure_fraction": 0.8633346752686389, "canonical_time": "15:00", "solar_azimuth_deg": 271.54425686027565, "solar_elevation_deg": 53.21021702250467, "estimated_height_building_count": 3793, "source_type": "derived", "source_reference": "Cached OSM streets intersected with modelled building shadows", "observed_or_estimated": "ESTIMATED", "modelled_or_interpolated": "MODELLED", "timestamp": "2026-10-09T01:39:38.179956+00:00", "assumptions_version": "2026-10-09-prompt-4b-risk-explainability", "computation_mode": "geometric"}, "geometry": {"type": "LineString", "coordinates": [[75.8574013, 22.715646799999995], [75.8573677, 22.71543329999999]]}}, {"id": "776", "type": "Feature", "properties": {"segment_id": "osm-8460755401-8460755411-0", "length_m": 62.336789296402046, "shade_fraction": 0.0, "exposure_fraction": 1.0, "canonical_time": "15:00", "solar_azimuth_deg": 271.54425686027565, "solar_elevation_deg": 53.21021702250467, "estimated_height_building_count": 3793, "source_type": "derived", "source_reference": "Cached OSM streets intersected with modelled building shadows", "observed_or_estimated": "ESTIMATED", "modelled_or_interpolated": "MODELLED", "timestamp": "2026-10-09T01:39:38.179956+00:00", "assumptions_version": "2026-10-09-prompt-4b-risk-explainability", "computation_mode": "geometric"}, "geometry": {"type": "LineString", "coordinates": [[75.8574013, 22.715646799999995], [75.8573596, 22.715647299999997], [75.8573207, 22.715653499999988], [75.8572671, 22.715667099999997], [75.85714500000002, 22.7156956], [75.8570471, 22.7157203], [75.8569466, 22.715738899999998], [75.8568084, 22.7157617]]}}, {"id": "777", "type": "Feature", "properties": {"segment_id": "osm-8460755407-2027131540-0", "length_m": 38.71021386578008, "shade_fraction": 0.02639977501842087, "exposure_fraction": 0.9736002249815792, "canonical_time": "15:00", "solar_azimuth_deg": 271.54425686027565, "solar_elevation_deg": 53.21021702250467, "estimated_height_building_count": 3793, "source_type": "derived", "source_reference": "Cached OSM streets intersected with modelled building shadows", "observed_or_estimated": "ESTIMATED", "modelled_or_interpolated": "MODELLED", "timestamp": "2026-10-09T01:39:38.179956+00:00", "assumptions_version": "2026-10-09-prompt-4b-risk-explainability", "computation_mode": "geometric"}, "geometry": {"type": "LineString", "coordinates": [[75.8563691, 22.715744600000004], [75.8562678, 22.71608139999999]]}}, {"id": "778", "type": "Feature", "properties": {"segment_id": "osm-8460755407-8460755415-0", "length_m": 10.645815851806706, "shade_fraction": 0.0, "exposure_fraction": 1.0, "canonical_time": "15:00", "solar_azimuth_deg": 271.54425686027565, "solar_elevation_deg": 53.21021702250467, "estimated_height_building_count": 3793, "source_type": "derived", "source_reference": "Cached OSM streets intersected with modelled building shadows", "observed_or_estimated": "ESTIMATED", "modelled_or_interpolated": "MODELLED", "timestamp": "2026-10-09T01:39:38.179956+00:00", "assumptions_version": "2026-10-09-prompt-4b-risk-explainability", "computation_mode": "geometric"}, "geometry": {"type": "LineString", "coordinates": [[75.8563691, 22.715744600000004], [75.8563787, 22.715707799999997], [75.8563986, 22.715652500000004]]}}, {"id": "779", "type": "Feature", "properties": {"segment_id": "osm-8460755407-8460755411-0", "length_m": 47.163110428794866, "shade_fraction": 0.0, "exposure_fraction": 1.0, "canonical_time": "15:00", "solar_azimuth_deg": 271.54425686027565, "solar_elevation_deg": 53.21021702250467, "estimated_height_building_count": 3793, "source_type": "derived", "source_reference": "Cached OSM streets intersected with modelled building shadows", "observed_or_estimated": "ESTIMATED", "modelled_or_interpolated": "MODELLED", "timestamp": "2026-10-09T01:39:38.179956+00:00", "assumptions_version": "2026-10-09-prompt-4b-risk-explainability", "computation_mode": "geometric"}, "geometry": {"type": "LineString", "coordinates": [[75.8563691, 22.715744600000004], [75.8566998, 22.715806900000004], [75.85675480000002, 22.715797000000002], [75.8567843, 22.715777199999998], [75.8568084, 22.7157617]]}}, {"id": "780", "type": "Feature", "properties": {"segment_id": "osm-8460755411-8460755407-0", "length_m": 47.163110428794866, "shade_fraction": 0.0, "exposure_fraction": 1.0, "canonical_time": "15:00", "solar_azimuth_deg": 271.54425686027565, "solar_elevation_deg": 53.21021702250467, "estimated_height_building_count": 3793, "source_type": "derived", "source_reference": "Cached OSM streets intersected with modelled building shadows", "observed_or_estimated": "ESTIMATED", "modelled_or_interpolated": "MODELLED", "timestamp": "2026-10-09T01:39:38.179956+00:00", "assumptions_version": "2026-10-09-prompt-4b-risk-explainability", "computation_mode": "geometric"}, "geometry": {"type": "LineString", "coordinates": [[75.8568084, 22.7157617], [75.8567843, 22.715777199999998], [75.85675480000002, 22.715797000000002], [75.8566998, 22.715806900000004], [75.8563691, 22.715744600000004]]}}, {"id": "781", "type": "Feature", "properties": {"segment_id": "osm-8460755411-8460755412-0", "length_m": 77.97806285173726, "shade_fraction": 0.4562708196293897, "exposure_fraction": 0.5437291803706104, "canonical_time": "15:00", "solar_azimuth_deg": 271.54425686027565, "solar_elevation_deg": 53.21021702250467, "estimated_height_building_count": 3793, "source_type": "derived", "source_reference": "Cached OSM streets intersected with modelled building shadows", "observed_or_estimated": "ESTIMATED", "modelled_or_interpolated": "MODELLED", "timestamp": "2026-10-09T01:39:38.179956+00:00", "assumptions_version": "2026-10-09-prompt-4b-risk-explainability", "computation_mode": "geometric"}, "geometry": {"type": "LineString", "coordinates": [[75.8568084, 22.7157617], [75.856826, 22.715726899999996], [75.8568595, 22.715554699999995], [75.8568744, 22.715446], [75.8568711, 22.715409599999994], [75.8568487, 22.715386300000002], [75.8568245, 22.71536899999999], [75.8565312, 22.7152833]]}}, {"id": "782", "type": "Feature", "properties": {"segment_id": "osm-8460755411-8460755401-0", "length_m": 62.33678929640205, "shade_fraction": 0.0, "exposure_fraction": 1.0, "canonical_time": "15:00", "solar_azimuth_deg": 271.54425686027565, "solar_elevation_deg": 53.21021702250467, "estimated_height_building_count": 3793, "source_type": "derived", "source_reference": "Cached OSM streets intersected with modelled building shadows", "observed_or_estimated": "ESTIMATED", "modelled_or_interpolated": "MODELLED", "timestamp": "2026-10-09T01:39:38.179956+00:00", "assumptions_version": "2026-10-09-prompt-4b-risk-explainability", "computation_mode": "geometric"}, "geometry": {"type": "LineString", "coordinates": [[75.8568084, 22.7157617], [75.8569466, 22.715738899999998], [75.8570471, 22.7157203], [75.85714500000002, 22.7156956], [75.8572671, 22.715667099999997], [75.8573207, 22.715653499999988], [75.8573596, 22.715647299999997], [75.8574013, 22.715646799999995]]}}, {"id": "783", "type": "Feature", "properties": {"segment_id": "osm-8460755412-8460755415-0", "length_m": 43.08192557317705, "shade_fraction": 0.0678647083532581, "exposure_fraction": 0.9321352916467419, "canonical_time": "15:00", "solar_azimuth_deg": 271.54425686027565, "solar_elevation_deg": 53.21021702250467, "estimated_height_building_count": 3793, "source_type": "derived", "source_reference": "Cached OSM streets intersected with modelled building shadows", "observed_or_estimated": "ESTIMATED", "modelled_or_interpolated": "MODELLED", "timestamp": "2026-10-09T01:39:38.179956+00:00", "assumptions_version": "2026-10-09-prompt-4b-risk-explainability", "computation_mode": "geometric"}, "geometry": {"type": "LineString", "coordinates": [[75.8565312, 22.7152833], [75.8563986, 22.715652500000004]]}}, {"id": "784", "type": "Feature", "properties": {"segment_id": "osm-8460755412-8460772828-0", "length_m": 4.9910400276296, "shade_fraction": 0.7609808399977432, "exposure_fraction": 0.23901916000225676, "canonical_time": "15:00", "solar_azimuth_deg": 271.54425686027565, "solar_elevation_deg": 53.21021702250467, "estimated_height_building_count": 3793, "source_type": "derived", "source_reference": "Cached OSM streets intersected with modelled building shadows", "observed_or_estimated": "ESTIMATED", "modelled_or_interpolated": "MODELLED", "timestamp": "2026-10-09T01:39:38.179956+00:00", "assumptions_version": "2026-10-09-prompt-4b-risk-explainability", "computation_mode": "geometric"}, "geometry": {"type": "LineString", "coordinates": [[75.8565312, 22.7152833], [75.8565451, 22.71524009999999]]}}, {"id": "785", "type": "Feature", "properties": {"segment_id": "osm-8460755412-8460755411-0", "length_m": 77.97806285173726, "shade_fraction": 0.4562708196293897, "exposure_fraction": 0.5437291803706104, "canonical_time": "15:00", "solar_azimuth_deg": 271.54425686027565, "solar_elevation_deg": 53.21021702250467, "estimated_height_building_count": 3793, "source_type": "derived", "source_reference": "Cached OSM streets intersected with modelled building shadows", "observed_or_estimated": "ESTIMATED", "modelled_or_interpolated": "MODELLED", "timestamp": "2026-10-09T01:39:38.179956+00:00", "assumptions_version": "2026-10-09-prompt-4b-risk-explainability", "computation_mode": "geometric"}, "geometry": {"type": "LineString", "coordinates": [[75.8565312, 22.7152833], [75.8568245, 22.71536899999999], [75.8568487, 22.715386300000002], [75.8568711, 22.715409599999994], [75.8568744, 22.715446], [75.8568595, 22.715554699999995], [75.856826, 22.715726899999996], [75.8568084, 22.7157617]]}}, {"id": "786", "type": "Feature", "properties": {"segment_id": "osm-8460755415-8460755412-0", "length_m": 43.08192557317705, "shade_fraction": 0.0678647083532581, "exposure_fraction": 0.9321352916467419, "canonical_time": "15:00", "solar_azimuth_deg": 271.54425686027565, "solar_elevation_deg": 53.21021702250467, "estimated_height_building_count": 3793, "source_type": "derived", "source_reference": "Cached OSM streets intersected with modelled building shadows", "observed_or_estimated": "ESTIMATED", "modelled_or_interpolated": "MODELLED", "timestamp": "2026-10-09T01:39:38.179956+00:00", "assumptions_version": "2026-10-09-prompt-4b-risk-explainability", "computation_mode": "geometric"}, "geometry": {"type": "LineString", "coordinates": [[75.8563986, 22.715652500000004], [75.8565312, 22.7152833]]}}, {"id": "787", "type": "Feature", "properties": {"segment_id": "osm-8460755415-8460755407-0", "length_m": 10.645815851806706, "shade_fraction": 0.0, "exposure_fraction": 1.0, "canonical_time": "15:00", "solar_azimuth_deg": 271.54425686027565, "solar_elevation_deg": 53.21021702250467, "estimated_height_building_count": 3793, "source_type": "derived", "source_reference": "Cached OSM streets intersected with modelled building shadows", "observed_or_estimated": "ESTIMATED", "modelled_or_interpolated": "MODELLED", "timestamp": "2026-10-09T01:39:38.179956+00:00", "assumptions_version": "2026-10-09-prompt-4b-risk-explainability", "computation_mode": "geometric"}, "geometry": {"type": "LineString", "coordinates": [[75.8563986, 22.715652500000004], [75.8563787, 22.715707799999997], [75.8563691, 22.715744600000004]]}}, {"id": "788", "type": "Feature", "properties": {"segment_id": "osm-8460755415-2027131532-0", "length_m": 82.12290734437256, "shade_fraction": 0.24050033021785783, "exposure_fraction": 0.7594996697821421, "canonical_time": "15:00", "solar_azimuth_deg": 271.54425686027565, "solar_elevation_deg": 53.21021702250467, "estimated_height_building_count": 3793, "source_type": "derived", "source_reference": "Cached OSM streets intersected with modelled building shadows", "observed_or_estimated": "ESTIMATED", "modelled_or_interpolated": "MODELLED", "timestamp": "2026-10-09T01:39:38.179956+00:00", "assumptions_version": "2026-10-09-prompt-4b-risk-explainability", "computation_mode": "geometric"}, "geometry": {"type": "LineString", "coordinates": [[75.8563986, 22.715652500000004], [75.8560189, 22.715574799999988], [75.8559811, 22.715569000000002], [75.8559648, 22.715581099999998], [75.8559389, 22.715604], [75.8559093, 22.7156841], [75.8559164, 22.715892300000004]]}}, {"id": "789", "type": "Feature", "properties": {"segment_id": "osm-8460772819-12778907738-0", "length_m": 76.96356149318987, "shade_fraction": 0.0, "exposure_fraction": 1.0, "canonical_time": "15:00", "solar_azimuth_deg": 271.54425686027565, "solar_elevation_deg": 53.21021702250467, "estimated_height_building_count": 3793, "source_type": "derived", "source_reference": "Cached OSM streets intersected with modelled building shadows", "observed_or_estimated": "ESTIMATED", "modelled_or_interpolated": "MODELLED", "timestamp": "2026-10-09T01:39:38.179956+00:00", "assumptions_version": "2026-10-09-prompt-4b-risk-explainability", "computation_mode": "geometric"}, "geometry": {"type": "LineString", "coordinates": [[75.8553994, 22.714898900000005], [75.8555538, 22.714902399999993], [75.85564530000002, 22.71492909999999], [75.8557328, 22.714937699999997], [75.85601540000002, 22.7149636], [75.8561379, 22.714994799999996]]}}, {"id": "790", "type": "Feature", "properties": {"segment_id": "osm-8460772819-2027131464-0", "length_m": 43.32567190409834, "shade_fraction": 0.0, "exposure_fraction": 1.0, "canonical_time": "15:00", "solar_azimuth_deg": 271.54425686027565, "solar_elevation_deg": 53.21021702250467, "estimated_height_building_count": 3793, "source_type": "derived", "source_reference": "Cached OSM streets intersected with modelled building shadows", "observed_or_estimated": "ESTIMATED", "modelled_or_interpolated": "MODELLED", "timestamp": "2026-10-09T01:39:38.179956+00:00", "assumptions_version": "2026-10-09-prompt-4b-risk-explainability", "computation_mode": "geometric"}, "geometry": {"type": "LineString", "coordinates": [[75.8553994, 22.714898900000005], [75.8551199, 22.714915900000005], [75.8549782, 22.7149192]]}}, {"id": "791", "type": "Feature", "properties": {"segment_id": "osm-8460772819-2027131533-0", "length_m": 133.54538718736683, "shade_fraction": 0.5601350082920757, "exposure_fraction": 0.43986499170792426, "canonical_time": "15:00", "solar_azimuth_deg": 271.54425686027565, "solar_elevation_deg": 53.21021702250467, "estimated_height_building_count": 3793, "source_type": "derived", "source_reference": "Cached OSM streets intersected with modelled building shadows", "observed_or_estimated": "ESTIMATED", "modelled_or_interpolated": "MODELLED", "timestamp": "2026-10-09T01:39:38.179956+00:00", "assumptions_version": "2026-10-09-prompt-4b-risk-explainability", "computation_mode": "geometric"}, "geometry": {"type": "LineString", "coordinates": [[75.8553994, 22.714898900000005], [75.8554499, 22.714992899999988], [75.8554713, 22.715058499999987], [75.8555035, 22.715101799999996], [75.8555438, 22.7151426], [75.8556122, 22.715169799999998], [75.8557154, 22.715197000000007], [75.8557463, 22.715209399999992], [75.8557597, 22.7152205], [75.855759, 22.715250899999994], [75.8557427, 22.715283400000008], [75.8556894, 22.715429199999996], [75.8556462, 22.7155958], [75.855633, 22.715736299999993], [75.8556462, 22.7159116]]}}, {"id": "792", "type": "Feature", "properties": {"segment_id": "osm-8460772828-8460755412-0", "length_m": 4.9910400276296, "shade_fraction": 0.7609808399977432, "exposure_fraction": 0.23901916000225676, "canonical_time": "15:00", "solar_azimuth_deg": 271.54425686027565, "solar_elevation_deg": 53.21021702250467, "estimated_height_building_count": 3793, "source_type": "derived", "source_reference": "Cached OSM streets intersected with modelled building shadows", "observed_or_estimated": "ESTIMATED", "modelled_or_interpolated": "MODELLED", "timestamp": "2026-10-09T01:39:38.179956+00:00", "assumptions_version": "2026-10-09-prompt-4b-risk-explainability", "computation_mode": "geometric"}, "geometry": {"type": "LineString", "coordinates": [[75.8565451, 22.71524009999999], [75.8565312, 22.7152833]]}}, {"id": "793", "type": "Feature", "properties": {"segment_id": "osm-8460772828-2025110932-0", "length_m": 18.175340161303797, "shade_fraction": 0.0, "exposure_fraction": 1.0, "canonical_time": "15:00", "solar_azimuth_deg": 271.54425686027565, "solar_elevation_deg": 53.21021702250467, "estimated_height_building_count": 3793, "source_type": "derived", "source_reference": "Cached OSM streets intersected with modelled building shadows", "observed_or_estimated": "ESTIMATED", "modelled_or_interpolated": "MODELLED", "timestamp": "2026-10-09T01:39:38.179956+00:00", "assumptions_version": "2026-10-09-prompt-4b-risk-explainability", "computation_mode": "geometric"}, "geometry": {"type": "LineString", "coordinates": [[75.8565451, 22.71524009999999], [75.8566025, 22.715084799999996]]}}, {"id": "794", "type": "Feature", "properties": {"segment_id": "osm-8460772828-8460772829-0", "length_m": 51.23404565910196, "shade_fraction": 0.0, "exposure_fraction": 1.0, "canonical_time": "15:00", "solar_azimuth_deg": 271.54425686027565, "solar_elevation_deg": 53.21021702250467, "estimated_height_building_count": 3793, "source_type": "derived", "source_reference": "Cached OSM streets intersected with modelled building shadows", "observed_or_estimated": "ESTIMATED", "modelled_or_interpolated": "MODELLED", "timestamp": "2026-10-09T01:39:38.179956+00:00", "assumptions_version": "2026-10-09-prompt-4b-risk-explainability", "computation_mode": "geometric"}, "geometry": {"type": "LineString", "coordinates": [[75.8565451, 22.71524009999999], [75.8560545, 22.7151563]]}}, {"id": "795", "type": "Feature", "properties": {"segment_id": "osm-8460772829-8460772828-0", "length_m": 51.23404565910196, "shade_fraction": 0.0, "exposure_fraction": 1.0, "canonical_time": "15:00", "solar_azimuth_deg": 271.54425686027565, "solar_elevation_deg": 53.21021702250467, "estimated_height_building_count": 3793, "source_type": "derived", "source_reference": "Cached OSM streets intersected with modelled building shadows", "observed_or_estimated": "ESTIMATED", "modelled_or_interpolated": "MODELLED", "timestamp": "2026-10-09T01:39:38.179956+00:00", "assumptions_version": "2026-10-09-prompt-4b-risk-explainability", "computation_mode": "geometric"}, "geometry": {"type": "LineString", "coordinates": [[75.8560545, 22.7151563], [75.8565451, 22.71524009999999]]}}, {"id": "796", "type": "Feature", "properties": {"segment_id": "osm-8460772838-2027103687-0", "length_m": 18.809477231132558, "shade_fraction": 0.8346966122512709, "exposure_fraction": 0.1653033877487291, "canonical_time": "15:00", "solar_azimuth_deg": 271.54425686027565, "solar_elevation_deg": 53.21021702250467, "estimated_height_building_count": 3793, "source_type": "derived", "source_reference": "Cached OSM streets intersected with modelled building shadows", "observed_or_estimated": "ESTIMATED", "modelled_or_interpolated": "MODELLED", "timestamp": "2026-10-09T01:39:38.179956+00:00", "assumptions_version": "2026-10-09-prompt-4b-risk-explainability", "computation_mode": "geometric"}, "geometry": {"type": "LineString", "coordinates": [[75.8553347, 22.713384099999995], [75.8552993, 22.713217399999994]]}}, {"id": "797", "type": "Feature", "properties": {"segment_id": "osm-8460772838-8460772839-0", "length_m": 97.0161843202199, "shade_fraction": 0.14001354866149973, "exposure_fraction": 0.8599864513385003, "canonical_time": "15:00", "solar_azimuth_deg": 271.54425686027565, "solar_elevation_deg": 53.21021702250467, "estimated_height_building_count": 3793, "source_type": "derived", "source_reference": "Cached OSM streets intersected with modelled building shadows", "observed_or_estimated": "ESTIMATED", "modelled_or_interpolated": "MODELLED", "timestamp": "2026-10-09T01:39:38.179956+00:00", "assumptions_version": "2026-10-09-prompt-4b-risk-explainability", "computation_mode": "geometric"}, "geometry": {"type": "LineString", "coordinates": [[75.8553347, 22.713384099999995], [75.854412, 22.7135717]]}}, {"id": "798", "type": "Feature", "properties": {"segment_id": "osm-8460772838-2027103699-0", "length_m": 110.29674778678569, "shade_fraction": 0.007816925443395677, "exposure_fraction": 0.9921830745566044, "canonical_time": "15:00", "solar_azimuth_deg": 271.54425686027565, "solar_elevation_deg": 53.21021702250467, "estimated_height_building_count": 3793, "source_type": "derived", "source_reference": "Cached OSM streets intersected with modelled building shadows", "observed_or_estimated": "ESTIMATED", "modelled_or_interpolated": "MODELLED", "timestamp": "2026-10-09T01:39:38.179956+00:00", "assumptions_version": "2026-10-09-prompt-4b-risk-explainability", "computation_mode": "geometric"}, "geometry": {"type": "LineString", "coordinates": [[75.8553347, 22.713384099999995], [75.8553544, 22.7134844], [75.85534790000001, 22.7135554], [75.855299, 22.71357769999999], [75.8552379, 22.71359009999999], [75.8548638, 22.7136847], [75.854491, 22.713763799999995]]}}, {"id": "799", "type": "Feature", "properties": {"segment_id": "osm-8460772839-2027103692-0", "length_m": 21.322659295397347, "shade_fraction": 0.615661906647836, "exposure_fraction": 0.38433809335216396, "canonical_time": "15:00", "solar_azimuth_deg": 271.54425686027565, "solar_elevation_deg": 53.21021702250467, "estimated_height_building_count": 3793, "source_type": "derived", "source_reference": "Cached OSM streets intersected with modelled building shadows", "observed_or_estimated": "ESTIMATED", "modelled_or_interpolated": "MODELLED", "timestamp": "2026-10-09T01:39:38.179956+00:00", "assumptions_version": "2026-10-09-prompt-4b-risk-explainability", "computation_mode": "geometric"}, "geometry": {"type": "LineString", "coordinates": [[75.854412, 22.7135717], [75.85441040000002, 22.713379100000004]]}}, {"id": "800", "type": "Feature", "properties": {"segment_id": "osm-8460772839-2027103700-0", "length_m": 21.918612360441614, "shade_fraction": 0.6103224070551362, "exposure_fraction": 0.3896775929448638, "canonical_time": "15:00", "solar_azimuth_deg": 271.54425686027565, "solar_elevation_deg": 53.21021702250467, "estimated_height_building_count": 3793, "source_type": "derived", "source_reference": "Cached OSM streets intersected with modelled building shadows", "observed_or_estimated": "ESTIMATED", "modelled_or_interpolated": "MODELLED", "timestamp": "2026-10-09T01:39:38.179956+00:00", "assumptions_version": "2026-10-09-prompt-4b-risk-explainability", "computation_mode": "geometric"}, "geometry": {"type": "LineString", "coordinates": [[75.854412, 22.7135717], [75.8543918, 22.713768799999997]]}}, {"id": "801", "type": "Feature", "properties": {"segment_id": "osm-8460772839-8460772838-0", "length_m": 97.0161843202199, "shade_fraction": 0.14001354866149973, "exposure_fraction": 0.8599864513385003, "canonical_time": "15:00", "solar_azimuth_deg": 271.54425686027565, "solar_elevation_deg": 53.21021702250467, "estimated_height_building_count": 3793, "source_type": "derived", "source_reference": "Cached OSM streets intersected with modelled building shadows", "observed_or_estimated": "ESTIMATED", "modelled_or_interpolated": "MODELLED", "timestamp": "2026-10-09T01:39:38.179956+00:00", "assumptions_version": "2026-10-09-prompt-4b-risk-explainability", "computation_mode": "geometric"}, "geometry": {"type": "LineString", "coordinates": [[75.854412, 22.7135717], [75.8553347, 22.713384099999995]]}}, {"id": "802", "type": "Feature", "properties": {"segment_id": "osm-8460931645-3734496697-0", "length_m": 33.99152437121018, "shade_fraction": 0.3267927453057174, "exposure_fraction": 0.6732072546942827, "canonical_time": "15:00", "solar_azimuth_deg": 271.54425686027565, "solar_elevation_deg": 53.21021702250467, "estimated_height_building_count": 3793, "source_type": "derived", "source_reference": "Cached OSM streets intersected with modelled building shadows", "observed_or_estimated": "ESTIMATED", "modelled_or_interpolated": "MODELLED", "timestamp": "2026-10-09T01:39:38.179956+00:00", "assumptions_version": "2026-10-09-prompt-4b-risk-explainability", "computation_mode": "geometric"}, "geometry": {"type": "LineString", "coordinates": [[75.8526927, 22.718687300000003], [75.8526872, 22.718380299999993]]}}, {"id": "803", "type": "Feature", "properties": {"segment_id": "osm-8460931649-3734496833-0", "length_m": 19.061934067195235, "shade_fraction": 0.4080923484078567, "exposure_fraction": 0.5919076515921433, "canonical_time": "15:00", "solar_azimuth_deg": 271.54425686027565, "solar_elevation_deg": 53.21021702250467, "estimated_height_building_count": 3793, "source_type": "derived", "source_reference": "Cached OSM streets intersected with modelled building shadows", "observed_or_estimated": "ESTIMATED", "modelled_or_interpolated": "MODELLED", "timestamp": "2026-10-09T01:39:38.179956+00:00", "assumptions_version": "2026-10-09-prompt-4b-risk-explainability", "computation_mode": "geometric"}, "geometry": {"type": "LineString", "coordinates": [[75.8516275, 22.719803200000005], [75.8515994, 22.719633]]}}, {"id": "804", "type": "Feature", "properties": {"segment_id": "osm-8460931649-3734496845-0", "length_m": 1.8405917592323766, "shade_fraction": 0.0, "exposure_fraction": 1.0, "canonical_time": "15:00", "solar_azimuth_deg": 271.54425686027565, "solar_elevation_deg": 53.21021702250467, "estimated_height_building_count": 3793, "source_type": "derived", "source_reference": "Cached OSM streets intersected with modelled building shadows", "observed_or_estimated": "ESTIMATED", "modelled_or_interpolated": "MODELLED", "timestamp": "2026-10-09T01:39:38.179956+00:00", "assumptions_version": "2026-10-09-prompt-4b-risk-explainability", "computation_mode": "geometric"}, "geometry": {"type": "LineString", "coordinates": [[75.8516275, 22.719803200000005], [75.8516285, 22.7198198]]}}, {"id": "805", "type": "Feature", "properties": {"segment_id": "osm-8460931649-8460931654-0", "length_m": 64.04415469853674, "shade_fraction": 0.28461847307736227, "exposure_fraction": 0.7153815269226378, "canonical_time": "15:00", "solar_azimuth_deg": 271.54425686027565, "solar_elevation_deg": 53.21021702250467, "estimated_height_building_count": 3793, "source_type": "derived", "source_reference": "Cached OSM streets intersected with modelled building shadows", "observed_or_estimated": "ESTIMATED", "modelled_or_interpolated": "MODELLED", "timestamp": "2026-10-09T01:39:38.179956+00:00", "assumptions_version": "2026-10-09-prompt-4b-risk-explainability", "computation_mode": "geometric"}, "geometry": {"type": "LineString", "coordinates": [[75.8516275, 22.719803200000005], [75.8515298, 22.7198075], [75.8514623, 22.719815700000005], [75.8513893, 22.719828899999992], [75.8512862, 22.719855299999992], [75.8511655, 22.719872000000002], [75.8510113, 22.719865799999994]]}}, {"id": "806", "type": "Feature", "properties": {"segment_id": "osm-8460931654-8460931649-0", "length_m": 64.04415469853674, "shade_fraction": 0.28461847307736227, "exposure_fraction": 0.7153815269226378, "canonical_time": "15:00", "solar_azimuth_deg": 271.54425686027565, "solar_elevation_deg": 53.21021702250467, "estimated_height_building_count": 3793, "source_type": "derived", "source_reference": "Cached OSM streets intersected with modelled building shadows", "observed_or_estimated": "ESTIMATED", "modelled_or_interpolated": "MODELLED", "timestamp": "2026-10-09T01:39:38.179956+00:00", "assumptions_version": "2026-10-09-prompt-4b-risk-explainability", "computation_mode": "geometric"}, "geometry": {"type": "LineString", "coordinates": [[75.8510113, 22.719865799999994], [75.8511655, 22.719872000000002], [75.8512862, 22.719855299999992], [75.8513893, 22.719828899999992], [75.8514623, 22.719815700000005], [75.8515298, 22.7198075], [75.8516275, 22.719803200000005]]}}, {"id": "807", "type": "Feature", "properties": {"segment_id": "osm-8460931654-3734496839-0", "length_m": 17.52200231116027, "shade_fraction": 0.052085599054005685, "exposure_fraction": 0.9479144009459943, "canonical_time": "15:00", "solar_azimuth_deg": 271.54425686027565, "solar_elevation_deg": 53.21021702250467, "estimated_height_building_count": 3793, "source_type": "derived", "source_reference": "Cached OSM streets intersected with modelled building shadows", "observed_or_estimated": "ESTIMATED", "modelled_or_interpolated": "MODELLED", "timestamp": "2026-10-09T01:39:38.179956+00:00", "assumptions_version": "2026-10-09-prompt-4b-risk-explainability", "computation_mode": "geometric"}, "geometry": {"type": "LineString", "coordinates": [[75.8510113, 22.719865799999994], [75.8510081, 22.7198311], [75.8510014, 22.7197902], [75.8509629, 22.71971630000001]]}}, {"id": "808", "type": "Feature", "properties": {"segment_id": "osm-8460931654-3734463399-0", "length_m": 105.40362433190975, "shade_fraction": 0.49860601222055917, "exposure_fraction": 0.5013939877794409, "canonical_time": "15:00", "solar_azimuth_deg": 271.54425686027565, "solar_elevation_deg": 53.21021702250467, "estimated_height_building_count": 3793, "source_type": "derived", "source_reference": "Cached OSM streets intersected with modelled building shadows", "observed_or_estimated": "ESTIMATED", "modelled_or_interpolated": "MODELLED", "timestamp": "2026-10-09T01:39:38.179956+00:00", "assumptions_version": "2026-10-09-prompt-4b-risk-explainability", "computation_mode": "geometric"}, "geometry": {"type": "LineString", "coordinates": [[75.8510113, 22.719865799999994], [75.8510148, 22.719905300000008], [75.8511041, 22.720814]]}}, {"id": "809", "type": "Feature", "properties": {"segment_id": "osm-8461059601-2025111085-0", "length_m": 10.301660296671853, "shade_fraction": 0.0, "exposure_fraction": 1.0, "canonical_time": "15:00", "solar_azimuth_deg": 271.54425686027565, "solar_elevation_deg": 53.21021702250467, "estimated_height_building_count": 3793, "source_type": "derived", "source_reference": "Cached OSM streets intersected with modelled building shadows", "observed_or_estimated": "ESTIMATED", "modelled_or_interpolated": "MODELLED", "timestamp": "2026-10-09T01:39:38.179956+00:00", "assumptions_version": "2026-10-09-prompt-4b-risk-explainability", "computation_mode": "geometric"}, "geometry": {"type": "LineString", "coordinates": [[75.8558428, 22.718295900000005], [75.85593460000001, 22.718258399999996]]}}, {"id": "810", "type": "Feature", "properties": {"segment_id": "osm-8461059601-2025020019-0", "length_m": 32.64849986587634, "shade_fraction": 0.0, "exposure_fraction": 1.0, "canonical_time": "15:00", "solar_azimuth_deg": 271.54425686027565, "solar_elevation_deg": 53.21021702250467, "estimated_height_building_count": 3793, "source_type": "derived", "source_reference": "Cached OSM streets intersected with modelled building shadows", "observed_or_estimated": "ESTIMATED", "modelled_or_interpolated": "MODELLED", "timestamp": "2026-10-09T01:39:38.179956+00:00", "assumptions_version": "2026-10-09-prompt-4b-risk-explainability", "computation_mode": "geometric"}, "geometry": {"type": "LineString", "coordinates": [[75.8558428, 22.718295900000005], [75.8556232, 22.718168000000002], [75.85557, 22.7181452]]}}, {"id": "811", "type": "Feature", "properties": {"segment_id": "osm-8461059601-2025020058-0", "length_m": 62.81290576833748, "shade_fraction": 0.0, "exposure_fraction": 1.0, "canonical_time": "15:00", "solar_azimuth_deg": 271.54425686027565, "solar_elevation_deg": 53.21021702250467, "estimated_height_building_count": 3793, "source_type": "derived", "source_reference": "Cached OSM streets intersected with modelled building shadows", "observed_or_estimated": "ESTIMATED", "modelled_or_interpolated": "MODELLED", "timestamp": "2026-10-09T01:39:38.179956+00:00", "assumptions_version": "2026-10-09-prompt-4b-risk-explainability", "computation_mode": "geometric"}, "geometry": {"type": "LineString", "coordinates": [[75.8558428, 22.718295900000005], [75.85586830000001, 22.7183627], [75.8558817, 22.718440600000008], [75.8558777, 22.7186781], [75.85586830000001, 22.7187437], [75.8558321, 22.718826599999993], [75.8558247, 22.7188501]]}}, {"id": "812", "type": "Feature", "properties": {"segment_id": "osm-8461059612-11153056521-0", "length_m": 17.129041906734315, "shade_fraction": 0.0, "exposure_fraction": 1.0, "canonical_time": "15:00", "solar_azimuth_deg": 271.54425686027565, "solar_elevation_deg": 53.21021702250467, "estimated_height_building_count": 3793, "source_type": "derived", "source_reference": "Cached OSM streets intersected with modelled building shadows", "observed_or_estimated": "ESTIMATED", "modelled_or_interpolated": "MODELLED", "timestamp": "2026-10-09T01:39:38.179956+00:00", "assumptions_version": "2026-10-09-prompt-4b-risk-explainability", "computation_mode": "geometric"}, "geometry": {"type": "LineString", "coordinates": [[75.859656, 22.716444900000006], [75.8596493, 22.7165995]]}}, {"id": "813", "type": "Feature", "properties": {"segment_id": "osm-8461059612-11153056522-0", "length_m": 4.2010679404869435, "shade_fraction": 0.0, "exposure_fraction": 1.0, "canonical_time": "15:00", "solar_azimuth_deg": 271.54425686027565, "solar_elevation_deg": 53.21021702250467, "estimated_height_building_count": 3793, "source_type": "derived", "source_reference": "Cached OSM streets intersected with modelled building shadows", "observed_or_estimated": "ESTIMATED", "modelled_or_interpolated": "MODELLED", "timestamp": "2026-10-09T01:39:38.179956+00:00", "assumptions_version": "2026-10-09-prompt-4b-risk-explainability", "computation_mode": "geometric"}, "geometry": {"type": "LineString", "coordinates": [[75.859656, 22.716444900000006], [75.8596157, 22.7164384]]}}, {"id": "814", "type": "Feature", "properties": {"segment_id": "osm-8461059612-13720039497-0", "length_m": 17.902413386407993, "shade_fraction": 0.0, "exposure_fraction": 1.0, "canonical_time": "15:00", "solar_azimuth_deg": 271.54425686027565, "solar_elevation_deg": 53.21021702250467, "estimated_height_building_count": 3793, "source_type": "derived", "source_reference": "Cached OSM streets intersected with modelled building shadows", "observed_or_estimated": "ESTIMATED", "modelled_or_interpolated": "MODELLED", "timestamp": "2026-10-09T01:39:38.179956+00:00", "assumptions_version": "2026-10-09-prompt-4b-risk-explainability", "computation_mode": "geometric"}, "geometry": {"type": "LineString", "coordinates": [[75.859656, 22.716444900000006], [75.8596452, 22.7162835]]}}, {"id": "815", "type": "Feature", "properties": {"segment_id": "osm-8461121384-2025110922-0", "length_m": 50.14433774484731, "shade_fraction": 0.0, "exposure_fraction": 1.0, "canonical_time": "15:00", "solar_azimuth_deg": 271.54425686027565, "solar_elevation_deg": 53.21021702250467, "estimated_height_building_count": 3793, "source_type": "derived", "source_reference": "Cached OSM streets intersected with modelled building shadows", "observed_or_estimated": "ESTIMATED", "modelled_or_interpolated": "MODELLED", "timestamp": "2026-10-09T01:39:38.179956+00:00", "assumptions_version": "2026-10-09-prompt-4b-risk-explainability", "computation_mode": "geometric"}, "geometry": {"type": "LineString", "coordinates": [[75.8582104, 22.713523], [75.8578831, 22.713682800000004], [75.8577703, 22.713716099999992]]}}, {"id": "816", "type": "Feature", "properties": {"segment_id": "osm-8461121384-2027131379-0", "length_m": 45.31517721946123, "shade_fraction": 0.0, "exposure_fraction": 1.0, "canonical_time": "15:00", "solar_azimuth_deg": 271.54425686027565, "solar_elevation_deg": 53.21021702250467, "estimated_height_building_count": 3793, "source_type": "derived", "source_reference": "Cached OSM streets intersected with modelled building shadows", "observed_or_estimated": "ESTIMATED", "modelled_or_interpolated": "MODELLED", "timestamp": "2026-10-09T01:39:38.179956+00:00", "assumptions_version": "2026-10-09-prompt-4b-risk-explainability", "computation_mode": "geometric"}, "geometry": {"type": "LineString", "coordinates": [[75.8582104, 22.713523], [75.8582826, 22.713487799999992], [75.8584189, 22.7134212], [75.8586078, 22.71334589999999]]}}, {"id": "817", "type": "Feature", "properties": {"segment_id": "osm-8461121397-2027131379-0", "length_m": 8.635021108440334, "shade_fraction": 0.0, "exposure_fraction": 1.0, "canonical_time": "15:00", "solar_azimuth_deg": 271.54425686027565, "solar_elevation_deg": 53.21021702250467, "estimated_height_building_count": 3793, "source_type": "derived", "source_reference": "Cached OSM streets intersected with modelled building shadows", "observed_or_estimated": "ESTIMATED", "modelled_or_interpolated": "MODELLED", "timestamp": "2026-10-09T01:39:38.179956+00:00", "assumptions_version": "2026-10-09-prompt-4b-risk-explainability", "computation_mode": "geometric"}, "geometry": {"type": "LineString", "coordinates": [[75.8586672, 22.71329069999999], [75.8586078, 22.71334589999999]]}}, {"id": "818", "type": "Feature", "properties": {"segment_id": "osm-8461125223-2027131536-0", "length_m": 45.88502980797901, "shade_fraction": 0.0, "exposure_fraction": 1.0, "canonical_time": "15:00", "solar_azimuth_deg": 271.54425686027565, "solar_elevation_deg": 53.21021702250467, "estimated_height_building_count": 3793, "source_type": "derived", "source_reference": "Cached OSM streets intersected with modelled building shadows", "observed_or_estimated": "ESTIMATED", "modelled_or_interpolated": "MODELLED", "timestamp": "2026-10-09T01:39:38.179956+00:00", "assumptions_version": "2026-10-09-prompt-4b-risk-explainability", "computation_mode": "geometric"}, "geometry": {"type": "LineString", "coordinates": [[75.8554764, 22.716376199999992], [75.8553291, 22.7159849]]}}, {"id": "819", "type": "Feature", "properties": {"segment_id": "osm-8461125223-9523322989-0", "length_m": 7.481057391000052, "shade_fraction": 0.0, "exposure_fraction": 1.0, "canonical_time": "15:00", "solar_azimuth_deg": 271.54425686027565, "solar_elevation_deg": 53.21021702250467, "estimated_height_building_count": 3793, "source_type": "derived", "source_reference": "Cached OSM streets intersected with modelled building shadows", "observed_or_estimated": "ESTIMATED", "modelled_or_interpolated": "MODELLED", "timestamp": "2026-10-09T01:39:38.179956+00:00", "assumptions_version": "2026-10-09-prompt-4b-risk-explainability", "computation_mode": "geometric"}, "geometry": {"type": "LineString", "coordinates": [[75.8554764, 22.716376199999992], [75.8554037, 22.716380400000006]]}}, {"id": "820", "type": "Feature", "properties": {"segment_id": "osm-8461125223-9523322984-0", "length_m": 5.018334377773094, "shade_fraction": 0.0, "exposure_fraction": 1.0, "canonical_time": "15:00", "solar_azimuth_deg": 271.54425686027565, "solar_elevation_deg": 53.21021702250467, "estimated_height_building_count": 3793, "source_type": "derived", "source_reference": "Cached OSM streets intersected with modelled building shadows", "observed_or_estimated": "ESTIMATED", "modelled_or_interpolated": "MODELLED", "timestamp": "2026-10-09T01:39:38.179956+00:00", "assumptions_version": "2026-10-09-prompt-4b-risk-explainability", "computation_mode": "geometric"}, "geometry": {"type": "LineString", "coordinates": [[75.8554764, 22.716376199999992], [75.85548010000001, 22.7164214]]}}, {"id": "821", "type": "Feature", "properties": {"segment_id": "osm-8461125223-9523323008-0", "length_m": 73.83217299171642, "shade_fraction": 0.0, "exposure_fraction": 1.0, "canonical_time": "15:00", "solar_azimuth_deg": 271.54425686027565, "solar_elevation_deg": 53.21021702250467, "estimated_height_building_count": 3793, "source_type": "derived", "source_reference": "Cached OSM streets intersected with modelled building shadows", "observed_or_estimated": "ESTIMATED", "modelled_or_interpolated": "MODELLED", "timestamp": "2026-10-09T01:39:38.179956+00:00", "assumptions_version": "2026-10-09-prompt-4b-risk-explainability", "computation_mode": "geometric"}, "geometry": {"type": "LineString", "coordinates": [[75.8554764, 22.716376199999992], [75.8557389, 22.716367900000005], [75.8561951, 22.7163727]]}}, {"id": "822", "type": "Feature", "properties": {"segment_id": "osm-8461125292-2025020069-0", "length_m": 29.321185635213848, "shade_fraction": 0.0, "exposure_fraction": 1.0, "canonical_time": "15:00", "solar_azimuth_deg": 271.54425686027565, "solar_elevation_deg": 53.21021702250467, "estimated_height_building_count": 3793, "source_type": "derived", "source_reference": "Cached OSM streets intersected with modelled building shadows", "observed_or_estimated": "ESTIMATED", "modelled_or_interpolated": "MODELLED", "timestamp": "2026-10-09T01:39:38.179956+00:00", "assumptions_version": "2026-10-09-prompt-4b-risk-explainability", "computation_mode": "geometric"}, "geometry": {"type": "LineString", "coordinates": [[75.8589669, 22.7190295], [75.859207, 22.718886200000007]]}}, {"id": "823", "type": "Feature", "properties": {"segment_id": "osm-8461125292-9526164258-0", "length_m": 21.05362594932896, "shade_fraction": 0.0, "exposure_fraction": 1.0, "canonical_time": "15:00", "solar_azimuth_deg": 271.54425686027565, "solar_elevation_deg": 53.21021702250467, "estimated_height_building_count": 3793, "source_type": "derived", "source_reference": "Cached OSM streets intersected with modelled building shadows", "observed_or_estimated": "ESTIMATED", "modelled_or_interpolated": "MODELLED", "timestamp": "2026-10-09T01:39:38.179956+00:00", "assumptions_version": "2026-10-09-prompt-4b-risk-explainability", "computation_mode": "geometric"}, "geometry": {"type": "LineString", "coordinates": [[75.8589669, 22.7190295], [75.8590843, 22.718873600000006]]}}, {"id": "824", "type": "Feature", "properties": {"segment_id": "osm-8461125292-7010384308-0", "length_m": 59.54222819017199, "shade_fraction": 0.0, "exposure_fraction": 1.0, "canonical_time": "15:00", "solar_azimuth_deg": 271.54425686027565, "solar_elevation_deg": 53.21021702250467, "estimated_height_building_count": 3793, "source_type": "derived", "source_reference": "Cached OSM streets intersected with modelled building shadows", "observed_or_estimated": "ESTIMATED", "modelled_or_interpolated": "MODELLED", "timestamp": "2026-10-09T01:39:38.179956+00:00", "assumptions_version": "2026-10-09-prompt-4b-risk-explainability", "computation_mode": "geometric"}, "geometry": {"type": "LineString", "coordinates": [[75.8589669, 22.7190295], [75.8589211, 22.7190898], [75.8588536, 22.719200199999992], [75.8587436, 22.71940959999999], [75.8587012, 22.7195061]]}}, {"id": "825", "type": "Feature", "properties": {"segment_id": "osm-8461125296-8461125324-0", "length_m": 11.17571671991539, "shade_fraction": 0.0, "exposure_fraction": 1.0, "canonical_time": "15:00", "solar_azimuth_deg": 271.54425686027565, "solar_elevation_deg": 53.21021702250467, "estimated_height_building_count": 3793, "source_type": "derived", "source_reference": "Cached OSM streets intersected with modelled building shadows", "observed_or_estimated": "ESTIMATED", "modelled_or_interpolated": "MODELLED", "timestamp": "2026-10-09T01:39:38.179956+00:00", "assumptions_version": "2026-10-09-prompt-4b-risk-explainability", "computation_mode": "geometric"}, "geometry": {"type": "LineString", "coordinates": [[75.8585337, 22.719769300000003], [75.8586033, 22.71984689999999]]}}, {"id": "826", "type": "Feature", "properties": {"segment_id": "osm-8461125296-8461125322-0", "length_m": 10.795096329705906, "shade_fraction": 0.0, "exposure_fraction": 1.0, "canonical_time": "15:00", "solar_azimuth_deg": 271.54425686027565, "solar_elevation_deg": 53.21021702250467, "estimated_height_building_count": 3793, "source_type": "derived", "source_reference": "Cached OSM streets intersected with modelled building shadows", "observed_or_estimated": "ESTIMATED", "modelled_or_interpolated": "MODELLED", "timestamp": "2026-10-09T01:39:38.179956+00:00", "assumptions_version": "2026-10-09-prompt-4b-risk-explainability", "computation_mode": "geometric"}, "geometry": {"type": "LineString", "coordinates": [[75.8585337, 22.719769300000003], [75.8584965, 22.7198605]]}}, {"id": "827", "type": "Feature", "properties": {"segment_id": "osm-8461125296-7010384308-0", "length_m": 33.83848884201786, "shade_fraction": 0.0, "exposure_fraction": 1.0, "canonical_time": "15:00", "solar_azimuth_deg": 271.54425686027565, "solar_elevation_deg": 53.21021702250467, "estimated_height_building_count": 3793, "source_type": "derived", "source_reference": "Cached OSM streets intersected with modelled building shadows", "observed_or_estimated": "ESTIMATED", "modelled_or_interpolated": "MODELLED", "timestamp": "2026-10-09T01:39:38.179956+00:00", "assumptions_version": "2026-10-09-prompt-4b-risk-explainability", "computation_mode": "geometric"}, "geometry": {"type": "LineString", "coordinates": [[75.8585337, 22.719769300000003], [75.8585624, 22.71972209999999], [75.8587012, 22.7195061]]}}, {"id": "828", "type": "Feature", "properties": {"segment_id": "osm-8461125296-8461125325-0", "length_m": 105.51763063709573, "shade_fraction": 0.0, "exposure_fraction": 1.0, "canonical_time": "15:00", "solar_azimuth_deg": 271.54425686027565, "solar_elevation_deg": 53.21021702250467, "estimated_height_building_count": 3793, "source_type": "derived", "source_reference": "Cached OSM streets intersected with modelled building shadows", "observed_or_estimated": "ESTIMATED", "modelled_or_interpolated": "MODELLED", "timestamp": "2026-10-09T01:39:38.179956+00:00", "assumptions_version": "2026-10-09-prompt-4b-risk-explainability", "computation_mode": "geometric"}, "geometry": {"type": "LineString", "coordinates": [[75.8585337, 22.719769300000003], [75.858398, 22.719719099999992], [75.8578736, 22.719538199999988], [75.8577413, 22.719491100000003], [75.8576948, 22.719446100000003], [75.8576857, 22.7194021], [75.8576468, 22.7193542]]}}, {"id": "829", "type": "Feature", "properties": {"segment_id": "osm-8461125318-8478005576-0", "length_m": 13.83097160030603, "shade_fraction": 0.0, "exposure_fraction": 1.0, "canonical_time": "15:00", "solar_azimuth_deg": 271.54425686027565, "solar_elevation_deg": 53.21021702250467, "estimated_height_building_count": 3793, "source_type": "derived", "source_reference": "Cached OSM streets intersected with modelled building shadows", "observed_or_estimated": "ESTIMATED", "modelled_or_interpolated": "MODELLED", "timestamp": "2026-10-09T01:39:38.179956+00:00", "assumptions_version": "2026-10-09-prompt-4b-risk-explainability", "computation_mode": "geometric"}, "geometry": {"type": "LineString", "coordinates": [[75.8585224, 22.72090979999999], [75.8586502, 22.72087039999999]]}}, {"id": "830", "type": "Feature", "properties": {"segment_id": "osm-8461125318-2025020163-0", "length_m": 92.8822537045861, "shade_fraction": 0.0, "exposure_fraction": 1.0, "canonical_time": "15:00", "solar_azimuth_deg": 271.54425686027565, "solar_elevation_deg": 53.21021702250467, "estimated_height_building_count": 3793, "source_type": "derived", "source_reference": "Cached OSM streets intersected with modelled building shadows", "observed_or_estimated": "ESTIMATED", "modelled_or_interpolated": "MODELLED", "timestamp": "2026-10-09T01:39:38.179956+00:00", "assumptions_version": "2026-10-09-prompt-4b-risk-explainability", "computation_mode": "geometric"}, "geometry": {"type": "LineString", "coordinates": [[75.8585224, 22.72090979999999], [75.8585465, 22.7210211], [75.8586109, 22.72120909999999], [75.8586538, 22.721352599999992], [75.85870740000001, 22.721465199999994], [75.85875440000001, 22.7215493], [75.8588415, 22.7216891]]}}, {"id": "831", "type": "Feature", "properties": {"segment_id": "osm-8461125318-8461125322-0", "length_m": 116.87138556582572, "shade_fraction": 0.0, "exposure_fraction": 1.0, "canonical_time": "15:00", "solar_azimuth_deg": 271.54425686027565, "solar_elevation_deg": 53.21021702250467, "estimated_height_building_count": 3793, "source_type": "derived", "source_reference": "Cached OSM streets intersected with modelled building shadows", "observed_or_estimated": "ESTIMATED", "modelled_or_interpolated": "MODELLED", "timestamp": "2026-10-09T01:39:38.179956+00:00", "assumptions_version": "2026-10-09-prompt-4b-risk-explainability", "computation_mode": "geometric"}, "geometry": {"type": "LineString", "coordinates": [[75.8585224, 22.72090979999999], [75.8585093, 22.7208414], [75.8584902, 22.7207415], [75.8584794, 22.72060919999999], [75.8584714, 22.720261599999994], [75.858466, 22.7200896], [75.8584694, 22.7199585], [75.8584865, 22.7198934], [75.8584965, 22.7198605]]}}, {"id": "832", "type": "Feature", "properties": {"segment_id": "osm-8461125322-8461125324-0", "length_m": 11.07138935635839, "shade_fraction": 0.0, "exposure_fraction": 1.0, "canonical_time": "15:00", "solar_azimuth_deg": 271.54425686027565, "solar_elevation_deg": 53.21021702250467, "estimated_height_building_count": 3793, "source_type": "derived", "source_reference": "Cached OSM streets intersected with modelled building shadows", "observed_or_estimated": "ESTIMATED", "modelled_or_interpolated": "MODELLED", "timestamp": "2026-10-09T01:39:38.179956+00:00", "assumptions_version": "2026-10-09-prompt-4b-risk-explainability", "computation_mode": "geometric"}, "geometry": {"type": "LineString", "coordinates": [[75.8584965, 22.7198605], [75.8586033, 22.71984689999999]]}}, {"id": "833", "type": "Feature", "properties": {"segment_id": "osm-8461125322-8461125296-0", "length_m": 10.795096329705906, "shade_fraction": 0.0, "exposure_fraction": 1.0, "canonical_time": "15:00", "solar_azimuth_deg": 271.54425686027565, "solar_elevation_deg": 53.21021702250467, "estimated_height_building_count": 3793, "source_type": "derived", "source_reference": "Cached OSM streets intersected with modelled building shadows", "observed_or_estimated": "ESTIMATED", "modelled_or_interpolated": "MODELLED", "timestamp": "2026-10-09T01:39:38.179956+00:00", "assumptions_version": "2026-10-09-prompt-4b-risk-explainability", "computation_mode": "geometric"}, "geometry": {"type": "LineString", "coordinates": [[75.8584965, 22.7198605], [75.8585337, 22.719769300000003]]}}, {"id": "834", "type": "Feature", "properties": {"segment_id": "osm-8461125322-8461125318-0", "length_m": 116.87138556582572, "shade_fraction": 0.0, "exposure_fraction": 1.0, "canonical_time": "15:00", "solar_azimuth_deg": 271.54425686027565, "solar_elevation_deg": 53.21021702250467, "estimated_height_building_count": 3793, "source_type": "derived", "source_reference": "Cached OSM streets intersected with modelled building shadows", "observed_or_estimated": "ESTIMATED", "modelled_or_interpolated": "MODELLED", "timestamp": "2026-10-09T01:39:38.179956+00:00", "assumptions_version": "2026-10-09-prompt-4b-risk-explainability", "computation_mode": "geometric"}, "geometry": {"type": "LineString", "coordinates": [[75.8584965, 22.7198605], [75.8584865, 22.7198934], [75.8584694, 22.7199585], [75.858466, 22.7200896], [75.8584714, 22.720261599999994], [75.8584794, 22.72060919999999], [75.8584902, 22.7207415], [75.8585093, 22.7208414], [75.8585224, 22.72090979999999]]}}, {"id": "835", "type": "Feature", "properties": {"segment_id": "osm-8461125322-2025111171-0", "length_m": 86.98265431737549, "shade_fraction": 0.0, "exposure_fraction": 1.0, "canonical_time": "15:00", "solar_azimuth_deg": 271.54425686027565, "solar_elevation_deg": 53.21021702250467, "estimated_height_building_count": 3793, "source_type": "derived", "source_reference": "Cached OSM streets intersected with modelled building shadows", "observed_or_estimated": "ESTIMATED", "modelled_or_interpolated": "MODELLED", "timestamp": "2026-10-09T01:39:38.179956+00:00", "assumptions_version": "2026-10-09-prompt-4b-risk-explainability", "computation_mode": "geometric"}, "geometry": {"type": "LineString", "coordinates": [[75.8584965, 22.7198605], [75.8583711, 22.71980930000001], [75.8578442, 22.719630899999995], [75.8577065, 22.719578]]}}, {"id": "836", "type": "Feature", "properties": {"segment_id": "osm-8461125324-2025020116-0", "length_m": 21.79043624884235, "shade_fraction": 0.0, "exposure_fraction": 1.0, "canonical_time": "15:00", "solar_azimuth_deg": 271.54425686027565, "solar_elevation_deg": 53.21021702250467, "estimated_height_building_count": 3793, "source_type": "derived", "source_reference": "Cached OSM streets intersected with modelled building shadows", "observed_or_estimated": "ESTIMATED", "modelled_or_interpolated": "MODELLED", "timestamp": "2026-10-09T01:39:38.179956+00:00", "assumptions_version": "2026-10-09-prompt-4b-risk-explainability", "computation_mode": "geometric"}, "geometry": {"type": "LineString", "coordinates": [[75.8586033, 22.71984689999999], [75.8588112, 22.719886199999994]]}}, {"id": "837", "type": "Feature", "properties": {"segment_id": "osm-8461125324-8461125296-0", "length_m": 11.17571671991539, "shade_fraction": 0.0, "exposure_fraction": 1.0, "canonical_time": "15:00", "solar_azimuth_deg": 271.54425686027565, "solar_elevation_deg": 53.21021702250467, "estimated_height_building_count": 3793, "source_type": "derived", "source_reference": "Cached OSM streets intersected with modelled building shadows", "observed_or_estimated": "ESTIMATED", "modelled_or_interpolated": "MODELLED", "timestamp": "2026-10-09T01:39:38.179956+00:00", "assumptions_version": "2026-10-09-prompt-4b-risk-explainability", "computation_mode": "geometric"}, "geometry": {"type": "LineString", "coordinates": [[75.8586033, 22.71984689999999], [75.8585337, 22.719769300000003]]}}, {"id": "838", "type": "Feature", "properties": {"segment_id": "osm-8461125324-8461125322-0", "length_m": 11.07138935635839, "shade_fraction": 0.0, "exposure_fraction": 1.0, "canonical_time": "15:00", "solar_azimuth_deg": 271.54425686027565, "solar_elevation_deg": 53.21021702250467, "estimated_height_building_count": 3793, "source_type": "derived", "source_reference": "Cached OSM streets intersected with modelled building shadows", "observed_or_estimated": "ESTIMATED", "modelled_or_interpolated": "MODELLED", "timestamp": "2026-10-09T01:39:38.179956+00:00", "assumptions_version": "2026-10-09-prompt-4b-risk-explainability", "computation_mode": "geometric"}, "geometry": {"type": "LineString", "coordinates": [[75.8586033, 22.71984689999999], [75.8584965, 22.7198605]]}}, {"id": "839", "type": "Feature", "properties": {"segment_id": "osm-8461125324-8478005576-0", "length_m": 115.24169932688007, "shade_fraction": 0.0, "exposure_fraction": 1.0, "canonical_time": "15:00", "solar_azimuth_deg": 271.54425686027565, "solar_elevation_deg": 53.21021702250467, "estimated_height_building_count": 3793, "source_type": "derived", "source_reference": "Cached OSM streets intersected with modelled building shadows", "observed_or_estimated": "ESTIMATED", "modelled_or_interpolated": "MODELLED", "timestamp": "2026-10-09T01:39:38.179956+00:00", "assumptions_version": "2026-10-09-prompt-4b-risk-explainability", "computation_mode": "geometric"}, "geometry": {"type": "LineString", "coordinates": [[75.8586033, 22.71984689999999], [75.8585492, 22.719964699999988], [75.8585558, 22.7200798], [75.8585649, 22.7202277], [75.8585921, 22.72063259999999], [75.8586502, 22.72087039999999]]}}, {"id": "840", "type": "Feature", "properties": {"segment_id": "osm-8461125325-8461125296-0", "length_m": 105.51763063709575, "shade_fraction": 0.0, "exposure_fraction": 1.0, "canonical_time": "15:00", "solar_azimuth_deg": 271.54425686027565, "solar_elevation_deg": 53.21021702250467, "estimated_height_building_count": 3793, "source_type": "derived", "source_reference": "Cached OSM streets intersected with modelled building shadows", "observed_or_estimated": "ESTIMATED", "modelled_or_interpolated": "MODELLED", "timestamp": "2026-10-09T01:39:38.179956+00:00", "assumptions_version": "2026-10-09-prompt-4b-risk-explainability", "computation_mode": "geometric"}, "geometry": {"type": "LineString", "coordinates": [[75.8576468, 22.7193542], [75.8576857, 22.7194021], [75.8576948, 22.719446100000003], [75.8577413, 22.719491100000003], [75.8578736, 22.719538199999988], [75.858398, 22.719719099999992], [75.8585337, 22.719769300000003]]}}, {"id": "841", "type": "Feature", "properties": {"segment_id": "osm-8461125325-2025111134-0", "length_m": 47.99335243213983, "shade_fraction": 0.0, "exposure_fraction": 1.0, "canonical_time": "15:00", "solar_azimuth_deg": 271.54425686027565, "solar_elevation_deg": 53.21021702250467, "estimated_height_building_count": 3793, "source_type": "derived", "source_reference": "Cached OSM streets intersected with modelled building shadows", "observed_or_estimated": "ESTIMATED", "modelled_or_interpolated": "MODELLED", "timestamp": "2026-10-09T01:39:38.179956+00:00", "assumptions_version": "2026-10-09-prompt-4b-risk-explainability", "computation_mode": "geometric"}, "geometry": {"type": "LineString", "coordinates": [[75.8576468, 22.7193542], [75.8576474, 22.7191725], [75.8576361, 22.718920899999993]]}}, {"id": "842", "type": "Feature", "properties": {"segment_id": "osm-8461125325-2025111163-0", "length_m": 21.329198377571448, "shade_fraction": 0.0, "exposure_fraction": 1.0, "canonical_time": "15:00", "solar_azimuth_deg": 271.54425686027565, "solar_elevation_deg": 53.21021702250467, "estimated_height_building_count": 3793, "source_type": "derived", "source_reference": "Cached OSM streets intersected with modelled building shadows", "observed_or_estimated": "ESTIMATED", "modelled_or_interpolated": "MODELLED", "timestamp": "2026-10-09T01:39:38.179956+00:00", "assumptions_version": "2026-10-09-prompt-4b-risk-explainability", "computation_mode": "geometric"}, "geometry": {"type": "LineString", "coordinates": [[75.8576468, 22.7193542], [75.8576092, 22.719410699999997], [75.8576112, 22.71946139999999], [75.8576325, 22.719534299999996]]}}, {"id": "843", "type": "Feature", "properties": {"segment_id": "osm-8461150029-2025111022-0", "length_m": 13.125281992276546, "shade_fraction": 0.0, "exposure_fraction": 1.0, "canonical_time": "15:00", "solar_azimuth_deg": 271.54425686027565, "solar_elevation_deg": 53.21021702250467, "estimated_height_building_count": 3793, "source_type": "derived", "source_reference": "Cached OSM streets intersected with modelled building shadows", "observed_or_estimated": "ESTIMATED", "modelled_or_interpolated": "MODELLED", "timestamp": "2026-10-09T01:39:38.179956+00:00", "assumptions_version": "2026-10-09-prompt-4b-risk-explainability", "computation_mode": "geometric"}, "geometry": {"type": "LineString", "coordinates": [[75.856789, 22.7172057], [75.8567766, 22.717323700000012]]}}, {"id": "844", "type": "Feature", "properties": {"segment_id": "osm-8461150029-2025110981-0", "length_m": 57.651476785067935, "shade_fraction": 0.35097227622014227, "exposure_fraction": 0.6490277237798577, "canonical_time": "15:00", "solar_azimuth_deg": 271.54425686027565, "solar_elevation_deg": 53.21021702250467, "estimated_height_building_count": 3793, "source_type": "derived", "source_reference": "Cached OSM streets intersected with modelled building shadows", "observed_or_estimated": "ESTIMATED", "modelled_or_interpolated": "MODELLED", "timestamp": "2026-10-09T01:39:38.179956+00:00", "assumptions_version": "2026-10-09-prompt-4b-risk-explainability", "computation_mode": "geometric"}, "geometry": {"type": "LineString", "coordinates": [[75.856789, 22.7172057], [75.8568435, 22.7166874]]}}, {"id": "845", "type": "Feature", "properties": {"segment_id": "osm-8461150029-2025111040-0", "length_m": 125.32476644396617, "shade_fraction": 0.2761643102340193, "exposure_fraction": 0.7238356897659808, "canonical_time": "15:00", "solar_azimuth_deg": 271.54425686027565, "solar_elevation_deg": 53.21021702250467, "estimated_height_building_count": 3793, "source_type": "derived", "source_reference": "Cached OSM streets intersected with modelled building shadows", "observed_or_estimated": "ESTIMATED", "modelled_or_interpolated": "MODELLED", "timestamp": "2026-10-09T01:39:38.179956+00:00", "assumptions_version": "2026-10-09-prompt-4b-risk-explainability", "computation_mode": "geometric"}, "geometry": {"type": "LineString", "coordinates": [[75.856789, 22.7172057], [75.8568916, 22.717205999999997], [75.8569801, 22.71721349999999], [75.857023, 22.717245599999995], [75.8570793, 22.717275299999994], [75.857133, 22.717295099999994], [75.8572483, 22.7172926], [75.8573288, 22.717307499999993], [75.857361, 22.717334700000002], [75.8573838, 22.717384199999994], [75.8574454, 22.717533199999988], [75.85746690000002, 22.717568499999995], [75.8574924, 22.71757649999999], [75.8575299, 22.7175735], [75.8575775, 22.717574099999997], [75.8576386, 22.717581500000005], [75.8576754, 22.7175951], [75.85768550000002, 22.717603100000005], [75.8577244, 22.717624199999996], [75.8577686, 22.717668]]}}, {"id": "846", "type": "Feature", "properties": {"segment_id": "osm-8461150038-8461150044-0", "length_m": 85.48056768271485, "shade_fraction": 0.29960070804663913, "exposure_fraction": 0.7003992919533608, "canonical_time": "15:00", "solar_azimuth_deg": 271.54425686027565, "solar_elevation_deg": 53.21021702250467, "estimated_height_building_count": 3793, "source_type": "derived", "source_reference": "Cached OSM streets intersected with modelled building shadows", "observed_or_estimated": "ESTIMATED", "modelled_or_interpolated": "MODELLED", "timestamp": "2026-10-09T01:39:38.179956+00:00", "assumptions_version": "2026-10-09-prompt-4b-risk-explainability", "computation_mode": "geometric"}, "geometry": {"type": "LineString", "coordinates": [[75.8570673, 22.718972599999997], [75.8569291, 22.7189528], [75.8568005, 22.718929300000003], [75.8566824, 22.7188982], [75.8565911, 22.7188612], [75.85652010000001, 22.7188244], [75.856292, 22.718713199999996]]}}, {"id": "847", "type": "Feature", "properties": {"segment_id": "osm-8461150044-2025111137-0", "length_m": 36.203836875779935, "shade_fraction": 0.0, "exposure_fraction": 1.0, "canonical_time": "15:00", "solar_azimuth_deg": 271.54425686027565, "solar_elevation_deg": 53.21021702250467, "estimated_height_building_count": 3793, "source_type": "derived", "source_reference": "Cached OSM streets intersected with modelled building shadows", "observed_or_estimated": "ESTIMATED", "modelled_or_interpolated": "MODELLED", "timestamp": "2026-10-09T01:39:38.179956+00:00", "assumptions_version": "2026-10-09-prompt-4b-risk-explainability", "computation_mode": "geometric"}, "geometry": {"type": "LineString", "coordinates": [[75.856292, 22.718713199999996], [75.8561067, 22.7189914]]}}, {"id": "848", "type": "Feature", "properties": {"segment_id": "osm-8461150044-2025111115-0", "length_m": 30.596716781290766, "shade_fraction": 0.0, "exposure_fraction": 1.0, "canonical_time": "15:00", "solar_azimuth_deg": 271.54425686027565, "solar_elevation_deg": 53.21021702250467, "estimated_height_building_count": 3793, "source_type": "derived", "source_reference": "Cached OSM streets intersected with modelled building shadows", "observed_or_estimated": "ESTIMATED", "modelled_or_interpolated": "MODELLED", "timestamp": "2026-10-09T01:39:38.179956+00:00", "assumptions_version": "2026-10-09-prompt-4b-risk-explainability", "computation_mode": "geometric"}, "geometry": {"type": "LineString", "coordinates": [[75.856292, 22.718713199999996], [75.8564481, 22.71847779999999]]}}, {"id": "849", "type": "Feature", "properties": {"segment_id": "osm-8461150044-8461150038-0", "length_m": 85.48056768271485, "shade_fraction": 0.29960070804663913, "exposure_fraction": 0.7003992919533608, "canonical_time": "15:00", "solar_azimuth_deg": 271.54425686027565, "solar_elevation_deg": 53.21021702250467, "estimated_height_building_count": 3793, "source_type": "derived", "source_reference": "Cached OSM streets intersected with modelled building shadows", "observed_or_estimated": "ESTIMATED", "modelled_or_interpolated": "MODELLED", "timestamp": "2026-10-09T01:39:38.179956+00:00", "assumptions_version": "2026-10-09-prompt-4b-risk-explainability", "computation_mode": "geometric"}, "geometry": {"type": "LineString", "coordinates": [[75.856292, 22.718713199999996], [75.85652010000001, 22.7188244], [75.8565911, 22.7188612], [75.8566824, 22.7188982], [75.8568005, 22.718929300000003], [75.8569291, 22.7189528], [75.8570673, 22.718972599999997]]}}, {"id": "850", "type": "Feature", "properties": {"segment_id": "osm-8474349604-9790247256-0", "length_m": 148.0485648949067, "shade_fraction": 0.0, "exposure_fraction": 1.0, "canonical_time": "15:00", "solar_azimuth_deg": 271.54425686027565, "solar_elevation_deg": 53.21021702250467, "estimated_height_building_count": 3793, "source_type": "derived", "source_reference": "Cached OSM streets intersected with modelled building shadows", "observed_or_estimated": "ESTIMATED", "modelled_or_interpolated": "MODELLED", "timestamp": "2026-10-09T01:39:38.179956+00:00", "assumptions_version": "2026-10-09-prompt-4b-risk-explainability", "computation_mode": "geometric"}, "geometry": {"type": "LineString", "coordinates": [[75.8595561, 22.7137388], [75.859683, 22.714065800000004], [75.8597551, 22.714333500000002], [75.8597765, 22.714587000000012], [75.8597841, 22.7150465]]}}, {"id": "851", "type": "Feature", "properties": {"segment_id": "osm-8474365287-9523322985-0", "length_m": 53.1828871835166, "shade_fraction": 0.286188138372989, "exposure_fraction": 0.713811861627011, "canonical_time": "15:00", "solar_azimuth_deg": 271.54425686027565, "solar_elevation_deg": 53.21021702250467, "estimated_height_building_count": 3793, "source_type": "derived", "source_reference": "Cached OSM streets intersected with modelled building shadows", "observed_or_estimated": "ESTIMATED", "modelled_or_interpolated": "MODELLED", "timestamp": "2026-10-09T01:39:38.179956+00:00", "assumptions_version": "2026-10-09-prompt-4b-risk-explainability", "computation_mode": "geometric"}, "geometry": {"type": "LineString", "coordinates": [[75.8560907, 22.7168822], [75.8561842, 22.716409699999986]]}}, {"id": "852", "type": "Feature", "properties": {"segment_id": "osm-8474365287-8474365291-0", "length_m": 54.46158768013696, "shade_fraction": 0.0, "exposure_fraction": 1.0, "canonical_time": "15:00", "solar_azimuth_deg": 271.54425686027565, "solar_elevation_deg": 53.21021702250467, "estimated_height_building_count": 3793, "source_type": "derived", "source_reference": "Cached OSM streets intersected with modelled building shadows", "observed_or_estimated": "ESTIMATED", "modelled_or_interpolated": "MODELLED", "timestamp": "2026-10-09T01:39:38.179956+00:00", "assumptions_version": "2026-10-09-prompt-4b-risk-explainability", "computation_mode": "geometric"}, "geometry": {"type": "LineString", "coordinates": [[75.8560907, 22.7168822], [75.8558696, 22.716839899999997], [75.8557878, 22.7168381], [75.8557248, 22.71684229999999], [75.855567, 22.71686409999999]]}}, {"id": "853", "type": "Feature", "properties": {"segment_id": "osm-8474365287-2025111019-0", "length_m": 47.314049873156115, "shade_fraction": 0.3363141265421603, "exposure_fraction": 0.6636858734578397, "canonical_time": "15:00", "solar_azimuth_deg": 271.54425686027565, "solar_elevation_deg": 53.21021702250467, "estimated_height_building_count": 3793, "source_type": "derived", "source_reference": "Cached OSM streets intersected with modelled building shadows", "observed_or_estimated": "ESTIMATED", "modelled_or_interpolated": "MODELLED", "timestamp": "2026-10-09T01:39:38.179956+00:00", "assumptions_version": "2026-10-09-prompt-4b-risk-explainability", "computation_mode": "geometric"}, "geometry": {"type": "LineString", "coordinates": [[75.8560907, 22.7168822], [75.8560755, 22.7169502], [75.8560344, 22.717306100000005]]}}, {"id": "854", "type": "Feature", "properties": {"segment_id": "osm-8474365291-9523322984-0", "length_m": 49.81571299090426, "shade_fraction": 0.0, "exposure_fraction": 1.0, "canonical_time": "15:00", "solar_azimuth_deg": 271.54425686027565, "solar_elevation_deg": 53.21021702250467, "estimated_height_building_count": 3793, "source_type": "derived", "source_reference": "Cached OSM streets intersected with modelled building shadows", "observed_or_estimated": "ESTIMATED", "modelled_or_interpolated": "MODELLED", "timestamp": "2026-10-09T01:39:38.179956+00:00", "assumptions_version": "2026-10-09-prompt-4b-risk-explainability", "computation_mode": "geometric"}, "geometry": {"type": "LineString", "coordinates": [[75.855567, 22.71686409999999], [75.85548010000001, 22.7164214]]}}, {"id": "855", "type": "Feature", "properties": {"segment_id": "osm-8474365291-8474365287-0", "length_m": 54.46158768013696, "shade_fraction": 0.0, "exposure_fraction": 1.0, "canonical_time": "15:00", "solar_azimuth_deg": 271.54425686027565, "solar_elevation_deg": 53.21021702250467, "estimated_height_building_count": 3793, "source_type": "derived", "source_reference": "Cached OSM streets intersected with modelled building shadows", "observed_or_estimated": "ESTIMATED", "modelled_or_interpolated": "MODELLED", "timestamp": "2026-10-09T01:39:38.179956+00:00", "assumptions_version": "2026-10-09-prompt-4b-risk-explainability", "computation_mode": "geometric"}, "geometry": {"type": "LineString", "coordinates": [[75.855567, 22.71686409999999], [75.8557248, 22.71684229999999], [75.8557878, 22.7168381], [75.8558696, 22.716839899999997], [75.8560907, 22.7168822]]}}, {"id": "856", "type": "Feature", "properties": {"segment_id": "osm-8474365291-9523322983-0", "length_m": 119.4279688759615, "shade_fraction": 0.0, "exposure_fraction": 1.0, "canonical_time": "15:00", "solar_azimuth_deg": 271.54425686027565, "solar_elevation_deg": 53.21021702250467, "estimated_height_building_count": 3793, "source_type": "derived", "source_reference": "Cached OSM streets intersected with modelled building shadows", "observed_or_estimated": "ESTIMATED", "modelled_or_interpolated": "MODELLED", "timestamp": "2026-10-09T01:39:38.179956+00:00", "assumptions_version": "2026-10-09-prompt-4b-risk-explainability", "computation_mode": "geometric"}, "geometry": {"type": "LineString", "coordinates": [[75.855567, 22.71686409999999], [75.8556105, 22.71729609999999], [75.8556241, 22.717625200000004], [75.8556124, 22.71785979999999], [75.8555792, 22.717934399999997]]}}, {"id": "857", "type": "Feature", "properties": {"segment_id": "osm-8474397649-2027156392-0", "length_m": 34.38712575565008, "shade_fraction": 0.0, "exposure_fraction": 1.0, "canonical_time": "15:00", "solar_azimuth_deg": 271.54425686027565, "solar_elevation_deg": 53.21021702250467, "estimated_height_building_count": 3793, "source_type": "derived", "source_reference": "Cached OSM streets intersected with modelled building shadows", "observed_or_estimated": "ESTIMATED", "modelled_or_interpolated": "MODELLED", "timestamp": "2026-10-09T01:39:38.179956+00:00", "assumptions_version": "2026-10-09-prompt-4b-risk-explainability", "computation_mode": "geometric"}, "geometry": {"type": "LineString", "coordinates": [[75.8513538, 22.715250299999997], [75.8513689, 22.71493999999999]]}}, {"id": "858", "type": "Feature", "properties": {"segment_id": "osm-8474397649-3734494537-0", "length_m": 33.101963066605784, "shade_fraction": 0.0, "exposure_fraction": 1.0, "canonical_time": "15:00", "solar_azimuth_deg": 271.54425686027565, "solar_elevation_deg": 53.21021702250467, "estimated_height_building_count": 3793, "source_type": "derived", "source_reference": "Cached OSM streets intersected with modelled building shadows", "observed_or_estimated": "ESTIMATED", "modelled_or_interpolated": "MODELLED", "timestamp": "2026-10-09T01:39:38.179956+00:00", "assumptions_version": "2026-10-09-prompt-4b-risk-explainability", "computation_mode": "geometric"}, "geometry": {"type": "LineString", "coordinates": [[75.8513538, 22.715250299999997], [75.8516716, 22.7153001]]}}, {"id": "859", "type": "Feature", "properties": {"segment_id": "osm-8474397649-2027156492-0", "length_m": 56.83075169479074, "shade_fraction": 0.0, "exposure_fraction": 1.0, "canonical_time": "15:00", "solar_azimuth_deg": 271.54425686027565, "solar_elevation_deg": 53.21021702250467, "estimated_height_building_count": 3793, "source_type": "derived", "source_reference": "Cached OSM streets intersected with modelled building shadows", "observed_or_estimated": "ESTIMATED", "modelled_or_interpolated": "MODELLED", "timestamp": "2026-10-09T01:39:38.179956+00:00", "assumptions_version": "2026-10-09-prompt-4b-risk-explainability", "computation_mode": "geometric"}, "geometry": {"type": "LineString", "coordinates": [[75.8513538, 22.715250299999997], [75.8513508, 22.71533749999999], [75.8513407, 22.715763499999994]]}}, {"id": "860", "type": "Feature", "properties": {"segment_id": "osm-8477820369-2025110993-0", "length_m": 96.10542893678664, "shade_fraction": 0.0, "exposure_fraction": 1.0, "canonical_time": "15:00", "solar_azimuth_deg": 271.54425686027565, "solar_elevation_deg": 53.21021702250467, "estimated_height_building_count": 3793, "source_type": "derived", "source_reference": "Cached OSM streets intersected with modelled building shadows", "observed_or_estimated": "ESTIMATED", "modelled_or_interpolated": "MODELLED", "timestamp": "2026-10-09T01:39:38.179956+00:00", "assumptions_version": "2026-10-09-prompt-4b-risk-explainability", "computation_mode": "geometric"}, "geometry": {"type": "LineString", "coordinates": [[75.8588174, 22.71727529999999], [75.8588563, 22.7170762], [75.8588482, 22.717048899999995], [75.8588268, 22.7170279], [75.8587906, 22.7170143], [75.8586659, 22.71699200000001], [75.8581831, 22.716914799999998]]}}, {"id": "861", "type": "Feature", "properties": {"segment_id": "osm-8477883142-6616739535-0", "length_m": 122.94584225299313, "shade_fraction": 0.0, "exposure_fraction": 1.0, "canonical_time": "15:00", "solar_azimuth_deg": 271.54425686027565, "solar_elevation_deg": 53.21021702250467, "estimated_height_building_count": 3793, "source_type": "derived", "source_reference": "Cached OSM streets intersected with modelled building shadows", "observed_or_estimated": "ESTIMATED", "modelled_or_interpolated": "MODELLED", "timestamp": "2026-10-09T01:39:38.179956+00:00", "assumptions_version": "2026-10-09-prompt-4b-risk-explainability", "computation_mode": "geometric"}, "geometry": {"type": "LineString", "coordinates": [[75.8533224, 22.7219118], [75.8533628, 22.721832199999994], [75.854146, 22.721784499999995], [75.8544584, 22.721836599999993]]}}, {"id": "862", "type": "Feature", "properties": {"segment_id": "osm-8477883142-10292786102-0", "length_m": 129.2665183211565, "shade_fraction": 0.15292535689418585, "exposure_fraction": 0.8470746431058142, "canonical_time": "15:00", "solar_azimuth_deg": 271.54425686027565, "solar_elevation_deg": 53.21021702250467, "estimated_height_building_count": 3793, "source_type": "derived", "source_reference": "Cached OSM streets intersected with modelled building shadows", "observed_or_estimated": "ESTIMATED", "modelled_or_interpolated": "MODELLED", "timestamp": "2026-10-09T01:39:38.179956+00:00", "assumptions_version": "2026-10-09-prompt-4b-risk-explainability", "computation_mode": "geometric"}, "geometry": {"type": "LineString", "coordinates": [[75.8533224, 22.7219118], [75.8529308, 22.72190719999999], [75.8528753, 22.7218877], [75.8528552, 22.72185939999999], [75.8528415, 22.721762600000005], [75.8528102, 22.721735499999994], [75.85246340000002, 22.721775899999994], [75.8524179, 22.721777], [75.8524225, 22.721711900000003], [75.8523885, 22.721569000000002]]}}, {"id": "863", "type": "Feature", "properties": {"segment_id": "osm-8477883142-3665539318-0", "length_m": 68.86210371354068, "shade_fraction": 0.6632312941332357, "exposure_fraction": 0.33676870586676433, "canonical_time": "15:00", "solar_azimuth_deg": 271.54425686027565, "solar_elevation_deg": 53.21021702250467, "estimated_height_building_count": 3793, "source_type": "derived", "source_reference": "Cached OSM streets intersected with modelled building shadows", "observed_or_estimated": "ESTIMATED", "modelled_or_interpolated": "MODELLED", "timestamp": "2026-10-09T01:39:38.179956+00:00", "assumptions_version": "2026-10-09-prompt-4b-risk-explainability", "computation_mode": "geometric"}, "geometry": {"type": "LineString", "coordinates": [[75.8533224, 22.7219118], [75.85331250000002, 22.7216344], [75.8532975, 22.721529799999992], [75.8532896, 22.7214702], [75.8532753, 22.721396699999993], [75.8532556, 22.72129409999999]]}}, {"id": "864", "type": "Feature", "properties": {"segment_id": "osm-8478005556-2027156401-0", "length_m": 13.845027769542913, "shade_fraction": 0.0, "exposure_fraction": 1.0, "canonical_time": "15:00", "solar_azimuth_deg": 271.54425686027565, "solar_elevation_deg": 53.21021702250467, "estimated_height_building_count": 3793, "source_type": "derived", "source_reference": "Cached OSM streets intersected with modelled building shadows", "observed_or_estimated": "ESTIMATED", "modelled_or_interpolated": "MODELLED", "timestamp": "2026-10-09T01:39:38.179956+00:00", "assumptions_version": "2026-10-09-prompt-4b-risk-explainability", "computation_mode": "geometric"}, "geometry": {"type": "LineString", "coordinates": [[75.8530257, 22.7151364], [75.8530487, 22.715096799999998], [75.8531104, 22.715040799999997]]}}, {"id": "865", "type": "Feature", "properties": {"segment_id": "osm-8478005556-3734494548-0", "length_m": 71.72121140017677, "shade_fraction": 0.48091776588688, "exposure_fraction": 0.51908223411312, "canonical_time": "15:00", "solar_azimuth_deg": 271.54425686027565, "solar_elevation_deg": 53.21021702250467, "estimated_height_building_count": 3793, "source_type": "derived", "source_reference": "Cached OSM streets intersected with modelled building shadows", "observed_or_estimated": "ESTIMATED", "modelled_or_interpolated": "MODELLED", "timestamp": "2026-10-09T01:39:38.179956+00:00", "assumptions_version": "2026-10-09-prompt-4b-risk-explainability", "computation_mode": "geometric"}, "geometry": {"type": "LineString", "coordinates": [[75.8530257, 22.7151364], [75.8530162, 22.7152081], [75.8529876, 22.715783099999992]]}}, {"id": "866", "type": "Feature", "properties": {"segment_id": "osm-8478005556-8478005563-0", "length_m": 116.56987703562287, "shade_fraction": 0.0, "exposure_fraction": 1.0, "canonical_time": "15:00", "solar_azimuth_deg": 271.54425686027565, "solar_elevation_deg": 53.21021702250467, "estimated_height_building_count": 3793, "source_type": "derived", "source_reference": "Cached OSM streets intersected with modelled building shadows", "observed_or_estimated": "ESTIMATED", "modelled_or_interpolated": "MODELLED", "timestamp": "2026-10-09T01:39:38.179956+00:00", "assumptions_version": "2026-10-09-prompt-4b-risk-explainability", "computation_mode": "geometric"}, "geometry": {"type": "LineString", "coordinates": [[75.8530257, 22.7151364], [75.8527449, 22.7151278], [75.8526054, 22.715132699999998], [75.8525088, 22.715152499999995], [75.85236130000001, 22.715196999999993], [75.8521977, 22.7152465], [75.8520716, 22.715281200000003], [75.8519159, 22.7152984]]}}, {"id": "867", "type": "Feature", "properties": {"segment_id": "osm-8478005563-3734494538-0", "length_m": 2.867364819025283, "shade_fraction": 0.0, "exposure_fraction": 1.0, "canonical_time": "15:00", "solar_azimuth_deg": 271.54425686027565, "solar_elevation_deg": 53.21021702250467, "estimated_height_building_count": 3793, "source_type": "derived", "source_reference": "Cached OSM streets intersected with modelled building shadows", "observed_or_estimated": "ESTIMATED", "modelled_or_interpolated": "MODELLED", "timestamp": "2026-10-09T01:39:38.179956+00:00", "assumptions_version": "2026-10-09-prompt-4b-risk-explainability", "computation_mode": "geometric"}, "geometry": {"type": "LineString", "coordinates": [[75.8519159, 22.7152984], [75.8519157, 22.715324299999992]]}}, {"id": "868", "type": "Feature", "properties": {"segment_id": "osm-8478005563-2027156364-0", "length_m": 70.24535255199491, "shade_fraction": 0.6411584977070415, "exposure_fraction": 0.3588415022929585, "canonical_time": "15:00", "solar_azimuth_deg": 271.54425686027565, "solar_elevation_deg": 53.21021702250467, "estimated_height_building_count": 3793, "source_type": "derived", "source_reference": "Cached OSM streets intersected with modelled building shadows", "observed_or_estimated": "ESTIMATED", "modelled_or_interpolated": "MODELLED", "timestamp": "2026-10-09T01:39:38.179956+00:00", "assumptions_version": "2026-10-09-prompt-4b-risk-explainability", "computation_mode": "geometric"}, "geometry": {"type": "LineString", "coordinates": [[75.8519159, 22.7152984], [75.8519181, 22.7150098], [75.8519493, 22.7146651]]}}, {"id": "869", "type": "Feature", "properties": {"segment_id": "osm-8478005563-8478005556-0", "length_m": 116.56987703562288, "shade_fraction": 0.0, "exposure_fraction": 1.0, "canonical_time": "15:00", "solar_azimuth_deg": 271.54425686027565, "solar_elevation_deg": 53.21021702250467, "estimated_height_building_count": 3793, "source_type": "derived", "source_reference": "Cached OSM streets intersected with modelled building shadows", "observed_or_estimated": "ESTIMATED", "modelled_or_interpolated": "MODELLED", "timestamp": "2026-10-09T01:39:38.179956+00:00", "assumptions_version": "2026-10-09-prompt-4b-risk-explainability", "computation_mode": "geometric"}, "geometry": {"type": "LineString", "coordinates": [[75.8519159, 22.7152984], [75.8520716, 22.715281200000003], [75.8521977, 22.7152465], [75.85236130000001, 22.715196999999993], [75.8525088, 22.715152499999995], [75.8526054, 22.715132699999998], [75.8527449, 22.7151278], [75.8530257, 22.7151364]]}}, {"id": "870", "type": "Feature", "properties": {"segment_id": "osm-8478005564-3734496625-0", "length_m": 71.39664021062683, "shade_fraction": 0.011774314813527021, "exposure_fraction": 0.988225685186473, "canonical_time": "15:00", "solar_azimuth_deg": 271.54425686027565, "solar_elevation_deg": 53.21021702250467, "estimated_height_building_count": 3793, "source_type": "derived", "source_reference": "Cached OSM streets intersected with modelled building shadows", "observed_or_estimated": "ESTIMATED", "modelled_or_interpolated": "MODELLED", "timestamp": "2026-10-09T01:39:38.179956+00:00", "assumptions_version": "2026-10-09-prompt-4b-risk-explainability", "computation_mode": "geometric"}, "geometry": {"type": "LineString", "coordinates": [[75.853046, 22.716952800000005], [75.8528414, 22.716966100000004], [75.8527315, 22.716963599999996], [75.8525813, 22.716971], [75.85235450000002, 22.717004899999996]]}}, {"id": "871", "type": "Feature", "properties": {"segment_id": "osm-8478005564-6611316866-0", "length_m": 28.365849988336777, "shade_fraction": 0.6453435811743401, "exposure_fraction": 0.3546564188256599, "canonical_time": "15:00", "solar_azimuth_deg": 271.54425686027565, "solar_elevation_deg": 53.21021702250467, "estimated_height_building_count": 3793, "source_type": "derived", "source_reference": "Cached OSM streets intersected with modelled building shadows", "observed_or_estimated": "ESTIMATED", "modelled_or_interpolated": "MODELLED", "timestamp": "2026-10-09T01:39:38.179956+00:00", "assumptions_version": "2026-10-09-prompt-4b-risk-explainability", "computation_mode": "geometric"}, "geometry": {"type": "LineString", "coordinates": [[75.853046, 22.716952800000005], [75.8530311, 22.7168944], [75.8530144, 22.716698799999996]]}}, {"id": "872", "type": "Feature", "properties": {"segment_id": "osm-8478005564-3734496656-0", "length_m": 144.69895578863327, "shade_fraction": 0.23815769390010644, "exposure_fraction": 0.7618423060998936, "canonical_time": "15:00", "solar_azimuth_deg": 271.54425686027565, "solar_elevation_deg": 53.21021702250467, "estimated_height_building_count": 3793, "source_type": "derived", "source_reference": "Cached OSM streets intersected with modelled building shadows", "observed_or_estimated": "ESTIMATED", "modelled_or_interpolated": "MODELLED", "timestamp": "2026-10-09T01:39:38.179956+00:00", "assumptions_version": "2026-10-09-prompt-4b-risk-explainability", "computation_mode": "geometric"}, "geometry": {"type": "LineString", "coordinates": [[75.853046, 22.716952800000005], [75.85306900000002, 22.7170427], [75.8530827, 22.717153799999995], [75.8531096, 22.7175445], [75.8530985, 22.717591], [75.8530493, 22.717622899999995], [75.8530126, 22.717628200000004], [75.8523965, 22.71758029999999]]}}, {"id": "873", "type": "Feature", "properties": {"segment_id": "osm-8478005576-8461125318-0", "length_m": 13.83097160030603, "shade_fraction": 0.0, "exposure_fraction": 1.0, "canonical_time": "15:00", "solar_azimuth_deg": 271.54425686027565, "solar_elevation_deg": 53.21021702250467, "estimated_height_building_count": 3793, "source_type": "derived", "source_reference": "Cached OSM streets intersected with modelled building shadows", "observed_or_estimated": "ESTIMATED", "modelled_or_interpolated": "MODELLED", "timestamp": "2026-10-09T01:39:38.179956+00:00", "assumptions_version": "2026-10-09-prompt-4b-risk-explainability", "computation_mode": "geometric"}, "geometry": {"type": "LineString", "coordinates": [[75.8586502, 22.72087039999999], [75.8585224, 22.72090979999999]]}}, {"id": "874", "type": "Feature", "properties": {"segment_id": "osm-8478005576-8461125324-0", "length_m": 115.24169932688007, "shade_fraction": 0.0, "exposure_fraction": 1.0, "canonical_time": "15:00", "solar_azimuth_deg": 271.54425686027565, "solar_elevation_deg": 53.21021702250467, "estimated_height_building_count": 3793, "source_type": "derived", "source_reference": "Cached OSM streets intersected with modelled building shadows", "observed_or_estimated": "ESTIMATED", "modelled_or_interpolated": "MODELLED", "timestamp": "2026-10-09T01:39:38.179956+00:00", "assumptions_version": "2026-10-09-prompt-4b-risk-explainability", "computation_mode": "geometric"}, "geometry": {"type": "LineString", "coordinates": [[75.8586502, 22.72087039999999], [75.8585921, 22.72063259999999], [75.8585649, 22.7202277], [75.8585558, 22.7200798], [75.8585492, 22.719964699999988], [75.8586033, 22.71984689999999]]}}, {"id": "875", "type": "Feature", "properties": {"segment_id": "osm-8478005576-2025111319-0", "length_m": 95.28819925104398, "shade_fraction": 0.0, "exposure_fraction": 1.0, "canonical_time": "15:00", "solar_azimuth_deg": 271.54425686027565, "solar_elevation_deg": 53.21021702250467, "estimated_height_building_count": 3793, "source_type": "derived", "source_reference": "Cached OSM streets intersected with modelled building shadows", "observed_or_estimated": "ESTIMATED", "modelled_or_interpolated": "MODELLED", "timestamp": "2026-10-09T01:39:38.179956+00:00", "assumptions_version": "2026-10-09-prompt-4b-risk-explainability", "computation_mode": "geometric"}, "geometry": {"type": "LineString", "coordinates": [[75.8586502, 22.72087039999999], [75.8587176, 22.721146499999996], [75.8587705, 22.721315199999996], [75.858847, 22.721472099999993], [75.8589484, 22.721681700000005]]}}, {"id": "876", "type": "Feature", "properties": {"segment_id": "osm-8478005593-3732996655-0", "length_m": 19.570918173793373, "shade_fraction": 0.0, "exposure_fraction": 1.0, "canonical_time": "15:00", "solar_azimuth_deg": 271.54425686027565, "solar_elevation_deg": 53.21021702250467, "estimated_height_building_count": 3793, "source_type": "derived", "source_reference": "Cached OSM streets intersected with modelled building shadows", "observed_or_estimated": "ESTIMATED", "modelled_or_interpolated": "MODELLED", "timestamp": "2026-10-09T01:39:38.179956+00:00", "assumptions_version": "2026-10-09-prompt-4b-risk-explainability", "computation_mode": "geometric"}, "geometry": {"type": "LineString", "coordinates": [[75.855335, 22.7211802], [75.8555244, 22.721199700000003]]}}, {"id": "877", "type": "Feature", "properties": {"segment_id": "osm-8478005593-2025111254-0", "length_m": 43.14475376244302, "shade_fraction": 0.6639810689747953, "exposure_fraction": 0.33601893102520475, "canonical_time": "15:00", "solar_azimuth_deg": 271.54425686027565, "solar_elevation_deg": 53.21021702250467, "estimated_height_building_count": 3793, "source_type": "derived", "source_reference": "Cached OSM streets intersected with modelled building shadows", "observed_or_estimated": "ESTIMATED", "modelled_or_interpolated": "MODELLED", "timestamp": "2026-10-09T01:39:38.179956+00:00", "assumptions_version": "2026-10-09-prompt-4b-risk-explainability", "computation_mode": "geometric"}, "geometry": {"type": "LineString", "coordinates": [[75.855335, 22.7211802], [75.8553798, 22.720792699999997]]}}, {"id": "878", "type": "Feature", "properties": {"segment_id": "osm-8478005593-2025111260-0", "length_m": 63.144010072738574, "shade_fraction": 0.0, "exposure_fraction": 1.0, "canonical_time": "15:00", "solar_azimuth_deg": 271.54425686027565, "solar_elevation_deg": 53.21021702250467, "estimated_height_building_count": 3793, "source_type": "derived", "source_reference": "Cached OSM streets intersected with modelled building shadows", "observed_or_estimated": "ESTIMATED", "modelled_or_interpolated": "MODELLED", "timestamp": "2026-10-09T01:39:38.179956+00:00", "assumptions_version": "2026-10-09-prompt-4b-risk-explainability", "computation_mode": "geometric"}, "geometry": {"type": "LineString", "coordinates": [[75.855335, 22.7211802], [75.8552146, 22.721161199999997], [75.8547272, 22.7210943]]}}, {"id": "879", "type": "Feature", "properties": {"segment_id": "osm-8478005594-2025111077-0", "length_m": 11.532106337348383, "shade_fraction": 0.0, "exposure_fraction": 1.0, "canonical_time": "15:00", "solar_azimuth_deg": 271.54425686027565, "solar_elevation_deg": 53.21021702250467, "estimated_height_building_count": 3793, "source_type": "derived", "source_reference": "Cached OSM streets intersected with modelled building shadows", "observed_or_estimated": "ESTIMATED", "modelled_or_interpolated": "MODELLED", "timestamp": "2026-10-09T01:39:38.179956+00:00", "assumptions_version": "2026-10-09-prompt-4b-risk-explainability", "computation_mode": "geometric"}, "geometry": {"type": "LineString", "coordinates": [[75.8595227, 22.71810149999999], [75.8594116, 22.718086399999997]]}}, {"id": "880", "type": "Feature", "properties": {"segment_id": "osm-8478005594-11153056521-0", "length_m": 168.97769878557605, "shade_fraction": 0.0, "exposure_fraction": 1.0, "canonical_time": "15:00", "solar_azimuth_deg": 271.54425686027565, "solar_elevation_deg": 53.21021702250467, "estimated_height_building_count": 3793, "source_type": "derived", "source_reference": "Cached OSM streets intersected with modelled building shadows", "observed_or_estimated": "ESTIMATED", "modelled_or_interpolated": "MODELLED", "timestamp": "2026-10-09T01:39:38.179956+00:00", "assumptions_version": "2026-10-09-prompt-4b-risk-explainability", "computation_mode": "geometric"}, "geometry": {"type": "LineString", "coordinates": [[75.8595227, 22.71810149999999], [75.8595206, 22.71802859999999], [75.8594708, 22.717635399999992], [75.85948580000002, 22.717407399999992], [75.8595704, 22.717096799999993], [75.8596671, 22.7166541], [75.8596493, 22.7165995]]}}, {"id": "881", "type": "Feature", "properties": {"segment_id": "osm-8478005594-2025111095-0", "length_m": 33.03911403206349, "shade_fraction": 0.0, "exposure_fraction": 1.0, "canonical_time": "15:00", "solar_azimuth_deg": 271.54425686027565, "solar_elevation_deg": 53.21021702250467, "estimated_height_building_count": 3793, "source_type": "derived", "source_reference": "Cached OSM streets intersected with modelled building shadows", "observed_or_estimated": "ESTIMATED", "modelled_or_interpolated": "MODELLED", "timestamp": "2026-10-09T01:39:38.179956+00:00", "assumptions_version": "2026-10-09-prompt-4b-risk-explainability", "computation_mode": "geometric"}, "geometry": {"type": "LineString", "coordinates": [[75.8595227, 22.71810149999999], [75.8595256, 22.7182], [75.8594424, 22.7183844]]}}, {"id": "882", "type": "Feature", "properties": {"segment_id": "osm-8478005611-6611316218-0", "length_m": 25.98523637119605, "shade_fraction": 0.0, "exposure_fraction": 1.0, "canonical_time": "15:00", "solar_azimuth_deg": 271.54425686027565, "solar_elevation_deg": 53.21021702250467, "estimated_height_building_count": 3793, "source_type": "derived", "source_reference": "Cached OSM streets intersected with modelled building shadows", "observed_or_estimated": "ESTIMATED", "modelled_or_interpolated": "MODELLED", "timestamp": "2026-10-09T01:39:38.179956+00:00", "assumptions_version": "2026-10-09-prompt-4b-risk-explainability", "computation_mode": "geometric"}, "geometry": {"type": "LineString", "coordinates": [[75.8510156, 22.716431699999994], [75.8510191, 22.7166664]]}}, {"id": "883", "type": "Feature", "properties": {"segment_id": "osm-8478005611-3734494585-0", "length_m": 35.445228666764955, "shade_fraction": 0.0, "exposure_fraction": 1.0, "canonical_time": "15:00", "solar_azimuth_deg": 271.54425686027565, "solar_elevation_deg": 53.21021702250467, "estimated_height_building_count": 3793, "source_type": "derived", "source_reference": "Cached OSM streets intersected with modelled building shadows", "observed_or_estimated": "ESTIMATED", "modelled_or_interpolated": "MODELLED", "timestamp": "2026-10-09T01:39:38.179956+00:00", "assumptions_version": "2026-10-09-prompt-4b-risk-explainability", "computation_mode": "geometric"}, "geometry": {"type": "LineString", "coordinates": [[75.8510156, 22.716431699999994], [75.8513536, 22.716367000000005]]}}, {"id": "884", "type": "Feature", "properties": {"segment_id": "osm-8478005611-3734494584-0", "length_m": 8.500192340293129, "shade_fraction": 0.0, "exposure_fraction": 1.0, "canonical_time": "15:00", "solar_azimuth_deg": 271.54425686027565, "solar_elevation_deg": 53.21021702250467, "estimated_height_building_count": 3793, "source_type": "derived", "source_reference": "Cached OSM streets intersected with modelled building shadows", "observed_or_estimated": "ESTIMATED", "modelled_or_interpolated": "MODELLED", "timestamp": "2026-10-09T01:39:38.179956+00:00", "assumptions_version": "2026-10-09-prompt-4b-risk-explainability", "computation_mode": "geometric"}, "geometry": {"type": "LineString", "coordinates": [[75.8510156, 22.716431699999994], [75.8510206, 22.716386399999998], [75.8510224, 22.7163552]]}}, {"id": "885", "type": "Feature", "properties": {"segment_id": "osm-9523322983-2025020019-0", "length_m": 23.356019349666404, "shade_fraction": 0.0, "exposure_fraction": 1.0, "canonical_time": "15:00", "solar_azimuth_deg": 271.54425686027565, "solar_elevation_deg": 53.21021702250467, "estimated_height_building_count": 3793, "source_type": "derived", "source_reference": "Cached OSM streets intersected with modelled building shadows", "observed_or_estimated": "ESTIMATED", "modelled_or_interpolated": "MODELLED", "timestamp": "2026-10-09T01:39:38.179956+00:00", "assumptions_version": "2026-10-09-prompt-4b-risk-explainability", "computation_mode": "geometric"}, "geometry": {"type": "LineString", "coordinates": [[75.8555792, 22.717934399999997], [75.85557, 22.7181452]]}}, {"id": "886", "type": "Feature", "properties": {"segment_id": "osm-9523322983-8474365291-0", "length_m": 119.4279688759615, "shade_fraction": 0.0, "exposure_fraction": 1.0, "canonical_time": "15:00", "solar_azimuth_deg": 271.54425686027565, "solar_elevation_deg": 53.21021702250467, "estimated_height_building_count": 3793, "source_type": "derived", "source_reference": "Cached OSM streets intersected with modelled building shadows", "observed_or_estimated": "ESTIMATED", "modelled_or_interpolated": "MODELLED", "timestamp": "2026-10-09T01:39:38.179956+00:00", "assumptions_version": "2026-10-09-prompt-4b-risk-explainability", "computation_mode": "geometric"}, "geometry": {"type": "LineString", "coordinates": [[75.8555792, 22.717934399999997], [75.8556124, 22.71785979999999], [75.8556241, 22.717625200000004], [75.8556105, 22.71729609999999], [75.855567, 22.71686409999999]]}}, {"id": "887", "type": "Feature", "properties": {"segment_id": "osm-9523322983-3734496670-0", "length_m": 33.462618739906205, "shade_fraction": 0.5457400725376996, "exposure_fraction": 0.4542599274623004, "canonical_time": "15:00", "solar_azimuth_deg": 271.54425686027565, "solar_elevation_deg": 53.21021702250467, "estimated_height_building_count": 3793, "source_type": "derived", "source_reference": "Cached OSM streets intersected with modelled building shadows", "observed_or_estimated": "ESTIMATED", "modelled_or_interpolated": "MODELLED", "timestamp": "2026-10-09T01:39:38.179956+00:00", "assumptions_version": "2026-10-09-prompt-4b-risk-explainability", "computation_mode": "geometric"}, "geometry": {"type": "LineString", "coordinates": [[75.8555792, 22.717934399999997], [75.8555608, 22.717850099999996], [75.855566, 22.717633899999996]]}}, {"id": "888", "type": "Feature", "properties": {"segment_id": "osm-9523322984-8474365291-0", "length_m": 49.81571299090426, "shade_fraction": 0.0, "exposure_fraction": 1.0, "canonical_time": "15:00", "solar_azimuth_deg": 271.54425686027565, "solar_elevation_deg": 53.21021702250467, "estimated_height_building_count": 3793, "source_type": "derived", "source_reference": "Cached OSM streets intersected with modelled building shadows", "observed_or_estimated": "ESTIMATED", "modelled_or_interpolated": "MODELLED", "timestamp": "2026-10-09T01:39:38.179956+00:00", "assumptions_version": "2026-10-09-prompt-4b-risk-explainability", "computation_mode": "geometric"}, "geometry": {"type": "LineString", "coordinates": [[75.85548010000001, 22.7164214], [75.855567, 22.71686409999999]]}}, {"id": "889", "type": "Feature", "properties": {"segment_id": "osm-9523322984-9523322987-0", "length_m": 7.3436966718639844, "shade_fraction": 0.0, "exposure_fraction": 1.0, "canonical_time": "15:00", "solar_azimuth_deg": 271.54425686027565, "solar_elevation_deg": 53.21021702250467, "estimated_height_building_count": 3793, "source_type": "derived", "source_reference": "Cached OSM streets intersected with modelled building shadows", "observed_or_estimated": "ESTIMATED", "modelled_or_interpolated": "MODELLED", "timestamp": "2026-10-09T01:39:38.179956+00:00", "assumptions_version": "2026-10-09-prompt-4b-risk-explainability", "computation_mode": "geometric"}, "geometry": {"type": "LineString", "coordinates": [[75.85548010000001, 22.7164214], [75.8554088, 22.716426399999985]]}}, {"id": "890", "type": "Feature", "properties": {"segment_id": "osm-9523322984-8461125223-0", "length_m": 5.018334377773094, "shade_fraction": 0.0, "exposure_fraction": 1.0, "canonical_time": "15:00", "solar_azimuth_deg": 271.54425686027565, "solar_elevation_deg": 53.21021702250467, "estimated_height_building_count": 3793, "source_type": "derived", "source_reference": "Cached OSM streets intersected with modelled building shadows", "observed_or_estimated": "ESTIMATED", "modelled_or_interpolated": "MODELLED", "timestamp": "2026-10-09T01:39:38.179956+00:00", "assumptions_version": "2026-10-09-prompt-4b-risk-explainability", "computation_mode": "geometric"}, "geometry": {"type": "LineString", "coordinates": [[75.85548010000001, 22.7164214], [75.8554764, 22.716376199999992]]}}, {"id": "891", "type": "Feature", "properties": {"segment_id": "osm-9523322984-9523322985-0", "length_m": 72.36960659573853, "shade_fraction": 0.0, "exposure_fraction": 1.0, "canonical_time": "15:00", "solar_azimuth_deg": 271.54425686027565, "solar_elevation_deg": 53.21021702250467, "estimated_height_building_count": 3793, "source_type": "derived", "source_reference": "Cached OSM streets intersected with modelled building shadows", "observed_or_estimated": "ESTIMATED", "modelled_or_interpolated": "MODELLED", "timestamp": "2026-10-09T01:39:38.179956+00:00", "assumptions_version": "2026-10-09-prompt-4b-risk-explainability", "computation_mode": "geometric"}, "geometry": {"type": "LineString", "coordinates": [[75.85548010000001, 22.7164214], [75.8557314, 22.716406299999992], [75.8561842, 22.716409699999986]]}}, {"id": "892", "type": "Feature", "properties": {"segment_id": "osm-9523322985-2025019941-0", "length_m": 33.07235873975501, "shade_fraction": 0.0, "exposure_fraction": 1.0, "canonical_time": "15:00", "solar_azimuth_deg": 271.54425686027565, "solar_elevation_deg": 53.21021702250467, "estimated_height_building_count": 3793, "source_type": "derived", "source_reference": "Cached OSM streets intersected with modelled building shadows", "observed_or_estimated": "ESTIMATED", "modelled_or_interpolated": "MODELLED", "timestamp": "2026-10-09T01:39:38.179956+00:00", "assumptions_version": "2026-10-09-prompt-4b-risk-explainability", "computation_mode": "geometric"}, "geometry": {"type": "LineString", "coordinates": [[75.8561842, 22.716409699999986], [75.8565036, 22.716447699999996]]}}, {"id": "893", "type": "Feature", "properties": {"segment_id": "osm-9523322985-9523323008-0", "length_m": 4.246356788820471, "shade_fraction": 0.0, "exposure_fraction": 1.0, "canonical_time": "15:00", "solar_azimuth_deg": 271.54425686027565, "solar_elevation_deg": 53.21021702250467, "estimated_height_building_count": 3793, "source_type": "derived", "source_reference": "Cached OSM streets intersected with modelled building shadows", "observed_or_estimated": "ESTIMATED", "modelled_or_interpolated": "MODELLED", "timestamp": "2026-10-09T01:39:38.179956+00:00", "assumptions_version": "2026-10-09-prompt-4b-risk-explainability", "computation_mode": "geometric"}, "geometry": {"type": "LineString", "coordinates": [[75.8561842, 22.716409699999986], [75.8561951, 22.7163727]]}}, {"id": "894", "type": "Feature", "properties": {"segment_id": "osm-9523322985-8474365287-0", "length_m": 53.1828871835166, "shade_fraction": 0.286188138372989, "exposure_fraction": 0.713811861627011, "canonical_time": "15:00", "solar_azimuth_deg": 271.54425686027565, "solar_elevation_deg": 53.21021702250467, "estimated_height_building_count": 3793, "source_type": "derived", "source_reference": "Cached OSM streets intersected with modelled building shadows", "observed_or_estimated": "ESTIMATED", "modelled_or_interpolated": "MODELLED", "timestamp": "2026-10-09T01:39:38.179956+00:00", "assumptions_version": "2026-10-09-prompt-4b-risk-explainability", "computation_mode": "geometric"}, "geometry": {"type": "LineString", "coordinates": [[75.8561842, 22.716409699999986], [75.8560907, 22.7168822]]}}, {"id": "895", "type": "Feature", "properties": {"segment_id": "osm-9523322985-9523322984-0", "length_m": 72.36960659573853, "shade_fraction": 0.0, "exposure_fraction": 1.0, "canonical_time": "15:00", "solar_azimuth_deg": 271.54425686027565, "solar_elevation_deg": 53.21021702250467, "estimated_height_building_count": 3793, "source_type": "derived", "source_reference": "Cached OSM streets intersected with modelled building shadows", "observed_or_estimated": "ESTIMATED", "modelled_or_interpolated": "MODELLED", "timestamp": "2026-10-09T01:39:38.179956+00:00", "assumptions_version": "2026-10-09-prompt-4b-risk-explainability", "computation_mode": "geometric"}, "geometry": {"type": "LineString", "coordinates": [[75.8561842, 22.716409699999986], [75.8557314, 22.716406299999992], [75.85548010000001, 22.7164214]]}}, {"id": "896", "type": "Feature", "properties": {"segment_id": "osm-9523322987-9523322984-0", "length_m": 7.3436966718639844, "shade_fraction": 0.0, "exposure_fraction": 1.0, "canonical_time": "15:00", "solar_azimuth_deg": 271.54425686027565, "solar_elevation_deg": 53.21021702250467, "estimated_height_building_count": 3793, "source_type": "derived", "source_reference": "Cached OSM streets intersected with modelled building shadows", "observed_or_estimated": "ESTIMATED", "modelled_or_interpolated": "MODELLED", "timestamp": "2026-10-09T01:39:38.179956+00:00", "assumptions_version": "2026-10-09-prompt-4b-risk-explainability", "computation_mode": "geometric"}, "geometry": {"type": "LineString", "coordinates": [[75.8554088, 22.716426399999985], [75.85548010000001, 22.7164214]]}}, {"id": "897", "type": "Feature", "properties": {"segment_id": "osm-9523322987-9523322989-0", "length_m": 5.1193575813067795, "shade_fraction": 0.0, "exposure_fraction": 1.0, "canonical_time": "15:00", "solar_azimuth_deg": 271.54425686027565, "solar_elevation_deg": 53.21021702250467, "estimated_height_building_count": 3793, "source_type": "derived", "source_reference": "Cached OSM streets intersected with modelled building shadows", "observed_or_estimated": "ESTIMATED", "modelled_or_interpolated": "MODELLED", "timestamp": "2026-10-09T01:39:38.179956+00:00", "assumptions_version": "2026-10-09-prompt-4b-risk-explainability", "computation_mode": "geometric"}, "geometry": {"type": "LineString", "coordinates": [[75.8554088, 22.716426399999985], [75.8554037, 22.716380400000006]]}}, {"id": "898", "type": "Feature", "properties": {"segment_id": "osm-9523322987-2025019937-0", "length_m": 40.34589257845364, "shade_fraction": 0.0, "exposure_fraction": 1.0, "canonical_time": "15:00", "solar_azimuth_deg": 271.54425686027565, "solar_elevation_deg": 53.21021702250467, "estimated_height_building_count": 3793, "source_type": "derived", "source_reference": "Cached OSM streets intersected with modelled building shadows", "observed_or_estimated": "ESTIMATED", "modelled_or_interpolated": "MODELLED", "timestamp": "2026-10-09T01:39:38.179956+00:00", "assumptions_version": "2026-10-09-prompt-4b-risk-explainability", "computation_mode": "geometric"}, "geometry": {"type": "LineString", "coordinates": [[75.8554088, 22.716426399999985], [75.855117, 22.716401099999995], [75.85502400000001, 22.716367600000005]]}}, {"id": "899", "type": "Feature", "properties": {"segment_id": "osm-9523322987-3734496670-0", "length_m": 135.04408418716127, "shade_fraction": 0.3059216523595785, "exposure_fraction": 0.6940783476404215, "canonical_time": "15:00", "solar_azimuth_deg": 271.54425686027565, "solar_elevation_deg": 53.21021702250467, "estimated_height_building_count": 3793, "source_type": "derived", "source_reference": "Cached OSM streets intersected with modelled building shadows", "observed_or_estimated": "ESTIMATED", "modelled_or_interpolated": "MODELLED", "timestamp": "2026-10-09T01:39:38.179956+00:00", "assumptions_version": "2026-10-09-prompt-4b-risk-explainability", "computation_mode": "geometric"}, "geometry": {"type": "LineString", "coordinates": [[75.8554088, 22.716426399999985], [75.8555146, 22.716870399999998], [75.855532, 22.7170346], [75.855566, 22.717633899999996]]}}, {"id": "900", "type": "Feature", "properties": {"segment_id": "osm-9523322989-8461125223-0", "length_m": 7.481057391000052, "shade_fraction": 0.0, "exposure_fraction": 1.0, "canonical_time": "15:00", "solar_azimuth_deg": 271.54425686027565, "solar_elevation_deg": 53.21021702250467, "estimated_height_building_count": 3793, "source_type": "derived", "source_reference": "Cached OSM streets intersected with modelled building shadows", "observed_or_estimated": "ESTIMATED", "modelled_or_interpolated": "MODELLED", "timestamp": "2026-10-09T01:39:38.179956+00:00", "assumptions_version": "2026-10-09-prompt-4b-risk-explainability", "computation_mode": "geometric"}, "geometry": {"type": "LineString", "coordinates": [[75.8554037, 22.716380400000006], [75.8554764, 22.716376199999992]]}}, {"id": "901", "type": "Feature", "properties": {"segment_id": "osm-9523322989-9523322987-0", "length_m": 5.1193575813067795, "shade_fraction": 0.0, "exposure_fraction": 1.0, "canonical_time": "15:00", "solar_azimuth_deg": 271.54425686027565, "solar_elevation_deg": 53.21021702250467, "estimated_height_building_count": 3793, "source_type": "derived", "source_reference": "Cached OSM streets intersected with modelled building shadows", "observed_or_estimated": "ESTIMATED", "modelled_or_interpolated": "MODELLED", "timestamp": "2026-10-09T01:39:38.179956+00:00", "assumptions_version": "2026-10-09-prompt-4b-risk-explainability", "computation_mode": "geometric"}, "geometry": {"type": "LineString", "coordinates": [[75.8554037, 22.716380400000006], [75.8554088, 22.716426399999985]]}}, {"id": "902", "type": "Feature", "properties": {"segment_id": "osm-9523322989-2025019937-0", "length_m": 39.09054266614313, "shade_fraction": 0.0, "exposure_fraction": 1.0, "canonical_time": "15:00", "solar_azimuth_deg": 271.54425686027565, "solar_elevation_deg": 53.21021702250467, "estimated_height_building_count": 3793, "source_type": "derived", "source_reference": "Cached OSM streets intersected with modelled building shadows", "observed_or_estimated": "ESTIMATED", "modelled_or_interpolated": "MODELLED", "timestamp": "2026-10-09T01:39:38.179956+00:00", "assumptions_version": "2026-10-09-prompt-4b-risk-explainability", "computation_mode": "geometric"}, "geometry": {"type": "LineString", "coordinates": [[75.8554037, 22.716380400000006], [75.8551241, 22.7163618], [75.85502400000001, 22.716367600000005]]}}, {"id": "903", "type": "Feature", "properties": {"segment_id": "osm-9523322989-2027131456-0", "length_m": 182.28229393633433, "shade_fraction": 0.20098114684133525, "exposure_fraction": 0.7990188531586647, "canonical_time": "15:00", "solar_azimuth_deg": 271.54425686027565, "solar_elevation_deg": 53.21021702250467, "estimated_height_building_count": 3793, "source_type": "derived", "source_reference": "Cached OSM streets intersected with modelled building shadows", "observed_or_estimated": "ESTIMATED", "modelled_or_interpolated": "MODELLED", "timestamp": "2026-10-09T01:39:38.179956+00:00", "assumptions_version": "2026-10-09-prompt-4b-risk-explainability", "computation_mode": "geometric"}, "geometry": {"type": "LineString", "coordinates": [[75.8554037, 22.716380400000006], [75.8552569, 22.7159376], [75.8551561, 22.715652899999995], [75.8550553, 22.715350999999995], [75.8548901, 22.71490239999999], [75.8548821, 22.714809200000005]]}}, {"id": "904", "type": "Feature", "properties": {"segment_id": "osm-9523323008-2027131540-0", "length_m": 33.10185147854552, "shade_fraction": 0.0, "exposure_fraction": 1.0, "canonical_time": "15:00", "solar_azimuth_deg": 271.54425686027565, "solar_elevation_deg": 53.21021702250467, "estimated_height_building_count": 3793, "source_type": "derived", "source_reference": "Cached OSM streets intersected with modelled building shadows", "observed_or_estimated": "ESTIMATED", "modelled_or_interpolated": "MODELLED", "timestamp": "2026-10-09T01:39:38.179956+00:00", "assumptions_version": "2026-10-09-prompt-4b-risk-explainability", "computation_mode": "geometric"}, "geometry": {"type": "LineString", "coordinates": [[75.8561951, 22.7163727], [75.8562678, 22.71608139999999]]}}, {"id": "905", "type": "Feature", "properties": {"segment_id": "osm-9523323008-9523322985-0", "length_m": 4.246356788820471, "shade_fraction": 0.0, "exposure_fraction": 1.0, "canonical_time": "15:00", "solar_azimuth_deg": 271.54425686027565, "solar_elevation_deg": 53.21021702250467, "estimated_height_building_count": 3793, "source_type": "derived", "source_reference": "Cached OSM streets intersected with modelled building shadows", "observed_or_estimated": "ESTIMATED", "modelled_or_interpolated": "MODELLED", "timestamp": "2026-10-09T01:39:38.179956+00:00", "assumptions_version": "2026-10-09-prompt-4b-risk-explainability", "computation_mode": "geometric"}, "geometry": {"type": "LineString", "coordinates": [[75.8561951, 22.7163727], [75.8561842, 22.716409699999986]]}}, {"id": "906", "type": "Feature", "properties": {"segment_id": "osm-9523323008-8461125223-0", "length_m": 73.83217299171642, "shade_fraction": 0.0, "exposure_fraction": 1.0, "canonical_time": "15:00", "solar_azimuth_deg": 271.54425686027565, "solar_elevation_deg": 53.21021702250467, "estimated_height_building_count": 3793, "source_type": "derived", "source_reference": "Cached OSM streets intersected with modelled building shadows", "observed_or_estimated": "ESTIMATED", "modelled_or_interpolated": "MODELLED", "timestamp": "2026-10-09T01:39:38.179956+00:00", "assumptions_version": "2026-10-09-prompt-4b-risk-explainability", "computation_mode": "geometric"}, "geometry": {"type": "LineString", "coordinates": [[75.8561951, 22.7163727], [75.8557389, 22.716367900000005], [75.8554764, 22.716376199999992]]}}, {"id": "907", "type": "Feature", "properties": {"segment_id": "osm-9523323008-2027131582-0", "length_m": 93.5862831023537, "shade_fraction": 0.0, "exposure_fraction": 1.0, "canonical_time": "15:00", "solar_azimuth_deg": 271.54425686027565, "solar_elevation_deg": 53.21021702250467, "estimated_height_building_count": 3793, "source_type": "derived", "source_reference": "Cached OSM streets intersected with modelled building shadows", "observed_or_estimated": "ESTIMATED", "modelled_or_interpolated": "MODELLED", "timestamp": "2026-10-09T01:39:38.179956+00:00", "assumptions_version": "2026-10-09-prompt-4b-risk-explainability", "computation_mode": "geometric"}, "geometry": {"type": "LineString", "coordinates": [[75.8561951, 22.7163727], [75.856514, 22.7164111], [75.8571035, 22.716423299999995]]}}, {"id": "908", "type": "Feature", "properties": {"segment_id": "osm-9523323012-2025019935-0", "length_m": 5.289406819948061, "shade_fraction": 0.0, "exposure_fraction": 1.0, "canonical_time": "15:00", "solar_azimuth_deg": 271.54425686027565, "solar_elevation_deg": 53.21021702250467, "estimated_height_building_count": 3793, "source_type": "derived", "source_reference": "Cached OSM streets intersected with modelled building shadows", "observed_or_estimated": "ESTIMATED", "modelled_or_interpolated": "MODELLED", "timestamp": "2026-10-09T01:39:38.179956+00:00", "assumptions_version": "2026-10-09-prompt-4b-risk-explainability", "computation_mode": "geometric"}, "geometry": {"type": "LineString", "coordinates": [[75.8580069, 22.716431299999993], [75.8580248, 22.7164761]]}}, {"id": "909", "type": "Feature", "properties": {"segment_id": "osm-9523323012-11153056522-0", "length_m": 166.98601772613353, "shade_fraction": 0.0, "exposure_fraction": 1.0, "canonical_time": "15:00", "solar_azimuth_deg": 271.54425686027565, "solar_elevation_deg": 53.21021702250467, "estimated_height_building_count": 3793, "source_type": "derived", "source_reference": "Cached OSM streets intersected with modelled building shadows", "observed_or_estimated": "ESTIMATED", "modelled_or_interpolated": "MODELLED", "timestamp": "2026-10-09T01:39:38.179956+00:00", "assumptions_version": "2026-10-09-prompt-4b-risk-explainability", "computation_mode": "geometric"}, "geometry": {"type": "LineString", "coordinates": [[75.8580069, 22.716431299999993], [75.8585323, 22.71637859999999], [75.8588561, 22.716375199999995], [75.8590185, 22.716376000000004], [75.8595052, 22.7164022], [75.8595606, 22.716401], [75.8596157, 22.7164384]]}}, {"id": "910", "type": "Feature", "properties": {"segment_id": "osm-9523323012-2027131546-0", "length_m": 30.142700451362593, "shade_fraction": 0.0, "exposure_fraction": 1.0, "canonical_time": "15:00", "solar_azimuth_deg": 271.54425686027565, "solar_elevation_deg": 53.21021702250467, "estimated_height_building_count": 3793, "source_type": "derived", "source_reference": "Cached OSM streets intersected with modelled building shadows", "observed_or_estimated": "ESTIMATED", "modelled_or_interpolated": "MODELLED", "timestamp": "2026-10-09T01:39:38.179956+00:00", "assumptions_version": "2026-10-09-prompt-4b-risk-explainability", "computation_mode": "geometric"}, "geometry": {"type": "LineString", "coordinates": [[75.8580069, 22.716431299999993], [75.8579627, 22.7163339], [75.8578977, 22.716178599999996]]}}, {"id": "911", "type": "Feature", "properties": {"segment_id": "osm-9523323012-2027131582-0", "length_m": 93.03245190899202, "shade_fraction": 0.0, "exposure_fraction": 1.0, "canonical_time": "15:00", "solar_azimuth_deg": 271.54425686027565, "solar_elevation_deg": 53.21021702250467, "estimated_height_building_count": 3793, "source_type": "derived", "source_reference": "Cached OSM streets intersected with modelled building shadows", "observed_or_estimated": "ESTIMATED", "modelled_or_interpolated": "MODELLED", "timestamp": "2026-10-09T01:39:38.179956+00:00", "assumptions_version": "2026-10-09-prompt-4b-risk-explainability", "computation_mode": "geometric"}, "geometry": {"type": "LineString", "coordinates": [[75.8580069, 22.716431299999993], [75.8579147, 22.716444200000005], [75.85755090000002, 22.716454099999993], [75.8571035, 22.716423299999995]]}}, {"id": "912", "type": "Feature", "properties": {"segment_id": "osm-9526164258-8461125292-0", "length_m": 21.05362594932896, "shade_fraction": 0.0, "exposure_fraction": 1.0, "canonical_time": "15:00", "solar_azimuth_deg": 271.54425686027565, "solar_elevation_deg": 53.21021702250467, "estimated_height_building_count": 3793, "source_type": "derived", "source_reference": "Cached OSM streets intersected with modelled building shadows", "observed_or_estimated": "ESTIMATED", "modelled_or_interpolated": "MODELLED", "timestamp": "2026-10-09T01:39:38.179956+00:00", "assumptions_version": "2026-10-09-prompt-4b-risk-explainability", "computation_mode": "geometric"}, "geometry": {"type": "LineString", "coordinates": [[75.8590843, 22.718873600000006], [75.8589669, 22.7190295]]}}, {"id": "913", "type": "Feature", "properties": {"segment_id": "osm-9526164258-2025020069-0", "length_m": 12.678551935726505, "shade_fraction": 0.0, "exposure_fraction": 1.0, "canonical_time": "15:00", "solar_azimuth_deg": 271.54425686027565, "solar_elevation_deg": 53.21021702250467, "estimated_height_building_count": 3793, "source_type": "derived", "source_reference": "Cached OSM streets intersected with modelled building shadows", "observed_or_estimated": "ESTIMATED", "modelled_or_interpolated": "MODELLED", "timestamp": "2026-10-09T01:39:38.179956+00:00", "assumptions_version": "2026-10-09-prompt-4b-risk-explainability", "computation_mode": "geometric"}, "geometry": {"type": "LineString", "coordinates": [[75.8590843, 22.718873600000006], [75.859207, 22.718886200000007]]}}, {"id": "914", "type": "Feature", "properties": {"segment_id": "osm-9526164258-2025111077-0", "length_m": 94.47853289958582, "shade_fraction": 0.0, "exposure_fraction": 1.0, "canonical_time": "15:00", "solar_azimuth_deg": 271.54425686027565, "solar_elevation_deg": 53.21021702250467, "estimated_height_building_count": 3793, "source_type": "derived", "source_reference": "Cached OSM streets intersected with modelled building shadows", "observed_or_estimated": "ESTIMATED", "modelled_or_interpolated": "MODELLED", "timestamp": "2026-10-09T01:39:38.179956+00:00", "assumptions_version": "2026-10-09-prompt-4b-risk-explainability", "computation_mode": "geometric"}, "geometry": {"type": "LineString", "coordinates": [[75.8590843, 22.718873600000006], [75.8591833, 22.71871949999999], [75.859307, 22.718422600000004], [75.85941750000002, 22.7181602], [75.8594116, 22.718086399999997]]}}, {"id": "915", "type": "Feature", "properties": {"segment_id": "osm-9790247256-8474349604-0", "length_m": 148.04856489490666, "shade_fraction": 0.0, "exposure_fraction": 1.0, "canonical_time": "15:00", "solar_azimuth_deg": 271.54425686027565, "solar_elevation_deg": 53.21021702250467, "estimated_height_building_count": 3793, "source_type": "derived", "source_reference": "Cached OSM streets intersected with modelled building shadows", "observed_or_estimated": "ESTIMATED", "modelled_or_interpolated": "MODELLED", "timestamp": "2026-10-09T01:39:38.179956+00:00", "assumptions_version": "2026-10-09-prompt-4b-risk-explainability", "computation_mode": "geometric"}, "geometry": {"type": "LineString", "coordinates": [[75.8597841, 22.7150465], [75.8597765, 22.714587000000012], [75.8597551, 22.714333500000002], [75.859683, 22.714065800000004], [75.8595561, 22.7137388]]}}, {"id": "916", "type": "Feature", "properties": {"segment_id": "osm-9790247256-13720039497-0", "length_m": 139.4055558563975, "shade_fraction": 0.0, "exposure_fraction": 1.0, "canonical_time": "15:00", "solar_azimuth_deg": 271.54425686027565, "solar_elevation_deg": 53.21021702250467, "estimated_height_building_count": 3793, "source_type": "derived", "source_reference": "Cached OSM streets intersected with modelled building shadows", "observed_or_estimated": "ESTIMATED", "modelled_or_interpolated": "MODELLED", "timestamp": "2026-10-09T01:39:38.179956+00:00", "assumptions_version": "2026-10-09-prompt-4b-risk-explainability", "computation_mode": "geometric"}, "geometry": {"type": "LineString", "coordinates": [[75.8597841, 22.7150465], [75.8597357, 22.7151259], [75.8596137, 22.7161889], [75.8596452, 22.7162835]]}}, {"id": "917", "type": "Feature", "properties": {"segment_id": "osm-9790247256-13720039497-1", "length_m": 139.2520759694672, "shade_fraction": 0.0, "exposure_fraction": 1.0, "canonical_time": "15:00", "solar_azimuth_deg": 271.54425686027565, "solar_elevation_deg": 53.21021702250467, "estimated_height_building_count": 3793, "source_type": "derived", "source_reference": "Cached OSM streets intersected with modelled building shadows", "observed_or_estimated": "ESTIMATED", "modelled_or_interpolated": "MODELLED", "timestamp": "2026-10-09T01:39:38.179956+00:00", "assumptions_version": "2026-10-09-prompt-4b-risk-explainability", "computation_mode": "geometric"}, "geometry": {"type": "LineString", "coordinates": [[75.8597841, 22.7150465], [75.8598118, 22.715134600000003], [75.8596922, 22.716206200000002], [75.8596452, 22.7162835]]}}, {"id": "918", "type": "Feature", "properties": {"segment_id": "osm-10292786102-3665594025-0", "length_m": 61.75692380475522, "shade_fraction": 0.0, "exposure_fraction": 1.0, "canonical_time": "15:00", "solar_azimuth_deg": 271.54425686027565, "solar_elevation_deg": 53.21021702250467, "estimated_height_building_count": 3793, "source_type": "derived", "source_reference": "Cached OSM streets intersected with modelled building shadows", "observed_or_estimated": "ESTIMATED", "modelled_or_interpolated": "MODELLED", "timestamp": "2026-10-09T01:39:38.179956+00:00", "assumptions_version": "2026-10-09-prompt-4b-risk-explainability", "computation_mode": "geometric"}, "geometry": {"type": "LineString", "coordinates": [[75.8523885, 22.721569000000002], [75.8517937, 22.721651]]}}, {"id": "919", "type": "Feature", "properties": {"segment_id": "osm-10292786102-3665539322-0", "length_m": 31.19403265430197, "shade_fraction": 0.0, "exposure_fraction": 1.0, "canonical_time": "15:00", "solar_azimuth_deg": 271.54425686027565, "solar_elevation_deg": 53.21021702250467, "estimated_height_building_count": 3793, "source_type": "derived", "source_reference": "Cached OSM streets intersected with modelled building shadows", "observed_or_estimated": "ESTIMATED", "modelled_or_interpolated": "MODELLED", "timestamp": "2026-10-09T01:39:38.179956+00:00", "assumptions_version": "2026-10-09-prompt-4b-risk-explainability", "computation_mode": "geometric"}, "geometry": {"type": "LineString", "coordinates": [[75.8523885, 22.721569000000002], [75.8525691, 22.7214777], [75.8526636, 22.7214534]]}}, {"id": "920", "type": "Feature", "properties": {"segment_id": "osm-10292786102-8477883142-0", "length_m": 129.26651832115652, "shade_fraction": 0.15292535689418577, "exposure_fraction": 0.8470746431058143, "canonical_time": "15:00", "solar_azimuth_deg": 271.54425686027565, "solar_elevation_deg": 53.21021702250467, "estimated_height_building_count": 3793, "source_type": "derived", "source_reference": "Cached OSM streets intersected with modelled building shadows", "observed_or_estimated": "ESTIMATED", "modelled_or_interpolated": "MODELLED", "timestamp": "2026-10-09T01:39:38.179956+00:00", "assumptions_version": "2026-10-09-prompt-4b-risk-explainability", "computation_mode": "geometric"}, "geometry": {"type": "LineString", "coordinates": [[75.8523885, 22.721569000000002], [75.8524225, 22.721711900000003], [75.8524179, 22.721777], [75.85246340000002, 22.721775899999994], [75.8528102, 22.721735499999994], [75.8528415, 22.721762600000005], [75.8528552, 22.72185939999999], [75.8528753, 22.7218877], [75.8529308, 22.72190719999999], [75.8533224, 22.7219118]]}}, {"id": "921", "type": "Feature", "properties": {"segment_id": "osm-11153056521-8461059612-0", "length_m": 17.129041906734315, "shade_fraction": 0.0, "exposure_fraction": 1.0, "canonical_time": "15:00", "solar_azimuth_deg": 271.54425686027565, "solar_elevation_deg": 53.21021702250467, "estimated_height_building_count": 3793, "source_type": "derived", "source_reference": "Cached OSM streets intersected with modelled building shadows", "observed_or_estimated": "ESTIMATED", "modelled_or_interpolated": "MODELLED", "timestamp": "2026-10-09T01:39:38.179956+00:00", "assumptions_version": "2026-10-09-prompt-4b-risk-explainability", "computation_mode": "geometric"}, "geometry": {"type": "LineString", "coordinates": [[75.8596493, 22.7165995], [75.859656, 22.716444900000006]]}}, {"id": "922", "type": "Feature", "properties": {"segment_id": "osm-11153056521-8478005594-0", "length_m": 168.97769878557605, "shade_fraction": 0.0, "exposure_fraction": 1.0, "canonical_time": "15:00", "solar_azimuth_deg": 271.54425686027565, "solar_elevation_deg": 53.21021702250467, "estimated_height_building_count": 3793, "source_type": "derived", "source_reference": "Cached OSM streets intersected with modelled building shadows", "observed_or_estimated": "ESTIMATED", "modelled_or_interpolated": "MODELLED", "timestamp": "2026-10-09T01:39:38.179956+00:00", "assumptions_version": "2026-10-09-prompt-4b-risk-explainability", "computation_mode": "geometric"}, "geometry": {"type": "LineString", "coordinates": [[75.8596493, 22.7165995], [75.8596671, 22.7166541], [75.8595704, 22.717096799999993], [75.85948580000002, 22.717407399999992], [75.8594708, 22.717635399999992], [75.8595206, 22.71802859999999], [75.8595227, 22.71810149999999]]}}, {"id": "923", "type": "Feature", "properties": {"segment_id": "osm-11153056521-2025111077-0", "length_m": 169.8661901231822, "shade_fraction": 0.0, "exposure_fraction": 1.0, "canonical_time": "15:00", "solar_azimuth_deg": 271.54425686027565, "solar_elevation_deg": 53.21021702250467, "estimated_height_building_count": 3793, "source_type": "derived", "source_reference": "Cached OSM streets intersected with modelled building shadows", "observed_or_estimated": "ESTIMATED", "modelled_or_interpolated": "MODELLED", "timestamp": "2026-10-09T01:39:38.179956+00:00", "assumptions_version": "2026-10-09-prompt-4b-risk-explainability", "computation_mode": "geometric"}, "geometry": {"type": "LineString", "coordinates": [[75.8596493, 22.7165995], [75.85961, 22.716635099999994], [75.859394, 22.717312], [75.8593659, 22.71755429999999], [75.859394, 22.71786809999999], [75.8594116, 22.718086399999997]]}}, {"id": "924", "type": "Feature", "properties": {"segment_id": "osm-11153056522-8461059612-0", "length_m": 4.2010679404869435, "shade_fraction": 0.0, "exposure_fraction": 1.0, "canonical_time": "15:00", "solar_azimuth_deg": 271.54425686027565, "solar_elevation_deg": 53.21021702250467, "estimated_height_building_count": 3793, "source_type": "derived", "source_reference": "Cached OSM streets intersected with modelled building shadows", "observed_or_estimated": "ESTIMATED", "modelled_or_interpolated": "MODELLED", "timestamp": "2026-10-09T01:39:38.179956+00:00", "assumptions_version": "2026-10-09-prompt-4b-risk-explainability", "computation_mode": "geometric"}, "geometry": {"type": "LineString", "coordinates": [[75.8596157, 22.7164384], [75.859656, 22.716444900000006]]}}, {"id": "925", "type": "Feature", "properties": {"segment_id": "osm-11153056522-9523323012-0", "length_m": 166.98601772613353, "shade_fraction": 0.0, "exposure_fraction": 1.0, "canonical_time": "15:00", "solar_azimuth_deg": 271.54425686027565, "solar_elevation_deg": 53.21021702250467, "estimated_height_building_count": 3793, "source_type": "derived", "source_reference": "Cached OSM streets intersected with modelled building shadows", "observed_or_estimated": "ESTIMATED", "modelled_or_interpolated": "MODELLED", "timestamp": "2026-10-09T01:39:38.179956+00:00", "assumptions_version": "2026-10-09-prompt-4b-risk-explainability", "computation_mode": "geometric"}, "geometry": {"type": "LineString", "coordinates": [[75.8596157, 22.7164384], [75.8595606, 22.716401], [75.8595052, 22.7164022], [75.8590185, 22.716376000000004], [75.8588561, 22.716375199999995], [75.8585323, 22.71637859999999], [75.8580069, 22.716431299999993]]}}, {"id": "926", "type": "Feature", "properties": {"segment_id": "osm-11153056522-2025019935-0", "length_m": 164.7085400145531, "shade_fraction": 0.0, "exposure_fraction": 1.0, "canonical_time": "15:00", "solar_azimuth_deg": 271.54425686027565, "solar_elevation_deg": 53.21021702250467, "estimated_height_building_count": 3793, "source_type": "derived", "source_reference": "Cached OSM streets intersected with modelled building shadows", "observed_or_estimated": "ESTIMATED", "modelled_or_interpolated": "MODELLED", "timestamp": "2026-10-09T01:39:38.179956+00:00", "assumptions_version": "2026-10-09-prompt-4b-risk-explainability", "computation_mode": "geometric"}, "geometry": {"type": "LineString", "coordinates": [[75.8596157, 22.7164384], [75.8595568, 22.71647009999999], [75.859503, 22.7164661], [75.8590176, 22.716445199999992], [75.8588469, 22.716435600000004], [75.8585682, 22.716427799999995], [75.8580248, 22.7164761]]}}, {"id": "927", "type": "Feature", "properties": {"segment_id": "osm-12504458052-2027156248-0", "length_m": 5.702118310404492, "shade_fraction": 0.0, "exposure_fraction": 1.0, "canonical_time": "15:00", "solar_azimuth_deg": 271.54425686027565, "solar_elevation_deg": 53.21021702250467, "estimated_height_building_count": 3793, "source_type": "derived", "source_reference": "Cached OSM streets intersected with modelled building shadows", "observed_or_estimated": "ESTIMATED", "modelled_or_interpolated": "MODELLED", "timestamp": "2026-10-09T01:39:38.179956+00:00", "assumptions_version": "2026-10-09-prompt-4b-risk-explainability", "computation_mode": "geometric"}, "geometry": {"type": "LineString", "coordinates": [[75.8515593, 22.713680699999994], [75.8515584, 22.713732199999995]]}}, {"id": "928", "type": "Feature", "properties": {"segment_id": "osm-12504458052-12504458055-0", "length_m": 51.66483817455925, "shade_fraction": 0.0, "exposure_fraction": 1.0, "canonical_time": "15:00", "solar_azimuth_deg": 271.54425686027565, "solar_elevation_deg": 53.21021702250467, "estimated_height_building_count": 3793, "source_type": "derived", "source_reference": "Cached OSM streets intersected with modelled building shadows", "observed_or_estimated": "ESTIMATED", "modelled_or_interpolated": "MODELLED", "timestamp": "2026-10-09T01:39:38.179956+00:00", "assumptions_version": "2026-10-09-prompt-4b-risk-explainability", "computation_mode": "geometric"}, "geometry": {"type": "LineString", "coordinates": [[75.8515593, 22.713680699999994], [75.8518358, 22.713692599999998], [75.851971, 22.71370350000001], [75.8520606, 22.713715499999985]]}}, {"id": "929", "type": "Feature", "properties": {"segment_id": "osm-12504458055-2027156252-0", "length_m": 6.818056674012589, "shade_fraction": 0.0, "exposure_fraction": 1.0, "canonical_time": "15:00", "solar_azimuth_deg": 271.54425686027565, "solar_elevation_deg": 53.21021702250467, "estimated_height_building_count": 3793, "source_type": "derived", "source_reference": "Cached OSM streets intersected with modelled building shadows", "observed_or_estimated": "ESTIMATED", "modelled_or_interpolated": "MODELLED", "timestamp": "2026-10-09T01:39:38.179956+00:00", "assumptions_version": "2026-10-09-prompt-4b-risk-explainability", "computation_mode": "geometric"}, "geometry": {"type": "LineString", "coordinates": [[75.8520606, 22.713715499999985], [75.8520471, 22.713775800000004]]}}, {"id": "930", "type": "Feature", "properties": {"segment_id": "osm-12504458055-12504458052-0", "length_m": 51.66483817455925, "shade_fraction": 0.0, "exposure_fraction": 1.0, "canonical_time": "15:00", "solar_azimuth_deg": 271.54425686027565, "solar_elevation_deg": 53.21021702250467, "estimated_height_building_count": 3793, "source_type": "derived", "source_reference": "Cached OSM streets intersected with modelled building shadows", "observed_or_estimated": "ESTIMATED", "modelled_or_interpolated": "MODELLED", "timestamp": "2026-10-09T01:39:38.179956+00:00", "assumptions_version": "2026-10-09-prompt-4b-risk-explainability", "computation_mode": "geometric"}, "geometry": {"type": "LineString", "coordinates": [[75.8520606, 22.713715499999985], [75.851971, 22.71370350000001], [75.8518358, 22.713692599999998], [75.8515593, 22.713680699999994]]}}, {"id": "931", "type": "Feature", "properties": {"segment_id": "osm-12504458055-12504458061-0", "length_m": 65.07414466953259, "shade_fraction": 0.0, "exposure_fraction": 1.0, "canonical_time": "15:00", "solar_azimuth_deg": 271.54425686027565, "solar_elevation_deg": 53.21021702250467, "estimated_height_building_count": 3793, "source_type": "derived", "source_reference": "Cached OSM streets intersected with modelled building shadows", "observed_or_estimated": "ESTIMATED", "modelled_or_interpolated": "MODELLED", "timestamp": "2026-10-09T01:39:38.179956+00:00", "assumptions_version": "2026-10-09-prompt-4b-risk-explainability", "computation_mode": "geometric"}, "geometry": {"type": "LineString", "coordinates": [[75.8520606, 22.713715499999985], [75.8521126, 22.713724299999996], [75.8522102, 22.713745099999986], [75.85228, 22.713799499999993], [75.8524162, 22.7139321], [75.8524516, 22.713997499999994], [75.8525036, 22.7140907]]}}, {"id": "932", "type": "Feature", "properties": {"segment_id": "osm-12504458061-2027156304-0", "length_m": 7.761076270625, "shade_fraction": 0.0, "exposure_fraction": 1.0, "canonical_time": "15:00", "solar_azimuth_deg": 271.54425686027565, "solar_elevation_deg": 53.21021702250467, "estimated_height_building_count": 3793, "source_type": "derived", "source_reference": "Cached OSM streets intersected with modelled building shadows", "observed_or_estimated": "ESTIMATED", "modelled_or_interpolated": "MODELLED", "timestamp": "2026-10-09T01:39:38.179956+00:00", "assumptions_version": "2026-10-09-prompt-4b-risk-explainability", "computation_mode": "geometric"}, "geometry": {"type": "LineString", "coordinates": [[75.8525036, 22.7140907], [75.8524326, 22.71406669999999]]}}, {"id": "933", "type": "Feature", "properties": {"segment_id": "osm-12504458061-2027156359-0", "length_m": 128.49761070538693, "shade_fraction": 0.0, "exposure_fraction": 1.0, "canonical_time": "15:00", "solar_azimuth_deg": 271.54425686027565, "solar_elevation_deg": 53.21021702250467, "estimated_height_building_count": 3793, "source_type": "derived", "source_reference": "Cached OSM streets intersected with modelled building shadows", "observed_or_estimated": "ESTIMATED", "modelled_or_interpolated": "MODELLED", "timestamp": "2026-10-09T01:39:38.179956+00:00", "assumptions_version": "2026-10-09-prompt-4b-risk-explainability", "computation_mode": "geometric"}, "geometry": {"type": "LineString", "coordinates": [[75.8525036, 22.7140907], [75.8528561, 22.714210299999998], [75.8533019, 22.7144308], [75.8536272, 22.7145955]]}}, {"id": "934", "type": "Feature", "properties": {"segment_id": "osm-12504458061-12504458055-0", "length_m": 65.07414466953259, "shade_fraction": 0.0, "exposure_fraction": 1.0, "canonical_time": "15:00", "solar_azimuth_deg": 271.54425686027565, "solar_elevation_deg": 53.21021702250467, "estimated_height_building_count": 3793, "source_type": "derived", "source_reference": "Cached OSM streets intersected with modelled building shadows", "observed_or_estimated": "ESTIMATED", "modelled_or_interpolated": "MODELLED", "timestamp": "2026-10-09T01:39:38.179956+00:00", "assumptions_version": "2026-10-09-prompt-4b-risk-explainability", "computation_mode": "geometric"}, "geometry": {"type": "LineString", "coordinates": [[75.8525036, 22.7140907], [75.8524516, 22.713997499999994], [75.8524162, 22.7139321], [75.85228, 22.713799499999993], [75.8522102, 22.713745099999986], [75.8521126, 22.713724299999996], [75.8520606, 22.713715499999985]]}}, {"id": "935", "type": "Feature", "properties": {"segment_id": "osm-12778907738-8460772819-0", "length_m": 76.96356149318987, "shade_fraction": 0.0, "exposure_fraction": 1.0, "canonical_time": "15:00", "solar_azimuth_deg": 271.54425686027565, "solar_elevation_deg": 53.21021702250467, "estimated_height_building_count": 3793, "source_type": "derived", "source_reference": "Cached OSM streets intersected with modelled building shadows", "observed_or_estimated": "ESTIMATED", "modelled_or_interpolated": "MODELLED", "timestamp": "2026-10-09T01:39:38.179956+00:00", "assumptions_version": "2026-10-09-prompt-4b-risk-explainability", "computation_mode": "geometric"}, "geometry": {"type": "LineString", "coordinates": [[75.8561379, 22.714994799999996], [75.85601540000002, 22.7149636], [75.8557328, 22.714937699999997], [75.85564530000002, 22.71492909999999], [75.8555538, 22.714902399999993], [75.8553994, 22.714898900000005]]}}, {"id": "936", "type": "Feature", "properties": {"segment_id": "osm-13720039497-8461059612-0", "length_m": 17.902413386407993, "shade_fraction": 0.0, "exposure_fraction": 1.0, "canonical_time": "15:00", "solar_azimuth_deg": 271.54425686027565, "solar_elevation_deg": 53.21021702250467, "estimated_height_building_count": 3793, "source_type": "derived", "source_reference": "Cached OSM streets intersected with modelled building shadows", "observed_or_estimated": "ESTIMATED", "modelled_or_interpolated": "MODELLED", "timestamp": "2026-10-09T01:39:38.179956+00:00", "assumptions_version": "2026-10-09-prompt-4b-risk-explainability", "computation_mode": "geometric"}, "geometry": {"type": "LineString", "coordinates": [[75.8596452, 22.7162835], [75.859656, 22.716444900000006]]}}, {"id": "937", "type": "Feature", "properties": {"segment_id": "osm-13720039497-9790247256-0", "length_m": 139.4055558563975, "shade_fraction": 0.0, "exposure_fraction": 1.0, "canonical_time": "15:00", "solar_azimuth_deg": 271.54425686027565, "solar_elevation_deg": 53.21021702250467, "estimated_height_building_count": 3793, "source_type": "derived", "source_reference": "Cached OSM streets intersected with modelled building shadows", "observed_or_estimated": "ESTIMATED", "modelled_or_interpolated": "MODELLED", "timestamp": "2026-10-09T01:39:38.179956+00:00", "assumptions_version": "2026-10-09-prompt-4b-risk-explainability", "computation_mode": "geometric"}, "geometry": {"type": "LineString", "coordinates": [[75.8596452, 22.7162835], [75.8596137, 22.7161889], [75.8597357, 22.7151259], [75.8597841, 22.7150465]]}}, {"id": "938", "type": "Feature", "properties": {"segment_id": "osm-13720039497-9790247256-1", "length_m": 139.2520759694672, "shade_fraction": 0.0, "exposure_fraction": 1.0, "canonical_time": "15:00", "solar_azimuth_deg": 271.54425686027565, "solar_elevation_deg": 53.21021702250467, "estimated_height_building_count": 3793, "source_type": "derived", "source_reference": "Cached OSM streets intersected with modelled building shadows", "observed_or_estimated": "ESTIMATED", "modelled_or_interpolated": "MODELLED", "timestamp": "2026-10-09T01:39:38.179956+00:00", "assumptions_version": "2026-10-09-prompt-4b-risk-explainability", "computation_mode": "geometric"}, "geometry": {"type": "LineString", "coordinates": [[75.8596452, 22.7162835], [75.8596922, 22.716206200000002], [75.8598118, 22.715134600000003], [75.8597841, 22.7150465]]}}, {"id": "939", "type": "Feature", "properties": {"segment_id": "osm-13720090021-1807247763-0", "length_m": 33.08773013414899, "shade_fraction": 0.0, "exposure_fraction": 1.0, "canonical_time": "15:00", "solar_azimuth_deg": 271.54425686027565, "solar_elevation_deg": 53.21021702250467, "estimated_height_building_count": 3793, "source_type": "derived", "source_reference": "Cached OSM streets intersected with modelled building shadows", "observed_or_estimated": "ESTIMATED", "modelled_or_interpolated": "MODELLED", "timestamp": "2026-10-09T01:39:38.179956+00:00", "assumptions_version": "2026-10-09-prompt-4b-risk-explainability", "computation_mode": "geometric"}, "geometry": {"type": "LineString", "coordinates": [[75.8584669, 22.718254], [75.8585841, 22.717975599999992]]}}], "metadata": {"canonical_time": "15:00", "solar": {"canonical_time": "15:00", "azimuth_deg": 271.54425686027565, "elevation_deg": 53.21021702250467, "timestamp": "2026-05-15T15:00:00+05:30"}, "computation_mode": "geometric", "config_version": "2026-10-09-prompt-4b-risk-explainability", "estimated_height_building_count": 3793, "has_estimated_building_heights": true, "geometry_stats": {"invalid_buildings_repaired": 0, "invalid_buildings_skipped": 0, "shadow_buildings_skipped": 0, "invalid_streets_repaired": 0, "invalid_streets_skipped": 0}, "duration_seconds": 3.578373899916187}}