{"type": "FeatureCollection", "features": [{"id": "0", "type": "Feature", "properties": {"segment_id": "osm-1807247763-13720090021-0", "length_m": 33.08773013371622, "road_metadata": "{\"osmid\": 1498123154, \"name\": NaN, \"highway\": \"footway\", \"maxspeed\": NaN, \"oneway\": false}", "source_type": "osm", "source_reference": "OpenStreetMap via OSMnx", "observed_or_estimated": "OBSERVED", "modelled_or_interpolated": "NOT_APPLICABLE", "timestamp": "2026-10-08T20:03:11.244640+00:00", "assumptions_version": "2026-10-09-prompt-1", "computation_mode": "FULL"}, "geometry": {"type": "LineString", "coordinates": [[75.8585841, 22.717975599999995], [75.8584669, 22.718254]]}}, {"id": "1", "type": "Feature", "properties": {"segment_id": "osm-1807247763-2025111077-0", "length_m": 85.87014519880714, "road_metadata": "{\"osmid\": [1498123153, 169557403, 1498123155], \"name\": NaN, \"highway\": [\"service\", \"footway\", \"steps\"], \"maxspeed\": NaN, \"oneway\": false}", "source_type": "osm", "source_reference": "OpenStreetMap via OSMnx", "observed_or_estimated": "OBSERVED", "modelled_or_interpolated": "NOT_APPLICABLE", "timestamp": "2026-10-08T20:03:11.245053+00:00", "assumptions_version": "2026-10-09-prompt-1", "computation_mode": "FULL"}, "geometry": {"type": "LineString", "coordinates": [[75.8585841, 22.717975599999995], [75.8591601, 22.7180551], [75.8592201, 22.7180634], [75.8594116, 22.718086399999997]]}}, {"id": "2", "type": "Feature", "properties": {"segment_id": "osm-1807247763-2025111041-0", "length_m": 34.5805941281501, "road_metadata": "{\"osmid\": 1498123152, \"name\": NaN, \"highway\": \"footway\", \"maxspeed\": NaN, \"oneway\": false}", "source_type": "osm", "source_reference": "OpenStreetMap via OSMnx", "observed_or_estimated": "OBSERVED", "modelled_or_interpolated": "NOT_APPLICABLE", "timestamp": "2026-10-08T20:03:11.245323+00:00", "assumptions_version": "2026-10-09-prompt-1", "computation_mode": "FULL"}, "geometry": {"type": "LineString", "coordinates": [[75.8585841, 22.717975599999995], [75.8585848, 22.717905], [75.8585701, 22.717777400000003], [75.8585289, 22.7176706]]}}, {"id": "3", "type": "Feature", "properties": {"segment_id": "osm-2025019748-2025019765-0", "length_m": 27.9457871197578, "road_metadata": "{\"osmid\": 191943585, \"name\": NaN, \"highway\": \"secondary\", \"maxspeed\": \"20\", \"oneway\": false}", "source_type": "osm", "source_reference": "OpenStreetMap via OSMnx", "observed_or_estimated": "OBSERVED", "modelled_or_interpolated": "NOT_APPLICABLE", "timestamp": "2026-10-08T20:03:11.245570+00:00", "assumptions_version": "2026-10-09-prompt-1", "computation_mode": "FULL"}, "geometry": {"type": "LineString", "coordinates": [[75.8565897, 22.713301900000005], [75.8565992, 22.713373599999997], [75.856599, 22.713442599999997], [75.8565692, 22.713550300000005]]}}, {"id": "4", "type": "Feature", "properties": {"segment_id": "osm-2025019765-2025019779-0", "length_m": 53.015932816917854, "road_metadata": "{\"osmid\": 191943585, \"name\": NaN, \"highway\": \"secondary\", \"maxspeed\": \"20\", \"oneway\": false}", "source_type": "osm", "source_reference": "OpenStreetMap via OSMnx", "observed_or_estimated": "OBSERVED", "modelled_or_interpolated": "NOT_APPLICABLE", "timestamp": "2026-10-08T20:03:11.246096+00:00", "assumptions_version": "2026-10-09-prompt-1", "computation_mode": "FULL"}, "geometry": {"type": "LineString", "coordinates": [[75.8565692, 22.713550300000005], [75.8564639, 22.71368], [75.8563338, 22.713798200000003], [75.8562009, 22.713879300000002]]}}, {"id": "5", "type": "Feature", "properties": {"segment_id": "osm-2025019765-2025019748-0", "length_m": 27.9457871197578, "road_metadata": "{\"osmid\": 191943585, \"name\": NaN, \"highway\": \"secondary\", \"maxspeed\": \"20\", \"oneway\": false}", "source_type": "osm", "source_reference": "OpenStreetMap via OSMnx", "observed_or_estimated": "OBSERVED", "modelled_or_interpolated": "NOT_APPLICABLE", "timestamp": "2026-10-08T20:03:11.246534+00:00", "assumptions_version": "2026-10-09-prompt-1", "computation_mode": "FULL"}, "geometry": {"type": "LineString", "coordinates": [[75.8565692, 22.713550300000005], [75.856599, 22.713442599999997], [75.8565992, 22.713373599999997], [75.8565897, 22.713301900000005]]}}, {"id": "6", "type": "Feature", "properties": {"segment_id": "osm-2025019765-2025019775-0", "length_m": 25.66463860800033, "road_metadata": "{\"osmid\": 1393746962, \"name\": NaN, \"highway\": \"secondary\", \"maxspeed\": NaN, \"oneway\": false}", "source_type": "osm", "source_reference": "OpenStreetMap via OSMnx", "observed_or_estimated": "OBSERVED", "modelled_or_interpolated": "NOT_APPLICABLE", "timestamp": "2026-10-08T20:03:11.246801+00:00", "assumptions_version": "2026-10-09-prompt-1", "computation_mode": "FULL"}, "geometry": {"type": "LineString", "coordinates": [[75.8565692, 22.713550300000005], [75.8565867, 22.7136923], [75.8565872, 22.7137812]]}}, {"id": "7", "type": "Feature", "properties": {"segment_id": "osm-2025019775-2025019791-0", "length_m": 25.252245589901797, "road_metadata": "{\"osmid\": 1393746962, \"name\": NaN, \"highway\": \"secondary\", \"maxspeed\": NaN, \"oneway\": false}", "source_type": "osm", "source_reference": "OpenStreetMap via OSMnx", "observed_or_estimated": "OBSERVED", "modelled_or_interpolated": "NOT_APPLICABLE", "timestamp": "2026-10-08T20:03:11.247045+00:00", "assumptions_version": "2026-10-09-prompt-1", "computation_mode": "FULL"}, "geometry": {"type": "LineString", "coordinates": [[75.8565872, 22.7137812], [75.85658640000001, 22.7140093]]}}, {"id": "8", "type": "Feature", "properties": {"segment_id": "osm-2025019775-2027131406-0", "length_m": 69.7932764794284, "road_metadata": "{\"osmid\": 191943609, \"name\": NaN, \"highway\": \"tertiary\", \"maxspeed\": NaN, \"oneway\": false}", "source_type": "osm", "source_reference": "OpenStreetMap via OSMnx", "observed_or_estimated": "OBSERVED", "modelled_or_interpolated": "NOT_APPLICABLE", "timestamp": "2026-10-08T20:03:11.247286+00:00", "assumptions_version": "2026-10-09-prompt-1", "computation_mode": "FULL"}, "geometry": {"type": "LineString", "coordinates": [[75.8565872, 22.7137812], [75.8567833, 22.713791500000003], [75.8571582, 22.7137991], [75.8572662, 22.713794]]}}, {"id": "9", "type": "Feature", "properties": {"segment_id": "osm-2025019775-2025019765-0", "length_m": 25.66463860800033, "road_metadata": "{\"osmid\": 1393746962, \"name\": NaN, \"highway\": \"secondary\", \"maxspeed\": NaN, \"oneway\": false}", "source_type": "osm", "source_reference": "OpenStreetMap via OSMnx", "observed_or_estimated": "OBSERVED", "modelled_or_interpolated": "NOT_APPLICABLE", "timestamp": "2026-10-08T20:03:11.247717+00:00", "assumptions_version": "2026-10-09-prompt-1", "computation_mode": "FULL"}, "geometry": {"type": "LineString", "coordinates": [[75.8565872, 22.7137812], [75.8565867, 22.7136923], [75.8565692, 22.713550300000005]]}}, {"id": "10", "type": "Feature", "properties": {"segment_id": "osm-2025019779-2025019792-0", "length_m": 18.894733264366266, "road_metadata": "{\"osmid\": 1393746963, \"name\": \"PandhariNath Path\", \"highway\": \"secondary\", \"maxspeed\": \"30\", \"oneway\": false}", "source_type": "osm", "source_reference": "OpenStreetMap via OSMnx", "observed_or_estimated": "OBSERVED", "modelled_or_interpolated": "NOT_APPLICABLE", "timestamp": "2026-10-08T20:03:11.248199+00:00", "assumptions_version": "2026-10-09-prompt-1", "computation_mode": "FULL"}, "geometry": {"type": "LineString", "coordinates": [[75.8562009, 22.713879300000002], [75.8563584, 22.7139675]]}}, {"id": "11", "type": "Feature", "properties": {"segment_id": "osm-2025019779-2025019765-0", "length_m": 53.015932816917854, "road_metadata": "{\"osmid\": 191943585, \"name\": NaN, \"highway\": \"secondary\", \"maxspeed\": \"20\", \"oneway\": false}", "source_type": "osm", "source_reference": "OpenStreetMap via OSMnx", "observed_or_estimated": "OBSERVED", "modelled_or_interpolated": "NOT_APPLICABLE", "timestamp": "2026-10-08T20:03:11.248530+00:00", "assumptions_version": "2026-10-09-prompt-1", "computation_mode": "FULL"}, "geometry": {"type": "LineString", "coordinates": [[75.8562009, 22.713879300000002], [75.8563338, 22.713798200000003], [75.8564639, 22.71368], [75.8565692, 22.713550300000005]]}}, {"id": "12", "type": "Feature", "properties": {"segment_id": "osm-2025019779-2025019820-0", "length_m": 160.57748272162826, "road_metadata": "{\"osmid\": 191943640, \"name\": \"PandhariNath Path\", \"highway\": \"secondary\", \"maxspeed\": \"30\", \"oneway\": false}", "source_type": "osm", "source_reference": "OpenStreetMap via OSMnx", "observed_or_estimated": "OBSERVED", "modelled_or_interpolated": "NOT_APPLICABLE", "timestamp": "2026-10-08T20:03:11.248829+00:00", "assumptions_version": "2026-10-09-prompt-1", "computation_mode": "FULL"}, "geometry": {"type": "LineString", "coordinates": [[75.8562009, 22.713879300000002], [75.8560268, 22.713913999999995], [75.8549446, 22.7144777], [75.8548436, 22.7145733]]}}, {"id": "13", "type": "Feature", "properties": {"segment_id": "osm-2025019791-2025019775-0", "length_m": 25.252245589901797, "road_metadata": "{\"osmid\": 1393746962, \"name\": NaN, \"highway\": \"secondary\", \"maxspeed\": NaN, \"oneway\": false}", "source_type": "osm", "source_reference": "OpenStreetMap via OSMnx", "observed_or_estimated": "OBSERVED", "modelled_or_interpolated": "NOT_APPLICABLE", "timestamp": "2026-10-08T20:03:11.249115+00:00", "assumptions_version": "2026-10-09-prompt-1", "computation_mode": "FULL"}, "geometry": {"type": "LineString", "coordinates": [[75.85658640000001, 22.7140093], [75.8565872, 22.7137812]]}}, {"id": "14", "type": "Feature", "properties": {"segment_id": "osm-2025019791-2025019792-0", "length_m": 23.869818764408326, "road_metadata": "{\"osmid\": 1393746963, \"name\": \"PandhariNath Path\", \"highway\": \"secondary\", \"maxspeed\": \"30\", \"oneway\": false}", "source_type": "osm", "source_reference": "OpenStreetMap via OSMnx", "observed_or_estimated": "OBSERVED", "modelled_or_interpolated": "NOT_APPLICABLE", "timestamp": "2026-10-08T20:03:11.249370+00:00", "assumptions_version": "2026-10-09-prompt-1", "computation_mode": "FULL"}, "geometry": {"type": "LineString", "coordinates": [[75.85658640000001, 22.7140093], [75.8563584, 22.7139675]]}}, {"id": "15", "type": "Feature", "properties": {"segment_id": "osm-2025019791-2025110932-0", "length_m": 119.94555532164969, "road_metadata": "{\"osmid\": 191953035, \"name\": NaN, \"highway\": \"tertiary\", \"maxspeed\": NaN, \"oneway\": false}", "source_type": "osm", "source_reference": "OpenStreetMap via OSMnx", "observed_or_estimated": "OBSERVED", "modelled_or_interpolated": "NOT_APPLICABLE", "timestamp": "2026-10-08T20:03:11.249633+00:00", "assumptions_version": "2026-10-09-prompt-1", "computation_mode": "FULL"}, "geometry": {"type": "LineString", "coordinates": [[75.85658640000001, 22.7140093], [75.8566251, 22.714201499999998], [75.856659, 22.714711699999995], [75.8566025, 22.715084799999996]]}}, {"id": "16", "type": "Feature", "properties": {"segment_id": "osm-2025019792-2025019791-0", "length_m": 23.869818764408326, "road_metadata": "{\"osmid\": 1393746963, \"name\": \"PandhariNath Path\", \"highway\": \"secondary\", \"maxspeed\": \"30\", \"oneway\": false}", "source_type": "osm", "source_reference": "OpenStreetMap via OSMnx", "observed_or_estimated": "OBSERVED", "modelled_or_interpolated": "NOT_APPLICABLE", "timestamp": "2026-10-08T20:03:11.249910+00:00", "assumptions_version": "2026-10-09-prompt-1", "computation_mode": "FULL"}, "geometry": {"type": "LineString", "coordinates": [[75.8563584, 22.7139675], [75.85658640000001, 22.7140093]]}}, {"id": "17", "type": "Feature", "properties": {"segment_id": "osm-2025019792-2025019779-0", "length_m": 18.894733264366266, "road_metadata": "{\"osmid\": 1393746963, \"name\": \"PandhariNath Path\", \"highway\": \"secondary\", \"maxspeed\": \"30\", \"oneway\": false}", "source_type": "osm", "source_reference": "OpenStreetMap via OSMnx", "observed_or_estimated": "OBSERVED", "modelled_or_interpolated": "NOT_APPLICABLE", "timestamp": "2026-10-08T20:03:11.250163+00:00", "assumptions_version": "2026-10-09-prompt-1", "computation_mode": "FULL"}, "geometry": {"type": "LineString", "coordinates": [[75.8563584, 22.7139675], [75.8562009, 22.713879300000002]]}}, {"id": "18", "type": "Feature", "properties": {"segment_id": "osm-2025019792-2027131456-0", "length_m": 178.18312246944294, "road_metadata": "{\"osmid\": 192152698, \"name\": NaN, \"highway\": \"residential\", \"maxspeed\": NaN, \"oneway\": false}", "source_type": "osm", "source_reference": "OpenStreetMap via OSMnx", "observed_or_estimated": "OBSERVED", "modelled_or_interpolated": "NOT_APPLICABLE", "timestamp": "2026-10-08T20:03:11.250392+00:00", "assumptions_version": "2026-10-09-prompt-1", "computation_mode": "FULL"}, "geometry": {"type": "LineString", "coordinates": [[75.8563584, 22.7139675], [75.8561919, 22.714092899999997], [75.8548821, 22.714809200000005]]}}, {"id": "19", "type": "Feature", "properties": {"segment_id": "osm-2025019820-2025019779-0", "length_m": 160.57748272162826, "road_metadata": "{\"osmid\": 191943640, \"name\": \"PandhariNath Path\", \"highway\": \"secondary\", \"maxspeed\": \"30\", \"oneway\": false}", "source_type": "osm", "source_reference": "OpenStreetMap via OSMnx", "observed_or_estimated": "OBSERVED", "modelled_or_interpolated": "NOT_APPLICABLE", "timestamp": "2026-10-08T20:03:11.250757+00:00", "assumptions_version": "2026-10-09-prompt-1", "computation_mode": "FULL"}, "geometry": {"type": "LineString", "coordinates": [[75.8548436, 22.7145733], [75.8549446, 22.7144777], [75.8560268, 22.713913999999995], [75.8562009, 22.713879300000002]]}}, {"id": "20", "type": "Feature", "properties": {"segment_id": "osm-2025019820-2027032511-0", "length_m": 52.33148708792133, "road_metadata": "{\"osmid\": [192141513, 192141514], \"name\": \"Machhi Bazar bridge\", \"highway\": \"secondary\", \"maxspeed\": NaN, \"oneway\": false}", "source_type": "osm", "source_reference": "OpenStreetMap via OSMnx", "observed_or_estimated": "OBSERVED", "modelled_or_interpolated": "NOT_APPLICABLE", "timestamp": "2026-10-08T20:03:11.251026+00:00", "assumptions_version": "2026-10-09-prompt-1", "computation_mode": "FULL"}, "geometry": {"type": "LineString", "coordinates": [[75.8548436, 22.7145733], [75.8547646, 22.714391800000005], [75.8546563, 22.7141337]]}}, {"id": "21", "type": "Feature", "properties": {"segment_id": "osm-2025019820-2027156359-0", "length_m": 125.35912765404468, "road_metadata": "{\"osmid\": 192154552, \"name\": \"Kadavghat road\", \"highway\": \"residential\", \"maxspeed\": \"30\", \"oneway\": false}", "source_type": "osm", "source_reference": "OpenStreetMap via OSMnx", "observed_or_estimated": "OBSERVED", "modelled_or_interpolated": "NOT_APPLICABLE", "timestamp": "2026-10-08T20:03:11.251273+00:00", "assumptions_version": "2026-10-09-prompt-1", "computation_mode": "FULL"}, "geometry": {"type": "LineString", "coordinates": [[75.8548436, 22.7145733], [75.8547185, 22.71456779999999], [75.8542483, 22.714620599999993], [75.8537543, 22.7146018], [75.8536272, 22.7145955]]}}, {"id": "22", "type": "Feature", "properties": {"segment_id": "osm-2025019820-2027131456-0", "length_m": 29.848252360095394, "road_metadata": "{\"osmid\": 1033702566, \"name\": NaN, \"highway\": \"secondary\", \"maxspeed\": NaN, \"oneway\": false}", "source_type": "osm", "source_reference": "OpenStreetMap via OSMnx", "observed_or_estimated": "OBSERVED", "modelled_or_interpolated": "NOT_APPLICABLE", "timestamp": "2026-10-08T20:03:11.251539+00:00", "assumptions_version": "2026-10-09-prompt-1", "computation_mode": "FULL"}, "geometry": {"type": "LineString", "coordinates": [[75.8548436, 22.7145733], [75.8548044, 22.7146338], [75.854812, 22.7147035], [75.854827, 22.7147594], [75.8548821, 22.714809200000005]]}}, {"id": "23", "type": "Feature", "properties": {"segment_id": "osm-2025019820-2027131456-1", "length_m": 28.329725238819364, "road_metadata": "{\"osmid\": 1033702567, \"name\": NaN, \"highway\": \"secondary\", \"maxspeed\": NaN, \"oneway\": false}", "source_type": "osm", "source_reference": "OpenStreetMap via OSMnx", "observed_or_estimated": "OBSERVED", "modelled_or_interpolated": "NOT_APPLICABLE", "timestamp": "2026-10-08T20:03:11.251810+00:00", "assumptions_version": "2026-10-09-prompt-1", "computation_mode": "FULL"}, "geometry": {"type": "LineString", "coordinates": [[75.8548436, 22.7145733], [75.8548912, 22.714625299999998], [75.8548988, 22.714695799999994], [75.8549038, 22.7147479], [75.8548821, 22.714809200000005]]}}, {"id": "24", "type": "Feature", "properties": {"segment_id": "osm-2025019935-9523323012-0", "length_m": 5.289406819510502, "road_metadata": "{\"osmid\": 1033702570, \"name\": NaN, \"highway\": \"tertiary\", \"maxspeed\": NaN, \"oneway\": false}", "source_type": "osm", "source_reference": "OpenStreetMap via OSMnx", "observed_or_estimated": "OBSERVED", "modelled_or_interpolated": "NOT_APPLICABLE", "timestamp": "2026-10-08T20:03:11.252076+00:00", "assumptions_version": "2026-10-09-prompt-1", "computation_mode": "FULL"}, "geometry": {"type": "LineString", "coordinates": [[75.8580248, 22.7164761], [75.8580069, 22.716431299999996]]}}, {"id": "25", "type": "Feature", "properties": {"segment_id": "osm-2025019935-11153056522-0", "length_m": 164.70854001477244, "road_metadata": "{\"osmid\": [912624080, 911224177, 1033702578], \"name\": \"Jawahar Marg\", \"highway\": \"secondary\", \"maxspeed\": \"30\", \"oneway\": false}", "source_type": "osm", "source_reference": "OpenStreetMap via OSMnx", "observed_or_estimated": "OBSERVED", "modelled_or_interpolated": "NOT_APPLICABLE", "timestamp": "2026-10-08T20:03:11.252319+00:00", "assumptions_version": "2026-10-09-prompt-1", "computation_mode": "FULL"}, "geometry": {"type": "LineString", "coordinates": [[75.8580248, 22.7164761], [75.8585682, 22.716427799999998], [75.8588469, 22.716435600000004], [75.8590176, 22.716445199999995], [75.859503, 22.7164661], [75.8595568, 22.716470099999995], [75.8596157, 22.7164384]]}}, {"id": "26", "type": "Feature", "properties": {"segment_id": "osm-2025019935-2025019943-0", "length_m": 37.018522292088086, "road_metadata": "{\"osmid\": 1033702560, \"name\": \"Jawahar Marg\", \"highway\": \"secondary\", \"maxspeed\": \"30\", \"oneway\": false}", "source_type": "osm", "source_reference": "OpenStreetMap via OSMnx", "observed_or_estimated": "OBSERVED", "modelled_or_interpolated": "NOT_APPLICABLE", "timestamp": "2026-10-08T20:03:11.252551+00:00", "assumptions_version": "2026-10-09-prompt-1", "computation_mode": "FULL"}, "geometry": {"type": "LineString", "coordinates": [[75.8580248, 22.7164761], [75.8579624, 22.7164811], [75.8576651, 22.716497199999992]]}}, {"id": "27", "type": "Feature", "properties": {"segment_id": "osm-2025019935-2025110993-0", "length_m": 51.3401147366569, "road_metadata": "{\"osmid\": 1033702570, \"name\": NaN, \"highway\": \"tertiary\", \"maxspeed\": NaN, \"oneway\": false}", "source_type": "osm", "source_reference": "OpenStreetMap via OSMnx", "observed_or_estimated": "OBSERVED", "modelled_or_interpolated": "NOT_APPLICABLE", "timestamp": "2026-10-08T20:03:11.252775+00:00", "assumptions_version": "2026-10-09-prompt-1", "computation_mode": "FULL"}, "geometry": {"type": "LineString", "coordinates": [[75.8580248, 22.7164761], [75.858171, 22.716844800000004], [75.8581831, 22.716914799999998]]}}, {"id": "28", "type": "Feature", "properties": {"segment_id": "osm-2025019937-2027156534-0", "length_m": 42.07312904894833, "road_metadata": "{\"osmid\": 191943295, \"name\": \"Jawahar Marg\", \"highway\": \"secondary\", \"maxspeed\": \"30\", \"oneway\": false}", "source_type": "osm", "source_reference": "OpenStreetMap via OSMnx", "observed_or_estimated": "OBSERVED", "modelled_or_interpolated": "NOT_APPLICABLE", "timestamp": "2026-10-08T20:03:11.253017+00:00", "assumptions_version": "2026-10-09-prompt-1", "computation_mode": "FULL"}, "geometry": {"type": "LineString", "coordinates": [[75.85502400000001, 22.716367600000005], [75.8546216, 22.716296399999997]]}}, {"id": "29", "type": "Feature", "properties": {"segment_id": "osm-2025019937-9523322987-0", "length_m": 40.34589257984498, "road_metadata": "{\"osmid\": 1033702561, \"name\": NaN, \"highway\": \"secondary\", \"maxspeed\": NaN, \"oneway\": false}", "source_type": "osm", "source_reference": "OpenStreetMap via OSMnx", "observed_or_estimated": "OBSERVED", "modelled_or_interpolated": "NOT_APPLICABLE", "timestamp": "2026-10-08T20:03:11.253237+00:00", "assumptions_version": "2026-10-09-prompt-1", "computation_mode": "FULL"}, "geometry": {"type": "LineString", "coordinates": [[75.85502400000001, 22.716367600000005], [75.855117, 22.716401099999995], [75.8554088, 22.71642639999999]]}}, {"id": "30", "type": "Feature", "properties": {"segment_id": "osm-2025019937-9523322989-0", "length_m": 39.09054266750189, "road_metadata": "{\"osmid\": 1033702562, \"name\": NaN, \"highway\": \"secondary\", \"maxspeed\": NaN, \"oneway\": false}", "source_type": "osm", "source_reference": "OpenStreetMap via OSMnx", "observed_or_estimated": "OBSERVED", "modelled_or_interpolated": "NOT_APPLICABLE", "timestamp": "2026-10-08T20:03:11.253460+00:00", "assumptions_version": "2026-10-09-prompt-1", "computation_mode": "FULL"}, "geometry": {"type": "LineString", "coordinates": [[75.85502400000001, 22.716367600000005], [75.8551241, 22.7163618], [75.8554037, 22.716380400000002]]}}, {"id": "31", "type": "Feature", "properties": {"segment_id": "osm-2025019941-9523322985-0", "length_m": 33.07235873963121, "road_metadata": "{\"osmid\": 1033702560, \"name\": \"Jawahar Marg\", \"highway\": \"secondary\", \"maxspeed\": \"30\", \"oneway\": false}", "source_type": "osm", "source_reference": "OpenStreetMap via OSMnx", "observed_or_estimated": "OBSERVED", "modelled_or_interpolated": "NOT_APPLICABLE", "timestamp": "2026-10-08T20:03:11.253681+00:00", "assumptions_version": "2026-10-09-prompt-1", "computation_mode": "FULL"}, "geometry": {"type": "LineString", "coordinates": [[75.8565036, 22.716447699999996], [75.8561842, 22.716409699999996]]}}, {"id": "32", "type": "Feature", "properties": {"segment_id": "osm-2025019941-2025110981-0", "length_m": 61.75807804962516, "road_metadata": "{\"osmid\": 747966100, \"name\": NaN, \"highway\": \"residential\", \"maxspeed\": NaN, \"oneway\": false}", "source_type": "osm", "source_reference": "OpenStreetMap via OSMnx", "observed_or_estimated": "OBSERVED", "modelled_or_interpolated": "NOT_APPLICABLE", "timestamp": "2026-10-08T20:03:11.253903+00:00", "assumptions_version": "2026-10-09-prompt-1", "computation_mode": "FULL"}, "geometry": {"type": "LineString", "coordinates": [[75.8565036, 22.716447699999996], [75.8564812, 22.716667899999994], [75.8568435, 22.7166874]]}}, {"id": "33", "type": "Feature", "properties": {"segment_id": "osm-2025019941-2025019943-0", "length_m": 119.43803758059585, "road_metadata": "{\"osmid\": 1033702560, \"name\": \"Jawahar Marg\", \"highway\": \"secondary\", \"maxspeed\": \"30\", \"oneway\": false}", "source_type": "osm", "source_reference": "OpenStreetMap via OSMnx", "observed_or_estimated": "OBSERVED", "modelled_or_interpolated": "NOT_APPLICABLE", "timestamp": "2026-10-08T20:03:11.254125+00:00", "assumptions_version": "2026-10-09-prompt-1", "computation_mode": "FULL"}, "geometry": {"type": "LineString", "coordinates": [[75.8565036, 22.716447699999996], [75.8570931, 22.7164793], [75.8573819, 22.716482799999994], [75.8576651, 22.716497199999992]]}}, {"id": "34", "type": "Feature", "properties": {"segment_id": "osm-2025019943-2025110981-0", "length_m": 105.90723860949912, "road_metadata": "{\"osmid\": 747966100, \"name\": NaN, \"highway\": \"residential\", \"maxspeed\": NaN, \"oneway\": false}", "source_type": "osm", "source_reference": "OpenStreetMap via OSMnx", "observed_or_estimated": "OBSERVED", "modelled_or_interpolated": "NOT_APPLICABLE", "timestamp": "2026-10-08T20:03:11.254356+00:00", "assumptions_version": "2026-10-09-prompt-1", "computation_mode": "FULL"}, "geometry": {"type": "LineString", "coordinates": [[75.8576651, 22.716497199999992], [75.8576332, 22.716718600000004], [75.8568435, 22.7166874]]}}, {"id": "35", "type": "Feature", "properties": {"segment_id": "osm-2025019943-2025019935-0", "length_m": 37.018522292088086, "road_metadata": "{\"osmid\": 1033702560, \"name\": \"Jawahar Marg\", \"highway\": \"secondary\", \"maxspeed\": \"30\", \"oneway\": false}", "source_type": "osm", "source_reference": "OpenStreetMap via OSMnx", "observed_or_estimated": "OBSERVED", "modelled_or_interpolated": "NOT_APPLICABLE", "timestamp": "2026-10-08T20:03:11.254576+00:00", "assumptions_version": "2026-10-09-prompt-1", "computation_mode": "FULL"}, "geometry": {"type": "LineString", "coordinates": [[75.8576651, 22.716497199999992], [75.8579624, 22.7164811], [75.8580248, 22.7164761]]}}, {"id": "36", "type": "Feature", "properties": {"segment_id": "osm-2025019943-2025019941-0", "length_m": 119.43803758059585, "road_metadata": "{\"osmid\": 1033702560, \"name\": \"Jawahar Marg\", \"highway\": \"secondary\", \"maxspeed\": \"30\", \"oneway\": false}", "source_type": "osm", "source_reference": "OpenStreetMap via OSMnx", "observed_or_estimated": "OBSERVED", "modelled_or_interpolated": "NOT_APPLICABLE", "timestamp": "2026-10-08T20:03:11.254797+00:00", "assumptions_version": "2026-10-09-prompt-1", "computation_mode": "FULL"}, "geometry": {"type": "LineString", "coordinates": [[75.8576651, 22.716497199999992], [75.8573819, 22.716482799999994], [75.8570931, 22.7164793], [75.8565036, 22.716447699999996]]}}, {"id": "37", "type": "Feature", "properties": {"segment_id": "osm-2025020003-3734496685-0", "length_m": 10.935980574797753, "road_metadata": "{\"osmid\": 369676961, \"name\": \"Bohara Bazar\", \"highway\": \"residential\", \"maxspeed\": \"20\", \"oneway\": false}", "source_type": "osm", "source_reference": "OpenStreetMap via OSMnx", "observed_or_estimated": "OBSERVED", "modelled_or_interpolated": "NOT_APPLICABLE", "timestamp": "2026-10-08T20:03:11.255016+00:00", "assumptions_version": "2026-10-09-prompt-1", "computation_mode": "FULL"}, "geometry": {"type": "LineString", "coordinates": [[75.8511287, 22.717937599999996], [75.851159, 22.7180323]]}}, {"id": "38", "type": "Feature", "properties": {"segment_id": "osm-2025020003-6611316218-0", "length_m": 143.1185327064953, "road_metadata": "{\"osmid\": 369676961, \"name\": \"Bohara Bazar\", \"highway\": \"residential\", \"maxspeed\": \"20\", \"oneway\": false}", "source_type": "osm", "source_reference": "OpenStreetMap via OSMnx", "observed_or_estimated": "OBSERVED", "modelled_or_interpolated": "NOT_APPLICABLE", "timestamp": "2026-10-08T20:03:11.255238+00:00", "assumptions_version": "2026-10-09-prompt-1", "computation_mode": "FULL"}, "geometry": {"type": "LineString", "coordinates": [[75.8511287, 22.717937599999996], [75.8510792, 22.7178883], [75.8510559, 22.717808400000003], [75.851043, 22.717598299999995], [75.851037, 22.717218], [75.8510191, 22.7166664]]}}, {"id": "39", "type": "Feature", "properties": {"segment_id": "osm-2025020003-3734496680-0", "length_m": 98.39275145023855, "road_metadata": "{\"osmid\": 369999762, \"name\": \"Sarafa Street\", \"highway\": \"residential\", \"maxspeed\": \"20\", \"oneway\": false}", "source_type": "osm", "source_reference": "OpenStreetMap via OSMnx", "observed_or_estimated": "OBSERVED", "modelled_or_interpolated": "NOT_APPLICABLE", "timestamp": "2026-10-08T20:03:11.255460+00:00", "assumptions_version": "2026-10-09-prompt-1", "computation_mode": "FULL"}, "geometry": {"type": "LineString", "coordinates": [[75.8511287, 22.717937599999996], [75.8513458, 22.7178984], [75.8520809, 22.717945600000004]]}}, {"id": "40", "type": "Feature", "properties": {"segment_id": "osm-2025020019-9523322983-0", "length_m": 23.35601934920124, "road_metadata": "{\"osmid\": 1033702558, \"name\": \"Prince Yashwant Road\", \"highway\": \"secondary\", \"maxspeed\": \"20\", \"oneway\": false}", "source_type": "osm", "source_reference": "OpenStreetMap via OSMnx", "observed_or_estimated": "OBSERVED", "modelled_or_interpolated": "NOT_APPLICABLE", "timestamp": "2026-10-08T20:03:11.255684+00:00", "assumptions_version": "2026-10-09-prompt-1", "computation_mode": "FULL"}, "geometry": {"type": "LineString", "coordinates": [[75.85557, 22.7181452], [75.8555792, 22.717934399999997]]}}, {"id": "41", "type": "Feature", "properties": {"segment_id": "osm-2025020019-2025020021-0", "length_m": 19.519097316085947, "road_metadata": "{\"osmid\": 191943472, \"name\": \"Rajwada Square\", \"highway\": \"secondary\", \"maxspeed\": \"20\", \"oneway\": false}", "source_type": "osm", "source_reference": "OpenStreetMap via OSMnx", "observed_or_estimated": "OBSERVED", "modelled_or_interpolated": "NOT_APPLICABLE", "timestamp": "2026-10-08T20:03:11.255906+00:00", "assumptions_version": "2026-10-09-prompt-1", "computation_mode": "FULL"}, "geometry": {"type": "LineString", "coordinates": [[75.85557, 22.7181452], [75.8554789, 22.7181508], [75.8554029, 22.718209300000005]]}}, {"id": "42", "type": "Feature", "properties": {"segment_id": "osm-2025020019-8461059601-0", "length_m": 32.64849986587634, "road_metadata": "{\"osmid\": 191943472, \"name\": \"Rajwada Square\", \"highway\": \"secondary\", \"maxspeed\": \"20\", \"oneway\": false}", "source_type": "osm", "source_reference": "OpenStreetMap via OSMnx", "observed_or_estimated": "OBSERVED", "modelled_or_interpolated": "NOT_APPLICABLE", "timestamp": "2026-10-08T20:03:11.256127+00:00", "assumptions_version": "2026-10-09-prompt-1", "computation_mode": "FULL"}, "geometry": {"type": "LineString", "coordinates": [[75.85557, 22.7181452], [75.8556232, 22.718168000000002], [75.8558428, 22.718295900000005]]}}, {"id": "43", "type": "Feature", "properties": {"segment_id": "osm-2025020021-2025020055-0", "length_m": 68.68641329288015, "road_metadata": "{\"osmid\": 191943472, \"name\": \"Rajwada Square\", \"highway\": \"secondary\", \"maxspeed\": \"20\", \"oneway\": false}", "source_type": "osm", "source_reference": "OpenStreetMap via OSMnx", "observed_or_estimated": "OBSERVED", "modelled_or_interpolated": "NOT_APPLICABLE", "timestamp": "2026-10-08T20:03:11.256357+00:00", "assumptions_version": "2026-10-09-prompt-1", "computation_mode": "FULL"}, "geometry": {"type": "LineString", "coordinates": [[75.8554029, 22.718209300000005], [75.8553681, 22.7182687], [75.8553533, 22.718366399999997], [75.855352, 22.7184542], [75.8553641, 22.7186113], [75.8553788, 22.718727600000005], [75.855415, 22.718812999999997]]}}, {"id": "44", "type": "Feature", "properties": {"segment_id": "osm-2025020021-2025020019-0", "length_m": 19.519097316085947, "road_metadata": "{\"osmid\": 191943472, \"name\": \"Rajwada Square\", \"highway\": \"secondary\", \"maxspeed\": \"20\", \"oneway\": false}", "source_type": "osm", "source_reference": "OpenStreetMap via OSMnx", "observed_or_estimated": "OBSERVED", "modelled_or_interpolated": "NOT_APPLICABLE", "timestamp": "2026-10-08T20:03:11.256577+00:00", "assumptions_version": "2026-10-09-prompt-1", "computation_mode": "FULL"}, "geometry": {"type": "LineString", "coordinates": [[75.8554029, 22.718209300000005], [75.8554789, 22.7181508], [75.85557, 22.7181452]]}}, {"id": "45", "type": "Feature", "properties": {"segment_id": "osm-2025020021-3734496686-0", "length_m": 140.4022185337206, "road_metadata": "{\"osmid\": 369999762, \"name\": \"Sarafa Street\", \"highway\": \"residential\", \"maxspeed\": \"20\", \"oneway\": false}", "source_type": "osm", "source_reference": "OpenStreetMap via OSMnx", "observed_or_estimated": "OBSERVED", "modelled_or_interpolated": "NOT_APPLICABLE", "timestamp": "2026-10-08T20:03:11.256796+00:00", "assumptions_version": "2026-10-09-prompt-1", "computation_mode": "FULL"}, "geometry": {"type": "LineString", "coordinates": [[75.8554029, 22.718209300000005], [75.8553029, 22.7181106], [75.8551934, 22.7180706], [75.8542752, 22.718073399999998], [75.8540906, 22.7180599]]}}, {"id": "46", "type": "Feature", "properties": {"segment_id": "osm-2025020055-2025020057-0", "length_m": 9.458971017226778, "road_metadata": "{\"osmid\": 369838820, \"name\": \"M.G.ROAD\", \"highway\": \"secondary\", \"maxspeed\": \"5\", \"oneway\": false}", "source_type": "osm", "source_reference": "OpenStreetMap via OSMnx", "observed_or_estimated": "OBSERVED", "modelled_or_interpolated": "NOT_APPLICABLE", "timestamp": "2026-10-08T20:03:11.257011+00:00", "assumptions_version": "2026-10-09-prompt-1", "computation_mode": "FULL"}, "geometry": {"type": "LineString", "coordinates": [[75.855415, 22.718812999999997], [75.8553232, 22.7188199]]}}, {"id": "47", "type": "Feature", "properties": {"segment_id": "osm-2025020055-2025111132-0", "length_m": 32.32487256791545, "road_metadata": "{\"osmid\": 191943472, \"name\": \"Rajwada Square\", \"highway\": \"secondary\", \"maxspeed\": \"20\", \"oneway\": false}", "source_type": "osm", "source_reference": "OpenStreetMap via OSMnx", "observed_or_estimated": "OBSERVED", "modelled_or_interpolated": "NOT_APPLICABLE", "timestamp": "2026-10-08T20:03:11.257235+00:00", "assumptions_version": "2026-10-09-prompt-1", "computation_mode": "FULL"}, "geometry": {"type": "LineString", "coordinates": [[75.855415, 22.718812999999997], [75.8554687, 22.718845099999996], [75.8554968, 22.718852599999998], [75.8556644, 22.718887600000002], [75.8557141, 22.7188909]]}}, {"id": "48", "type": "Feature", "properties": {"segment_id": "osm-2025020055-2025020021-0", "length_m": 68.68641329288015, "road_metadata": "{\"osmid\": 191943472, \"name\": \"Rajwada Square\", \"highway\": \"secondary\", \"maxspeed\": \"20\", \"oneway\": false}", "source_type": "osm", "source_reference": "OpenStreetMap via OSMnx", "observed_or_estimated": "OBSERVED", "modelled_or_interpolated": "NOT_APPLICABLE", "timestamp": "2026-10-08T20:03:11.257458+00:00", "assumptions_version": "2026-10-09-prompt-1", "computation_mode": "FULL"}, "geometry": {"type": "LineString", "coordinates": [[75.855415, 22.718812999999997], [75.8553788, 22.718727600000005], [75.8553641, 22.7186113], [75.855352, 22.7184542], [75.8553533, 22.718366399999997], [75.8553681, 22.7182687], [75.8554029, 22.718209300000005]]}}, {"id": "49", "type": "Feature", "properties": {"segment_id": "osm-2025020057-2025020055-0", "length_m": 9.458971017226778, "road_metadata": "{\"osmid\": 369838820, \"name\": \"M.G.ROAD\", \"highway\": \"secondary\", \"maxspeed\": \"5\", \"oneway\": false}", "source_type": "osm", "source_reference": "OpenStreetMap via OSMnx", "observed_or_estimated": "OBSERVED", "modelled_or_interpolated": "NOT_APPLICABLE", "timestamp": "2026-10-08T20:03:11.257678+00:00", "assumptions_version": "2026-10-09-prompt-1", "computation_mode": "FULL"}, "geometry": {"type": "LineString", "coordinates": [[75.8553232, 22.7188199], [75.855415, 22.718812999999997]]}}, {"id": "50", "type": "Feature", "properties": {"segment_id": "osm-2025020057-3734496702-0", "length_m": 41.382508169192874, "road_metadata": "{\"osmid\": 369838820, \"name\": \"M.G.ROAD\", \"highway\": \"secondary\", \"maxspeed\": \"5\", \"oneway\": false}", "source_type": "osm", "source_reference": "OpenStreetMap via OSMnx", "observed_or_estimated": "OBSERVED", "modelled_or_interpolated": "NOT_APPLICABLE", "timestamp": "2026-10-08T20:03:11.257896+00:00", "assumptions_version": "2026-10-09-prompt-1", "computation_mode": "FULL"}, "geometry": {"type": "LineString", "coordinates": [[75.8553232, 22.7188199], [75.8549209, 22.7188409]]}}, {"id": "51", "type": "Feature", "properties": {"segment_id": "osm-2025020057-3734496723-0", "length_m": 82.57003697592934, "road_metadata": "{\"osmid\": 369999844, \"name\": NaN, \"highway\": \"residential\", \"maxspeed\": NaN, \"oneway\": false}", "source_type": "osm", "source_reference": "OpenStreetMap via OSMnx", "observed_or_estimated": "OBSERVED", "modelled_or_interpolated": "NOT_APPLICABLE", "timestamp": "2026-10-08T20:03:11.258114+00:00", "assumptions_version": "2026-10-09-prompt-1", "computation_mode": "FULL"}, "geometry": {"type": "LineString", "coordinates": [[75.8553232, 22.7188199], [75.8553439, 22.7195655]]}}, {"id": "52", "type": "Feature", "properties": {"segment_id": "osm-2025020058-2025111137-0", "length_m": 32.91652656075929, "road_metadata": "{\"osmid\": 191953028, \"name\": \"Mahatma Gandhi Marg\", \"highway\": \"secondary\", \"maxspeed\": \"30\", \"oneway\": false}", "source_type": "osm", "source_reference": "OpenStreetMap via OSMnx", "observed_or_estimated": "OBSERVED", "modelled_or_interpolated": "NOT_APPLICABLE", "timestamp": "2026-10-08T20:03:11.258339+00:00", "assumptions_version": "2026-10-09-prompt-1", "computation_mode": "FULL"}, "geometry": {"type": "LineString", "coordinates": [[75.8558247, 22.7188501], [75.8561067, 22.7189914]]}}, {"id": "53", "type": "Feature", "properties": {"segment_id": "osm-2025020058-8461059601-0", "length_m": 62.81290576778426, "road_metadata": "{\"osmid\": 191943472, \"name\": \"Rajwada Square\", \"highway\": \"secondary\", \"maxspeed\": \"20\", \"oneway\": false}", "source_type": "osm", "source_reference": "OpenStreetMap via OSMnx", "observed_or_estimated": "OBSERVED", "modelled_or_interpolated": "NOT_APPLICABLE", "timestamp": "2026-10-08T20:03:11.258562+00:00", "assumptions_version": "2026-10-09-prompt-1", "computation_mode": "FULL"}, "geometry": {"type": "LineString", "coordinates": [[75.8558247, 22.7188501], [75.8558321, 22.718826599999996], [75.85586830000001, 22.7187437], [75.8558777, 22.7186781], [75.8558817, 22.718440600000008], [75.85586830000001, 22.7183627], [75.8558428, 22.718295900000005]]}}, {"id": "54", "type": "Feature", "properties": {"segment_id": "osm-2025020058-2025111132-0", "length_m": 12.624050488228187, "road_metadata": "{\"osmid\": 191943472, \"name\": \"Rajwada Square\", \"highway\": \"secondary\", \"maxspeed\": \"20\", \"oneway\": false}", "source_type": "osm", "source_reference": "OpenStreetMap via OSMnx", "observed_or_estimated": "OBSERVED", "modelled_or_interpolated": "NOT_APPLICABLE", "timestamp": "2026-10-08T20:03:11.258780+00:00", "assumptions_version": "2026-10-09-prompt-1", "computation_mode": "FULL"}, "geometry": {"type": "LineString", "coordinates": [[75.8558247, 22.7188501], [75.8557865, 22.718879199999996], [75.8557141, 22.7188909]]}}, {"id": "55", "type": "Feature", "properties": {"segment_id": "osm-2025020069-8461125292-0", "length_m": 29.32118563546352, "road_metadata": "{\"osmid\": 191943403, \"name\": \"River Side Road\", \"highway\": \"secondary\", \"maxspeed\": NaN, \"oneway\": false}", "source_type": "osm", "source_reference": "OpenStreetMap via OSMnx", "observed_or_estimated": "OBSERVED", "modelled_or_interpolated": "NOT_APPLICABLE", "timestamp": "2026-10-08T20:03:11.258999+00:00", "assumptions_version": "2026-10-09-prompt-1", "computation_mode": "FULL"}, "geometry": {"type": "LineString", "coordinates": [[75.859207, 22.718886200000004], [75.8589669, 22.7190295]]}}, {"id": "56", "type": "Feature", "properties": {"segment_id": "osm-2025020069-9526164258-0", "length_m": 12.678551935726505, "road_metadata": "{\"osmid\": 1034062076, \"name\": NaN, \"highway\": \"secondary\", \"maxspeed\": NaN, \"oneway\": false}", "source_type": "osm", "source_reference": "OpenStreetMap via OSMnx", "observed_or_estimated": "OBSERVED", "modelled_or_interpolated": "NOT_APPLICABLE", "timestamp": "2026-10-08T20:03:11.259216+00:00", "assumptions_version": "2026-10-09-prompt-1", "computation_mode": "FULL"}, "geometry": {"type": "LineString", "coordinates": [[75.859207, 22.718886200000004], [75.8590843, 22.718873600000002]]}}, {"id": "57", "type": "Feature", "properties": {"segment_id": "osm-2025020069-2025111095-0", "length_m": 61.10699725444681, "road_metadata": "{\"osmid\": [191943400, 191943386, 191943391], \"name\": \"River Side Road\", \"highway\": \"secondary\", \"maxspeed\": NaN, \"oneway\": false}", "source_type": "osm", "source_reference": "OpenStreetMap via OSMnx", "observed_or_estimated": "OBSERVED", "modelled_or_interpolated": "NOT_APPLICABLE", "timestamp": "2026-10-08T20:03:11.259442+00:00", "assumptions_version": "2026-10-09-prompt-1", "computation_mode": "FULL"}, "geometry": {"type": "LineString", "coordinates": [[75.859207, 22.718886200000004], [75.8592568, 22.7188365], [75.8592866, 22.718779199999997], [75.8593047, 22.7187279], [75.8594098, 22.718459800000005], [75.8594424, 22.7183844]]}}, {"id": "58", "type": "Feature", "properties": {"segment_id": "osm-2025020078-3734496707-0", "length_m": 23.01582300194263, "road_metadata": "{\"osmid\": 369838820, \"name\": \"M.G.ROAD\", \"highway\": \"secondary\", \"maxspeed\": \"5\", \"oneway\": false}", "source_type": "osm", "source_reference": "OpenStreetMap via OSMnx", "observed_or_estimated": "OBSERVED", "modelled_or_interpolated": "NOT_APPLICABLE", "timestamp": "2026-10-08T20:03:11.259664+00:00", "assumptions_version": "2026-10-09-prompt-1", "computation_mode": "FULL"}, "geometry": {"type": "LineString", "coordinates": [[75.8510731, 22.719129999999993], [75.8508491, 22.719136299999995]]}}, {"id": "59", "type": "Feature", "properties": {"segment_id": "osm-2025020078-3734496685-0", "length_m": 121.8420606191732, "road_metadata": "{\"osmid\": 369999763, \"name\": \"Shakkar Bazar\", \"highway\": \"residential\", \"maxspeed\": NaN, \"oneway\": false}", "source_type": "osm", "source_reference": "OpenStreetMap via OSMnx", "observed_or_estimated": "OBSERVED", "modelled_or_interpolated": "NOT_APPLICABLE", "timestamp": "2026-10-08T20:03:11.259884+00:00", "assumptions_version": "2026-10-09-prompt-1", "computation_mode": "FULL"}, "geometry": {"type": "LineString", "coordinates": [[75.8510731, 22.719129999999993], [75.851159, 22.7180323]]}}, {"id": "60", "type": "Feature", "properties": {"segment_id": "osm-2025020078-3734496706-0", "length_m": 109.46878225505, "road_metadata": "{\"osmid\": 369838820, \"name\": \"M.G.ROAD\", \"highway\": \"secondary\", \"maxspeed\": \"5\", \"oneway\": false}", "source_type": "osm", "source_reference": "OpenStreetMap via OSMnx", "observed_or_estimated": "OBSERVED", "modelled_or_interpolated": "NOT_APPLICABLE", "timestamp": "2026-10-08T20:03:11.260102+00:00", "assumptions_version": "2026-10-09-prompt-1", "computation_mode": "FULL"}, "geometry": {"type": "LineString", "coordinates": [[75.8510731, 22.719129999999993], [75.8517821, 22.719104699999995], [75.8521384, 22.719098499999998]]}}, {"id": "61", "type": "Feature", "properties": {"segment_id": "osm-2025020078-3734496839-0", "length_m": 66.52832980070528, "road_metadata": "{\"osmid\": 370143908, \"name\": \"Ahilypura Road\", \"highway\": \"residential\", \"maxspeed\": \"20\", \"oneway\": false}", "source_type": "osm", "source_reference": "OpenStreetMap via OSMnx", "observed_or_estimated": "OBSERVED", "modelled_or_interpolated": "NOT_APPLICABLE", "timestamp": "2026-10-08T20:03:11.260335+00:00", "assumptions_version": "2026-10-09-prompt-1", "computation_mode": "FULL"}, "geometry": {"type": "LineString", "coordinates": [[75.8510731, 22.719129999999993], [75.8510656, 22.7192811], [75.8510602, 22.719428399999998], [75.851018, 22.7195845], [75.8509629, 22.719716300000005]]}}, {"id": "62", "type": "Feature", "properties": {"segment_id": "osm-2025020116-8460513407-0", "length_m": 26.803993387915835, "road_metadata": "{\"osmid\": 191943465, \"name\": \"Mahatma Gandhi Marg\", \"highway\": \"secondary\", \"maxspeed\": NaN, \"oneway\": false}", "source_type": "osm", "source_reference": "OpenStreetMap via OSMnx", "observed_or_estimated": "OBSERVED", "modelled_or_interpolated": "NOT_APPLICABLE", "timestamp": "2026-10-08T20:03:11.260564+00:00", "assumptions_version": "2026-10-09-prompt-1", "computation_mode": "FULL"}, "geometry": {"type": "LineString", "coordinates": [[75.8588112, 22.719886199999998], [75.8590704, 22.7199145]]}}, {"id": "63", "type": "Feature", "properties": {"segment_id": "osm-2025020116-8461125324-0", "length_m": 21.79043624884235, "road_metadata": "{\"osmid\": 191943465, \"name\": \"Mahatma Gandhi Marg\", \"highway\": \"secondary\", \"maxspeed\": NaN, \"oneway\": false}", "source_type": "osm", "source_reference": "OpenStreetMap via OSMnx", "observed_or_estimated": "OBSERVED", "modelled_or_interpolated": "NOT_APPLICABLE", "timestamp": "2026-10-08T20:03:11.260787+00:00", "assumptions_version": "2026-10-09-prompt-1", "computation_mode": "FULL"}, "geometry": {"type": "LineString", "coordinates": [[75.8588112, 22.719886199999998], [75.8586033, 22.719846899999993]]}}, {"id": "64", "type": "Feature", "properties": {"segment_id": "osm-2025020116-7010384308-0", "length_m": 43.98748471845117, "road_metadata": "{\"osmid\": 749671971, \"name\": NaN, \"highway\": \"secondary_link\", \"maxspeed\": NaN, \"oneway\": false}", "source_type": "osm", "source_reference": "OpenStreetMap via OSMnx", "observed_or_estimated": "OBSERVED", "modelled_or_interpolated": "NOT_APPLICABLE", "timestamp": "2026-10-08T20:03:11.261010+00:00", "assumptions_version": "2026-10-09-prompt-1", "computation_mode": "FULL"}, "geometry": {"type": "LineString", "coordinates": [[75.8588112, 22.719886199999998], [75.8587651, 22.719807599999996], [75.8587383, 22.7197234], [75.8587195, 22.7196282], [75.8587012, 22.7195061]]}}, {"id": "65", "type": "Feature", "properties": {"segment_id": "osm-2025020163-2025111319-0", "length_m": 11.009184997764821, "road_metadata": "{\"osmid\": 191953158, \"name\": NaN, \"highway\": \"residential\", \"maxspeed\": NaN, \"oneway\": false}", "source_type": "osm", "source_reference": "OpenStreetMap via OSMnx", "observed_or_estimated": "OBSERVED", "modelled_or_interpolated": "NOT_APPLICABLE", "timestamp": "2026-10-08T20:03:11.261230+00:00", "assumptions_version": "2026-10-09-prompt-1", "computation_mode": "FULL"}, "geometry": {"type": "LineString", "coordinates": [[75.8588415, 22.7216891], [75.8589484, 22.721681700000005]]}}, {"id": "66", "type": "Feature", "properties": {"segment_id": "osm-2025020163-8461125318-0", "length_m": 92.88225370426048, "road_metadata": "{\"osmid\": 191943388, \"name\": \"River Side Road\", \"highway\": \"secondary\", \"maxspeed\": NaN, \"oneway\": false}", "source_type": "osm", "source_reference": "OpenStreetMap via OSMnx", "observed_or_estimated": "OBSERVED", "modelled_or_interpolated": "NOT_APPLICABLE", "timestamp": "2026-10-08T20:03:11.261731+00:00", "assumptions_version": "2026-10-09-prompt-1", "computation_mode": "FULL"}, "geometry": {"type": "LineString", "coordinates": [[75.8588415, 22.7216891], [75.85875440000001, 22.7215493], [75.85870740000001, 22.721465199999997], [75.8586538, 22.721352599999992], [75.8586109, 22.721209099999992], [75.8585465, 22.7210211], [75.8585224, 22.720909799999994]]}}, {"id": "67", "type": "Feature", "properties": {"segment_id": "osm-2025110922-2027131426-0", "length_m": 38.7440410469487, "road_metadata": "{\"osmid\": 191953040, \"name\": NaN, \"highway\": \"tertiary\", \"maxspeed\": NaN, \"oneway\": false}", "source_type": "osm", "source_reference": "OpenStreetMap via OSMnx", "observed_or_estimated": "OBSERVED", "modelled_or_interpolated": "NOT_APPLICABLE", "timestamp": "2026-10-08T20:03:11.262309+00:00", "assumptions_version": "2026-10-09-prompt-1", "computation_mode": "FULL"}, "geometry": {"type": "LineString", "coordinates": [[75.8577703, 22.713716099999996], [75.8577821, 22.714065899999998]]}}, {"id": "68", "type": "Feature", "properties": {"segment_id": "osm-2025110922-2027131406-0", "length_m": 52.921225208690416, "road_metadata": "{\"osmid\": 191943609, \"name\": NaN, \"highway\": \"tertiary\", \"maxspeed\": NaN, \"oneway\": false}", "source_type": "osm", "source_reference": "OpenStreetMap via OSMnx", "observed_or_estimated": "OBSERVED", "modelled_or_interpolated": "NOT_APPLICABLE", "timestamp": "2026-10-08T20:03:11.262592+00:00", "assumptions_version": "2026-10-09-prompt-1", "computation_mode": "FULL"}, "geometry": {"type": "LineString", "coordinates": [[75.8577703, 22.713716099999996], [75.8575514, 22.713780699999997], [75.8572662, 22.713794]]}}, {"id": "69", "type": "Feature", "properties": {"segment_id": "osm-2025110922-8461121384-0", "length_m": 50.14433774498595, "road_metadata": "{\"osmid\": 1390031190, \"name\": NaN, \"highway\": \"tertiary\", \"maxspeed\": NaN, \"oneway\": false}", "source_type": "osm", "source_reference": "OpenStreetMap via OSMnx", "observed_or_estimated": "OBSERVED", "modelled_or_interpolated": "NOT_APPLICABLE", "timestamp": "2026-10-08T20:03:11.262853+00:00", "assumptions_version": "2026-10-09-prompt-1", "computation_mode": "FULL"}, "geometry": {"type": "LineString", "coordinates": [[75.8577703, 22.713716099999996], [75.8578831, 22.713682800000004], [75.8582104, 22.713523]]}}, {"id": "70", "type": "Feature", "properties": {"segment_id": "osm-2025110932-8460772828-0", "length_m": 18.175340161743403, "road_metadata": "{\"osmid\": 191953035, \"name\": NaN, \"highway\": \"tertiary\", \"maxspeed\": NaN, \"oneway\": false}", "source_type": "osm", "source_reference": "OpenStreetMap via OSMnx", "observed_or_estimated": "OBSERVED", "modelled_or_interpolated": "NOT_APPLICABLE", "timestamp": "2026-10-08T20:03:11.263108+00:00", "assumptions_version": "2026-10-09-prompt-1", "computation_mode": "FULL"}, "geometry": {"type": "LineString", "coordinates": [[75.8566025, 22.715084799999996], [75.8565451, 22.715240099999995]]}}, {"id": "71", "type": "Feature", "properties": {"segment_id": "osm-2025110932-2027131489-0", "length_m": 36.59785675659787, "road_metadata": "{\"osmid\": 1393746965, \"name\": NaN, \"highway\": \"residential\", \"maxspeed\": NaN, \"oneway\": false}", "source_type": "osm", "source_reference": "OpenStreetMap via OSMnx", "observed_or_estimated": "OBSERVED", "modelled_or_interpolated": "NOT_APPLICABLE", "timestamp": "2026-10-08T20:03:11.263457+00:00", "assumptions_version": "2026-10-09-prompt-1", "computation_mode": "FULL"}, "geometry": {"type": "LineString", "coordinates": [[75.8566025, 22.715084799999996], [75.8569371, 22.715198499999996]]}}, {"id": "72", "type": "Feature", "properties": {"segment_id": "osm-2025110932-2025019791-0", "length_m": 119.94555532164969, "road_metadata": "{\"osmid\": 191953035, \"name\": NaN, \"highway\": \"tertiary\", \"maxspeed\": NaN, \"oneway\": false}", "source_type": "osm", "source_reference": "OpenStreetMap via OSMnx", "observed_or_estimated": "OBSERVED", "modelled_or_interpolated": "NOT_APPLICABLE", "timestamp": "2026-10-08T20:03:11.263729+00:00", "assumptions_version": "2026-10-09-prompt-1", "computation_mode": "FULL"}, "geometry": {"type": "LineString", "coordinates": [[75.8566025, 22.715084799999996], [75.856659, 22.714711699999995], [75.8566251, 22.714201499999998], [75.85658640000001, 22.7140093]]}}, {"id": "73", "type": "Feature", "properties": {"segment_id": "osm-2025110981-8461150029-0", "length_m": 57.651476785067935, "road_metadata": "{\"osmid\": 191953187, \"name\": NaN, \"highway\": \"residential\", \"maxspeed\": NaN, \"oneway\": false}", "source_type": "osm", "source_reference": "OpenStreetMap via OSMnx", "observed_or_estimated": "OBSERVED", "modelled_or_interpolated": "NOT_APPLICABLE", "timestamp": "2026-10-08T20:03:11.264005+00:00", "assumptions_version": "2026-10-09-prompt-1", "computation_mode": "FULL"}, "geometry": {"type": "LineString", "coordinates": [[75.8568435, 22.7166874], [75.856789, 22.7172057]]}}, {"id": "74", "type": "Feature", "properties": {"segment_id": "osm-2025110981-2025019943-0", "length_m": 105.90723860949912, "road_metadata": "{\"osmid\": 747966100, \"name\": NaN, \"highway\": \"residential\", \"maxspeed\": NaN, \"oneway\": false}", "source_type": "osm", "source_reference": "OpenStreetMap via OSMnx", "observed_or_estimated": "OBSERVED", "modelled_or_interpolated": "NOT_APPLICABLE", "timestamp": "2026-10-08T20:03:11.264522+00:00", "assumptions_version": "2026-10-09-prompt-1", "computation_mode": "FULL"}, "geometry": {"type": "LineString", "coordinates": [[75.8568435, 22.7166874], [75.8576332, 22.716718600000004], [75.8576651, 22.716497199999992]]}}, {"id": "75", "type": "Feature", "properties": {"segment_id": "osm-2025110981-2025019941-0", "length_m": 61.75807804962516, "road_metadata": "{\"osmid\": 747966100, \"name\": NaN, \"highway\": \"residential\", \"maxspeed\": NaN, \"oneway\": false}", "source_type": "osm", "source_reference": "OpenStreetMap via OSMnx", "observed_or_estimated": "OBSERVED", "modelled_or_interpolated": "NOT_APPLICABLE", "timestamp": "2026-10-08T20:03:11.265200+00:00", "assumptions_version": "2026-10-09-prompt-1", "computation_mode": "FULL"}, "geometry": {"type": "LineString", "coordinates": [[75.8568435, 22.7166874], [75.8564812, 22.716667899999994], [75.8565036, 22.716447699999996]]}}, {"id": "76", "type": "Feature", "properties": {"segment_id": "osm-2025110993-8477820369-0", "length_m": 96.10542893716539, "road_metadata": "{\"osmid\": 912624079, \"name\": NaN, \"highway\": \"residential\", \"maxspeed\": NaN, \"oneway\": false}", "source_type": "osm", "source_reference": "OpenStreetMap via OSMnx", "observed_or_estimated": "OBSERVED", "modelled_or_interpolated": "NOT_APPLICABLE", "timestamp": "2026-10-08T20:03:11.265744+00:00", "assumptions_version": "2026-10-09-prompt-1", "computation_mode": "FULL"}, "geometry": {"type": "LineString", "coordinates": [[75.8581831, 22.716914799999998], [75.8586659, 22.716992000000005], [75.8587906, 22.7170143], [75.8588268, 22.7170279], [75.8588482, 22.717048899999998], [75.8588563, 22.7170762], [75.8588174, 22.717275299999994]]}}, {"id": "77", "type": "Feature", "properties": {"segment_id": "osm-2025110993-2025111027-0", "length_m": 60.725294600686084, "road_metadata": "{\"osmid\": 1033702570, \"name\": NaN, \"highway\": \"tertiary\", \"maxspeed\": NaN, \"oneway\": false}", "source_type": "osm", "source_reference": "OpenStreetMap via OSMnx", "observed_or_estimated": "OBSERVED", "modelled_or_interpolated": "NOT_APPLICABLE", "timestamp": "2026-10-08T20:03:11.266113+00:00", "assumptions_version": "2026-10-09-prompt-1", "computation_mode": "FULL"}, "geometry": {"type": "LineString", "coordinates": [[75.8581831, 22.716914799999998], [75.8581844, 22.716995699999995], [75.8581603, 22.717082299999998], [75.8580192, 22.717437099999998]]}}, {"id": "78", "type": "Feature", "properties": {"segment_id": "osm-2025110993-2025019935-0", "length_m": 51.3401147366569, "road_metadata": "{\"osmid\": 1033702570, \"name\": NaN, \"highway\": \"tertiary\", \"maxspeed\": NaN, \"oneway\": false}", "source_type": "osm", "source_reference": "OpenStreetMap via OSMnx", "observed_or_estimated": "OBSERVED", "modelled_or_interpolated": "NOT_APPLICABLE", "timestamp": "2026-10-08T20:03:11.266399+00:00", "assumptions_version": "2026-10-09-prompt-1", "computation_mode": "FULL"}, "geometry": {"type": "LineString", "coordinates": [[75.8581831, 22.716914799999998], [75.858171, 22.716844800000004], [75.8580248, 22.7164761]]}}, {"id": "79", "type": "Feature", "properties": {"segment_id": "osm-2025111019-2025111022-0", "length_m": 76.25143899237304, "road_metadata": "{\"osmid\": 747966099, \"name\": NaN, \"highway\": \"residential\", \"maxspeed\": NaN, \"oneway\": false}", "source_type": "osm", "source_reference": "OpenStreetMap via OSMnx", "observed_or_estimated": "OBSERVED", "modelled_or_interpolated": "NOT_APPLICABLE", "timestamp": "2026-10-08T20:03:11.266727+00:00", "assumptions_version": "2026-10-09-prompt-1", "computation_mode": "FULL"}, "geometry": {"type": "LineString", "coordinates": [[75.8560344, 22.717306100000002], [75.8567766, 22.71732370000001]]}}, {"id": "80", "type": "Feature", "properties": {"segment_id": "osm-2025111019-2025111085-0", "length_m": 105.92275012617475, "road_metadata": "{\"osmid\": 1393746964, \"name\": NaN, \"highway\": \"tertiary\", \"maxspeed\": NaN, \"oneway\": false}", "source_type": "osm", "source_reference": "OpenStreetMap via OSMnx", "observed_or_estimated": "OBSERVED", "modelled_or_interpolated": "NOT_APPLICABLE", "timestamp": "2026-10-08T20:03:11.266994+00:00", "assumptions_version": "2026-10-09-prompt-1", "computation_mode": "FULL"}, "geometry": {"type": "LineString", "coordinates": [[75.8560344, 22.717306100000002], [75.85593460000001, 22.7182584]]}}, {"id": "81", "type": "Feature", "properties": {"segment_id": "osm-2025111019-8474365287-0", "length_m": 47.3140498726934, "road_metadata": "{\"osmid\": 1393746964, \"name\": NaN, \"highway\": \"tertiary\", \"maxspeed\": NaN, \"oneway\": false}", "source_type": "osm", "source_reference": "OpenStreetMap via OSMnx", "observed_or_estimated": "OBSERVED", "modelled_or_interpolated": "NOT_APPLICABLE", "timestamp": "2026-10-08T20:03:11.267328+00:00", "assumptions_version": "2026-10-09-prompt-1", "computation_mode": "FULL"}, "geometry": {"type": "LineString", "coordinates": [[75.8560344, 22.717306100000002], [75.8560755, 22.7169502], [75.8560907, 22.7168822]]}}, {"id": "82", "type": "Feature", "properties": {"segment_id": "osm-2025111022-8461150029-0", "length_m": 13.12528199181335, "road_metadata": "{\"osmid\": 191953187, \"name\": NaN, \"highway\": \"residential\", \"maxspeed\": NaN, \"oneway\": false}", "source_type": "osm", "source_reference": "OpenStreetMap via OSMnx", "observed_or_estimated": "OBSERVED", "modelled_or_interpolated": "NOT_APPLICABLE", "timestamp": "2026-10-08T20:03:11.267647+00:00", "assumptions_version": "2026-10-09-prompt-1", "computation_mode": "FULL"}, "geometry": {"type": "LineString", "coordinates": [[75.8567766, 22.71732370000001], [75.856789, 22.7172057]]}}, {"id": "83", "type": "Feature", "properties": {"segment_id": "osm-2025111022-2025111019-0", "length_m": 76.25143899237304, "road_metadata": "{\"osmid\": 747966099, \"name\": NaN, \"highway\": \"residential\", \"maxspeed\": NaN, \"oneway\": false}", "source_type": "osm", "source_reference": "OpenStreetMap via OSMnx", "observed_or_estimated": "OBSERVED", "modelled_or_interpolated": "NOT_APPLICABLE", "timestamp": "2026-10-08T20:03:11.267900+00:00", "assumptions_version": "2026-10-09-prompt-1", "computation_mode": "FULL"}, "geometry": {"type": "LineString", "coordinates": [[75.8567766, 22.71732370000001], [75.8560344, 22.717306100000002]]}}, {"id": "84", "type": "Feature", "properties": {"segment_id": "osm-2025111022-2025111070-0", "length_m": 86.73186965601226, "road_metadata": "{\"osmid\": 191953187, \"name\": NaN, \"highway\": \"residential\", \"maxspeed\": NaN, \"oneway\": false}", "source_type": "osm", "source_reference": "OpenStreetMap via OSMnx", "observed_or_estimated": "OBSERVED", "modelled_or_interpolated": "NOT_APPLICABLE", "timestamp": "2026-10-08T20:03:11.268132+00:00", "assumptions_version": "2026-10-09-prompt-1", "computation_mode": "FULL"}, "geometry": {"type": "LineString", "coordinates": [[75.8567766, 22.71732370000001], [75.8568807, 22.7177305], [75.8570123, 22.718048099999994], [75.8570338, 22.7180633]]}}, {"id": "85", "type": "Feature", "properties": {"segment_id": "osm-2025111027-2025111033-0", "length_m": 38.52045850199029, "road_metadata": "{\"osmid\": 191953167, \"name\": NaN, \"highway\": \"service\", \"maxspeed\": NaN, \"oneway\": false}", "source_type": "osm", "source_reference": "OpenStreetMap via OSMnx", "observed_or_estimated": "OBSERVED", "modelled_or_interpolated": "NOT_APPLICABLE", "timestamp": "2026-10-08T20:03:11.268361+00:00", "assumptions_version": "2026-10-09-prompt-1", "computation_mode": "FULL"}, "geometry": {"type": "LineString", "coordinates": [[75.8580192, 22.717437099999998], [75.8583805, 22.717530499999995]]}}, {"id": "86", "type": "Feature", "properties": {"segment_id": "osm-2025111027-2025111048-0", "length_m": 32.36576618541515, "road_metadata": "{\"osmid\": 1033702570, \"name\": NaN, \"highway\": \"tertiary\", \"maxspeed\": NaN, \"oneway\": false}", "source_type": "osm", "source_reference": "OpenStreetMap via OSMnx", "observed_or_estimated": "OBSERVED", "modelled_or_interpolated": "NOT_APPLICABLE", "timestamp": "2026-10-08T20:03:11.268589+00:00", "assumptions_version": "2026-10-09-prompt-1", "computation_mode": "FULL"}, "geometry": {"type": "LineString", "coordinates": [[75.8580192, 22.717437099999998], [75.8579311, 22.717717799999996]]}}, {"id": "87", "type": "Feature", "properties": {"segment_id": "osm-2025111027-2025110993-0", "length_m": 60.725294600686084, "road_metadata": "{\"osmid\": 1033702570, \"name\": NaN, \"highway\": \"tertiary\", \"maxspeed\": NaN, \"oneway\": false}", "source_type": "osm", "source_reference": "OpenStreetMap via OSMnx", "observed_or_estimated": "OBSERVED", "modelled_or_interpolated": "NOT_APPLICABLE", "timestamp": "2026-10-08T20:03:11.268826+00:00", "assumptions_version": "2026-10-09-prompt-1", "computation_mode": "FULL"}, "geometry": {"type": "LineString", "coordinates": [[75.8580192, 22.717437099999998], [75.8581603, 22.717082299999998], [75.8581844, 22.716995699999995], [75.8581831, 22.716914799999998]]}}, {"id": "88", "type": "Feature", "properties": {"segment_id": "osm-2025111033-2025111027-0", "length_m": 38.52045850199029, "road_metadata": "{\"osmid\": 191953167, \"name\": NaN, \"highway\": \"service\", \"maxspeed\": NaN, \"oneway\": false}", "source_type": "osm", "source_reference": "OpenStreetMap via OSMnx", "observed_or_estimated": "OBSERVED", "modelled_or_interpolated": "NOT_APPLICABLE", "timestamp": "2026-10-08T20:03:11.269079+00:00", "assumptions_version": "2026-10-09-prompt-1", "computation_mode": "FULL"}, "geometry": {"type": "LineString", "coordinates": [[75.8583805, 22.717530499999995], [75.8580192, 22.717437099999998]]}}, {"id": "89", "type": "Feature", "properties": {"segment_id": "osm-2025111040-2025111048-0", "length_m": 17.57632431855882, "road_metadata": "{\"osmid\": 191953188, \"name\": NaN, \"highway\": \"residential\", \"maxspeed\": NaN, \"oneway\": false}", "source_type": "osm", "source_reference": "OpenStreetMap via OSMnx", "observed_or_estimated": "OBSERVED", "modelled_or_interpolated": "NOT_APPLICABLE", "timestamp": "2026-10-08T20:03:11.269329+00:00", "assumptions_version": "2026-10-09-prompt-1", "computation_mode": "FULL"}, "geometry": {"type": "LineString", "coordinates": [[75.8577686, 22.717668], [75.8579311, 22.717717799999996]]}}, {"id": "90", "type": "Feature", "properties": {"segment_id": "osm-2025111040-2025111070-0", "length_m": 88.08565910316605, "road_metadata": "{\"osmid\": 191953188, \"name\": NaN, \"highway\": \"residential\", \"maxspeed\": NaN, \"oneway\": false}", "source_type": "osm", "source_reference": "OpenStreetMap via OSMnx", "observed_or_estimated": "OBSERVED", "modelled_or_interpolated": "NOT_APPLICABLE", "timestamp": "2026-10-08T20:03:11.269566+00:00", "assumptions_version": "2026-10-09-prompt-1", "computation_mode": "FULL"}, "geometry": {"type": "LineString", "coordinates": [[75.8577686, 22.717668], [75.8576501, 22.71776], [75.8574112, 22.717923099999997], [75.8570338, 22.7180633]]}}, {"id": "91", "type": "Feature", "properties": {"segment_id": "osm-2025111040-8461150029-0", "length_m": 125.32476644460009, "road_metadata": "{\"osmid\": 749326646, \"name\": NaN, \"highway\": \"residential\", \"maxspeed\": NaN, \"oneway\": false}", "source_type": "osm", "source_reference": "OpenStreetMap via OSMnx", "observed_or_estimated": "OBSERVED", "modelled_or_interpolated": "NOT_APPLICABLE", "timestamp": "2026-10-08T20:03:11.269811+00:00", "assumptions_version": "2026-10-09-prompt-1", "computation_mode": "FULL"}, "geometry": {"type": "LineString", "coordinates": [[75.8577686, 22.717668], [75.8577244, 22.717624199999996], [75.85768550000002, 22.717603100000005], [75.8576754, 22.7175951], [75.8576386, 22.717581500000005], [75.8575775, 22.717574099999997], [75.8575299, 22.7175735], [75.8574924, 22.717576499999996], [75.85746690000002, 22.717568499999995], [75.8574454, 22.717533199999995], [75.8573838, 22.717384199999998], [75.857361, 22.717334700000002], [75.8573288, 22.717307499999993], [75.8572483, 22.7172926], [75.857133, 22.717295099999998], [75.8570793, 22.717275299999997], [75.857023, 22.717245599999995], [75.8569801, 22.717213499999996], [75.8568916, 22.717205999999997], [75.856789, 22.7172057]]}}, {"id": "92", "type": "Feature", "properties": {"segment_id": "osm-2025111041-1807247763-0", "length_m": 34.5805941281501, "road_metadata": "{\"osmid\": 1498123152, \"name\": NaN, \"highway\": \"footway\", \"maxspeed\": NaN, \"oneway\": false}", "source_type": "osm", "source_reference": "OpenStreetMap via OSMnx", "observed_or_estimated": "OBSERVED", "modelled_or_interpolated": "NOT_APPLICABLE", "timestamp": "2026-10-08T20:03:11.270042+00:00", "assumptions_version": "2026-10-09-prompt-1", "computation_mode": "FULL"}, "geometry": {"type": "LineString", "coordinates": [[75.8585289, 22.7176706], [75.8585701, 22.717777400000003], [75.8585848, 22.717905], [75.8585841, 22.717975599999995]]}}, {"id": "93", "type": "Feature", "properties": {"segment_id": "osm-2025111048-2025111040-0", "length_m": 17.57632431855882, "road_metadata": "{\"osmid\": 191953188, \"name\": NaN, \"highway\": \"residential\", \"maxspeed\": NaN, \"oneway\": false}", "source_type": "osm", "source_reference": "OpenStreetMap via OSMnx", "observed_or_estimated": "OBSERVED", "modelled_or_interpolated": "NOT_APPLICABLE", "timestamp": "2026-10-08T20:03:11.270275+00:00", "assumptions_version": "2026-10-09-prompt-1", "computation_mode": "FULL"}, "geometry": {"type": "LineString", "coordinates": [[75.8579311, 22.717717799999996], [75.8577686, 22.717668]]}}, {"id": "94", "type": "Feature", "properties": {"segment_id": "osm-2025111048-2025111027-0", "length_m": 32.36576618541515, "road_metadata": "{\"osmid\": 1033702570, \"name\": NaN, \"highway\": \"tertiary\", \"maxspeed\": NaN, \"oneway\": false}", "source_type": "osm", "source_reference": "OpenStreetMap via OSMnx", "observed_or_estimated": "OBSERVED", "modelled_or_interpolated": "NOT_APPLICABLE", "timestamp": "2026-10-08T20:03:11.270503+00:00", "assumptions_version": "2026-10-09-prompt-1", "computation_mode": "FULL"}, "geometry": {"type": "LineString", "coordinates": [[75.8579311, 22.717717799999996], [75.8580192, 22.717437099999998]]}}, {"id": "95", "type": "Feature", "properties": {"segment_id": "osm-2025111048-2025111104-0", "length_m": 70.25538760309078, "road_metadata": "{\"osmid\": 1033702570, \"name\": NaN, \"highway\": \"tertiary\", \"maxspeed\": NaN, \"oneway\": false}", "source_type": "osm", "source_reference": "OpenStreetMap via OSMnx", "observed_or_estimated": "OBSERVED", "modelled_or_interpolated": "NOT_APPLICABLE", "timestamp": "2026-10-08T20:03:11.270728+00:00", "assumptions_version": "2026-10-09-prompt-1", "computation_mode": "FULL"}, "geometry": {"type": "LineString", "coordinates": [[75.8579311, 22.717717799999996], [75.8578727, 22.717903799999995], [75.8577909, 22.718338099999997]]}}, {"id": "96", "type": "Feature", "properties": {"segment_id": "osm-2025111070-2025111104-0", "length_m": 85.50494522041046, "road_metadata": "{\"osmid\": 191953187, \"name\": NaN, \"highway\": \"residential\", \"maxspeed\": NaN, \"oneway\": false}", "source_type": "osm", "source_reference": "OpenStreetMap via OSMnx", "observed_or_estimated": "OBSERVED", "modelled_or_interpolated": "NOT_APPLICABLE", "timestamp": "2026-10-08T20:03:11.270955+00:00", "assumptions_version": "2026-10-09-prompt-1", "computation_mode": "FULL"}, "geometry": {"type": "LineString", "coordinates": [[75.8570338, 22.7180633], [75.8572776, 22.718237199999997], [75.8575429, 22.718297999999994], [75.8577909, 22.718338099999997]]}}, {"id": "97", "type": "Feature", "properties": {"segment_id": "osm-2025111070-2025111022-0", "length_m": 86.73186965601226, "road_metadata": "{\"osmid\": 191953187, \"name\": NaN, \"highway\": \"residential\", \"maxspeed\": NaN, \"oneway\": false}", "source_type": "osm", "source_reference": "OpenStreetMap via OSMnx", "observed_or_estimated": "OBSERVED", "modelled_or_interpolated": "NOT_APPLICABLE", "timestamp": "2026-10-08T20:03:11.271186+00:00", "assumptions_version": "2026-10-09-prompt-1", "computation_mode": "FULL"}, "geometry": {"type": "LineString", "coordinates": [[75.8570338, 22.7180633], [75.8570123, 22.718048099999994], [75.8568807, 22.7177305], [75.8567766, 22.71732370000001]]}}, {"id": "98", "type": "Feature", "properties": {"segment_id": "osm-2025111070-2025111115-0", "length_m": 76.76556787390655, "road_metadata": "{\"osmid\": 191953188, \"name\": NaN, \"highway\": \"residential\", \"maxspeed\": NaN, \"oneway\": false}", "source_type": "osm", "source_reference": "OpenStreetMap via OSMnx", "observed_or_estimated": "OBSERVED", "modelled_or_interpolated": "NOT_APPLICABLE", "timestamp": "2026-10-08T20:03:11.271412+00:00", "assumptions_version": "2026-10-09-prompt-1", "computation_mode": "FULL"}, "geometry": {"type": "LineString", "coordinates": [[75.8570338, 22.7180633], [75.8567471, 22.718198999999995], [75.8565608, 22.718348299999995], [75.8564481, 22.71847779999999]]}}, {"id": "99", "type": "Feature", "properties": {"segment_id": "osm-2025111070-2025111040-0", "length_m": 88.08565910316605, "road_metadata": "{\"osmid\": 191953188, \"name\": NaN, \"highway\": \"residential\", \"maxspeed\": NaN, \"oneway\": false}", "source_type": "osm", "source_reference": "OpenStreetMap via OSMnx", "observed_or_estimated": "OBSERVED", "modelled_or_interpolated": "NOT_APPLICABLE", "timestamp": "2026-10-08T20:03:11.271645+00:00", "assumptions_version": "2026-10-09-prompt-1", "computation_mode": "FULL"}, "geometry": {"type": "LineString", "coordinates": [[75.8570338, 22.7180633], [75.8574112, 22.717923099999997], [75.8576501, 22.71776], [75.8577686, 22.717668]]}}, {"id": "100", "type": "Feature", "properties": {"segment_id": "osm-2025111077-8478005594-0", "length_m": 11.532106337348383, "road_metadata": "{\"osmid\": 191953076, \"name\": NaN, \"highway\": \"secondary_link\", \"maxspeed\": NaN, \"oneway\": false}", "source_type": "osm", "source_reference": "OpenStreetMap via OSMnx", "observed_or_estimated": "OBSERVED", "modelled_or_interpolated": "NOT_APPLICABLE", "timestamp": "2026-10-08T20:03:11.271893+00:00", "assumptions_version": "2026-10-09-prompt-1", "computation_mode": "FULL"}, "geometry": {"type": "LineString", "coordinates": [[75.8594116, 22.718086399999997], [75.8595227, 22.718101499999992]]}}, {"id": "101", "type": "Feature", "properties": {"segment_id": "osm-2025111077-9526164258-0", "length_m": 94.47853289819716, "road_metadata": "{\"osmid\": [911224179, 191943390, 1034062075], \"name\": \"River Side Road\", \"highway\": \"secondary\", \"maxspeed\": NaN, \"oneway\": false}", "source_type": "osm", "source_reference": "OpenStreetMap via OSMnx", "observed_or_estimated": "OBSERVED", "modelled_or_interpolated": "NOT_APPLICABLE", "timestamp": "2026-10-08T20:03:11.272126+00:00", "assumptions_version": "2026-10-09-prompt-1", "computation_mode": "FULL"}, "geometry": {"type": "LineString", "coordinates": [[75.8594116, 22.718086399999997], [75.85941750000002, 22.7181602], [75.859307, 22.718422600000004], [75.8591833, 22.718719499999995], [75.8590843, 22.718873600000002]]}}, {"id": "102", "type": "Feature", "properties": {"segment_id": "osm-2025111077-11153056521-0", "length_m": 169.86619012352256, "road_metadata": "{\"osmid\": 911224179, \"name\": \"River Side Road\", \"highway\": \"secondary\", \"maxspeed\": NaN, \"oneway\": false}", "source_type": "osm", "source_reference": "OpenStreetMap via OSMnx", "observed_or_estimated": "OBSERVED", "modelled_or_interpolated": "NOT_APPLICABLE", "timestamp": "2026-10-08T20:03:11.272352+00:00", "assumptions_version": "2026-10-09-prompt-1", "computation_mode": "FULL"}, "geometry": {"type": "LineString", "coordinates": [[75.8594116, 22.718086399999997], [75.859394, 22.717868099999997], [75.8593659, 22.717554299999996], [75.859394, 22.717312], [75.85961, 22.716635099999998], [75.8596493, 22.7165995]]}}, {"id": "103", "type": "Feature", "properties": {"segment_id": "osm-2025111077-1807247763-0", "length_m": 85.87014519880714, "road_metadata": "{\"osmid\": [1498123153, 1498123155, 169557403], \"name\": NaN, \"highway\": [\"service\", \"footway\", \"steps\"], \"maxspeed\": NaN, \"oneway\": false}", "source_type": "osm", "source_reference": "OpenStreetMap via OSMnx", "observed_or_estimated": "OBSERVED", "modelled_or_interpolated": "NOT_APPLICABLE", "timestamp": "2026-10-08T20:03:11.272581+00:00", "assumptions_version": "2026-10-09-prompt-1", "computation_mode": "FULL"}, "geometry": {"type": "LineString", "coordinates": [[75.8594116, 22.718086399999997], [75.8592201, 22.7180634], [75.8591601, 22.7180551], [75.8585841, 22.717975599999995]]}}, {"id": "104", "type": "Feature", "properties": {"segment_id": "osm-2025111085-8461059601-0", "length_m": 10.301660295390102, "road_metadata": "{\"osmid\": 1265043081, \"name\": NaN, \"highway\": \"secondary\", \"maxspeed\": NaN, \"oneway\": false}", "source_type": "osm", "source_reference": "OpenStreetMap via OSMnx", "observed_or_estimated": "OBSERVED", "modelled_or_interpolated": "NOT_APPLICABLE", "timestamp": "2026-10-08T20:03:11.272807+00:00", "assumptions_version": "2026-10-09-prompt-1", "computation_mode": "FULL"}, "geometry": {"type": "LineString", "coordinates": [[75.85593460000001, 22.7182584], [75.8558428, 22.718295900000005]]}}, {"id": "105", "type": "Feature", "properties": {"segment_id": "osm-2025111085-2025111019-0", "length_m": 105.92275012617475, "road_metadata": "{\"osmid\": 1393746964, \"name\": NaN, \"highway\": \"tertiary\", \"maxspeed\": NaN, \"oneway\": false}", "source_type": "osm", "source_reference": "OpenStreetMap via OSMnx", "observed_or_estimated": "OBSERVED", "modelled_or_interpolated": "NOT_APPLICABLE", "timestamp": "2026-10-08T20:03:11.273040+00:00", "assumptions_version": "2026-10-09-prompt-1", "computation_mode": "FULL"}, "geometry": {"type": "LineString", "coordinates": [[75.85593460000001, 22.7182584], [75.8560344, 22.717306100000002]]}}, {"id": "106", "type": "Feature", "properties": {"segment_id": "osm-2025111085-2025111115-0", "length_m": 60.95309540188445, "road_metadata": "{\"osmid\": 191953043, \"name\": NaN, \"highway\": \"secondary\", \"maxspeed\": NaN, \"oneway\": false}", "source_type": "osm", "source_reference": "OpenStreetMap via OSMnx", "observed_or_estimated": "OBSERVED", "modelled_or_interpolated": "NOT_APPLICABLE", "timestamp": "2026-10-08T20:03:11.273277+00:00", "assumptions_version": "2026-10-09-prompt-1", "computation_mode": "FULL"}, "geometry": {"type": "LineString", "coordinates": [[75.85593460000001, 22.7182584], [75.8561011, 22.7182511], [75.8562309, 22.718311900000003], [75.8563607, 22.718414199999998], [75.8564481, 22.71847779999999]]}}, {"id": "107", "type": "Feature", "properties": {"segment_id": "osm-2025111095-8478005594-0", "length_m": 33.03911403159793, "road_metadata": "{\"osmid\": 191943386, \"name\": \"River Side Road\", \"highway\": \"secondary\", \"maxspeed\": NaN, \"oneway\": false}", "source_type": "osm", "source_reference": "OpenStreetMap via OSMnx", "observed_or_estimated": "OBSERVED", "modelled_or_interpolated": "NOT_APPLICABLE", "timestamp": "2026-10-08T20:03:11.273503+00:00", "assumptions_version": "2026-10-09-prompt-1", "computation_mode": "FULL"}, "geometry": {"type": "LineString", "coordinates": [[75.8594424, 22.7183844], [75.8595256, 22.7182], [75.8595227, 22.718101499999992]]}}, {"id": "108", "type": "Feature", "properties": {"segment_id": "osm-2025111095-2025020069-0", "length_m": 61.10699725444681, "road_metadata": "{\"osmid\": [191943400, 191943386, 191943391], \"name\": \"River Side Road\", \"highway\": \"secondary\", \"maxspeed\": NaN, \"oneway\": false}", "source_type": "osm", "source_reference": "OpenStreetMap via OSMnx", "observed_or_estimated": "OBSERVED", "modelled_or_interpolated": "NOT_APPLICABLE", "timestamp": "2026-10-08T20:03:11.273730+00:00", "assumptions_version": "2026-10-09-prompt-1", "computation_mode": "FULL"}, "geometry": {"type": "LineString", "coordinates": [[75.8594424, 22.7183844], [75.8594098, 22.718459800000005], [75.8593047, 22.7187279], [75.8592866, 22.718779199999997], [75.8592568, 22.7188365], [75.859207, 22.718886200000004]]}}, {"id": "109", "type": "Feature", "properties": {"segment_id": "osm-2025111104-2025111070-0", "length_m": 85.50494522041046, "road_metadata": "{\"osmid\": 191953187, \"name\": NaN, \"highway\": \"residential\", \"maxspeed\": NaN, \"oneway\": false}", "source_type": "osm", "source_reference": "OpenStreetMap via OSMnx", "observed_or_estimated": "OBSERVED", "modelled_or_interpolated": "NOT_APPLICABLE", "timestamp": "2026-10-08T20:03:11.273956+00:00", "assumptions_version": "2026-10-09-prompt-1", "computation_mode": "FULL"}, "geometry": {"type": "LineString", "coordinates": [[75.8577909, 22.718338099999997], [75.8575429, 22.718297999999994], [75.8572776, 22.718237199999997], [75.8570338, 22.7180633]]}}, {"id": "110", "type": "Feature", "properties": {"segment_id": "osm-2025111104-2025111134-0", "length_m": 66.46549691683688, "road_metadata": "{\"osmid\": 1033702570, \"name\": NaN, \"highway\": \"tertiary\", \"maxspeed\": NaN, \"oneway\": false}", "source_type": "osm", "source_reference": "OpenStreetMap via OSMnx", "observed_or_estimated": "OBSERVED", "modelled_or_interpolated": "NOT_APPLICABLE", "timestamp": "2026-10-08T20:03:11.274181+00:00", "assumptions_version": "2026-10-09-prompt-1", "computation_mode": "FULL"}, "geometry": {"type": "LineString", "coordinates": [[75.8577909, 22.718338099999997], [75.8577805, 22.718393200000005], [75.8576361, 22.718920899999993]]}}, {"id": "111", "type": "Feature", "properties": {"segment_id": "osm-2025111104-2025111048-0", "length_m": 70.25538760309078, "road_metadata": "{\"osmid\": 1033702570, \"name\": NaN, \"highway\": \"tertiary\", \"maxspeed\": NaN, \"oneway\": false}", "source_type": "osm", "source_reference": "OpenStreetMap via OSMnx", "observed_or_estimated": "OBSERVED", "modelled_or_interpolated": "NOT_APPLICABLE", "timestamp": "2026-10-08T20:03:11.274401+00:00", "assumptions_version": "2026-10-09-prompt-1", "computation_mode": "FULL"}, "geometry": {"type": "LineString", "coordinates": [[75.8577909, 22.718338099999997], [75.8578727, 22.717903799999995], [75.8579311, 22.717717799999996]]}}, {"id": "112", "type": "Feature", "properties": {"segment_id": "osm-2025111115-8461150044-0", "length_m": 30.596716781290766, "road_metadata": "{\"osmid\": 191953188, \"name\": NaN, \"highway\": \"residential\", \"maxspeed\": NaN, \"oneway\": false}", "source_type": "osm", "source_reference": "OpenStreetMap via OSMnx", "observed_or_estimated": "OBSERVED", "modelled_or_interpolated": "NOT_APPLICABLE", "timestamp": "2026-10-08T20:03:11.274624+00:00", "assumptions_version": "2026-10-09-prompt-1", "computation_mode": "FULL"}, "geometry": {"type": "LineString", "coordinates": [[75.8564481, 22.71847779999999], [75.856292, 22.718713199999996]]}}, {"id": "113", "type": "Feature", "properties": {"segment_id": "osm-2025111115-2025111085-0", "length_m": 60.95309540188444, "road_metadata": "{\"osmid\": 191953043, \"name\": NaN, \"highway\": \"secondary\", \"maxspeed\": NaN, \"oneway\": false}", "source_type": "osm", "source_reference": "OpenStreetMap via OSMnx", "observed_or_estimated": "OBSERVED", "modelled_or_interpolated": "NOT_APPLICABLE", "timestamp": "2026-10-08T20:03:11.274847+00:00", "assumptions_version": "2026-10-09-prompt-1", "computation_mode": "FULL"}, "geometry": {"type": "LineString", "coordinates": [[75.8564481, 22.71847779999999], [75.8563607, 22.718414199999998], [75.8562309, 22.718311900000003], [75.8561011, 22.7182511], [75.85593460000001, 22.7182584]]}}, {"id": "114", "type": "Feature", "properties": {"segment_id": "osm-2025111115-2025111134-0", "length_m": 136.47223437125186, "road_metadata": "{\"osmid\": 191953043, \"name\": NaN, \"highway\": \"secondary\", \"maxspeed\": NaN, \"oneway\": false}", "source_type": "osm", "source_reference": "OpenStreetMap via OSMnx", "observed_or_estimated": "OBSERVED", "modelled_or_interpolated": "NOT_APPLICABLE", "timestamp": "2026-10-08T20:03:11.275073+00:00", "assumptions_version": "2026-10-09-prompt-1", "computation_mode": "FULL"}, "geometry": {"type": "LineString", "coordinates": [[75.8564481, 22.71847779999999], [75.8567182, 22.718674499999995], [75.8568912, 22.718738700000003], [75.8570379, 22.7187578], [75.8572637, 22.7187595], [75.8574518, 22.718790799999997], [75.8575703, 22.718854999999998], [75.8576361, 22.718920899999993]]}}, {"id": "115", "type": "Feature", "properties": {"segment_id": "osm-2025111115-2025111070-0", "length_m": 76.76556787390655, "road_metadata": "{\"osmid\": 191953188, \"name\": NaN, \"highway\": \"residential\", \"maxspeed\": NaN, \"oneway\": false}", "source_type": "osm", "source_reference": "OpenStreetMap via OSMnx", "observed_or_estimated": "OBSERVED", "modelled_or_interpolated": "NOT_APPLICABLE", "timestamp": "2026-10-08T20:03:11.275304+00:00", "assumptions_version": "2026-10-09-prompt-1", "computation_mode": "FULL"}, "geometry": {"type": "LineString", "coordinates": [[75.8564481, 22.71847779999999], [75.8565608, 22.718348299999995], [75.8567471, 22.718198999999995], [75.8570338, 22.7180633]]}}, {"id": "116", "type": "Feature", "properties": {"segment_id": "osm-2025111132-2025020058-0", "length_m": 12.624050488228187, "road_metadata": "{\"osmid\": 191943472, \"name\": \"Rajwada Square\", \"highway\": \"secondary\", \"maxspeed\": \"20\", \"oneway\": false}", "source_type": "osm", "source_reference": "OpenStreetMap via OSMnx", "observed_or_estimated": "OBSERVED", "modelled_or_interpolated": "NOT_APPLICABLE", "timestamp": "2026-10-08T20:03:11.275527+00:00", "assumptions_version": "2026-10-09-prompt-1", "computation_mode": "FULL"}, "geometry": {"type": "LineString", "coordinates": [[75.8557141, 22.7188909], [75.8557865, 22.718879199999996], [75.8558247, 22.7188501]]}}, {"id": "117", "type": "Feature", "properties": {"segment_id": "osm-2025111132-2025020055-0", "length_m": 32.32487256791545, "road_metadata": "{\"osmid\": 191943472, \"name\": \"Rajwada Square\", \"highway\": \"secondary\", \"maxspeed\": \"20\", \"oneway\": false}", "source_type": "osm", "source_reference": "OpenStreetMap via OSMnx", "observed_or_estimated": "OBSERVED", "modelled_or_interpolated": "NOT_APPLICABLE", "timestamp": "2026-10-08T20:03:11.275753+00:00", "assumptions_version": "2026-10-09-prompt-1", "computation_mode": "FULL"}, "geometry": {"type": "LineString", "coordinates": [[75.8557141, 22.7188909], [75.8556644, 22.718887600000002], [75.8554968, 22.718852599999998], [75.8554687, 22.718845099999996], [75.855415, 22.718812999999997]]}}, {"id": "118", "type": "Feature", "properties": {"segment_id": "osm-2025111132-8460457257-0", "length_m": 40.361463506764466, "road_metadata": "{\"osmid\": 1033376987, \"name\": \"Imli Baazar\", \"highway\": \"tertiary\", \"maxspeed\": \"20\", \"oneway\": false}", "source_type": "osm", "source_reference": "OpenStreetMap via OSMnx", "observed_or_estimated": "OBSERVED", "modelled_or_interpolated": "NOT_APPLICABLE", "timestamp": "2026-10-08T20:03:11.275977+00:00", "assumptions_version": "2026-10-09-prompt-1", "computation_mode": "FULL"}, "geometry": {"type": "LineString", "coordinates": [[75.8557141, 22.7188909], [75.855742, 22.7189891], [75.8557516, 22.719040600000003], [75.855744, 22.7191005], [75.8557288, 22.7191507], [75.855682, 22.719238900000004]]}}, {"id": "119", "type": "Feature", "properties": {"segment_id": "osm-2025111134-2025111115-0", "length_m": 136.47223437125186, "road_metadata": "{\"osmid\": 191953043, \"name\": NaN, \"highway\": \"secondary\", \"maxspeed\": NaN, \"oneway\": false}", "source_type": "osm", "source_reference": "OpenStreetMap via OSMnx", "observed_or_estimated": "OBSERVED", "modelled_or_interpolated": "NOT_APPLICABLE", "timestamp": "2026-10-08T20:03:11.276204+00:00", "assumptions_version": "2026-10-09-prompt-1", "computation_mode": "FULL"}, "geometry": {"type": "LineString", "coordinates": [[75.8576361, 22.718920899999993], [75.8575703, 22.718854999999998], [75.8574518, 22.718790799999997], [75.8572637, 22.7187595], [75.8570379, 22.7187578], [75.8568912, 22.718738700000003], [75.8567182, 22.718674499999995], [75.8564481, 22.71847779999999]]}}, {"id": "120", "type": "Feature", "properties": {"segment_id": "osm-2025111134-8461125325-0", "length_m": 47.993352431674474, "road_metadata": "{\"osmid\": 749310530, \"name\": NaN, \"highway\": \"secondary\", \"maxspeed\": NaN, \"oneway\": false}", "source_type": "osm", "source_reference": "OpenStreetMap via OSMnx", "observed_or_estimated": "OBSERVED", "modelled_or_interpolated": "NOT_APPLICABLE", "timestamp": "2026-10-08T20:03:11.276438+00:00", "assumptions_version": "2026-10-09-prompt-1", "computation_mode": "FULL"}, "geometry": {"type": "LineString", "coordinates": [[75.8576361, 22.718920899999993], [75.8576474, 22.7191725], [75.8576468, 22.7193542]]}}, {"id": "121", "type": "Feature", "properties": {"segment_id": "osm-2025111134-2025111104-0", "length_m": 66.46549691683688, "road_metadata": "{\"osmid\": 1033702570, \"name\": NaN, \"highway\": \"tertiary\", \"maxspeed\": NaN, \"oneway\": false}", "source_type": "osm", "source_reference": "OpenStreetMap via OSMnx", "observed_or_estimated": "OBSERVED", "modelled_or_interpolated": "NOT_APPLICABLE", "timestamp": "2026-10-08T20:03:11.276667+00:00", "assumptions_version": "2026-10-09-prompt-1", "computation_mode": "FULL"}, "geometry": {"type": "LineString", "coordinates": [[75.8576361, 22.718920899999993], [75.8577805, 22.718393200000005], [75.8577909, 22.718338099999997]]}}, {"id": "122", "type": "Feature", "properties": {"segment_id": "osm-2025111137-2025020058-0", "length_m": 32.91652656075929, "road_metadata": "{\"osmid\": 191953028, \"name\": \"Mahatma Gandhi Marg\", \"highway\": \"secondary\", \"maxspeed\": \"30\", \"oneway\": false}", "source_type": "osm", "source_reference": "OpenStreetMap via OSMnx", "observed_or_estimated": "OBSERVED", "modelled_or_interpolated": "NOT_APPLICABLE", "timestamp": "2026-10-08T20:03:11.276890+00:00", "assumptions_version": "2026-10-09-prompt-1", "computation_mode": "FULL"}, "geometry": {"type": "LineString", "coordinates": [[75.8561067, 22.7189914], [75.8558247, 22.7188501]]}}, {"id": "123", "type": "Feature", "properties": {"segment_id": "osm-2025111137-8461150044-0", "length_m": 36.20383687538522, "road_metadata": "{\"osmid\": 191953188, \"name\": NaN, \"highway\": \"residential\", \"maxspeed\": NaN, \"oneway\": false}", "source_type": "osm", "source_reference": "OpenStreetMap via OSMnx", "observed_or_estimated": "OBSERVED", "modelled_or_interpolated": "NOT_APPLICABLE", "timestamp": "2026-10-08T20:03:11.277469+00:00", "assumptions_version": "2026-10-09-prompt-1", "computation_mode": "FULL"}, "geometry": {"type": "LineString", "coordinates": [[75.8561067, 22.7189914], [75.856292, 22.718713199999996]]}}, {"id": "124", "type": "Feature", "properties": {"segment_id": "osm-2025111137-2025111142-0", "length_m": 23.52022650575052, "road_metadata": "{\"osmid\": 191953028, \"name\": \"Mahatma Gandhi Marg\", \"highway\": \"secondary\", \"maxspeed\": \"30\", \"oneway\": false}", "source_type": "osm", "source_reference": "OpenStreetMap via OSMnx", "observed_or_estimated": "OBSERVED", "modelled_or_interpolated": "NOT_APPLICABLE", "timestamp": "2026-10-08T20:03:11.277895+00:00", "assumptions_version": "2026-10-09-prompt-1", "computation_mode": "FULL"}, "geometry": {"type": "LineString", "coordinates": [[75.8561067, 22.7189914], [75.8561595, 22.719016799999995], [75.8563147, 22.7190801]]}}, {"id": "125", "type": "Feature", "properties": {"segment_id": "osm-2025111142-2025111157-0", "length_m": 86.26222992012993, "road_metadata": "{\"osmid\": 191953028, \"name\": \"Mahatma Gandhi Marg\", \"highway\": \"secondary\", \"maxspeed\": \"30\", \"oneway\": false}", "source_type": "osm", "source_reference": "OpenStreetMap via OSMnx", "observed_or_estimated": "OBSERVED", "modelled_or_interpolated": "NOT_APPLICABLE", "timestamp": "2026-10-08T20:03:11.278229+00:00", "assumptions_version": "2026-10-09-prompt-1", "computation_mode": "FULL"}, "geometry": {"type": "LineString", "coordinates": [[75.8563147, 22.7190801], [75.8565985, 22.719195899999995], [75.8571006, 22.719352999999998]]}}, {"id": "126", "type": "Feature", "properties": {"segment_id": "osm-2025111142-2025111137-0", "length_m": 23.52022650575052, "road_metadata": "{\"osmid\": 191953028, \"name\": \"Mahatma Gandhi Marg\", \"highway\": \"secondary\", \"maxspeed\": \"30\", \"oneway\": false}", "source_type": "osm", "source_reference": "OpenStreetMap via OSMnx", "observed_or_estimated": "OBSERVED", "modelled_or_interpolated": "NOT_APPLICABLE", "timestamp": "2026-10-08T20:03:11.278491+00:00", "assumptions_version": "2026-10-09-prompt-1", "computation_mode": "FULL"}, "geometry": {"type": "LineString", "coordinates": [[75.8563147, 22.7190801], [75.8561595, 22.719016799999995], [75.8561067, 22.7189914]]}}, {"id": "127", "type": "Feature", "properties": {"segment_id": "osm-2025111142-8460457256-0", "length_m": 48.374405968007196, "road_metadata": "{\"osmid\": 191953195, \"name\": NaN, \"highway\": \"residential\", \"maxspeed\": NaN, \"oneway\": false}", "source_type": "osm", "source_reference": "OpenStreetMap via OSMnx", "observed_or_estimated": "OBSERVED", "modelled_or_interpolated": "NOT_APPLICABLE", "timestamp": "2026-10-08T20:03:11.278736+00:00", "assumptions_version": "2026-10-09-prompt-1", "computation_mode": "FULL"}, "geometry": {"type": "LineString", "coordinates": [[75.8563147, 22.7190801], [75.8562256, 22.719350999999996], [75.8561581, 22.719491399999995]]}}, {"id": "128", "type": "Feature", "properties": {"segment_id": "osm-2025111157-2025111163-0", "length_m": 58.19774678303126, "road_metadata": "{\"osmid\": 191953028, \"name\": \"Mahatma Gandhi Marg\", \"highway\": \"secondary\", \"maxspeed\": \"30\", \"oneway\": false}", "source_type": "osm", "source_reference": "OpenStreetMap via OSMnx", "observed_or_estimated": "OBSERVED", "modelled_or_interpolated": "NOT_APPLICABLE", "timestamp": "2026-10-08T20:03:11.278973+00:00", "assumptions_version": "2026-10-09-prompt-1", "computation_mode": "FULL"}, "geometry": {"type": "LineString", "coordinates": [[75.8571006, 22.719352999999998], [75.8573184, 22.719427499999995], [75.8576325, 22.719534299999996]]}}, {"id": "129", "type": "Feature", "properties": {"segment_id": "osm-2025111157-2025111142-0", "length_m": 86.26222992012993, "road_metadata": "{\"osmid\": 191953028, \"name\": \"Mahatma Gandhi Marg\", \"highway\": \"secondary\", \"maxspeed\": \"30\", \"oneway\": false}", "source_type": "osm", "source_reference": "OpenStreetMap via OSMnx", "observed_or_estimated": "OBSERVED", "modelled_or_interpolated": "NOT_APPLICABLE", "timestamp": "2026-10-08T20:03:11.279233+00:00", "assumptions_version": "2026-10-09-prompt-1", "computation_mode": "FULL"}, "geometry": {"type": "LineString", "coordinates": [[75.8571006, 22.719352999999998], [75.8565985, 22.719195899999995], [75.8563147, 22.7190801]]}}, {"id": "130", "type": "Feature", "properties": {"segment_id": "osm-2025111157-2025111180-0", "length_m": 44.08265820472137, "road_metadata": "{\"osmid\": 191953192, \"name\": NaN, \"highway\": \"residential\", \"maxspeed\": NaN, \"oneway\": false}", "source_type": "osm", "source_reference": "OpenStreetMap via OSMnx", "observed_or_estimated": "OBSERVED", "modelled_or_interpolated": "NOT_APPLICABLE", "timestamp": "2026-10-08T20:03:11.279479+00:00", "assumptions_version": "2026-10-09-prompt-1", "computation_mode": "FULL"}, "geometry": {"type": "LineString", "coordinates": [[75.8571006, 22.719352999999998], [75.8570297, 22.7195051], [75.8569889, 22.719592699999993], [75.8569799, 22.7197295]]}}, {"id": "131", "type": "Feature", "properties": {"segment_id": "osm-2025111163-2025111171-0", "length_m": 9.009109105296577, "road_metadata": "{\"osmid\": 911224184, \"name\": \"Mahatma Gandhi Marg\", \"highway\": \"secondary\", \"maxspeed\": \"30\", \"oneway\": false}", "source_type": "osm", "source_reference": "OpenStreetMap via OSMnx", "observed_or_estimated": "OBSERVED", "modelled_or_interpolated": "NOT_APPLICABLE", "timestamp": "2026-10-08T20:03:11.279716+00:00", "assumptions_version": "2026-10-09-prompt-1", "computation_mode": "FULL"}, "geometry": {"type": "LineString", "coordinates": [[75.8576325, 22.719534299999996], [75.8577065, 22.719578]]}}, {"id": "132", "type": "Feature", "properties": {"segment_id": "osm-2025111163-2025111157-0", "length_m": 58.19774678303126, "road_metadata": "{\"osmid\": 191953028, \"name\": \"Mahatma Gandhi Marg\", \"highway\": \"secondary\", \"maxspeed\": \"30\", \"oneway\": false}", "source_type": "osm", "source_reference": "OpenStreetMap via OSMnx", "observed_or_estimated": "OBSERVED", "modelled_or_interpolated": "NOT_APPLICABLE", "timestamp": "2026-10-08T20:03:11.279951+00:00", "assumptions_version": "2026-10-09-prompt-1", "computation_mode": "FULL"}, "geometry": {"type": "LineString", "coordinates": [[75.8576325, 22.719534299999996], [75.8573184, 22.719427499999995], [75.8571006, 22.719352999999998]]}}, {"id": "133", "type": "Feature", "properties": {"segment_id": "osm-2025111163-8461125325-0", "length_m": 21.329198377602047, "road_metadata": "{\"osmid\": 911224184, \"name\": \"Mahatma Gandhi Marg\", \"highway\": \"secondary\", \"maxspeed\": \"30\", \"oneway\": false}", "source_type": "osm", "source_reference": "OpenStreetMap via OSMnx", "observed_or_estimated": "OBSERVED", "modelled_or_interpolated": "NOT_APPLICABLE", "timestamp": "2026-10-08T20:03:11.280179+00:00", "assumptions_version": "2026-10-09-prompt-1", "computation_mode": "FULL"}, "geometry": {"type": "LineString", "coordinates": [[75.8576325, 22.719534299999996], [75.8576112, 22.719461399999993], [75.8576092, 22.719410699999997], [75.8576468, 22.7193542]]}}, {"id": "134", "type": "Feature", "properties": {"segment_id": "osm-2025111171-2025111163-0", "length_m": 9.009109105296577, "road_metadata": "{\"osmid\": 911224184, \"name\": \"Mahatma Gandhi Marg\", \"highway\": \"secondary\", \"maxspeed\": \"30\", \"oneway\": false}", "source_type": "osm", "source_reference": "OpenStreetMap via OSMnx", "observed_or_estimated": "OBSERVED", "modelled_or_interpolated": "NOT_APPLICABLE", "timestamp": "2026-10-08T20:03:11.280402+00:00", "assumptions_version": "2026-10-09-prompt-1", "computation_mode": "FULL"}, "geometry": {"type": "LineString", "coordinates": [[75.8577065, 22.719578], [75.8576325, 22.719534299999996]]}}, {"id": "135", "type": "Feature", "properties": {"segment_id": "osm-2025111171-8460393366-0", "length_m": 98.83022985239884, "road_metadata": "{\"osmid\": 191953190, \"name\": NaN, \"highway\": \"residential\", \"maxspeed\": NaN, \"oneway\": false}", "source_type": "osm", "source_reference": "OpenStreetMap via OSMnx", "observed_or_estimated": "OBSERVED", "modelled_or_interpolated": "NOT_APPLICABLE", "timestamp": "2026-10-08T20:03:11.280636+00:00", "assumptions_version": "2026-10-09-prompt-1", "computation_mode": "FULL"}, "geometry": {"type": "LineString", "coordinates": [[75.8577065, 22.719578], [75.8575918, 22.719895199999996], [75.8575429, 22.7203012], [75.8575363, 22.720450700000008]]}}, {"id": "136", "type": "Feature", "properties": {"segment_id": "osm-2025111171-8461125322-0", "length_m": 86.98265431740334, "road_metadata": "{\"osmid\": [911224184, 1034062073, 191953029], \"name\": [\"Mahatma Gandhi Marg\", \"River Side Road\"], \"highway\": \"secondary\", \"maxspeed\": \"30\", \"oneway\": false}", "source_type": "osm", "source_reference": "OpenStreetMap via OSMnx", "observed_or_estimated": "OBSERVED", "modelled_or_interpolated": "NOT_APPLICABLE", "timestamp": "2026-10-08T20:03:11.281074+00:00", "assumptions_version": "2026-10-09-prompt-1", "computation_mode": "FULL"}, "geometry": {"type": "LineString", "coordinates": [[75.8577065, 22.719578], [75.8578442, 22.719630899999995], [75.8583711, 22.719809300000005], [75.8584965, 22.7198605]]}}, {"id": "137", "type": "Feature", "properties": {"segment_id": "osm-2025111179-8460457262-0", "length_m": 23.78841087373118, "road_metadata": "{\"osmid\": 191953195, \"name\": NaN, \"highway\": \"residential\", \"maxspeed\": NaN, \"oneway\": false}", "source_type": "osm", "source_reference": "OpenStreetMap via OSMnx", "observed_or_estimated": "OBSERVED", "modelled_or_interpolated": "NOT_APPLICABLE", "timestamp": "2026-10-08T20:03:11.281577+00:00", "assumptions_version": "2026-10-09-prompt-1", "computation_mode": "FULL"}, "geometry": {"type": "LineString", "coordinates": [[75.8560358, 22.7197012], [75.8559144, 22.719884199999996]]}}, {"id": "138", "type": "Feature", "properties": {"segment_id": "osm-2025111179-2025111180-0", "length_m": 97.29622616543993, "road_metadata": "{\"osmid\": 191953141, \"name\": NaN, \"highway\": \"residential\", \"maxspeed\": NaN, \"oneway\": false}", "source_type": "osm", "source_reference": "OpenStreetMap via OSMnx", "observed_or_estimated": "OBSERVED", "modelled_or_interpolated": "NOT_APPLICABLE", "timestamp": "2026-10-08T20:03:11.281966+00:00", "assumptions_version": "2026-10-09-prompt-1", "computation_mode": "FULL"}, "geometry": {"type": "LineString", "coordinates": [[75.8560358, 22.7197012], [75.85619060000002, 22.7197248], [75.8562542, 22.7197361], [75.8569799, 22.7197295]]}}, {"id": "139", "type": "Feature", "properties": {"segment_id": "osm-2025111179-8460457256-0", "length_m": 26.46070939745414, "road_metadata": "{\"osmid\": 191953195, \"name\": NaN, \"highway\": \"residential\", \"maxspeed\": NaN, \"oneway\": false}", "source_type": "osm", "source_reference": "OpenStreetMap via OSMnx", "observed_or_estimated": "OBSERVED", "modelled_or_interpolated": "NOT_APPLICABLE", "timestamp": "2026-10-08T20:03:11.282266+00:00", "assumptions_version": "2026-10-09-prompt-1", "computation_mode": "FULL"}, "geometry": {"type": "LineString", "coordinates": [[75.8560358, 22.7197012], [75.8561134, 22.719584199999993], [75.8561581, 22.719491399999995]]}}, {"id": "140", "type": "Feature", "properties": {"segment_id": "osm-2025111180-2025111179-0", "length_m": 97.29622616543993, "road_metadata": "{\"osmid\": 191953141, \"name\": NaN, \"highway\": \"residential\", \"maxspeed\": NaN, \"oneway\": false}", "source_type": "osm", "source_reference": "OpenStreetMap via OSMnx", "observed_or_estimated": "OBSERVED", "modelled_or_interpolated": "NOT_APPLICABLE", "timestamp": "2026-10-08T20:03:11.282546+00:00", "assumptions_version": "2026-10-09-prompt-1", "computation_mode": "FULL"}, "geometry": {"type": "LineString", "coordinates": [[75.8569799, 22.7197295], [75.8562542, 22.7197361], [75.85619060000002, 22.7197248], [75.8560358, 22.7197012]]}}, {"id": "141", "type": "Feature", "properties": {"segment_id": "osm-2025111180-2025111240-0", "length_m": 77.58197121313665, "road_metadata": "{\"osmid\": 191953192, \"name\": NaN, \"highway\": \"residential\", \"maxspeed\": NaN, \"oneway\": false}", "source_type": "osm", "source_reference": "OpenStreetMap via OSMnx", "observed_or_estimated": "OBSERVED", "modelled_or_interpolated": "NOT_APPLICABLE", "timestamp": "2026-10-08T20:03:11.282948+00:00", "assumptions_version": "2026-10-09-prompt-1", "computation_mode": "FULL"}, "geometry": {"type": "LineString", "coordinates": [[75.8569799, 22.7197295], [75.856941, 22.7200025], [75.8569371, 22.7204279]]}}, {"id": "142", "type": "Feature", "properties": {"segment_id": "osm-2025111180-2025111157-0", "length_m": 44.08265820472137, "road_metadata": "{\"osmid\": 191953192, \"name\": NaN, \"highway\": \"residential\", \"maxspeed\": NaN, \"oneway\": false}", "source_type": "osm", "source_reference": "OpenStreetMap via OSMnx", "observed_or_estimated": "OBSERVED", "modelled_or_interpolated": "NOT_APPLICABLE", "timestamp": "2026-10-08T20:03:11.283239+00:00", "assumptions_version": "2026-10-09-prompt-1", "computation_mode": "FULL"}, "geometry": {"type": "LineString", "coordinates": [[75.8569799, 22.7197295], [75.8569889, 22.719592699999993], [75.8570297, 22.7195051], [75.8571006, 22.719352999999998]]}}, {"id": "143", "type": "Feature", "properties": {"segment_id": "osm-2025111198-3734496723-0", "length_m": 24.311485414619504, "road_metadata": "{\"osmid\": 369999844, \"name\": NaN, \"highway\": \"residential\", \"maxspeed\": NaN, \"oneway\": false}", "source_type": "osm", "source_reference": "OpenStreetMap via OSMnx", "observed_or_estimated": "OBSERVED", "modelled_or_interpolated": "NOT_APPLICABLE", "timestamp": "2026-10-08T20:03:11.283486+00:00", "assumptions_version": "2026-10-09-prompt-1", "computation_mode": "FULL"}, "geometry": {"type": "LineString", "coordinates": [[75.8553426, 22.7197851], [75.8553439, 22.7195655]]}}, {"id": "144", "type": "Feature", "properties": {"segment_id": "osm-2025111198-8460457257-0", "length_m": 69.7951871288979, "road_metadata": "{\"osmid\": 1033376987, \"name\": \"Imli Baazar\", \"highway\": \"tertiary\", \"maxspeed\": \"20\", \"oneway\": false}", "source_type": "osm", "source_reference": "OpenStreetMap via OSMnx", "observed_or_estimated": "OBSERVED", "modelled_or_interpolated": "NOT_APPLICABLE", "timestamp": "2026-10-08T20:03:11.283782+00:00", "assumptions_version": "2026-10-09-prompt-1", "computation_mode": "FULL"}, "geometry": {"type": "LineString", "coordinates": [[75.8553426, 22.7197851], [75.855682, 22.719238900000004]]}}, {"id": "145", "type": "Feature", "properties": {"segment_id": "osm-2025111198-3734496854-0", "length_m": 24.569903097468877, "road_metadata": "{\"osmid\": 1033376987, \"name\": \"Imli Baazar\", \"highway\": \"tertiary\", \"maxspeed\": \"20\", \"oneway\": false}", "source_type": "osm", "source_reference": "OpenStreetMap via OSMnx", "observed_or_estimated": "OBSERVED", "modelled_or_interpolated": "NOT_APPLICABLE", "timestamp": "2026-10-08T20:03:11.284095+00:00", "assumptions_version": "2026-10-09-prompt-1", "computation_mode": "FULL"}, "geometry": {"type": "LineString", "coordinates": [[75.8553426, 22.7197851], [75.855238, 22.719984699999998]]}}, {"id": "146", "type": "Feature", "properties": {"segment_id": "osm-2025111227-2025111228-0", "length_m": 20.34546932402941, "road_metadata": "{\"osmid\": 191953195, \"name\": NaN, \"highway\": \"residential\", \"maxspeed\": NaN, \"oneway\": false}", "source_type": "osm", "source_reference": "OpenStreetMap via OSMnx", "observed_or_estimated": "OBSERVED", "modelled_or_interpolated": "NOT_APPLICABLE", "timestamp": "2026-10-08T20:03:11.284382+00:00", "assumptions_version": "2026-10-09-prompt-1", "computation_mode": "FULL"}, "geometry": {"type": "LineString", "coordinates": [[75.8557852, 22.720029], [75.855636, 22.7201499]]}}, {"id": "147", "type": "Feature", "properties": {"segment_id": "osm-2025111227-8460457262-0", "length_m": 20.809923149517235, "road_metadata": "{\"osmid\": 191953195, \"name\": NaN, \"highway\": \"residential\", \"maxspeed\": NaN, \"oneway\": false}", "source_type": "osm", "source_reference": "OpenStreetMap via OSMnx", "observed_or_estimated": "OBSERVED", "modelled_or_interpolated": "NOT_APPLICABLE", "timestamp": "2026-10-08T20:03:11.284774+00:00", "assumptions_version": "2026-10-09-prompt-1", "computation_mode": "FULL"}, "geometry": {"type": "LineString", "coordinates": [[75.8557852, 22.720029], [75.855848, 22.719959499999998], [75.8559144, 22.719884199999996]]}}, {"id": "148", "type": "Feature", "properties": {"segment_id": "osm-2025111227-2025111275-0", "length_m": 139.32968273207746, "road_metadata": "{\"osmid\": 369999889, \"name\": NaN, \"highway\": \"residential\", \"maxspeed\": NaN, \"oneway\": false}", "source_type": "osm", "source_reference": "OpenStreetMap via OSMnx", "observed_or_estimated": "OBSERVED", "modelled_or_interpolated": "NOT_APPLICABLE", "timestamp": "2026-10-08T20:03:11.285041+00:00", "assumptions_version": "2026-10-09-prompt-1", "computation_mode": "FULL"}, "geometry": {"type": "LineString", "coordinates": [[75.8557852, 22.720029], [75.8558023, 22.7201721], [75.8558161, 22.7202281], [75.8558424, 22.720281299999996], [75.8558622, 22.720320599999997], [75.8559132, 22.720384], [75.8559399, 22.720438499999997], [75.8559448, 22.720505599999996], [75.85593, 22.720808400000003], [75.8559054, 22.7212537]]}}, {"id": "149", "type": "Feature", "properties": {"segment_id": "osm-2025111228-2025111227-0", "length_m": 20.34546932402941, "road_metadata": "{\"osmid\": 191953195, \"name\": NaN, \"highway\": \"residential\", \"maxspeed\": NaN, \"oneway\": false}", "source_type": "osm", "source_reference": "OpenStreetMap via OSMnx", "observed_or_estimated": "OBSERVED", "modelled_or_interpolated": "NOT_APPLICABLE", "timestamp": "2026-10-08T20:03:11.285285+00:00", "assumptions_version": "2026-10-09-prompt-1", "computation_mode": "FULL"}, "geometry": {"type": "LineString", "coordinates": [[75.855636, 22.7201499], [75.8557852, 22.720029]]}}, {"id": "150", "type": "Feature", "properties": {"segment_id": "osm-2025111228-3734496854-0", "length_m": 44.78008150756786, "road_metadata": "{\"osmid\": 911149941, \"name\": NaN, \"highway\": \"residential\", \"maxspeed\": NaN, \"oneway\": false}", "source_type": "osm", "source_reference": "OpenStreetMap via OSMnx", "observed_or_estimated": "OBSERVED", "modelled_or_interpolated": "NOT_APPLICABLE", "timestamp": "2026-10-08T20:03:11.285521+00:00", "assumptions_version": "2026-10-09-prompt-1", "computation_mode": "FULL"}, "geometry": {"type": "LineString", "coordinates": [[75.855636, 22.7201499], [75.855238, 22.719984699999998]]}}, {"id": "151", "type": "Feature", "properties": {"segment_id": "osm-2025111228-2025111254-0", "length_m": 76.48474664907414, "road_metadata": "{\"osmid\": 191953195, \"name\": NaN, \"highway\": \"residential\", \"maxspeed\": NaN, \"oneway\": false}", "source_type": "osm", "source_reference": "OpenStreetMap via OSMnx", "observed_or_estimated": "OBSERVED", "modelled_or_interpolated": "NOT_APPLICABLE", "timestamp": "2026-10-08T20:03:11.285749+00:00", "assumptions_version": "2026-10-09-prompt-1", "computation_mode": "FULL"}, "geometry": {"type": "LineString", "coordinates": [[75.855636, 22.7201499], [75.8554674, 22.720446999999997], [75.8553798, 22.720792699999997]]}}, {"id": "152", "type": "Feature", "properties": {"segment_id": "osm-2025111240-8460457267-0", "length_m": 2.7066026391879943, "road_metadata": "{\"osmid\": 191953192, \"name\": NaN, \"highway\": \"residential\", \"maxspeed\": NaN, \"oneway\": false}", "source_type": "osm", "source_reference": "OpenStreetMap via OSMnx", "observed_or_estimated": "OBSERVED", "modelled_or_interpolated": "NOT_APPLICABLE", "timestamp": "2026-10-08T20:03:11.285984+00:00", "assumptions_version": "2026-10-09-prompt-1", "computation_mode": "FULL"}, "geometry": {"type": "LineString", "coordinates": [[75.8569371, 22.7204279], [75.85694, 22.720452199999997]]}}, {"id": "153", "type": "Feature", "properties": {"segment_id": "osm-2025111240-2025111180-0", "length_m": 77.58197121313665, "road_metadata": "{\"osmid\": 191953192, \"name\": NaN, \"highway\": \"residential\", \"maxspeed\": NaN, \"oneway\": false}", "source_type": "osm", "source_reference": "OpenStreetMap via OSMnx", "observed_or_estimated": "OBSERVED", "modelled_or_interpolated": "NOT_APPLICABLE", "timestamp": "2026-10-08T20:03:11.286237+00:00", "assumptions_version": "2026-10-09-prompt-1", "computation_mode": "FULL"}, "geometry": {"type": "LineString", "coordinates": [[75.8569371, 22.7204279], [75.856941, 22.7200025], [75.8569799, 22.7197295]]}}, {"id": "154", "type": "Feature", "properties": {"segment_id": "osm-2025111240-8460393366-0", "length_m": 61.592923046395015, "road_metadata": "{\"osmid\": 911143002, \"name\": NaN, \"highway\": \"residential\", \"maxspeed\": NaN, \"oneway\": false}", "source_type": "osm", "source_reference": "OpenStreetMap via OSMnx", "observed_or_estimated": "OBSERVED", "modelled_or_interpolated": "NOT_APPLICABLE", "timestamp": "2026-10-08T20:03:11.286472+00:00", "assumptions_version": "2026-10-09-prompt-1", "computation_mode": "FULL"}, "geometry": {"type": "LineString", "coordinates": [[75.8569371, 22.7204279], [75.8573302, 22.7204453], [75.8575363, 22.720450700000008]]}}, {"id": "155", "type": "Feature", "properties": {"segment_id": "osm-2025111254-8478005593-0", "length_m": 43.14475376244302, "road_metadata": "{\"osmid\": 912642550, \"name\": NaN, \"highway\": \"residential\", \"maxspeed\": NaN, \"oneway\": false}", "source_type": "osm", "source_reference": "OpenStreetMap via OSMnx", "observed_or_estimated": "OBSERVED", "modelled_or_interpolated": "NOT_APPLICABLE", "timestamp": "2026-10-08T20:03:11.286880+00:00", "assumptions_version": "2026-10-09-prompt-1", "computation_mode": "FULL"}, "geometry": {"type": "LineString", "coordinates": [[75.8553798, 22.720792699999997], [75.855335, 22.7211802]]}}, {"id": "156", "type": "Feature", "properties": {"segment_id": "osm-2025111254-2025111270-0", "length_m": 51.739212075164886, "road_metadata": "{\"osmid\": 191953195, \"name\": NaN, \"highway\": \"residential\", \"maxspeed\": NaN, \"oneway\": false}", "source_type": "osm", "source_reference": "OpenStreetMap via OSMnx", "observed_or_estimated": "OBSERVED", "modelled_or_interpolated": "NOT_APPLICABLE", "timestamp": "2026-10-08T20:03:11.287272+00:00", "assumptions_version": "2026-10-09-prompt-1", "computation_mode": "FULL"}, "geometry": {"type": "LineString", "coordinates": [[75.8553798, 22.720792699999997], [75.855415, 22.7208331], [75.8554472, 22.720873899999997], [75.8554794, 22.720898600000005], [75.8555156, 22.720944400000004], [75.8555558, 22.721023499999998], [75.8555694, 22.7212049]]}}, {"id": "157", "type": "Feature", "properties": {"segment_id": "osm-2025111254-2025111228-0", "length_m": 76.48474664907414, "road_metadata": "{\"osmid\": 191953195, \"name\": NaN, \"highway\": \"residential\", \"maxspeed\": NaN, \"oneway\": false}", "source_type": "osm", "source_reference": "OpenStreetMap via OSMnx", "observed_or_estimated": "OBSERVED", "modelled_or_interpolated": "NOT_APPLICABLE", "timestamp": "2026-10-08T20:03:11.287651+00:00", "assumptions_version": "2026-10-09-prompt-1", "computation_mode": "FULL"}, "geometry": {"type": "LineString", "coordinates": [[75.8553798, 22.720792699999997], [75.8554674, 22.720446999999997], [75.855636, 22.7201499]]}}, {"id": "158", "type": "Feature", "properties": {"segment_id": "osm-2025111260-8478005593-0", "length_m": 63.14401007272864, "road_metadata": "{\"osmid\": 191953184, \"name\": NaN, \"highway\": \"residential\", \"maxspeed\": NaN, \"oneway\": false}", "source_type": "osm", "source_reference": "OpenStreetMap via OSMnx", "observed_or_estimated": "OBSERVED", "modelled_or_interpolated": "NOT_APPLICABLE", "timestamp": "2026-10-08T20:03:11.288050+00:00", "assumptions_version": "2026-10-09-prompt-1", "computation_mode": "FULL"}, "geometry": {"type": "LineString", "coordinates": [[75.8547272, 22.7210943], [75.8552146, 22.721161199999997], [75.855335, 22.7211802]]}}, {"id": "159", "type": "Feature", "properties": {"segment_id": "osm-2025111260-3734463409-0", "length_m": 22.459771950647273, "road_metadata": "{\"osmid\": 362209628, \"name\": NaN, \"highway\": \"residential\", \"maxspeed\": NaN, \"oneway\": false}", "source_type": "osm", "source_reference": "OpenStreetMap via OSMnx", "observed_or_estimated": "OBSERVED", "modelled_or_interpolated": "NOT_APPLICABLE", "timestamp": "2026-10-08T20:03:11.288388+00:00", "assumptions_version": "2026-10-09-prompt-1", "computation_mode": "FULL"}, "geometry": {"type": "LineString", "coordinates": [[75.8547272, 22.7210943], [75.8545518, 22.721041400000004], [75.8545176, 22.721039599999997]]}}, {"id": "160", "type": "Feature", "properties": {"segment_id": "osm-2025111260-3734496854-0", "length_m": 133.63093346282716, "road_metadata": "{\"osmid\": 1033376987, \"name\": \"Imli Baazar\", \"highway\": \"tertiary\", \"maxspeed\": \"20\", \"oneway\": false}", "source_type": "osm", "source_reference": "OpenStreetMap via OSMnx", "observed_or_estimated": "OBSERVED", "modelled_or_interpolated": "NOT_APPLICABLE", "timestamp": "2026-10-08T20:03:11.288630+00:00", "assumptions_version": "2026-10-09-prompt-1", "computation_mode": "FULL"}, "geometry": {"type": "LineString", "coordinates": [[75.8547272, 22.7210943], [75.8548203, 22.7208865], [75.854995, 22.7205373], [75.8551438, 22.7201769], [75.855238, 22.719984699999998]]}}, {"id": "161", "type": "Feature", "properties": {"segment_id": "osm-2025111260-2025111297-0", "length_m": 43.40242514974324, "road_metadata": "{\"osmid\": 1033376987, \"name\": \"Imli Baazar\", \"highway\": \"tertiary\", \"maxspeed\": \"20\", \"oneway\": false}", "source_type": "osm", "source_reference": "OpenStreetMap via OSMnx", "observed_or_estimated": "OBSERVED", "modelled_or_interpolated": "NOT_APPLICABLE", "timestamp": "2026-10-08T20:03:11.288860+00:00", "assumptions_version": "2026-10-09-prompt-1", "computation_mode": "FULL"}, "geometry": {"type": "LineString", "coordinates": [[75.8547272, 22.7210943], [75.8546829, 22.721146299999997], [75.8546519, 22.7212663], [75.8545924, 22.721461]]}}, {"id": "162", "type": "Feature", "properties": {"segment_id": "osm-2025111270-2025111273-0", "length_m": 28.23934186227813, "road_metadata": "{\"osmid\": 191953184, \"name\": NaN, \"highway\": \"residential\", \"maxspeed\": NaN, \"oneway\": false}", "source_type": "osm", "source_reference": "OpenStreetMap via OSMnx", "observed_or_estimated": "OBSERVED", "modelled_or_interpolated": "NOT_APPLICABLE", "timestamp": "2026-10-08T20:03:11.289088+00:00", "assumptions_version": "2026-10-09-prompt-1", "computation_mode": "FULL"}, "geometry": {"type": "LineString", "coordinates": [[75.8555694, 22.7212049], [75.8558428, 22.721232099999998]]}}, {"id": "163", "type": "Feature", "properties": {"segment_id": "osm-2025111270-3732996655-0", "length_m": 4.657242164658771, "road_metadata": "{\"osmid\": 191953184, \"name\": NaN, \"highway\": \"residential\", \"maxspeed\": NaN, \"oneway\": false}", "source_type": "osm", "source_reference": "OpenStreetMap via OSMnx", "observed_or_estimated": "OBSERVED", "modelled_or_interpolated": "NOT_APPLICABLE", "timestamp": "2026-10-08T20:03:11.289308+00:00", "assumptions_version": "2026-10-09-prompt-1", "computation_mode": "FULL"}, "geometry": {"type": "LineString", "coordinates": [[75.8555694, 22.7212049], [75.8555244, 22.721199700000003]]}}, {"id": "164", "type": "Feature", "properties": {"segment_id": "osm-2025111270-2025111254-0", "length_m": 51.739212075164886, "road_metadata": "{\"osmid\": 191953195, \"name\": NaN, \"highway\": \"residential\", \"maxspeed\": NaN, \"oneway\": false}", "source_type": "osm", "source_reference": "OpenStreetMap via OSMnx", "observed_or_estimated": "OBSERVED", "modelled_or_interpolated": "NOT_APPLICABLE", "timestamp": "2026-10-08T20:03:11.289529+00:00", "assumptions_version": "2026-10-09-prompt-1", "computation_mode": "FULL"}, "geometry": {"type": "LineString", "coordinates": [[75.8555694, 22.7212049], [75.8555558, 22.721023499999998], [75.8555156, 22.720944400000004], [75.8554794, 22.720898600000005], [75.8554472, 22.720873899999997], [75.855415, 22.7208331], [75.8553798, 22.720792699999997]]}}, {"id": "165", "type": "Feature", "properties": {"segment_id": "osm-2025111273-2025111275-0", "length_m": 6.859363362902464, "road_metadata": "{\"osmid\": 191953184, \"name\": NaN, \"highway\": \"residential\", \"maxspeed\": NaN, \"oneway\": false}", "source_type": "osm", "source_reference": "OpenStreetMap via OSMnx", "observed_or_estimated": "OBSERVED", "modelled_or_interpolated": "NOT_APPLICABLE", "timestamp": "2026-10-08T20:03:11.289747+00:00", "assumptions_version": "2026-10-09-prompt-1", "computation_mode": "FULL"}, "geometry": {"type": "LineString", "coordinates": [[75.8558428, 22.721232099999998], [75.8559054, 22.7212537]]}}, {"id": "166", "type": "Feature", "properties": {"segment_id": "osm-2025111273-2025111270-0", "length_m": 28.23934186227813, "road_metadata": "{\"osmid\": 191953184, \"name\": NaN, \"highway\": \"residential\", \"maxspeed\": NaN, \"oneway\": false}", "source_type": "osm", "source_reference": "OpenStreetMap via OSMnx", "observed_or_estimated": "OBSERVED", "modelled_or_interpolated": "NOT_APPLICABLE", "timestamp": "2026-10-08T20:03:11.289968+00:00", "assumptions_version": "2026-10-09-prompt-1", "computation_mode": "FULL"}, "geometry": {"type": "LineString", "coordinates": [[75.8558428, 22.721232099999998], [75.8555694, 22.7212049]]}}, {"id": "167", "type": "Feature", "properties": {"segment_id": "osm-2025111273-3732908392-0", "length_m": 27.50331723311693, "road_metadata": "{\"osmid\": 191953109, \"name\": NaN, \"highway\": \"residential\", \"maxspeed\": NaN, \"oneway\": false}", "source_type": "osm", "source_reference": "OpenStreetMap via OSMnx", "observed_or_estimated": "OBSERVED", "modelled_or_interpolated": "NOT_APPLICABLE", "timestamp": "2026-10-08T20:03:11.290195+00:00", "assumptions_version": "2026-10-09-prompt-1", "computation_mode": "FULL"}, "geometry": {"type": "LineString", "coordinates": [[75.8558428, 22.721232099999998], [75.8558403, 22.7213956], [75.8558422, 22.721480499999995]]}}, {"id": "168", "type": "Feature", "properties": {"segment_id": "osm-2025111275-2025111283-0", "length_m": 43.1597121342955, "road_metadata": "{\"osmid\": 191953184, \"name\": NaN, \"highway\": \"residential\", \"maxspeed\": NaN, \"oneway\": false}", "source_type": "osm", "source_reference": "OpenStreetMap via OSMnx", "observed_or_estimated": "OBSERVED", "modelled_or_interpolated": "NOT_APPLICABLE", "timestamp": "2026-10-08T20:03:11.290413+00:00", "assumptions_version": "2026-10-09-prompt-1", "computation_mode": "FULL"}, "geometry": {"type": "LineString", "coordinates": [[75.8559054, 22.7212537], [75.8562941, 22.721401899999996]]}}, {"id": "169", "type": "Feature", "properties": {"segment_id": "osm-2025111275-2025111273-0", "length_m": 6.859363362902464, "road_metadata": "{\"osmid\": 191953184, \"name\": NaN, \"highway\": \"residential\", \"maxspeed\": NaN, \"oneway\": false}", "source_type": "osm", "source_reference": "OpenStreetMap via OSMnx", "observed_or_estimated": "OBSERVED", "modelled_or_interpolated": "NOT_APPLICABLE", "timestamp": "2026-10-08T20:03:11.290633+00:00", "assumptions_version": "2026-10-09-prompt-1", "computation_mode": "FULL"}, "geometry": {"type": "LineString", "coordinates": [[75.8559054, 22.7212537], [75.8558428, 22.721232099999998]]}}, {"id": "170", "type": "Feature", "properties": {"segment_id": "osm-2025111275-2025111227-0", "length_m": 139.32968273207746, "road_metadata": "{\"osmid\": 369999889, \"name\": NaN, \"highway\": \"residential\", \"maxspeed\": NaN, \"oneway\": false}", "source_type": "osm", "source_reference": "OpenStreetMap via OSMnx", "observed_or_estimated": "OBSERVED", "modelled_or_interpolated": "NOT_APPLICABLE", "timestamp": "2026-10-08T20:03:11.290859+00:00", "assumptions_version": "2026-10-09-prompt-1", "computation_mode": "FULL"}, "geometry": {"type": "LineString", "coordinates": [[75.8559054, 22.7212537], [75.85593, 22.720808400000003], [75.8559448, 22.720505599999996], [75.8559399, 22.720438499999997], [75.8559132, 22.720384], [75.8558622, 22.720320599999997], [75.8558424, 22.720281299999996], [75.8558161, 22.7202281], [75.8558023, 22.7201721], [75.8557852, 22.720029]]}}, {"id": "171", "type": "Feature", "properties": {"segment_id": "osm-2025111283-2025111285-0", "length_m": 13.133946581163437, "road_metadata": "{\"osmid\": 191953184, \"name\": NaN, \"highway\": \"residential\", \"maxspeed\": NaN, \"oneway\": false}", "source_type": "osm", "source_reference": "OpenStreetMap via OSMnx", "observed_or_estimated": "OBSERVED", "modelled_or_interpolated": "NOT_APPLICABLE", "timestamp": "2026-10-08T20:03:11.291077+00:00", "assumptions_version": "2026-10-09-prompt-1", "computation_mode": "FULL"}, "geometry": {"type": "LineString", "coordinates": [[75.8562941, 22.721401899999996], [75.8564069, 22.721457799999996]]}}, {"id": "172", "type": "Feature", "properties": {"segment_id": "osm-2025111283-2025111275-0", "length_m": 43.1597121342955, "road_metadata": "{\"osmid\": 191953184, \"name\": NaN, \"highway\": \"residential\", \"maxspeed\": NaN, \"oneway\": false}", "source_type": "osm", "source_reference": "OpenStreetMap via OSMnx", "observed_or_estimated": "OBSERVED", "modelled_or_interpolated": "NOT_APPLICABLE", "timestamp": "2026-10-08T20:03:11.291297+00:00", "assumptions_version": "2026-10-09-prompt-1", "computation_mode": "FULL"}, "geometry": {"type": "LineString", "coordinates": [[75.8562941, 22.721401899999996], [75.8559054, 22.7212537]]}}, {"id": "173", "type": "Feature", "properties": {"segment_id": "osm-2025111283-8460457262-0", "length_m": 201.9808596769264, "road_metadata": "{\"osmid\": 191953182, \"name\": NaN, \"highway\": \"residential\", \"maxspeed\": NaN, \"oneway\": false}", "source_type": "osm", "source_reference": "OpenStreetMap via OSMnx", "observed_or_estimated": "OBSERVED", "modelled_or_interpolated": "NOT_APPLICABLE", "timestamp": "2026-10-08T20:03:11.291530+00:00", "assumptions_version": "2026-10-09-prompt-1", "computation_mode": "FULL"}, "geometry": {"type": "LineString", "coordinates": [[75.8562941, 22.721401899999996], [75.8563007, 22.721196599999995], [75.8562948, 22.7211275], [75.85628340000001, 22.7210285], [75.856276, 22.720865299999996], [75.8562852, 22.720613399999998], [75.8562988, 22.720443], [75.8563154, 22.7202743], [75.8563141, 22.720014200000005], [75.8563136, 22.719991899999997], [75.8563068, 22.719958499999994], [75.8562867, 22.719937499999993], [75.8562572, 22.719927600000002], [75.8559144, 22.719884199999996]]}}, {"id": "174", "type": "Feature", "properties": {"segment_id": "osm-2025111285-2025111313-0", "length_m": 33.89900789733368, "road_metadata": "{\"osmid\": 191953184, \"name\": NaN, \"highway\": \"residential\", \"maxspeed\": NaN, \"oneway\": false}", "source_type": "osm", "source_reference": "OpenStreetMap via OSMnx", "observed_or_estimated": "OBSERVED", "modelled_or_interpolated": "NOT_APPLICABLE", "timestamp": "2026-10-08T20:03:11.291760+00:00", "assumptions_version": "2026-10-09-prompt-1", "computation_mode": "FULL"}, "geometry": {"type": "LineString", "coordinates": [[75.8564069, 22.721457799999996], [75.8567096, 22.721579899999995]]}}, {"id": "175", "type": "Feature", "properties": {"segment_id": "osm-2025111285-2025111283-0", "length_m": 13.133946581163437, "road_metadata": "{\"osmid\": 191953184, \"name\": NaN, \"highway\": \"residential\", \"maxspeed\": NaN, \"oneway\": false}", "source_type": "osm", "source_reference": "OpenStreetMap via OSMnx", "observed_or_estimated": "OBSERVED", "modelled_or_interpolated": "NOT_APPLICABLE", "timestamp": "2026-10-08T20:03:11.291986+00:00", "assumptions_version": "2026-10-09-prompt-1", "computation_mode": "FULL"}, "geometry": {"type": "LineString", "coordinates": [[75.8564069, 22.721457799999996], [75.8562941, 22.721401899999996]]}}, {"id": "176", "type": "Feature", "properties": {"segment_id": "osm-2025111285-2025111331-0", "length_m": 40.749203427052066, "road_metadata": "{\"osmid\": 369507194, \"name\": NaN, \"highway\": \"residential\", \"maxspeed\": NaN, \"oneway\": false}", "source_type": "osm", "source_reference": "OpenStreetMap via OSMnx", "observed_or_estimated": "OBSERVED", "modelled_or_interpolated": "NOT_APPLICABLE", "timestamp": "2026-10-08T20:03:11.292411+00:00", "assumptions_version": "2026-10-09-prompt-1", "computation_mode": "FULL"}, "geometry": {"type": "LineString", "coordinates": [[75.8564069, 22.721457799999996], [75.85635980000002, 22.7214867], [75.8563369, 22.721516199999996], [75.85628, 22.721582799999997], [75.856245, 22.721663999999997], [75.8562349, 22.7217705]]}}, {"id": "177", "type": "Feature", "properties": {"segment_id": "osm-2025111286-2025111363-0", "length_m": 89.468312545269, "road_metadata": "{\"osmid\": 191953149, \"name\": NaN, \"highway\": \"path\", \"maxspeed\": NaN, \"oneway\": false}", "source_type": "osm", "source_reference": "OpenStreetMap via OSMnx", "observed_or_estimated": "OBSERVED", "modelled_or_interpolated": "NOT_APPLICABLE", "timestamp": "2026-10-08T20:03:11.292942+00:00", "assumptions_version": "2026-10-09-prompt-1", "computation_mode": "FULL"}, "geometry": {"type": "LineString", "coordinates": [[75.8546279, 22.721502899999997], [75.8549889, 22.7215488], [75.855029, 22.721592400000002], [75.8550503, 22.7217672], [75.8551241, 22.721994]]}}, {"id": "178", "type": "Feature", "properties": {"segment_id": "osm-2025111297-6616739535-0", "length_m": 43.79947188034347, "road_metadata": "{\"osmid\": 1033376987, \"name\": \"Imli Baazar\", \"highway\": \"tertiary\", \"maxspeed\": \"20\", \"oneway\": false}", "source_type": "osm", "source_reference": "OpenStreetMap via OSMnx", "observed_or_estimated": "OBSERVED", "modelled_or_interpolated": "NOT_APPLICABLE", "timestamp": "2026-10-08T20:03:11.293242+00:00", "assumptions_version": "2026-10-09-prompt-1", "computation_mode": "FULL"}, "geometry": {"type": "LineString", "coordinates": [[75.8545924, 22.721461], [75.8544584, 22.721836599999996]]}}, {"id": "179", "type": "Feature", "properties": {"segment_id": "osm-2025111297-3734463417-0", "length_m": 70.33588526701905, "road_metadata": "{\"osmid\": 369673301, \"name\": NaN, \"highway\": \"residential\", \"maxspeed\": NaN, \"oneway\": false}", "source_type": "osm", "source_reference": "OpenStreetMap via OSMnx", "observed_or_estimated": "OBSERVED", "modelled_or_interpolated": "NOT_APPLICABLE", "timestamp": "2026-10-08T20:03:11.293628+00:00", "assumptions_version": "2026-10-09-prompt-1", "computation_mode": "FULL"}, "geometry": {"type": "LineString", "coordinates": [[75.8545924, 22.721461], [75.8544819, 22.721422799999996], [75.8541436, 22.7213279], [75.8540846, 22.7213341], [75.854039, 22.721344000000002], [75.8539921, 22.7213761], [75.853968, 22.721415700000005]]}}, {"id": "180", "type": "Feature", "properties": {"segment_id": "osm-2025111297-2025111260-0", "length_m": 43.40242514974323, "road_metadata": "{\"osmid\": 1033376987, \"name\": \"Imli Baazar\", \"highway\": \"tertiary\", \"maxspeed\": \"20\", \"oneway\": false}", "source_type": "osm", "source_reference": "OpenStreetMap via OSMnx", "observed_or_estimated": "OBSERVED", "modelled_or_interpolated": "NOT_APPLICABLE", "timestamp": "2026-10-08T20:03:11.293908+00:00", "assumptions_version": "2026-10-09-prompt-1", "computation_mode": "FULL"}, "geometry": {"type": "LineString", "coordinates": [[75.8545924, 22.721461], [75.8546519, 22.7212663], [75.8546829, 22.721146299999997], [75.8547272, 22.7210943]]}}, {"id": "181", "type": "Feature", "properties": {"segment_id": "osm-2025111313-2025111347-0", "length_m": 46.53280555592705, "road_metadata": "{\"osmid\": 191953178, \"name\": NaN, \"highway\": \"residential\", \"maxspeed\": NaN, \"oneway\": false}", "source_type": "osm", "source_reference": "OpenStreetMap via OSMnx", "observed_or_estimated": "OBSERVED", "modelled_or_interpolated": "NOT_APPLICABLE", "timestamp": "2026-10-08T20:03:11.294303+00:00", "assumptions_version": "2026-10-09-prompt-1", "computation_mode": "FULL"}, "geometry": {"type": "LineString", "coordinates": [[75.8567096, 22.721579899999995], [75.8563579, 22.721844900000004]]}}, {"id": "182", "type": "Feature", "properties": {"segment_id": "osm-2025111313-2025111285-0", "length_m": 33.89900789733368, "road_metadata": "{\"osmid\": 191953184, \"name\": NaN, \"highway\": \"residential\", \"maxspeed\": NaN, \"oneway\": false}", "source_type": "osm", "source_reference": "OpenStreetMap via OSMnx", "observed_or_estimated": "OBSERVED", "modelled_or_interpolated": "NOT_APPLICABLE", "timestamp": "2026-10-08T20:03:11.294664+00:00", "assumptions_version": "2026-10-09-prompt-1", "computation_mode": "FULL"}, "geometry": {"type": "LineString", "coordinates": [[75.8567096, 22.721579899999995], [75.8564069, 22.721457799999996]]}}, {"id": "183", "type": "Feature", "properties": {"segment_id": "osm-2025111313-8460393386-0", "length_m": 8.934282084751274, "road_metadata": "{\"osmid\": 191953192, \"name\": NaN, \"highway\": \"residential\", \"maxspeed\": NaN, \"oneway\": false}", "source_type": "osm", "source_reference": "OpenStreetMap via OSMnx", "observed_or_estimated": "OBSERVED", "modelled_or_interpolated": "NOT_APPLICABLE", "timestamp": "2026-10-08T20:03:11.295109+00:00", "assumptions_version": "2026-10-09-prompt-1", "computation_mode": "FULL"}, "geometry": {"type": "LineString", "coordinates": [[75.8567096, 22.721579899999995], [75.8567592, 22.7215136]]}}, {"id": "184", "type": "Feature", "properties": {"segment_id": "osm-2025111313-3732996660-0", "length_m": 35.803684307382, "road_metadata": "{\"osmid\": 191953191, \"name\": NaN, \"highway\": \"residential\", \"maxspeed\": NaN, \"oneway\": false}", "source_type": "osm", "source_reference": "OpenStreetMap via OSMnx", "observed_or_estimated": "OBSERVED", "modelled_or_interpolated": "NOT_APPLICABLE", "timestamp": "2026-10-08T20:03:11.295561+00:00", "assumptions_version": "2026-10-09-prompt-1", "computation_mode": "FULL"}, "geometry": {"type": "LineString", "coordinates": [[75.8567096, 22.721579899999995], [75.8568186, 22.7217275], [75.8568782, 22.721861000000004]]}}, {"id": "185", "type": "Feature", "properties": {"segment_id": "osm-2025111317-2025111326-0", "length_m": 17.490088082931916, "road_metadata": "{\"osmid\": 191953190, \"name\": NaN, \"highway\": \"residential\", \"maxspeed\": NaN, \"oneway\": false}", "source_type": "osm", "source_reference": "OpenStreetMap via OSMnx", "observed_or_estimated": "OBSERVED", "modelled_or_interpolated": "NOT_APPLICABLE", "timestamp": "2026-10-08T20:03:11.296033+00:00", "assumptions_version": "2026-10-09-prompt-1", "computation_mode": "FULL"}, "geometry": {"type": "LineString", "coordinates": [[75.8576271, 22.721609600000004], [75.8576152, 22.7217672]]}}, {"id": "186", "type": "Feature", "properties": {"segment_id": "osm-2025111317-3732908385-0", "length_m": 23.448610163964307, "road_metadata": "{\"osmid\": 191953190, \"name\": NaN, \"highway\": \"residential\", \"maxspeed\": NaN, \"oneway\": false}", "source_type": "osm", "source_reference": "OpenStreetMap via OSMnx", "observed_or_estimated": "OBSERVED", "modelled_or_interpolated": "NOT_APPLICABLE", "timestamp": "2026-10-08T20:03:11.296367+00:00", "assumptions_version": "2026-10-09-prompt-1", "computation_mode": "FULL"}, "geometry": {"type": "LineString", "coordinates": [[75.8576271, 22.721609600000004], [75.8575869, 22.721401100000005]]}}, {"id": "187", "type": "Feature", "properties": {"segment_id": "osm-2025111317-3732996657-0", "length_m": 54.21188010836603, "road_metadata": "{\"osmid\": 370134394, \"name\": NaN, \"highway\": \"residential\", \"maxspeed\": NaN, \"oneway\": false}", "source_type": "osm", "source_reference": "OpenStreetMap via OSMnx", "observed_or_estimated": "OBSERVED", "modelled_or_interpolated": "NOT_APPLICABLE", "timestamp": "2026-10-08T20:03:11.296638+00:00", "assumptions_version": "2026-10-09-prompt-1", "computation_mode": "FULL"}, "geometry": {"type": "LineString", "coordinates": [[75.8576271, 22.721609600000004], [75.8574234, 22.721593199999997], [75.8572866, 22.721574599999993], [75.8571019, 22.7215628]]}}, {"id": "188", "type": "Feature", "properties": {"segment_id": "osm-2025111319-2025020163-0", "length_m": 11.009184997764821, "road_metadata": "{\"osmid\": 191953158, \"name\": NaN, \"highway\": \"residential\", \"maxspeed\": NaN, \"oneway\": false}", "source_type": "osm", "source_reference": "OpenStreetMap via OSMnx", "observed_or_estimated": "OBSERVED", "modelled_or_interpolated": "NOT_APPLICABLE", "timestamp": "2026-10-08T20:03:11.296880+00:00", "assumptions_version": "2026-10-09-prompt-1", "computation_mode": "FULL"}, "geometry": {"type": "LineString", "coordinates": [[75.8589484, 22.721681700000005], [75.8588415, 22.7216891]]}}, {"id": "189", "type": "Feature", "properties": {"segment_id": "osm-2025111319-8478005576-0", "length_m": 95.28819925059555, "road_metadata": "{\"osmid\": 191943397, \"name\": \"River Side Road\", \"highway\": \"secondary\", \"maxspeed\": NaN, \"oneway\": false}", "source_type": "osm", "source_reference": "OpenStreetMap via OSMnx", "observed_or_estimated": "OBSERVED", "modelled_or_interpolated": "NOT_APPLICABLE", "timestamp": "2026-10-08T20:03:11.297114+00:00", "assumptions_version": "2026-10-09-prompt-1", "computation_mode": "FULL"}, "geometry": {"type": "LineString", "coordinates": [[75.8589484, 22.721681700000005], [75.858847, 22.721472099999996], [75.8587705, 22.721315199999996], [75.8587176, 22.721146499999996], [75.8586502, 22.720870399999992]]}}, {"id": "190", "type": "Feature", "properties": {"segment_id": "osm-2025111326-2025111317-0", "length_m": 17.490088082931916, "road_metadata": "{\"osmid\": 191953190, \"name\": NaN, \"highway\": \"residential\", \"maxspeed\": NaN, \"oneway\": false}", "source_type": "osm", "source_reference": "OpenStreetMap via OSMnx", "observed_or_estimated": "OBSERVED", "modelled_or_interpolated": "NOT_APPLICABLE", "timestamp": "2026-10-08T20:03:11.297354+00:00", "assumptions_version": "2026-10-09-prompt-1", "computation_mode": "FULL"}, "geometry": {"type": "LineString", "coordinates": [[75.8576152, 22.7217672], [75.8576271, 22.721609600000004]]}}, {"id": "191", "type": "Feature", "properties": {"segment_id": "osm-2025111331-3732908408-0", "length_m": 30.286436638788174, "road_metadata": "{\"osmid\": 191953109, \"name\": NaN, \"highway\": \"residential\", \"maxspeed\": NaN, \"oneway\": false}", "source_type": "osm", "source_reference": "OpenStreetMap via OSMnx", "observed_or_estimated": "OBSERVED", "modelled_or_interpolated": "NOT_APPLICABLE", "timestamp": "2026-10-08T20:03:11.297709+00:00", "assumptions_version": "2026-10-09-prompt-1", "computation_mode": "FULL"}, "geometry": {"type": "LineString", "coordinates": [[75.8562349, 22.7217705], [75.8559473, 22.721830999999995]]}}, {"id": "192", "type": "Feature", "properties": {"segment_id": "osm-2025111331-2025111351-0", "length_m": 14.187436111124935, "road_metadata": "{\"osmid\": 369507194, \"name\": NaN, \"highway\": \"residential\", \"maxspeed\": NaN, \"oneway\": false}", "source_type": "osm", "source_reference": "OpenStreetMap via OSMnx", "observed_or_estimated": "OBSERVED", "modelled_or_interpolated": "NOT_APPLICABLE", "timestamp": "2026-10-08T20:03:11.298036+00:00", "assumptions_version": "2026-10-09-prompt-1", "computation_mode": "FULL"}, "geometry": {"type": "LineString", "coordinates": [[75.8562349, 22.7217705], [75.8562831, 22.72189059999999]]}}, {"id": "193", "type": "Feature", "properties": {"segment_id": "osm-2025111331-2025111285-0", "length_m": 40.749203427052066, "road_metadata": "{\"osmid\": 369507194, \"name\": NaN, \"highway\": \"residential\", \"maxspeed\": NaN, \"oneway\": false}", "source_type": "osm", "source_reference": "OpenStreetMap via OSMnx", "observed_or_estimated": "OBSERVED", "modelled_or_interpolated": "NOT_APPLICABLE", "timestamp": "2026-10-08T20:03:11.298320+00:00", "assumptions_version": "2026-10-09-prompt-1", "computation_mode": "FULL"}, "geometry": {"type": "LineString", "coordinates": [[75.8562349, 22.7217705], [75.856245, 22.721663999999997], [75.85628, 22.721582799999997], [75.8563369, 22.721516199999996], [75.85635980000002, 22.7214867], [75.8564069, 22.721457799999996]]}}, {"id": "194", "type": "Feature", "properties": {"segment_id": "osm-2025111347-2025111313-0", "length_m": 46.53280555592705, "road_metadata": "{\"osmid\": 191953178, \"name\": NaN, \"highway\": \"residential\", \"maxspeed\": NaN, \"oneway\": false}", "source_type": "osm", "source_reference": "OpenStreetMap via OSMnx", "observed_or_estimated": "OBSERVED", "modelled_or_interpolated": "NOT_APPLICABLE", "timestamp": "2026-10-08T20:03:11.298593+00:00", "assumptions_version": "2026-10-09-prompt-1", "computation_mode": "FULL"}, "geometry": {"type": "LineString", "coordinates": [[75.8563579, 22.721844900000004], [75.8567096, 22.721579899999995]]}}, {"id": "195", "type": "Feature", "properties": {"segment_id": "osm-2025111347-2025111351-0", "length_m": 9.198313955364222, "road_metadata": "{\"osmid\": 191953178, \"name\": NaN, \"highway\": \"residential\", \"maxspeed\": NaN, \"oneway\": false}", "source_type": "osm", "source_reference": "OpenStreetMap via OSMnx", "observed_or_estimated": "OBSERVED", "modelled_or_interpolated": "NOT_APPLICABLE", "timestamp": "2026-10-08T20:03:11.298908+00:00", "assumptions_version": "2026-10-09-prompt-1", "computation_mode": "FULL"}, "geometry": {"type": "LineString", "coordinates": [[75.8563579, 22.721844900000004], [75.8562831, 22.72189059999999]]}}, {"id": "196", "type": "Feature", "properties": {"segment_id": "osm-2025111351-2025111347-0", "length_m": 9.198313955364222, "road_metadata": "{\"osmid\": 191953178, \"name\": NaN, \"highway\": \"residential\", \"maxspeed\": NaN, \"oneway\": false}", "source_type": "osm", "source_reference": "OpenStreetMap via OSMnx", "observed_or_estimated": "OBSERVED", "modelled_or_interpolated": "NOT_APPLICABLE", "timestamp": "2026-10-08T20:03:11.299195+00:00", "assumptions_version": "2026-10-09-prompt-1", "computation_mode": "FULL"}, "geometry": {"type": "LineString", "coordinates": [[75.8562831, 22.72189059999999], [75.8563579, 22.721844900000004]]}}, {"id": "197", "type": "Feature", "properties": {"segment_id": "osm-2025111351-2025111331-0", "length_m": 14.187436111124935, "road_metadata": "{\"osmid\": 369507194, \"name\": NaN, \"highway\": \"residential\", \"maxspeed\": NaN, \"oneway\": false}", "source_type": "osm", "source_reference": "OpenStreetMap via OSMnx", "observed_or_estimated": "OBSERVED", "modelled_or_interpolated": "NOT_APPLICABLE", "timestamp": "2026-10-08T20:03:11.299458+00:00", "assumptions_version": "2026-10-09-prompt-1", "computation_mode": "FULL"}, "geometry": {"type": "LineString", "coordinates": [[75.8562831, 22.72189059999999], [75.8562349, 22.7217705]]}}, {"id": "198", "type": "Feature", "properties": {"segment_id": "osm-2025111351-3732908422-0", "length_m": 33.681667064245815, "road_metadata": "{\"osmid\": 191953178, \"name\": NaN, \"highway\": \"residential\", \"maxspeed\": NaN, \"oneway\": false}", "source_type": "osm", "source_reference": "OpenStreetMap via OSMnx", "observed_or_estimated": "OBSERVED", "modelled_or_interpolated": "NOT_APPLICABLE", "timestamp": "2026-10-08T20:03:11.299758+00:00", "assumptions_version": "2026-10-09-prompt-1", "computation_mode": "FULL"}, "geometry": {"type": "LineString", "coordinates": [[75.8562831, 22.72189059999999], [75.8561927, 22.72196], [75.8560103, 22.722057699999997]]}}, {"id": "199", "type": "Feature", "properties": {"segment_id": "osm-2025111355-3734466242-0", "length_m": 19.132220841692217, "road_metadata": "{\"osmid\": 370006687, \"name\": NaN, \"highway\": \"residential\", \"maxspeed\": NaN, \"oneway\": false}", "source_type": "osm", "source_reference": "OpenStreetMap via OSMnx", "observed_or_estimated": "OBSERVED", "modelled_or_interpolated": "NOT_APPLICABLE", "timestamp": "2026-10-08T20:03:11.300263+00:00", "assumptions_version": "2026-10-09-prompt-1", "computation_mode": "FULL"}, "geometry": {"type": "LineString", "coordinates": [[75.8548174, 22.7219256], [75.8548797, 22.721931699999992], [75.8549625, 22.721944099999998], [75.8549993, 22.7219581]]}}, {"id": "200", "type": "Feature", "properties": {"segment_id": "osm-2025111355-6616739535-0", "length_m": 38.17638628917772, "road_metadata": "{\"osmid\": 370006687, \"name\": NaN, \"highway\": \"residential\", \"maxspeed\": NaN, \"oneway\": false}", "source_type": "osm", "source_reference": "OpenStreetMap via OSMnx", "observed_or_estimated": "OBSERVED", "modelled_or_interpolated": "NOT_APPLICABLE", "timestamp": "2026-10-08T20:03:11.300723+00:00", "assumptions_version": "2026-10-09-prompt-1", "computation_mode": "FULL"}, "geometry": {"type": "LineString", "coordinates": [[75.8548174, 22.7219256], [75.8545874, 22.7218731], [75.8544584, 22.721836599999996]]}}, {"id": "201", "type": "Feature", "properties": {"segment_id": "osm-2025111363-3734466242-0", "length_m": 13.419015627109932, "road_metadata": "{\"osmid\": 370006687, \"name\": NaN, \"highway\": \"residential\", \"maxspeed\": NaN, \"oneway\": false}", "source_type": "osm", "source_reference": "OpenStreetMap via OSMnx", "observed_or_estimated": "OBSERVED", "modelled_or_interpolated": "NOT_APPLICABLE", "timestamp": "2026-10-08T20:03:11.301185+00:00", "assumptions_version": "2026-10-09-prompt-1", "computation_mode": "FULL"}, "geometry": {"type": "LineString", "coordinates": [[75.8551241, 22.721994], [75.8549993, 22.7219581]]}}, {"id": "202", "type": "Feature", "properties": {"segment_id": "osm-2025111363-2025111286-0", "length_m": 89.46831254526901, "road_metadata": "{\"osmid\": 191953149, \"name\": NaN, \"highway\": \"path\", \"maxspeed\": NaN, \"oneway\": false}", "source_type": "osm", "source_reference": "OpenStreetMap via OSMnx", "observed_or_estimated": "OBSERVED", "modelled_or_interpolated": "NOT_APPLICABLE", "timestamp": "2026-10-08T20:03:11.301754+00:00", "assumptions_version": "2026-10-09-prompt-1", "computation_mode": "FULL"}, "geometry": {"type": "LineString", "coordinates": [[75.8551241, 22.721994], [75.8550503, 22.7217672], [75.855029, 22.721592400000002], [75.8549889, 22.7215488], [75.8546279, 22.721502899999997]]}}, {"id": "203", "type": "Feature", "properties": {"segment_id": "osm-2025111363-2025111386-0", "length_m": 25.202728867076246, "road_metadata": "{\"osmid\": 370006687, \"name\": NaN, \"highway\": \"residential\", \"maxspeed\": NaN, \"oneway\": false}", "source_type": "osm", "source_reference": "OpenStreetMap via OSMnx", "observed_or_estimated": "OBSERVED", "modelled_or_interpolated": "NOT_APPLICABLE", "timestamp": "2026-10-08T20:03:11.302301+00:00", "assumptions_version": "2026-10-09-prompt-1", "computation_mode": "FULL"}, "geometry": {"type": "LineString", "coordinates": [[75.8551241, 22.721994], [75.855231, 22.7220967], [75.8552653, 22.7221754]]}}, {"id": "204", "type": "Feature", "properties": {"segment_id": "osm-2025111381-3732908424-0", "length_m": 3.938856407509762, "road_metadata": "{\"osmid\": 191953178, \"name\": NaN, \"highway\": \"residential\", \"maxspeed\": NaN, \"oneway\": false}", "source_type": "osm", "source_reference": "OpenStreetMap via OSMnx", "observed_or_estimated": "OBSERVED", "modelled_or_interpolated": "NOT_APPLICABLE", "timestamp": "2026-10-08T20:03:11.303236+00:00", "assumptions_version": "2026-10-09-prompt-1", "computation_mode": "FULL"}, "geometry": {"type": "LineString", "coordinates": [[75.8556609, 22.722167], [75.8556801, 22.722136199999998]]}}, {"id": "205", "type": "Feature", "properties": {"segment_id": "osm-2025111381-2025111386-0", "length_m": 40.63870510467395, "road_metadata": "{\"osmid\": 191953178, \"name\": NaN, \"highway\": \"residential\", \"maxspeed\": NaN, \"oneway\": false}", "source_type": "osm", "source_reference": "OpenStreetMap via OSMnx", "observed_or_estimated": "OBSERVED", "modelled_or_interpolated": "NOT_APPLICABLE", "timestamp": "2026-10-08T20:03:11.303878+00:00", "assumptions_version": "2026-10-09-prompt-1", "computation_mode": "FULL"}, "geometry": {"type": "LineString", "coordinates": [[75.8556609, 22.722167], [75.8552653, 22.7221754]]}}, {"id": "206", "type": "Feature", "properties": {"segment_id": "osm-2025111386-2025111381-0", "length_m": 40.63870510467395, "road_metadata": "{\"osmid\": 191953178, \"name\": NaN, \"highway\": \"residential\", \"maxspeed\": NaN, \"oneway\": false}", "source_type": "osm", "source_reference": "OpenStreetMap via OSMnx", "observed_or_estimated": "OBSERVED", "modelled_or_interpolated": "NOT_APPLICABLE", "timestamp": "2026-10-08T20:03:11.304561+00:00", "assumptions_version": "2026-10-09-prompt-1", "computation_mode": "FULL"}, "geometry": {"type": "LineString", "coordinates": [[75.8552653, 22.7221754], [75.8556609, 22.722167]]}}, {"id": "207", "type": "Feature", "properties": {"segment_id": "osm-2025111386-2025111363-0", "length_m": 25.202728867076246, "road_metadata": "{\"osmid\": 370006687, \"name\": NaN, \"highway\": \"residential\", \"maxspeed\": NaN, \"oneway\": false}", "source_type": "osm", "source_reference": "OpenStreetMap via OSMnx", "observed_or_estimated": "OBSERVED", "modelled_or_interpolated": "NOT_APPLICABLE", "timestamp": "2026-10-08T20:03:11.304939+00:00", "assumptions_version": "2026-10-09-prompt-1", "computation_mode": "FULL"}, "geometry": {"type": "LineString", "coordinates": [[75.8552653, 22.7221754], [75.855231, 22.7220967], [75.8551241, 22.721994]]}}, {"id": "208", "type": "Feature", "properties": {"segment_id": "osm-2027032490-2027032510-0", "length_m": 186.4777908470785, "road_metadata": "{\"osmid\": 192141526, \"name\": NaN, \"highway\": \"secondary\", \"maxspeed\": \"30\", \"oneway\": false}", "source_type": "osm", "source_reference": "OpenStreetMap via OSMnx", "observed_or_estimated": "OBSERVED", "modelled_or_interpolated": "NOT_APPLICABLE", "timestamp": "2026-10-08T20:03:11.305262+00:00", "assumptions_version": "2026-10-09-prompt-1", "computation_mode": "FULL"}, "geometry": {"type": "LineString", "coordinates": [[75.8560323, 22.713237300000003], [75.8559811, 22.7135049], [75.8558363, 22.713637500000004], [75.855681, 22.7137317], [75.85538970000002, 22.713869], [75.8552243, 22.7139432], [75.8550808, 22.713991499999995], [75.8546178, 22.714069499999997]]}}, {"id": "209", "type": "Feature", "properties": {"segment_id": "osm-2027032490-2027103687-0", "length_m": 75.32434576761169, "road_metadata": "{\"osmid\": 192150097, \"name\": NaN, \"highway\": \"residential\", \"maxspeed\": NaN, \"oneway\": false}", "source_type": "osm", "source_reference": "OpenStreetMap via OSMnx", "observed_or_estimated": "OBSERVED", "modelled_or_interpolated": "NOT_APPLICABLE", "timestamp": "2026-10-08T20:03:11.305740+00:00", "assumptions_version": "2026-10-09-prompt-1", "computation_mode": "FULL"}, "geometry": {"type": "LineString", "coordinates": [[75.8560323, 22.713237300000003], [75.8557435, 22.7132282], [75.8555934, 22.7132264], [75.8554753, 22.7132202], [75.8552993, 22.713217399999998]]}}, {"id": "210", "type": "Feature", "properties": {"segment_id": "osm-2027032510-2027032511-0", "length_m": 8.133254505567363, "road_metadata": "{\"osmid\": 192141516, \"name\": NaN, \"highway\": \"secondary\", \"maxspeed\": NaN, \"oneway\": false}", "source_type": "osm", "source_reference": "OpenStreetMap via OSMnx", "observed_or_estimated": "OBSERVED", "modelled_or_interpolated": "NOT_APPLICABLE", "timestamp": "2026-10-08T20:03:11.306209+00:00", "assumptions_version": "2026-10-09-prompt-1", "computation_mode": "FULL"}, "geometry": {"type": "LineString", "coordinates": [[75.8546178, 22.714069499999997], [75.8546563, 22.7141337]]}}, {"id": "211", "type": "Feature", "properties": {"segment_id": "osm-2027032510-2027103699-0", "length_m": 36.262157099895504, "road_metadata": "{\"osmid\": 192150007, \"name\": NaN, \"highway\": \"residential\", \"maxspeed\": NaN, \"oneway\": false}", "source_type": "osm", "source_reference": "OpenStreetMap via OSMnx", "observed_or_estimated": "OBSERVED", "modelled_or_interpolated": "NOT_APPLICABLE", "timestamp": "2026-10-08T20:03:11.306644+00:00", "assumptions_version": "2026-10-09-prompt-1", "computation_mode": "FULL"}, "geometry": {"type": "LineString", "coordinates": [[75.8546178, 22.714069499999997], [75.854491, 22.713763799999995]]}}, {"id": "212", "type": "Feature", "properties": {"segment_id": "osm-2027032510-2027032490-0", "length_m": 186.47779084707847, "road_metadata": "{\"osmid\": 192141526, \"name\": NaN, \"highway\": \"secondary\", \"maxspeed\": \"30\", \"oneway\": false}", "source_type": "osm", "source_reference": "OpenStreetMap via OSMnx", "observed_or_estimated": "OBSERVED", "modelled_or_interpolated": "NOT_APPLICABLE", "timestamp": "2026-10-08T20:03:11.307075+00:00", "assumptions_version": "2026-10-09-prompt-1", "computation_mode": "FULL"}, "geometry": {"type": "LineString", "coordinates": [[75.8546178, 22.714069499999997], [75.8550808, 22.713991499999995], [75.8552243, 22.7139432], [75.85538970000002, 22.713869], [75.855681, 22.7137317], [75.8558363, 22.713637500000004], [75.8559811, 22.7135049], [75.8560323, 22.713237300000003]]}}, {"id": "213", "type": "Feature", "properties": {"segment_id": "osm-2027032511-2027032510-0", "length_m": 8.133254505567363, "road_metadata": "{\"osmid\": 192141516, \"name\": NaN, \"highway\": \"secondary\", \"maxspeed\": NaN, \"oneway\": false}", "source_type": "osm", "source_reference": "OpenStreetMap via OSMnx", "observed_or_estimated": "OBSERVED", "modelled_or_interpolated": "NOT_APPLICABLE", "timestamp": "2026-10-08T20:03:11.307486+00:00", "assumptions_version": "2026-10-09-prompt-1", "computation_mode": "FULL"}, "geometry": {"type": "LineString", "coordinates": [[75.8546563, 22.7141337], [75.8546178, 22.714069499999997]]}}, {"id": "214", "type": "Feature", "properties": {"segment_id": "osm-2027032511-2025019820-0", "length_m": 52.33148708792133, "road_metadata": "{\"osmid\": [192141513, 192141514], \"name\": \"Machhi Bazar bridge\", \"highway\": \"secondary\", \"maxspeed\": NaN, \"oneway\": false}", "source_type": "osm", "source_reference": "OpenStreetMap via OSMnx", "observed_or_estimated": "OBSERVED", "modelled_or_interpolated": "NOT_APPLICABLE", "timestamp": "2026-10-08T20:03:11.307899+00:00", "assumptions_version": "2026-10-09-prompt-1", "computation_mode": "FULL"}, "geometry": {"type": "LineString", "coordinates": [[75.8546563, 22.7141337], [75.8547646, 22.714391800000005], [75.8548436, 22.7145733]]}}, {"id": "215", "type": "Feature", "properties": {"segment_id": "osm-2027032511-3734538656-0", "length_m": 212.55836286565201, "road_metadata": "{\"osmid\": 369681882, \"name\": NaN, \"highway\": \"residential\", \"maxspeed\": NaN, \"oneway\": false}", "source_type": "osm", "source_reference": "OpenStreetMap via OSMnx", "observed_or_estimated": "OBSERVED", "modelled_or_interpolated": "NOT_APPLICABLE", "timestamp": "2026-10-08T20:03:11.308407+00:00", "assumptions_version": "2026-10-09-prompt-1", "computation_mode": "FULL"}, "geometry": {"type": "LineString", "coordinates": [[75.8546563, 22.7141337], [75.8546154, 22.714116300000004], [75.8545395, 22.714143699999997], [75.8544928, 22.714184799999998], [75.8544099, 22.7142374], [75.8543038, 22.714270699999993], [75.8541584, 22.714286099999995], [75.8539816, 22.7142937], [75.8538267, 22.714289800000003], [75.8536033, 22.714255000000005], [75.8534327, 22.7142186], [75.8532705, 22.7141385], [75.853175, 22.7140862], [75.8530782, 22.714024], [75.8529857, 22.7139514], [75.8529047, 22.71387779999999], [75.8528557, 22.713798399999998], [75.8528371, 22.713764600000005]]}}, {"id": "216", "type": "Feature", "properties": {"segment_id": "osm-2027103687-8460772838-0", "length_m": 18.809477231132558, "road_metadata": "{\"osmid\": 192150021, \"name\": NaN, \"highway\": \"residential\", \"maxspeed\": NaN, \"oneway\": false}", "source_type": "osm", "source_reference": "OpenStreetMap via OSMnx", "observed_or_estimated": "OBSERVED", "modelled_or_interpolated": "NOT_APPLICABLE", "timestamp": "2026-10-08T20:03:11.308882+00:00", "assumptions_version": "2026-10-09-prompt-1", "computation_mode": "FULL"}, "geometry": {"type": "LineString", "coordinates": [[75.8552993, 22.713217399999998], [75.8553347, 22.713384099999995]]}}, {"id": "217", "type": "Feature", "properties": {"segment_id": "osm-2027103687-3734538653-0", "length_m": 42.65926855150046, "road_metadata": "{\"osmid\": 192150021, \"name\": NaN, \"highway\": \"residential\", \"maxspeed\": NaN, \"oneway\": false}", "source_type": "osm", "source_reference": "OpenStreetMap via OSMnx", "observed_or_estimated": "OBSERVED", "modelled_or_interpolated": "NOT_APPLICABLE", "timestamp": "2026-10-08T20:03:11.309311+00:00", "assumptions_version": "2026-10-09-prompt-1", "computation_mode": "FULL"}, "geometry": {"type": "LineString", "coordinates": [[75.8552993, 22.713217399999998], [75.8548908, 22.71328709999999]]}}, {"id": "218", "type": "Feature", "properties": {"segment_id": "osm-2027103687-2027032490-0", "length_m": 75.32434576761169, "road_metadata": "{\"osmid\": 192150097, \"name\": NaN, \"highway\": \"residential\", \"maxspeed\": NaN, \"oneway\": false}", "source_type": "osm", "source_reference": "OpenStreetMap via OSMnx", "observed_or_estimated": "OBSERVED", "modelled_or_interpolated": "NOT_APPLICABLE", "timestamp": "2026-10-08T20:03:11.309711+00:00", "assumptions_version": "2026-10-09-prompt-1", "computation_mode": "FULL"}, "geometry": {"type": "LineString", "coordinates": [[75.8552993, 22.713217399999998], [75.8554753, 22.7132202], [75.8555934, 22.7132264], [75.8557435, 22.7132282], [75.8560323, 22.713237300000003]]}}, {"id": "219", "type": "Feature", "properties": {"segment_id": "osm-2027103688-2027103701-0", "length_m": 60.24464737535702, "road_metadata": "{\"osmid\": 192150080, \"name\": NaN, \"highway\": \"residential\", \"maxspeed\": NaN, \"oneway\": false}", "source_type": "osm", "source_reference": "OpenStreetMap via OSMnx", "observed_or_estimated": "OBSERVED", "modelled_or_interpolated": "NOT_APPLICABLE", "timestamp": "2026-10-08T20:03:11.310111+00:00", "assumptions_version": "2026-10-09-prompt-1", "computation_mode": "FULL"}, "geometry": {"type": "LineString", "coordinates": [[75.8533875, 22.7132594], [75.8533022, 22.713797799999995]]}}, {"id": "220", "type": "Feature", "properties": {"segment_id": "osm-2027103688-2027103707-0", "length_m": 135.70492545402067, "road_metadata": "{\"osmid\": [192149981, 192149982], \"name\": NaN, \"highway\": \"residential\", \"maxspeed\": NaN, \"oneway\": false}", "source_type": "osm", "source_reference": "OpenStreetMap via OSMnx", "observed_or_estimated": "OBSERVED", "modelled_or_interpolated": "NOT_APPLICABLE", "timestamp": "2026-10-08T20:03:11.310534+00:00", "assumptions_version": "2026-10-09-prompt-1", "computation_mode": "FULL"}, "geometry": {"type": "LineString", "coordinates": [[75.8533875, 22.7132594], [75.8529585, 22.713266799999996], [75.8529278, 22.713544000000002], [75.852936, 22.713643799999996], [75.8529771, 22.7137308], [75.8530689, 22.7138162], [75.8532837, 22.713937699999995]]}}, {"id": "221", "type": "Feature", "properties": {"segment_id": "osm-2027103692-3734538653-0", "length_m": 50.380415783564004, "road_metadata": "{\"osmid\": 192150021, \"name\": NaN, \"highway\": \"residential\", \"maxspeed\": NaN, \"oneway\": false}", "source_type": "osm", "source_reference": "OpenStreetMap via OSMnx", "observed_or_estimated": "OBSERVED", "modelled_or_interpolated": "NOT_APPLICABLE", "timestamp": "2026-10-08T20:03:11.310946+00:00", "assumptions_version": "2026-10-09-prompt-1", "computation_mode": "FULL"}, "geometry": {"type": "LineString", "coordinates": [[75.85441040000002, 22.713379100000004], [75.8548908, 22.71328709999999]]}}, {"id": "222", "type": "Feature", "properties": {"segment_id": "osm-2027103692-8460772839-0", "length_m": 21.32265929586573, "road_metadata": "{\"osmid\": 192150060, \"name\": NaN, \"highway\": \"residential\", \"maxspeed\": NaN, \"oneway\": false}", "source_type": "osm", "source_reference": "OpenStreetMap via OSMnx", "observed_or_estimated": "OBSERVED", "modelled_or_interpolated": "NOT_APPLICABLE", "timestamp": "2026-10-08T20:03:11.311391+00:00", "assumptions_version": "2026-10-09-prompt-1", "computation_mode": "FULL"}, "geometry": {"type": "LineString", "coordinates": [[75.85441040000002, 22.713379100000004], [75.854412, 22.7135717]]}}, {"id": "223", "type": "Feature", "properties": {"segment_id": "osm-2027103699-2027032510-0", "length_m": 36.262157099895504, "road_metadata": "{\"osmid\": 192150007, \"name\": NaN, \"highway\": \"residential\", \"maxspeed\": NaN, \"oneway\": false}", "source_type": "osm", "source_reference": "OpenStreetMap via OSMnx", "observed_or_estimated": "OBSERVED", "modelled_or_interpolated": "NOT_APPLICABLE", "timestamp": "2026-10-08T20:03:11.311837+00:00", "assumptions_version": "2026-10-09-prompt-1", "computation_mode": "FULL"}, "geometry": {"type": "LineString", "coordinates": [[75.854491, 22.713763799999995], [75.8546178, 22.714069499999997]]}}, {"id": "224", "type": "Feature", "properties": {"segment_id": "osm-2027103699-2027103700-0", "length_m": 10.203471299219327, "road_metadata": "{\"osmid\": 192150116, \"name\": NaN, \"highway\": \"residential\", \"maxspeed\": NaN, \"oneway\": false}", "source_type": "osm", "source_reference": "OpenStreetMap via OSMnx", "observed_or_estimated": "OBSERVED", "modelled_or_interpolated": "NOT_APPLICABLE", "timestamp": "2026-10-08T20:03:11.312256+00:00", "assumptions_version": "2026-10-09-prompt-1", "computation_mode": "FULL"}, "geometry": {"type": "LineString", "coordinates": [[75.854491, 22.713763799999995], [75.8543918, 22.713768799999997]]}}, {"id": "225", "type": "Feature", "properties": {"segment_id": "osm-2027103699-8460772838-0", "length_m": 110.29674778537348, "road_metadata": "{\"osmid\": [192150116, 192150021], \"name\": NaN, \"highway\": \"residential\", \"maxspeed\": NaN, \"oneway\": false}", "source_type": "osm", "source_reference": "OpenStreetMap via OSMnx", "observed_or_estimated": "OBSERVED", "modelled_or_interpolated": "NOT_APPLICABLE", "timestamp": "2026-10-08T20:03:11.312722+00:00", "assumptions_version": "2026-10-09-prompt-1", "computation_mode": "FULL"}, "geometry": {"type": "LineString", "coordinates": [[75.854491, 22.713763799999995], [75.8548638, 22.7136847], [75.8552379, 22.713590099999994], [75.855299, 22.713577699999995], [75.85534790000001, 22.7135554], [75.8553544, 22.7134844], [75.8553347, 22.713384099999995]]}}, {"id": "226", "type": "Feature", "properties": {"segment_id": "osm-2027103700-8460772839-0", "length_m": 21.918612360441614, "road_metadata": "{\"osmid\": 192150060, \"name\": NaN, \"highway\": \"residential\", \"maxspeed\": NaN, \"oneway\": false}", "source_type": "osm", "source_reference": "OpenStreetMap via OSMnx", "observed_or_estimated": "OBSERVED", "modelled_or_interpolated": "NOT_APPLICABLE", "timestamp": "2026-10-08T20:03:11.313130+00:00", "assumptions_version": "2026-10-09-prompt-1", "computation_mode": "FULL"}, "geometry": {"type": "LineString", "coordinates": [[75.8543918, 22.713768799999997], [75.854412, 22.7135717]]}}, {"id": "227", "type": "Feature", "properties": {"segment_id": "osm-2027103700-2027103699-0", "length_m": 10.203471299219327, "road_metadata": "{\"osmid\": 192150116, \"name\": NaN, \"highway\": \"residential\", \"maxspeed\": NaN, \"oneway\": false}", "source_type": "osm", "source_reference": "OpenStreetMap via OSMnx", "observed_or_estimated": "OBSERVED", "modelled_or_interpolated": "NOT_APPLICABLE", "timestamp": "2026-10-08T20:03:11.313542+00:00", "assumptions_version": "2026-10-09-prompt-1", "computation_mode": "FULL"}, "geometry": {"type": "LineString", "coordinates": [[75.8543918, 22.713768799999997], [75.854491, 22.713763799999995]]}}, {"id": "228", "type": "Feature", "properties": {"segment_id": "osm-2027103700-2027103703-0", "length_m": 19.102320506091427, "road_metadata": "{\"osmid\": 192150116, \"name\": NaN, \"highway\": \"residential\", \"maxspeed\": NaN, \"oneway\": false}", "source_type": "osm", "source_reference": "OpenStreetMap via OSMnx", "observed_or_estimated": "OBSERVED", "modelled_or_interpolated": "NOT_APPLICABLE", "timestamp": "2026-10-08T20:03:11.313951+00:00", "assumptions_version": "2026-10-09-prompt-1", "computation_mode": "FULL"}, "geometry": {"type": "LineString", "coordinates": [[75.8543918, 22.713768799999997], [75.854206, 22.713776599999992]]}}, {"id": "229", "type": "Feature", "properties": {"segment_id": "osm-2027103701-2027103688-0", "length_m": 60.24464737535702, "road_metadata": "{\"osmid\": 192150080, \"name\": NaN, \"highway\": \"residential\", \"maxspeed\": NaN, \"oneway\": false}", "source_type": "osm", "source_reference": "OpenStreetMap via OSMnx", "observed_or_estimated": "OBSERVED", "modelled_or_interpolated": "NOT_APPLICABLE", "timestamp": "2026-10-08T20:03:11.314401+00:00", "assumptions_version": "2026-10-09-prompt-1", "computation_mode": "FULL"}, "geometry": {"type": "LineString", "coordinates": [[75.8533022, 22.713797799999995], [75.8533875, 22.7132594]]}}, {"id": "230", "type": "Feature", "properties": {"segment_id": "osm-2027103701-2027103707-0", "length_m": 15.60391849112183, "road_metadata": "{\"osmid\": 192150080, \"name\": NaN, \"highway\": \"residential\", \"maxspeed\": NaN, \"oneway\": false}", "source_type": "osm", "source_reference": "OpenStreetMap via OSMnx", "observed_or_estimated": "OBSERVED", "modelled_or_interpolated": "NOT_APPLICABLE", "timestamp": "2026-10-08T20:03:11.314891+00:00", "assumptions_version": "2026-10-09-prompt-1", "computation_mode": "FULL"}, "geometry": {"type": "LineString", "coordinates": [[75.8533022, 22.713797799999995], [75.8532837, 22.713937699999995]]}}, {"id": "231", "type": "Feature", "properties": {"segment_id": "osm-2027103701-2027103702-0", "length_m": 52.20075194312272, "road_metadata": "{\"osmid\": 192150116, \"name\": NaN, \"highway\": \"residential\", \"maxspeed\": NaN, \"oneway\": false}", "source_type": "osm", "source_reference": "OpenStreetMap via OSMnx", "observed_or_estimated": "OBSERVED", "modelled_or_interpolated": "NOT_APPLICABLE", "timestamp": "2026-10-08T20:03:11.315221+00:00", "assumptions_version": "2026-10-09-prompt-1", "computation_mode": "FULL"}, "geometry": {"type": "LineString", "coordinates": [[75.8533022, 22.713797799999995], [75.8538103, 22.713786199999998]]}}, {"id": "232", "type": "Feature", "properties": {"segment_id": "osm-2027103702-2027103712-0", "length_m": 33.057463246642065, "road_metadata": "{\"osmid\": 192150078, \"name\": NaN, \"highway\": \"residential\", \"maxspeed\": NaN, \"oneway\": false}", "source_type": "osm", "source_reference": "OpenStreetMap via OSMnx", "observed_or_estimated": "OBSERVED", "modelled_or_interpolated": "NOT_APPLICABLE", "timestamp": "2026-10-08T20:03:11.315482+00:00", "assumptions_version": "2026-10-09-prompt-1", "computation_mode": "FULL"}, "geometry": {"type": "LineString", "coordinates": [[75.8538103, 22.713786199999998], [75.8538084, 22.714084800000002]]}}, {"id": "233", "type": "Feature", "properties": {"segment_id": "osm-2027103702-3734538655-0", "length_m": 20.47675952690482, "road_metadata": "{\"osmid\": 192150116, \"name\": NaN, \"highway\": \"residential\", \"maxspeed\": NaN, \"oneway\": false}", "source_type": "osm", "source_reference": "OpenStreetMap via OSMnx", "observed_or_estimated": "OBSERVED", "modelled_or_interpolated": "NOT_APPLICABLE", "timestamp": "2026-10-08T20:03:11.315805+00:00", "assumptions_version": "2026-10-09-prompt-1", "computation_mode": "FULL"}, "geometry": {"type": "LineString", "coordinates": [[75.8538103, 22.713786199999998], [75.8540093, 22.713774899999997]]}}, {"id": "234", "type": "Feature", "properties": {"segment_id": "osm-2027103702-2027103701-0", "length_m": 52.20075194312272, "road_metadata": "{\"osmid\": 192150116, \"name\": NaN, \"highway\": \"residential\", \"maxspeed\": NaN, \"oneway\": false}", "source_type": "osm", "source_reference": "OpenStreetMap via OSMnx", "observed_or_estimated": "OBSERVED", "modelled_or_interpolated": "NOT_APPLICABLE", "timestamp": "2026-10-08T20:03:11.316263+00:00", "assumptions_version": "2026-10-09-prompt-1", "computation_mode": "FULL"}, "geometry": {"type": "LineString", "coordinates": [[75.8538103, 22.713786199999998], [75.8533022, 22.713797799999995]]}}, {"id": "235", "type": "Feature", "properties": {"segment_id": "osm-2027103703-2027103700-0", "length_m": 19.102320506091427, "road_metadata": "{\"osmid\": 192150116, \"name\": NaN, \"highway\": \"residential\", \"maxspeed\": NaN, \"oneway\": false}", "source_type": "osm", "source_reference": "OpenStreetMap via OSMnx", "observed_or_estimated": "OBSERVED", "modelled_or_interpolated": "NOT_APPLICABLE", "timestamp": "2026-10-08T20:03:11.316665+00:00", "assumptions_version": "2026-10-09-prompt-1", "computation_mode": "FULL"}, "geometry": {"type": "LineString", "coordinates": [[75.854206, 22.713776599999992], [75.8543918, 22.713768799999997]]}}, {"id": "236", "type": "Feature", "properties": {"segment_id": "osm-2027103703-3734538655-0", "length_m": 20.203165107398288, "road_metadata": "{\"osmid\": 192150116, \"name\": NaN, \"highway\": \"residential\", \"maxspeed\": NaN, \"oneway\": false}", "source_type": "osm", "source_reference": "OpenStreetMap via OSMnx", "observed_or_estimated": "OBSERVED", "modelled_or_interpolated": "NOT_APPLICABLE", "timestamp": "2026-10-08T20:03:11.316957+00:00", "assumptions_version": "2026-10-09-prompt-1", "computation_mode": "FULL"}, "geometry": {"type": "LineString", "coordinates": [[75.854206, 22.713776599999992], [75.8540093, 22.713774899999997]]}}, {"id": "237", "type": "Feature", "properties": {"segment_id": "osm-2027103703-3734538662-0", "length_m": 46.590054459290116, "road_metadata": "{\"osmid\": 192149981, \"name\": NaN, \"highway\": \"residential\", \"maxspeed\": NaN, \"oneway\": false}", "source_type": "osm", "source_reference": "OpenStreetMap via OSMnx", "observed_or_estimated": "OBSERVED", "modelled_or_interpolated": "NOT_APPLICABLE", "timestamp": "2026-10-08T20:03:11.317226+00:00", "assumptions_version": "2026-10-09-prompt-1", "computation_mode": "FULL"}, "geometry": {"type": "LineString", "coordinates": [[75.854206, 22.713776599999992], [75.8542135, 22.7139947], [75.85416000000001, 22.7140472], [75.8540253, 22.714084399999997]]}}, {"id": "238", "type": "Feature", "properties": {"segment_id": "osm-2027103707-2027103701-0", "length_m": 15.60391849112183, "road_metadata": "{\"osmid\": 192150080, \"name\": NaN, \"highway\": \"residential\", \"maxspeed\": NaN, \"oneway\": false}", "source_type": "osm", "source_reference": "OpenStreetMap via OSMnx", "observed_or_estimated": "OBSERVED", "modelled_or_interpolated": "NOT_APPLICABLE", "timestamp": "2026-10-08T20:03:11.317542+00:00", "assumptions_version": "2026-10-09-prompt-1", "computation_mode": "FULL"}, "geometry": {"type": "LineString", "coordinates": [[75.8532837, 22.713937699999995], [75.8533022, 22.713797799999995]]}}, {"id": "239", "type": "Feature", "properties": {"segment_id": "osm-2027103707-2027103688-0", "length_m": 135.70492545402067, "road_metadata": "{\"osmid\": [192149981, 192149982], \"name\": NaN, \"highway\": \"residential\", \"maxspeed\": NaN, \"oneway\": false}", "source_type": "osm", "source_reference": "OpenStreetMap via OSMnx", "observed_or_estimated": "OBSERVED", "modelled_or_interpolated": "NOT_APPLICABLE", "timestamp": "2026-10-08T20:03:11.317932+00:00", "assumptions_version": "2026-10-09-prompt-1", "computation_mode": "FULL"}, "geometry": {"type": "LineString", "coordinates": [[75.8532837, 22.713937699999995], [75.8530689, 22.7138162], [75.8529771, 22.7137308], [75.852936, 22.713643799999996], [75.8529278, 22.713544000000002], [75.8529585, 22.713266799999996], [75.8533875, 22.7132594]]}}, {"id": "240", "type": "Feature", "properties": {"segment_id": "osm-2027103707-2027103712-0", "length_m": 56.63423661907101, "road_metadata": "{\"osmid\": 192149981, \"name\": NaN, \"highway\": \"residential\", \"maxspeed\": NaN, \"oneway\": false}", "source_type": "osm", "source_reference": "OpenStreetMap via OSMnx", "observed_or_estimated": "OBSERVED", "modelled_or_interpolated": "NOT_APPLICABLE", "timestamp": "2026-10-08T20:03:11.318411+00:00", "assumptions_version": "2026-10-09-prompt-1", "computation_mode": "FULL"}, "geometry": {"type": "LineString", "coordinates": [[75.8532837, 22.713937699999995], [75.8534248, 22.714000799999994], [75.8536584, 22.7140624], [75.8538084, 22.714084800000002]]}}, {"id": "241", "type": "Feature", "properties": {"segment_id": "osm-2027103712-2027103702-0", "length_m": 33.057463246642065, "road_metadata": "{\"osmid\": 192150078, \"name\": NaN, \"highway\": \"residential\", \"maxspeed\": NaN, \"oneway\": false}", "source_type": "osm", "source_reference": "OpenStreetMap via OSMnx", "observed_or_estimated": "OBSERVED", "modelled_or_interpolated": "NOT_APPLICABLE", "timestamp": "2026-10-08T20:03:11.318878+00:00", "assumptions_version": "2026-10-09-prompt-1", "computation_mode": "FULL"}, "geometry": {"type": "LineString", "coordinates": [[75.8538084, 22.714084800000002], [75.8538103, 22.713786199999998]]}}, {"id": "242", "type": "Feature", "properties": {"segment_id": "osm-2027103712-2027103707-0", "length_m": 56.634236619071004, "road_metadata": "{\"osmid\": 192149981, \"name\": NaN, \"highway\": \"residential\", \"maxspeed\": NaN, \"oneway\": false}", "source_type": "osm", "source_reference": "OpenStreetMap via OSMnx", "observed_or_estimated": "OBSERVED", "modelled_or_interpolated": "NOT_APPLICABLE", "timestamp": "2026-10-08T20:03:11.319267+00:00", "assumptions_version": "2026-10-09-prompt-1", "computation_mode": "FULL"}, "geometry": {"type": "LineString", "coordinates": [[75.8538084, 22.714084800000002], [75.8536584, 22.7140624], [75.8534248, 22.714000799999994], [75.8532837, 22.713937699999995]]}}, {"id": "243", "type": "Feature", "properties": {"segment_id": "osm-2027103712-3734538662-0", "length_m": 22.278002973855262, "road_metadata": "{\"osmid\": 192149981, \"name\": NaN, \"highway\": \"residential\", \"maxspeed\": NaN, \"oneway\": false}", "source_type": "osm", "source_reference": "OpenStreetMap via OSMnx", "observed_or_estimated": "OBSERVED", "modelled_or_interpolated": "NOT_APPLICABLE", "timestamp": "2026-10-08T20:03:11.319537+00:00", "assumptions_version": "2026-10-09-prompt-1", "computation_mode": "FULL"}, "geometry": {"type": "LineString", "coordinates": [[75.8538084, 22.714084800000002], [75.8539634, 22.714085399999995], [75.8540253, 22.714084399999997]]}}, {"id": "244", "type": "Feature", "properties": {"segment_id": "osm-2027131379-8461121397-0", "length_m": 8.635021108440334, "road_metadata": "{\"osmid\": 1390031190, \"name\": NaN, \"highway\": \"tertiary\", \"maxspeed\": NaN, \"oneway\": false}", "source_type": "osm", "source_reference": "OpenStreetMap via OSMnx", "observed_or_estimated": "OBSERVED", "modelled_or_interpolated": "NOT_APPLICABLE", "timestamp": "2026-10-08T20:03:11.319786+00:00", "assumptions_version": "2026-10-09-prompt-1", "computation_mode": "FULL"}, "geometry": {"type": "LineString", "coordinates": [[75.8586078, 22.713345899999993], [75.8586672, 22.713290699999998]]}}, {"id": "245", "type": "Feature", "properties": {"segment_id": "osm-2027131379-2027131420-0", "length_m": 78.0600213507486, "road_metadata": "{\"osmid\": 192152687, \"name\": NaN, \"highway\": \"residential\", \"maxspeed\": NaN, \"oneway\": false}", "source_type": "osm", "source_reference": "OpenStreetMap via OSMnx", "observed_or_estimated": "OBSERVED", "modelled_or_interpolated": "NOT_APPLICABLE", "timestamp": "2026-10-08T20:03:11.320034+00:00", "assumptions_version": "2026-10-09-prompt-1", "computation_mode": "FULL"}, "geometry": {"type": "LineString", "coordinates": [[75.8586078, 22.713345899999993], [75.8586571, 22.713879300000002], [75.8586526, 22.714048999999992]]}}, {"id": "246", "type": "Feature", "properties": {"segment_id": "osm-2027131379-8461121384-0", "length_m": 45.31517721928027, "road_metadata": "{\"osmid\": 1390031190, \"name\": NaN, \"highway\": \"tertiary\", \"maxspeed\": NaN, \"oneway\": false}", "source_type": "osm", "source_reference": "OpenStreetMap via OSMnx", "observed_or_estimated": "OBSERVED", "modelled_or_interpolated": "NOT_APPLICABLE", "timestamp": "2026-10-08T20:03:11.320388+00:00", "assumptions_version": "2026-10-09-prompt-1", "computation_mode": "FULL"}, "geometry": {"type": "LineString", "coordinates": [[75.8586078, 22.713345899999993], [75.8584189, 22.7134212], [75.8582826, 22.713487799999996], [75.8582104, 22.713523]]}}, {"id": "247", "type": "Feature", "properties": {"segment_id": "osm-2027131406-2025019775-0", "length_m": 69.7932764794284, "road_metadata": "{\"osmid\": 191943609, \"name\": NaN, \"highway\": \"tertiary\", \"maxspeed\": NaN, \"oneway\": false}", "source_type": "osm", "source_reference": "OpenStreetMap via OSMnx", "observed_or_estimated": "OBSERVED", "modelled_or_interpolated": "NOT_APPLICABLE", "timestamp": "2026-10-08T20:03:11.320768+00:00", "assumptions_version": "2026-10-09-prompt-1", "computation_mode": "FULL"}, "geometry": {"type": "LineString", "coordinates": [[75.8572662, 22.713794], [75.8571582, 22.7137991], [75.8567833, 22.713791500000003], [75.8565872, 22.7137812]]}}, {"id": "248", "type": "Feature", "properties": {"segment_id": "osm-2027131406-2025110922-0", "length_m": 52.921225208690416, "road_metadata": "{\"osmid\": 191943609, \"name\": NaN, \"highway\": \"tertiary\", \"maxspeed\": NaN, \"oneway\": false}", "source_type": "osm", "source_reference": "OpenStreetMap via OSMnx", "observed_or_estimated": "OBSERVED", "modelled_or_interpolated": "NOT_APPLICABLE", "timestamp": "2026-10-08T20:03:11.321120+00:00", "assumptions_version": "2026-10-09-prompt-1", "computation_mode": "FULL"}, "geometry": {"type": "LineString", "coordinates": [[75.8572662, 22.713794], [75.8575514, 22.713780699999997], [75.8577703, 22.713716099999996]]}}, {"id": "249", "type": "Feature", "properties": {"segment_id": "osm-2027131406-2027131489-0", "length_m": 163.57902672144587, "road_metadata": "{\"osmid\": 192152708, \"name\": NaN, \"highway\": \"residential\", \"maxspeed\": NaN, \"oneway\": false}", "source_type": "osm", "source_reference": "OpenStreetMap via OSMnx", "observed_or_estimated": "OBSERVED", "modelled_or_interpolated": "NOT_APPLICABLE", "timestamp": "2026-10-08T20:03:11.321431+00:00", "assumptions_version": "2026-10-09-prompt-1", "computation_mode": "FULL"}, "geometry": {"type": "LineString", "coordinates": [[75.8572662, 22.713794], [75.8572963, 22.71416779999999], [75.8572324, 22.714327400000002], [75.8570701, 22.714562899999997], [75.85701160000002, 22.714670899999994], [75.8569371, 22.715198499999996]]}}, {"id": "250", "type": "Feature", "properties": {"segment_id": "osm-2027131420-2027131444-0", "length_m": 36.33731263882449, "road_metadata": "{\"osmid\": 192152687, \"name\": NaN, \"highway\": \"residential\", \"maxspeed\": NaN, \"oneway\": false}", "source_type": "osm", "source_reference": "OpenStreetMap via OSMnx", "observed_or_estimated": "OBSERVED", "modelled_or_interpolated": "NOT_APPLICABLE", "timestamp": "2026-10-08T20:03:11.321787+00:00", "assumptions_version": "2026-10-09-prompt-1", "computation_mode": "FULL"}, "geometry": {"type": "LineString", "coordinates": [[75.8586526, 22.714048999999992], [75.8586465, 22.7142744], [75.8586172, 22.714373500000004]]}}, {"id": "251", "type": "Feature", "properties": {"segment_id": "osm-2027131420-2027131379-0", "length_m": 78.0600213507486, "road_metadata": "{\"osmid\": 192152687, \"name\": NaN, \"highway\": \"residential\", \"maxspeed\": NaN, \"oneway\": false}", "source_type": "osm", "source_reference": "OpenStreetMap via OSMnx", "observed_or_estimated": "OBSERVED", "modelled_or_interpolated": "NOT_APPLICABLE", "timestamp": "2026-10-08T20:03:11.322156+00:00", "assumptions_version": "2026-10-09-prompt-1", "computation_mode": "FULL"}, "geometry": {"type": "LineString", "coordinates": [[75.8586526, 22.714048999999992], [75.8586571, 22.713879300000002], [75.8586078, 22.713345899999993]]}}, {"id": "252", "type": "Feature", "properties": {"segment_id": "osm-2027131420-2027131422-0", "length_m": 41.91793842699145, "road_metadata": "{\"osmid\": 192152696, \"name\": NaN, \"highway\": \"residential\", \"maxspeed\": NaN, \"oneway\": false}", "source_type": "osm", "source_reference": "OpenStreetMap via OSMnx", "observed_or_estimated": "OBSERVED", "modelled_or_interpolated": "NOT_APPLICABLE", "timestamp": "2026-10-08T20:03:11.322430+00:00", "assumptions_version": "2026-10-09-prompt-1", "computation_mode": "FULL"}, "geometry": {"type": "LineString", "coordinates": [[75.8586526, 22.714048999999992], [75.8585981, 22.714051999999995], [75.8582446, 22.7140569]]}}, {"id": "253", "type": "Feature", "properties": {"segment_id": "osm-2027131422-6610174557-0", "length_m": 49.86703893246219, "road_metadata": "{\"osmid\": 703955471, \"name\": NaN, \"highway\": \"residential\", \"maxspeed\": NaN, \"oneway\": false}", "source_type": "osm", "source_reference": "OpenStreetMap via OSMnx", "observed_or_estimated": "OBSERVED", "modelled_or_interpolated": "NOT_APPLICABLE", "timestamp": "2026-10-08T20:03:11.322697+00:00", "assumptions_version": "2026-10-09-prompt-1", "computation_mode": "FULL"}, "geometry": {"type": "LineString", "coordinates": [[75.8582446, 22.7140569], [75.8582514, 22.7145073]]}}, {"id": "254", "type": "Feature", "properties": {"segment_id": "osm-2027131422-2027131426-0", "length_m": 47.512035231807246, "road_metadata": "{\"osmid\": 192152696, \"name\": NaN, \"highway\": \"residential\", \"maxspeed\": NaN, \"oneway\": false}", "source_type": "osm", "source_reference": "OpenStreetMap via OSMnx", "observed_or_estimated": "OBSERVED", "modelled_or_interpolated": "NOT_APPLICABLE", "timestamp": "2026-10-08T20:03:11.322951+00:00", "assumptions_version": "2026-10-09-prompt-1", "computation_mode": "FULL"}, "geometry": {"type": "LineString", "coordinates": [[75.8582446, 22.7140569], [75.8578456, 22.7140644], [75.8577821, 22.714065899999998]]}}, {"id": "255", "type": "Feature", "properties": {"segment_id": "osm-2027131422-2027131420-0", "length_m": 41.91793842699145, "road_metadata": "{\"osmid\": 192152696, \"name\": NaN, \"highway\": \"residential\", \"maxspeed\": NaN, \"oneway\": false}", "source_type": "osm", "source_reference": "OpenStreetMap via OSMnx", "observed_or_estimated": "OBSERVED", "modelled_or_interpolated": "NOT_APPLICABLE", "timestamp": "2026-10-08T20:03:11.323209+00:00", "assumptions_version": "2026-10-09-prompt-1", "computation_mode": "FULL"}, "geometry": {"type": "LineString", "coordinates": [[75.8582446, 22.7140569], [75.8585981, 22.714051999999995], [75.8586526, 22.714048999999992]]}}, {"id": "256", "type": "Feature", "properties": {"segment_id": "osm-2027131426-2025110922-0", "length_m": 38.7440410469487, "road_metadata": "{\"osmid\": 191953040, \"name\": NaN, \"highway\": \"tertiary\", \"maxspeed\": NaN, \"oneway\": false}", "source_type": "osm", "source_reference": "OpenStreetMap via OSMnx", "observed_or_estimated": "OBSERVED", "modelled_or_interpolated": "NOT_APPLICABLE", "timestamp": "2026-10-08T20:03:11.323451+00:00", "assumptions_version": "2026-10-09-prompt-1", "computation_mode": "FULL"}, "geometry": {"type": "LineString", "coordinates": [[75.8577821, 22.714065899999998], [75.8577703, 22.713716099999996]]}}, {"id": "257", "type": "Feature", "properties": {"segment_id": "osm-2027131426-2027131479-0", "length_m": 116.02337646839442, "road_metadata": "{\"osmid\": 191953040, \"name\": NaN, \"highway\": \"tertiary\", \"maxspeed\": NaN, \"oneway\": false}", "source_type": "osm", "source_reference": "OpenStreetMap via OSMnx", "observed_or_estimated": "OBSERVED", "modelled_or_interpolated": "NOT_APPLICABLE", "timestamp": "2026-10-08T20:03:11.323696+00:00", "assumptions_version": "2026-10-09-prompt-1", "computation_mode": "FULL"}, "geometry": {"type": "LineString", "coordinates": [[75.8577821, 22.714065899999998], [75.85781650000001, 22.7150825], [75.8578179, 22.7151134]]}}, {"id": "258", "type": "Feature", "properties": {"segment_id": "osm-2027131426-2027131422-0", "length_m": 47.512035231807246, "road_metadata": "{\"osmid\": 192152696, \"name\": NaN, \"highway\": \"residential\", \"maxspeed\": NaN, \"oneway\": false}", "source_type": "osm", "source_reference": "OpenStreetMap via OSMnx", "observed_or_estimated": "OBSERVED", "modelled_or_interpolated": "NOT_APPLICABLE", "timestamp": "2026-10-08T20:03:11.323938+00:00", "assumptions_version": "2026-10-09-prompt-1", "computation_mode": "FULL"}, "geometry": {"type": "LineString", "coordinates": [[75.8577821, 22.714065899999998], [75.8578456, 22.7140644], [75.8582446, 22.7140569]]}}, {"id": "259", "type": "Feature", "properties": {"segment_id": "osm-2027131432-2027131442-0", "length_m": 39.47351904533505, "road_metadata": "{\"osmid\": 192152699, \"name\": NaN, \"highway\": \"residential\", \"maxspeed\": NaN, \"oneway\": false}", "source_type": "osm", "source_reference": "OpenStreetMap via OSMnx", "observed_or_estimated": "OBSERVED", "modelled_or_interpolated": "NOT_APPLICABLE", "timestamp": "2026-10-08T20:03:11.324179+00:00", "assumptions_version": "2026-10-09-prompt-1", "computation_mode": "FULL"}, "geometry": {"type": "LineString", "coordinates": [[75.8592211, 22.714249899999995], [75.8591094, 22.714294099999996], [75.8588564, 22.714360399999997]]}}, {"id": "260", "type": "Feature", "properties": {"segment_id": "osm-2027131442-2027131470-0", "length_m": 78.12232175736864, "road_metadata": "{\"osmid\": 192152691, \"name\": NaN, \"highway\": \"residential\", \"maxspeed\": NaN, \"oneway\": false}", "source_type": "osm", "source_reference": "OpenStreetMap via OSMnx", "observed_or_estimated": "OBSERVED", "modelled_or_interpolated": "NOT_APPLICABLE", "timestamp": "2026-10-08T20:03:11.324459+00:00", "assumptions_version": "2026-10-09-prompt-1", "computation_mode": "FULL"}, "geometry": {"type": "LineString", "coordinates": [[75.8588564, 22.714360399999997], [75.8590054, 22.715052399999998]]}}, {"id": "261", "type": "Feature", "properties": {"segment_id": "osm-2027131442-2027131444-0", "length_m": 24.609985830453507, "road_metadata": "{\"osmid\": 192152699, \"name\": NaN, \"highway\": \"residential\", \"maxspeed\": NaN, \"oneway\": false}", "source_type": "osm", "source_reference": "OpenStreetMap via OSMnx", "observed_or_estimated": "OBSERVED", "modelled_or_interpolated": "NOT_APPLICABLE", "timestamp": "2026-10-08T20:03:11.324785+00:00", "assumptions_version": "2026-10-09-prompt-1", "computation_mode": "FULL"}, "geometry": {"type": "LineString", "coordinates": [[75.8588564, 22.714360399999997], [75.8586172, 22.714373500000004]]}}, {"id": "262", "type": "Feature", "properties": {"segment_id": "osm-2027131442-2027131432-0", "length_m": 39.47351904533505, "road_metadata": "{\"osmid\": 192152699, \"name\": NaN, \"highway\": \"residential\", \"maxspeed\": NaN, \"oneway\": false}", "source_type": "osm", "source_reference": "OpenStreetMap via OSMnx", "observed_or_estimated": "OBSERVED", "modelled_or_interpolated": "NOT_APPLICABLE", "timestamp": "2026-10-08T20:03:11.325028+00:00", "assumptions_version": "2026-10-09-prompt-1", "computation_mode": "FULL"}, "geometry": {"type": "LineString", "coordinates": [[75.8588564, 22.714360399999997], [75.8591094, 22.714294099999996], [75.8592211, 22.714249899999995]]}}, {"id": "263", "type": "Feature", "properties": {"segment_id": "osm-2027131444-2027131442-0", "length_m": 24.609985830453507, "road_metadata": "{\"osmid\": 192152699, \"name\": NaN, \"highway\": \"residential\", \"maxspeed\": NaN, \"oneway\": false}", "source_type": "osm", "source_reference": "OpenStreetMap via OSMnx", "observed_or_estimated": "OBSERVED", "modelled_or_interpolated": "NOT_APPLICABLE", "timestamp": "2026-10-08T20:03:11.325274+00:00", "assumptions_version": "2026-10-09-prompt-1", "computation_mode": "FULL"}, "geometry": {"type": "LineString", "coordinates": [[75.8586172, 22.714373500000004], [75.8588564, 22.714360399999997]]}}, {"id": "264", "type": "Feature", "properties": {"segment_id": "osm-2027131444-2027131460-0", "length_m": 68.25048760605148, "road_metadata": "{\"osmid\": 192152687, \"name\": NaN, \"highway\": \"residential\", \"maxspeed\": NaN, \"oneway\": false}", "source_type": "osm", "source_reference": "OpenStreetMap via OSMnx", "observed_or_estimated": "OBSERVED", "modelled_or_interpolated": "NOT_APPLICABLE", "timestamp": "2026-10-08T20:03:11.325511+00:00", "assumptions_version": "2026-10-09-prompt-1", "computation_mode": "FULL"}, "geometry": {"type": "LineString", "coordinates": [[75.8586172, 22.714373500000004], [75.8585934, 22.7144585], [75.8585532, 22.7145211], [75.858517, 22.714566099999995], [75.8581836, 22.714819199999994]]}}, {"id": "265", "type": "Feature", "properties": {"segment_id": "osm-2027131444-2027131420-0", "length_m": 36.33731263882449, "road_metadata": "{\"osmid\": 192152687, \"name\": NaN, \"highway\": \"residential\", \"maxspeed\": NaN, \"oneway\": false}", "source_type": "osm", "source_reference": "OpenStreetMap via OSMnx", "observed_or_estimated": "OBSERVED", "modelled_or_interpolated": "NOT_APPLICABLE", "timestamp": "2026-10-08T20:03:11.325804+00:00", "assumptions_version": "2026-10-09-prompt-1", "computation_mode": "FULL"}, "geometry": {"type": "LineString", "coordinates": [[75.8586172, 22.714373500000004], [75.8586465, 22.7142744], [75.8586526, 22.714048999999992]]}}, {"id": "266", "type": "Feature", "properties": {"segment_id": "osm-2027131456-2027156380-0", "length_m": 16.912817590370427, "road_metadata": "{\"osmid\": 192154550, \"name\": NaN, \"highway\": \"residential\", \"maxspeed\": NaN, \"oneway\": false}", "source_type": "osm", "source_reference": "OpenStreetMap via OSMnx", "observed_or_estimated": "OBSERVED", "modelled_or_interpolated": "NOT_APPLICABLE", "timestamp": "2026-10-08T20:03:11.326050+00:00", "assumptions_version": "2026-10-09-prompt-1", "computation_mode": "FULL"}, "geometry": {"type": "LineString", "coordinates": [[75.8548821, 22.714809200000005], [75.8547442, 22.714892699999996]]}}, {"id": "267", "type": "Feature", "properties": {"segment_id": "osm-2027131456-2027131464-0", "length_m": 16.099407946257116, "road_metadata": "{\"osmid\": 191983678, \"name\": \"Yashwant road\", \"highway\": \"secondary\", \"maxspeed\": \"20\", \"oneway\": false}", "source_type": "osm", "source_reference": "OpenStreetMap via OSMnx", "observed_or_estimated": "OBSERVED", "modelled_or_interpolated": "NOT_APPLICABLE", "timestamp": "2026-10-08T20:03:11.326301+00:00", "assumptions_version": "2026-10-09-prompt-1", "computation_mode": "FULL"}, "geometry": {"type": "LineString", "coordinates": [[75.8548821, 22.714809200000005], [75.8549693, 22.714887199999996], [75.8549782, 22.7149192]]}}, {"id": "268", "type": "Feature", "properties": {"segment_id": "osm-2027131456-2025019792-0", "length_m": 178.18312246944294, "road_metadata": "{\"osmid\": 192152698, \"name\": NaN, \"highway\": \"residential\", \"maxspeed\": NaN, \"oneway\": false}", "source_type": "osm", "source_reference": "OpenStreetMap via OSMnx", "observed_or_estimated": "OBSERVED", "modelled_or_interpolated": "NOT_APPLICABLE", "timestamp": "2026-10-08T20:03:11.326578+00:00", "assumptions_version": "2026-10-09-prompt-1", "computation_mode": "FULL"}, "geometry": {"type": "LineString", "coordinates": [[75.8548821, 22.714809200000005], [75.8561919, 22.714092899999997], [75.8563584, 22.7139675]]}}, {"id": "269", "type": "Feature", "properties": {"segment_id": "osm-2027131456-9523322989-0", "length_m": 182.28229393591135, "road_metadata": "{\"osmid\": 1033702565, \"name\": NaN, \"highway\": \"secondary\", \"maxspeed\": NaN, \"oneway\": false}", "source_type": "osm", "source_reference": "OpenStreetMap via OSMnx", "observed_or_estimated": "OBSERVED", "modelled_or_interpolated": "NOT_APPLICABLE", "timestamp": "2026-10-08T20:03:11.326849+00:00", "assumptions_version": "2026-10-09-prompt-1", "computation_mode": "FULL"}, "geometry": {"type": "LineString", "coordinates": [[75.8548821, 22.714809200000005], [75.8548901, 22.714902399999993], [75.8550553, 22.715350999999995], [75.8551561, 22.715652899999995], [75.8552569, 22.7159376], [75.8554037, 22.716380400000002]]}}, {"id": "270", "type": "Feature", "properties": {"segment_id": "osm-2027131456-2025019820-0", "length_m": 29.848252360095394, "road_metadata": "{\"osmid\": 1033702566, \"name\": NaN, \"highway\": \"secondary\", \"maxspeed\": NaN, \"oneway\": false}", "source_type": "osm", "source_reference": "OpenStreetMap via OSMnx", "observed_or_estimated": "OBSERVED", "modelled_or_interpolated": "NOT_APPLICABLE", "timestamp": "2026-10-08T20:03:11.327097+00:00", "assumptions_version": "2026-10-09-prompt-1", "computation_mode": "FULL"}, "geometry": {"type": "LineString", "coordinates": [[75.8548821, 22.714809200000005], [75.854827, 22.7147594], [75.854812, 22.7147035], [75.8548044, 22.7146338], [75.8548436, 22.7145733]]}}, {"id": "271", "type": "Feature", "properties": {"segment_id": "osm-2027131456-2025019820-1", "length_m": 28.32972523881936, "road_metadata": "{\"osmid\": 1033702567, \"name\": NaN, \"highway\": \"secondary\", \"maxspeed\": NaN, \"oneway\": false}", "source_type": "osm", "source_reference": "OpenStreetMap via OSMnx", "observed_or_estimated": "OBSERVED", "modelled_or_interpolated": "NOT_APPLICABLE", "timestamp": "2026-10-08T20:03:11.327455+00:00", "assumptions_version": "2026-10-09-prompt-1", "computation_mode": "FULL"}, "geometry": {"type": "LineString", "coordinates": [[75.8548821, 22.714809200000005], [75.8549038, 22.7147479], [75.8548988, 22.714695799999994], [75.8548912, 22.714625299999998], [75.8548436, 22.7145733]]}}, {"id": "272", "type": "Feature", "properties": {"segment_id": "osm-2027131458-2027131495-0", "length_m": 51.39603034808068, "road_metadata": "{\"osmid\": 192152692, \"name\": NaN, \"highway\": \"residential\", \"maxspeed\": NaN, \"oneway\": false}", "source_type": "osm", "source_reference": "OpenStreetMap via OSMnx", "observed_or_estimated": "OBSERVED", "modelled_or_interpolated": "NOT_APPLICABLE", "timestamp": "2026-10-08T20:03:11.327743+00:00", "assumptions_version": "2026-10-09-prompt-1", "computation_mode": "FULL"}, "geometry": {"type": "LineString", "coordinates": [[75.8572414, 22.7148145], [75.8571754, 22.71527469999999]]}}, {"id": "273", "type": "Feature", "properties": {"segment_id": "osm-2027131460-6610174558-0", "length_m": 34.080911643309975, "road_metadata": "{\"osmid\": 192152687, \"name\": NaN, \"highway\": \"residential\", \"maxspeed\": NaN, \"oneway\": false}", "source_type": "osm", "source_reference": "OpenStreetMap via OSMnx", "observed_or_estimated": "OBSERVED", "modelled_or_interpolated": "NOT_APPLICABLE", "timestamp": "2026-10-08T20:03:11.328028+00:00", "assumptions_version": "2026-10-09-prompt-1", "computation_mode": "FULL"}, "geometry": {"type": "LineString", "coordinates": [[75.8581836, 22.714819199999994], [75.8579331, 22.715021099999998]]}}, {"id": "274", "type": "Feature", "properties": {"segment_id": "osm-2027131460-2027131444-0", "length_m": 68.25048760605148, "road_metadata": "{\"osmid\": 192152687, \"name\": NaN, \"highway\": \"residential\", \"maxspeed\": NaN, \"oneway\": false}", "source_type": "osm", "source_reference": "OpenStreetMap via OSMnx", "observed_or_estimated": "OBSERVED", "modelled_or_interpolated": "NOT_APPLICABLE", "timestamp": "2026-10-08T20:03:11.328280+00:00", "assumptions_version": "2026-10-09-prompt-1", "computation_mode": "FULL"}, "geometry": {"type": "LineString", "coordinates": [[75.8581836, 22.714819199999994], [75.858517, 22.714566099999995], [75.8585532, 22.7145211], [75.8585934, 22.7144585], [75.8586172, 22.714373500000004]]}}, {"id": "275", "type": "Feature", "properties": {"segment_id": "osm-2027131460-2027131485-0", "length_m": 54.828873949888305, "road_metadata": "{\"osmid\": 192152702, \"name\": NaN, \"highway\": \"residential\", \"maxspeed\": NaN, \"oneway\": false}", "source_type": "osm", "source_reference": "OpenStreetMap via OSMnx", "observed_or_estimated": "OBSERVED", "modelled_or_interpolated": "NOT_APPLICABLE", "timestamp": "2026-10-08T20:03:11.328534+00:00", "assumptions_version": "2026-10-09-prompt-1", "computation_mode": "FULL"}, "geometry": {"type": "LineString", "coordinates": [[75.8581836, 22.714819199999994], [75.8584337, 22.7151161], [75.858474, 22.715228499999995]]}}, {"id": "276", "type": "Feature", "properties": {"segment_id": "osm-2027131464-2027131456-0", "length_m": 16.099407946257116, "road_metadata": "{\"osmid\": 191983678, \"name\": \"Yashwant road\", \"highway\": \"secondary\", \"maxspeed\": \"20\", \"oneway\": false}", "source_type": "osm", "source_reference": "OpenStreetMap via OSMnx", "observed_or_estimated": "OBSERVED", "modelled_or_interpolated": "NOT_APPLICABLE", "timestamp": "2026-10-08T20:03:11.328765+00:00", "assumptions_version": "2026-10-09-prompt-1", "computation_mode": "FULL"}, "geometry": {"type": "LineString", "coordinates": [[75.8549782, 22.7149192], [75.8549693, 22.714887199999996], [75.8548821, 22.714809200000005]]}}, {"id": "277", "type": "Feature", "properties": {"segment_id": "osm-2027131464-2027131536-0", "length_m": 123.40367525263838, "road_metadata": "{\"osmid\": 191983678, \"name\": \"Yashwant road\", \"highway\": \"secondary\", \"maxspeed\": \"20\", \"oneway\": false}", "source_type": "osm", "source_reference": "OpenStreetMap via OSMnx", "observed_or_estimated": "OBSERVED", "modelled_or_interpolated": "NOT_APPLICABLE", "timestamp": "2026-10-08T20:03:11.329029+00:00", "assumptions_version": "2026-10-09-prompt-1", "computation_mode": "FULL"}, "geometry": {"type": "LineString", "coordinates": [[75.8549782, 22.7149192], [75.8550603, 22.715213000000002], [75.8553291, 22.7159849]]}}, {"id": "278", "type": "Feature", "properties": {"segment_id": "osm-2027131464-8460772819-0", "length_m": 43.32567190412613, "road_metadata": "{\"osmid\": 192152697, \"name\": NaN, \"highway\": \"residential\", \"maxspeed\": NaN, \"oneway\": false}", "source_type": "osm", "source_reference": "OpenStreetMap via OSMnx", "observed_or_estimated": "OBSERVED", "modelled_or_interpolated": "NOT_APPLICABLE", "timestamp": "2026-10-08T20:03:11.329340+00:00", "assumptions_version": "2026-10-09-prompt-1", "computation_mode": "FULL"}, "geometry": {"type": "LineString", "coordinates": [[75.8549782, 22.7149192], [75.8551199, 22.714915900000005], [75.8553994, 22.714898900000005]]}}, {"id": "279", "type": "Feature", "properties": {"segment_id": "osm-2027131470-6610174289-0", "length_m": 16.429826136175937, "road_metadata": "{\"osmid\": 192152691, \"name\": NaN, \"highway\": \"residential\", \"maxspeed\": NaN, \"oneway\": false}", "source_type": "osm", "source_reference": "OpenStreetMap via OSMnx", "observed_or_estimated": "OBSERVED", "modelled_or_interpolated": "NOT_APPLICABLE", "timestamp": "2026-10-08T20:03:11.329657+00:00", "assumptions_version": "2026-10-09-prompt-1", "computation_mode": "FULL"}, "geometry": {"type": "LineString", "coordinates": [[75.8590054, 22.715052399999998], [75.8590266, 22.7151995]]}}, {"id": "280", "type": "Feature", "properties": {"segment_id": "osm-2027131470-2027131442-0", "length_m": 78.12232175736864, "road_metadata": "{\"osmid\": 192152691, \"name\": NaN, \"highway\": \"residential\", \"maxspeed\": NaN, \"oneway\": false}", "source_type": "osm", "source_reference": "OpenStreetMap via OSMnx", "observed_or_estimated": "OBSERVED", "modelled_or_interpolated": "NOT_APPLICABLE", "timestamp": "2026-10-08T20:03:11.330083+00:00", "assumptions_version": "2026-10-09-prompt-1", "computation_mode": "FULL"}, "geometry": {"type": "LineString", "coordinates": [[75.8590054, 22.715052399999998], [75.8588564, 22.714360399999997]]}}, {"id": "281", "type": "Feature", "properties": {"segment_id": "osm-2027131470-2027131485-0", "length_m": 58.91307597665864, "road_metadata": "{\"osmid\": 912642543, \"name\": NaN, \"highway\": \"residential\", \"maxspeed\": NaN, \"oneway\": false}", "source_type": "osm", "source_reference": "OpenStreetMap via OSMnx", "observed_or_estimated": "OBSERVED", "modelled_or_interpolated": "NOT_APPLICABLE", "timestamp": "2026-10-08T20:03:11.330516+00:00", "assumptions_version": "2026-10-09-prompt-1", "computation_mode": "FULL"}, "geometry": {"type": "LineString", "coordinates": [[75.8590054, 22.715052399999998], [75.8588684, 22.7151401], [75.8587396, 22.715183399999994], [75.8586632, 22.7151995], [75.85859610000001, 22.715211899999993], [75.858474, 22.715228499999995]]}}, {"id": "282", "type": "Feature", "properties": {"segment_id": "osm-2027131479-2027131499-0", "length_m": 20.188274638542204, "road_metadata": "{\"osmid\": 191953040, \"name\": NaN, \"highway\": \"tertiary\", \"maxspeed\": NaN, \"oneway\": false}", "source_type": "osm", "source_reference": "OpenStreetMap via OSMnx", "observed_or_estimated": "OBSERVED", "modelled_or_interpolated": "NOT_APPLICABLE", "timestamp": "2026-10-08T20:03:11.330956+00:00", "assumptions_version": "2026-10-09-prompt-1", "computation_mode": "FULL"}, "geometry": {"type": "LineString", "coordinates": [[75.8578179, 22.7151134], [75.8578261, 22.7152956]]}}, {"id": "283", "type": "Feature", "properties": {"segment_id": "osm-2027131479-2027131426-0", "length_m": 116.02337646839442, "road_metadata": "{\"osmid\": 191953040, \"name\": NaN, \"highway\": \"tertiary\", \"maxspeed\": NaN, \"oneway\": false}", "source_type": "osm", "source_reference": "OpenStreetMap via OSMnx", "observed_or_estimated": "OBSERVED", "modelled_or_interpolated": "NOT_APPLICABLE", "timestamp": "2026-10-08T20:03:11.331314+00:00", "assumptions_version": "2026-10-09-prompt-1", "computation_mode": "FULL"}, "geometry": {"type": "LineString", "coordinates": [[75.8578179, 22.7151134], [75.85781650000001, 22.7150825], [75.8577821, 22.714065899999998]]}}, {"id": "284", "type": "Feature", "properties": {"segment_id": "osm-2027131479-6610174558-0", "length_m": 15.633315705013132, "road_metadata": "{\"osmid\": 192152687, \"name\": NaN, \"highway\": \"residential\", \"maxspeed\": NaN, \"oneway\": false}", "source_type": "osm", "source_reference": "OpenStreetMap via OSMnx", "observed_or_estimated": "OBSERVED", "modelled_or_interpolated": "NOT_APPLICABLE", "timestamp": "2026-10-08T20:03:11.331646+00:00", "assumptions_version": "2026-10-09-prompt-1", "computation_mode": "FULL"}, "geometry": {"type": "LineString", "coordinates": [[75.8578179, 22.7151134], [75.8579096, 22.7150401], [75.8579331, 22.715021099999998]]}}, {"id": "285", "type": "Feature", "properties": {"segment_id": "osm-2027131485-2027131460-0", "length_m": 54.828873949888305, "road_metadata": "{\"osmid\": 192152702, \"name\": NaN, \"highway\": \"residential\", \"maxspeed\": NaN, \"oneway\": false}", "source_type": "osm", "source_reference": "OpenStreetMap via OSMnx", "observed_or_estimated": "OBSERVED", "modelled_or_interpolated": "NOT_APPLICABLE", "timestamp": "2026-10-08T20:03:11.332207+00:00", "assumptions_version": "2026-10-09-prompt-1", "computation_mode": "FULL"}, "geometry": {"type": "LineString", "coordinates": [[75.858474, 22.715228499999995], [75.8584337, 22.7151161], [75.8581836, 22.714819199999994]]}}, {"id": "286", "type": "Feature", "properties": {"segment_id": "osm-2027131485-6610174558-0", "length_m": 108.64717503050403, "road_metadata": "{\"osmid\": 192152702, \"name\": NaN, \"highway\": \"residential\", \"maxspeed\": NaN, \"oneway\": false}", "source_type": "osm", "source_reference": "OpenStreetMap via OSMnx", "observed_or_estimated": "OBSERVED", "modelled_or_interpolated": "NOT_APPLICABLE", "timestamp": "2026-10-08T20:03:11.332598+00:00", "assumptions_version": "2026-10-09-prompt-1", "computation_mode": "FULL"}, "geometry": {"type": "LineString", "coordinates": [[75.858474, 22.715228499999995], [75.8584773, 22.715295899999997], [75.8584741, 22.7153541], [75.8584646, 22.7154056], [75.858437, 22.715440899999997], [75.8582836, 22.715484], [75.8582407, 22.7154828], [75.8581991, 22.715460500000002], [75.858167, 22.7154321], [75.85813880000002, 22.7153962], [75.858082, 22.715271999999995], [75.8580919, 22.7152181], [75.8580771, 22.715163599999997], [75.8580288, 22.715114200000002], [75.8579331, 22.715021099999998]]}}, {"id": "287", "type": "Feature", "properties": {"segment_id": "osm-2027131485-2027131470-0", "length_m": 58.91307597665865, "road_metadata": "{\"osmid\": 912642543, \"name\": NaN, \"highway\": \"residential\", \"maxspeed\": NaN, \"oneway\": false}", "source_type": "osm", "source_reference": "OpenStreetMap via OSMnx", "observed_or_estimated": "OBSERVED", "modelled_or_interpolated": "NOT_APPLICABLE", "timestamp": "2026-10-08T20:03:11.332876+00:00", "assumptions_version": "2026-10-09-prompt-1", "computation_mode": "FULL"}, "geometry": {"type": "LineString", "coordinates": [[75.858474, 22.715228499999995], [75.85859610000001, 22.715211899999993], [75.8586632, 22.7151995], [75.8587396, 22.715183399999994], [75.8588684, 22.7151401], [75.8590054, 22.715052399999998]]}}, {"id": "288", "type": "Feature", "properties": {"segment_id": "osm-2027131489-2027131495-0", "length_m": 25.887643128875464, "road_metadata": "{\"osmid\": 1393746965, \"name\": NaN, \"highway\": \"residential\", \"maxspeed\": NaN, \"oneway\": false}", "source_type": "osm", "source_reference": "OpenStreetMap via OSMnx", "observed_or_estimated": "OBSERVED", "modelled_or_interpolated": "NOT_APPLICABLE", "timestamp": "2026-10-08T20:03:11.333291+00:00", "assumptions_version": "2026-10-09-prompt-1", "computation_mode": "FULL"}, "geometry": {"type": "LineString", "coordinates": [[75.8569371, 22.715198499999996], [75.8571754, 22.71527469999999]]}}, {"id": "289", "type": "Feature", "properties": {"segment_id": "osm-2027131489-2025110932-0", "length_m": 36.59785675659787, "road_metadata": "{\"osmid\": 1393746965, \"name\": NaN, \"highway\": \"residential\", \"maxspeed\": NaN, \"oneway\": false}", "source_type": "osm", "source_reference": "OpenStreetMap via OSMnx", "observed_or_estimated": "OBSERVED", "modelled_or_interpolated": "NOT_APPLICABLE", "timestamp": "2026-10-08T20:03:11.333775+00:00", "assumptions_version": "2026-10-09-prompt-1", "computation_mode": "FULL"}, "geometry": {"type": "LineString", "coordinates": [[75.8569371, 22.715198499999996], [75.8566025, 22.715084799999996]]}}, {"id": "290", "type": "Feature", "properties": {"segment_id": "osm-2027131489-2027131406-0", "length_m": 163.57902672144587, "road_metadata": "{\"osmid\": 192152708, \"name\": NaN, \"highway\": \"residential\", \"maxspeed\": NaN, \"oneway\": false}", "source_type": "osm", "source_reference": "OpenStreetMap via OSMnx", "observed_or_estimated": "OBSERVED", "modelled_or_interpolated": "NOT_APPLICABLE", "timestamp": "2026-10-08T20:03:11.334192+00:00", "assumptions_version": "2026-10-09-prompt-1", "computation_mode": "FULL"}, "geometry": {"type": "LineString", "coordinates": [[75.8569371, 22.715198499999996], [75.85701160000002, 22.714670899999994], [75.8570701, 22.714562899999997], [75.8572324, 22.714327400000002], [75.8572963, 22.71416779999999], [75.8572662, 22.713794]]}}, {"id": "291", "type": "Feature", "properties": {"segment_id": "osm-2027131495-2027131458-0", "length_m": 51.39603034808068, "road_metadata": "{\"osmid\": 192152692, \"name\": NaN, \"highway\": \"residential\", \"maxspeed\": NaN, \"oneway\": false}", "source_type": "osm", "source_reference": "OpenStreetMap via OSMnx", "observed_or_estimated": "OBSERVED", "modelled_or_interpolated": "NOT_APPLICABLE", "timestamp": "2026-10-08T20:03:11.334618+00:00", "assumptions_version": "2026-10-09-prompt-1", "computation_mode": "FULL"}, "geometry": {"type": "LineString", "coordinates": [[75.8571754, 22.71527469999999], [75.8572414, 22.7148145]]}}, {"id": "292", "type": "Feature", "properties": {"segment_id": "osm-2027131495-2027131489-0", "length_m": 25.887643128875464, "road_metadata": "{\"osmid\": 1393746965, \"name\": NaN, \"highway\": \"residential\", \"maxspeed\": NaN, \"oneway\": false}", "source_type": "osm", "source_reference": "OpenStreetMap via OSMnx", "observed_or_estimated": "OBSERVED", "modelled_or_interpolated": "NOT_APPLICABLE", "timestamp": "2026-10-08T20:03:11.334967+00:00", "assumptions_version": "2026-10-09-prompt-1", "computation_mode": "FULL"}, "geometry": {"type": "LineString", "coordinates": [[75.8571754, 22.71527469999999], [75.8569371, 22.715198499999996]]}}, {"id": "293", "type": "Feature", "properties": {"segment_id": "osm-2027131495-2027131511-0", "length_m": 27.362031055162305, "road_metadata": "{\"osmid\": 1393746965, \"name\": NaN, \"highway\": \"residential\", \"maxspeed\": NaN, \"oneway\": false}", "source_type": "osm", "source_reference": "OpenStreetMap via OSMnx", "observed_or_estimated": "OBSERVED", "modelled_or_interpolated": "NOT_APPLICABLE", "timestamp": "2026-10-08T20:03:11.335273+00:00", "assumptions_version": "2026-10-09-prompt-1", "computation_mode": "FULL"}, "geometry": {"type": "LineString", "coordinates": [[75.8571754, 22.71527469999999], [75.8572861, 22.7153295], [75.8573174, 22.715355399999996], [75.8573382, 22.715376399999997], [75.8573502, 22.715394300000003], [75.8573677, 22.71543329999999]]}}, {"id": "294", "type": "Feature", "properties": {"segment_id": "osm-2027131499-2027131479-0", "length_m": 20.188274638542204, "road_metadata": "{\"osmid\": 191953040, \"name\": NaN, \"highway\": \"tertiary\", \"maxspeed\": NaN, \"oneway\": false}", "source_type": "osm", "source_reference": "OpenStreetMap via OSMnx", "observed_or_estimated": "OBSERVED", "modelled_or_interpolated": "NOT_APPLICABLE", "timestamp": "2026-10-08T20:03:11.335524+00:00", "assumptions_version": "2026-10-09-prompt-1", "computation_mode": "FULL"}, "geometry": {"type": "LineString", "coordinates": [[75.8578261, 22.7152956], [75.8578179, 22.7151134]]}}, {"id": "295", "type": "Feature", "properties": {"segment_id": "osm-2027131499-2027131511-0", "length_m": 49.48647177789276, "road_metadata": "{\"osmid\": 192152690, \"name\": NaN, \"highway\": \"residential\", \"maxspeed\": NaN, \"oneway\": false}", "source_type": "osm", "source_reference": "OpenStreetMap via OSMnx", "observed_or_estimated": "OBSERVED", "modelled_or_interpolated": "NOT_APPLICABLE", "timestamp": "2026-10-08T20:03:11.335763+00:00", "assumptions_version": "2026-10-09-prompt-1", "computation_mode": "FULL"}, "geometry": {"type": "LineString", "coordinates": [[75.8578261, 22.7152956], [75.8573677, 22.71543329999999]]}}, {"id": "296", "type": "Feature", "properties": {"segment_id": "osm-2027131499-2027131546-0", "length_m": 98.31809774026756, "road_metadata": "{\"osmid\": 1033702570, \"name\": NaN, \"highway\": \"tertiary\", \"maxspeed\": NaN, \"oneway\": false}", "source_type": "osm", "source_reference": "OpenStreetMap via OSMnx", "observed_or_estimated": "OBSERVED", "modelled_or_interpolated": "NOT_APPLICABLE", "timestamp": "2026-10-08T20:03:11.336069+00:00", "assumptions_version": "2026-10-09-prompt-1", "computation_mode": "FULL"}, "geometry": {"type": "LineString", "coordinates": [[75.8578261, 22.7152956], [75.8578598, 22.7160417], [75.8578977, 22.716178599999996]]}}, {"id": "297", "type": "Feature", "properties": {"segment_id": "osm-2027131511-8460755401-0", "length_m": 23.886398717778953, "road_metadata": "{\"osmid\": 192152688, \"name\": NaN, \"highway\": \"residential\", \"maxspeed\": NaN, \"oneway\": false}", "source_type": "osm", "source_reference": "OpenStreetMap via OSMnx", "observed_or_estimated": "OBSERVED", "modelled_or_interpolated": "NOT_APPLICABLE", "timestamp": "2026-10-08T20:03:11.336447+00:00", "assumptions_version": "2026-10-09-prompt-1", "computation_mode": "FULL"}, "geometry": {"type": "LineString", "coordinates": [[75.8573677, 22.71543329999999], [75.8574013, 22.715646799999995]]}}, {"id": "298", "type": "Feature", "properties": {"segment_id": "osm-2027131511-2027131499-0", "length_m": 49.48647177789276, "road_metadata": "{\"osmid\": 192152690, \"name\": NaN, \"highway\": \"residential\", \"maxspeed\": NaN, \"oneway\": false}", "source_type": "osm", "source_reference": "OpenStreetMap via OSMnx", "observed_or_estimated": "OBSERVED", "modelled_or_interpolated": "NOT_APPLICABLE", "timestamp": "2026-10-08T20:03:11.336821+00:00", "assumptions_version": "2026-10-09-prompt-1", "computation_mode": "FULL"}, "geometry": {"type": "LineString", "coordinates": [[75.8573677, 22.71543329999999], [75.8578261, 22.7152956]]}}, {"id": "299", "type": "Feature", "properties": {"segment_id": "osm-2027131511-2027131495-0", "length_m": 27.362031055162305, "road_metadata": "{\"osmid\": 1393746965, \"name\": NaN, \"highway\": \"residential\", \"maxspeed\": NaN, \"oneway\": false}", "source_type": "osm", "source_reference": "OpenStreetMap via OSMnx", "observed_or_estimated": "OBSERVED", "modelled_or_interpolated": "NOT_APPLICABLE", "timestamp": "2026-10-08T20:03:11.337115+00:00", "assumptions_version": "2026-10-09-prompt-1", "computation_mode": "FULL"}, "geometry": {"type": "LineString", "coordinates": [[75.8573677, 22.71543329999999], [75.8573502, 22.715394300000003], [75.8573382, 22.715376399999997], [75.8573174, 22.715355399999996], [75.8572861, 22.7153295], [75.8571754, 22.71527469999999]]}}, {"id": "300", "type": "Feature", "properties": {"segment_id": "osm-2027131531-8460755401-0", "length_m": 11.82107883303307, "road_metadata": "{\"osmid\": 192152688, \"name\": NaN, \"highway\": \"residential\", \"maxspeed\": NaN, \"oneway\": false}", "source_type": "osm", "source_reference": "OpenStreetMap via OSMnx", "observed_or_estimated": "OBSERVED", "modelled_or_interpolated": "NOT_APPLICABLE", "timestamp": "2026-10-08T20:03:11.337371+00:00", "assumptions_version": "2026-10-09-prompt-1", "computation_mode": "FULL"}, "geometry": {"type": "LineString", "coordinates": [[75.8574239, 22.7157515], [75.8574013, 22.715646799999995]]}}, {"id": "301", "type": "Feature", "properties": {"segment_id": "osm-2027131531-2027131569-0", "length_m": 74.31782616496334, "road_metadata": "{\"osmid\": 192152688, \"name\": NaN, \"highway\": \"residential\", \"maxspeed\": NaN, \"oneway\": false}", "source_type": "osm", "source_reference": "OpenStreetMap via OSMnx", "observed_or_estimated": "OBSERVED", "modelled_or_interpolated": "NOT_APPLICABLE", "timestamp": "2026-10-08T20:03:11.337626+00:00", "assumptions_version": "2026-10-09-prompt-1", "computation_mode": "FULL"}, "geometry": {"type": "LineString", "coordinates": [[75.8574239, 22.7157515], [75.8573736, 22.7159102], [75.8573504, 22.7160543], [75.8573251, 22.7161043], [75.8572679, 22.7161459], [75.8572238, 22.7161599], [75.8571414, 22.7161789], [75.8571078, 22.716196600000004], [75.8570989, 22.7162199], [75.8570964, 22.716274799999997]]}}, {"id": "302", "type": "Feature", "properties": {"segment_id": "osm-2027131531-2027131552-0", "length_m": 59.971508367104605, "road_metadata": "{\"osmid\": 192152700, \"name\": NaN, \"highway\": \"residential\", \"maxspeed\": NaN, \"oneway\": false}", "source_type": "osm", "source_reference": "OpenStreetMap via OSMnx", "observed_or_estimated": "OBSERVED", "modelled_or_interpolated": "NOT_APPLICABLE", "timestamp": "2026-10-08T20:03:11.337892+00:00", "assumptions_version": "2026-10-09-prompt-1", "computation_mode": "FULL"}, "geometry": {"type": "LineString", "coordinates": [[75.8574239, 22.7157515], [75.8575656, 22.715930599999997], [75.8576738, 22.716113999999997], [75.8577008, 22.7162216]]}}, {"id": "303", "type": "Feature", "properties": {"segment_id": "osm-2027131532-2027131533-0", "length_m": 27.83289996379741, "road_metadata": "{\"osmid\": 192152693, \"name\": NaN, \"highway\": \"residential\", \"maxspeed\": NaN, \"oneway\": false}", "source_type": "osm", "source_reference": "OpenStreetMap via OSMnx", "observed_or_estimated": "OBSERVED", "modelled_or_interpolated": "NOT_APPLICABLE", "timestamp": "2026-10-08T20:03:11.338181+00:00", "assumptions_version": "2026-10-09-prompt-1", "computation_mode": "FULL"}, "geometry": {"type": "LineString", "coordinates": [[75.8559164, 22.715892300000004], [75.8556462, 22.7159116]]}}, {"id": "304", "type": "Feature", "properties": {"segment_id": "osm-2027131532-8460755415-0", "length_m": 82.12290734424535, "road_metadata": "{\"osmid\": 192152705, \"name\": NaN, \"highway\": \"residential\", \"maxspeed\": NaN, \"oneway\": false}", "source_type": "osm", "source_reference": "OpenStreetMap via OSMnx", "observed_or_estimated": "OBSERVED", "modelled_or_interpolated": "NOT_APPLICABLE", "timestamp": "2026-10-08T20:03:11.338578+00:00", "assumptions_version": "2026-10-09-prompt-1", "computation_mode": "FULL"}, "geometry": {"type": "LineString", "coordinates": [[75.8559164, 22.715892300000004], [75.8559093, 22.7156841], [75.8559389, 22.715604], [75.8559648, 22.715581099999998], [75.8559811, 22.715569000000002], [75.8560189, 22.71557479999999], [75.8563986, 22.715652500000004]]}}, {"id": "305", "type": "Feature", "properties": {"segment_id": "osm-2027131532-2027131540-0", "length_m": 49.62783416288673, "road_metadata": "{\"osmid\": 192152705, \"name\": NaN, \"highway\": \"residential\", \"maxspeed\": NaN, \"oneway\": false}", "source_type": "osm", "source_reference": "OpenStreetMap via OSMnx", "observed_or_estimated": "OBSERVED", "modelled_or_interpolated": "NOT_APPLICABLE", "timestamp": "2026-10-08T20:03:11.338943+00:00", "assumptions_version": "2026-10-09-prompt-1", "computation_mode": "FULL"}, "geometry": {"type": "LineString", "coordinates": [[75.8559164, 22.715892300000004], [75.85593340000001, 22.715979200000003], [75.8560677, 22.71597699999999], [75.8562073, 22.7159928], [75.8562678, 22.716081399999993]]}}, {"id": "306", "type": "Feature", "properties": {"segment_id": "osm-2027131533-2027131532-0", "length_m": 27.83289996379741, "road_metadata": "{\"osmid\": 192152693, \"name\": NaN, \"highway\": \"residential\", \"maxspeed\": NaN, \"oneway\": false}", "source_type": "osm", "source_reference": "OpenStreetMap via OSMnx", "observed_or_estimated": "OBSERVED", "modelled_or_interpolated": "NOT_APPLICABLE", "timestamp": "2026-10-08T20:03:11.339277+00:00", "assumptions_version": "2026-10-09-prompt-1", "computation_mode": "FULL"}, "geometry": {"type": "LineString", "coordinates": [[75.8556462, 22.7159116], [75.8559164, 22.715892300000004]]}}, {"id": "307", "type": "Feature", "properties": {"segment_id": "osm-2027131533-2027131536-0", "length_m": 33.56334294351408, "road_metadata": "{\"osmid\": 192152693, \"name\": NaN, \"highway\": \"residential\", \"maxspeed\": NaN, \"oneway\": false}", "source_type": "osm", "source_reference": "OpenStreetMap via OSMnx", "observed_or_estimated": "OBSERVED", "modelled_or_interpolated": "NOT_APPLICABLE", "timestamp": "2026-10-08T20:03:11.339678+00:00", "assumptions_version": "2026-10-09-prompt-1", "computation_mode": "FULL"}, "geometry": {"type": "LineString", "coordinates": [[75.8556462, 22.7159116], [75.8553291, 22.7159849]]}}, {"id": "308", "type": "Feature", "properties": {"segment_id": "osm-2027131533-8460772819-0", "length_m": 133.54538718795695, "road_metadata": "{\"osmid\": 192152707, \"name\": NaN, \"highway\": \"residential\", \"maxspeed\": NaN, \"oneway\": false}", "source_type": "osm", "source_reference": "OpenStreetMap via OSMnx", "observed_or_estimated": "OBSERVED", "modelled_or_interpolated": "NOT_APPLICABLE", "timestamp": "2026-10-08T20:03:11.340133+00:00", "assumptions_version": "2026-10-09-prompt-1", "computation_mode": "FULL"}, "geometry": {"type": "LineString", "coordinates": [[75.8556462, 22.7159116], [75.855633, 22.715736299999996], [75.8556462, 22.7155958], [75.8556894, 22.715429199999996], [75.8557427, 22.715283400000004], [75.855759, 22.715250899999997], [75.8557597, 22.7152205], [75.8557463, 22.715209399999992], [75.8557154, 22.715197000000003], [75.8556122, 22.715169799999998], [75.8555438, 22.7151426], [75.8555035, 22.715101799999996], [75.8554713, 22.715058499999994], [75.8554499, 22.71499289999999], [75.8553994, 22.714898900000005]]}}, {"id": "309", "type": "Feature", "properties": {"segment_id": "osm-2027131536-8461125223-0", "length_m": 45.88502980841951, "road_metadata": "{\"osmid\": 191983678, \"name\": \"Yashwant road\", \"highway\": \"secondary\", \"maxspeed\": \"20\", \"oneway\": false}", "source_type": "osm", "source_reference": "OpenStreetMap via OSMnx", "observed_or_estimated": "OBSERVED", "modelled_or_interpolated": "NOT_APPLICABLE", "timestamp": "2026-10-08T20:03:11.340581+00:00", "assumptions_version": "2026-10-09-prompt-1", "computation_mode": "FULL"}, "geometry": {"type": "LineString", "coordinates": [[75.8553291, 22.7159849], [75.8554764, 22.716376199999992]]}}, {"id": "310", "type": "Feature", "properties": {"segment_id": "osm-2027131536-2027131533-0", "length_m": 33.56334294351408, "road_metadata": "{\"osmid\": 192152693, \"name\": NaN, \"highway\": \"residential\", \"maxspeed\": NaN, \"oneway\": false}", "source_type": "osm", "source_reference": "OpenStreetMap via OSMnx", "observed_or_estimated": "OBSERVED", "modelled_or_interpolated": "NOT_APPLICABLE", "timestamp": "2026-10-08T20:03:11.341064+00:00", "assumptions_version": "2026-10-09-prompt-1", "computation_mode": "FULL"}, "geometry": {"type": "LineString", "coordinates": [[75.8553291, 22.7159849], [75.8556462, 22.7159116]]}}, {"id": "311", "type": "Feature", "properties": {"segment_id": "osm-2027131536-2027131464-0", "length_m": 123.40367525263838, "road_metadata": "{\"osmid\": 191983678, \"name\": \"Yashwant road\", \"highway\": \"secondary\", \"maxspeed\": \"20\", \"oneway\": false}", "source_type": "osm", "source_reference": "OpenStreetMap via OSMnx", "observed_or_estimated": "OBSERVED", "modelled_or_interpolated": "NOT_APPLICABLE", "timestamp": "2026-10-08T20:03:11.341676+00:00", "assumptions_version": "2026-10-09-prompt-1", "computation_mode": "FULL"}, "geometry": {"type": "LineString", "coordinates": [[75.8553291, 22.7159849], [75.8550603, 22.715213000000002], [75.8549782, 22.7149192]]}}, {"id": "312", "type": "Feature", "properties": {"segment_id": "osm-2027131540-9523323008-0", "length_m": 33.10185147809247, "road_metadata": "{\"osmid\": 191953035, \"name\": NaN, \"highway\": \"tertiary\", \"maxspeed\": NaN, \"oneway\": false}", "source_type": "osm", "source_reference": "OpenStreetMap via OSMnx", "observed_or_estimated": "OBSERVED", "modelled_or_interpolated": "NOT_APPLICABLE", "timestamp": "2026-10-08T20:03:11.342144+00:00", "assumptions_version": "2026-10-09-prompt-1", "computation_mode": "FULL"}, "geometry": {"type": "LineString", "coordinates": [[75.8562678, 22.716081399999993], [75.8561951, 22.7163727]]}}, {"id": "313", "type": "Feature", "properties": {"segment_id": "osm-2027131540-8460755407-0", "length_m": 38.710213866227875, "road_metadata": "{\"osmid\": 191953035, \"name\": NaN, \"highway\": \"tertiary\", \"maxspeed\": NaN, \"oneway\": false}", "source_type": "osm", "source_reference": "OpenStreetMap via OSMnx", "observed_or_estimated": "OBSERVED", "modelled_or_interpolated": "NOT_APPLICABLE", "timestamp": "2026-10-08T20:03:11.342599+00:00", "assumptions_version": "2026-10-09-prompt-1", "computation_mode": "FULL"}, "geometry": {"type": "LineString", "coordinates": [[75.8562678, 22.716081399999993], [75.8563691, 22.715744600000004]]}}, {"id": "314", "type": "Feature", "properties": {"segment_id": "osm-2027131540-2027131532-0", "length_m": 49.62783416288673, "road_metadata": "{\"osmid\": 192152705, \"name\": NaN, \"highway\": \"residential\", \"maxspeed\": NaN, \"oneway\": false}", "source_type": "osm", "source_reference": "OpenStreetMap via OSMnx", "observed_or_estimated": "OBSERVED", "modelled_or_interpolated": "NOT_APPLICABLE", "timestamp": "2026-10-08T20:03:11.343098+00:00", "assumptions_version": "2026-10-09-prompt-1", "computation_mode": "FULL"}, "geometry": {"type": "LineString", "coordinates": [[75.8562678, 22.716081399999993], [75.8562073, 22.7159928], [75.8560677, 22.71597699999999], [75.85593340000001, 22.715979200000003], [75.8559164, 22.715892300000004]]}}, {"id": "315", "type": "Feature", "properties": {"segment_id": "osm-2027131540-2027131569-0", "length_m": 91.74389657041529, "road_metadata": "{\"osmid\": 192152709, \"name\": NaN, \"highway\": \"residential\", \"maxspeed\": NaN, \"oneway\": false}", "source_type": "osm", "source_reference": "OpenStreetMap via OSMnx", "observed_or_estimated": "OBSERVED", "modelled_or_interpolated": "NOT_APPLICABLE", "timestamp": "2026-10-08T20:03:11.343568+00:00", "assumptions_version": "2026-10-09-prompt-1", "computation_mode": "FULL"}, "geometry": {"type": "LineString", "coordinates": [[75.8562678, 22.716081399999993], [75.8562943, 22.7161259], [75.8563476, 22.716159099999995], [75.8565327, 22.716245900000004], [75.8566207, 22.716267799999997], [75.8568895, 22.716272999999997], [75.8570964, 22.716274799999997]]}}, {"id": "316", "type": "Feature", "properties": {"segment_id": "osm-2027131546-2027131552-0", "length_m": 20.775232203911706, "road_metadata": "{\"osmid\": 192152709, \"name\": NaN, \"highway\": \"residential\", \"maxspeed\": NaN, \"oneway\": false}", "source_type": "osm", "source_reference": "OpenStreetMap via OSMnx", "observed_or_estimated": "OBSERVED", "modelled_or_interpolated": "NOT_APPLICABLE", "timestamp": "2026-10-08T20:03:11.343883+00:00", "assumptions_version": "2026-10-09-prompt-1", "computation_mode": "FULL"}, "geometry": {"type": "LineString", "coordinates": [[75.8578977, 22.716178599999996], [75.8577008, 22.7162216]]}}, {"id": "317", "type": "Feature", "properties": {"segment_id": "osm-2027131546-9523323012-0", "length_m": 30.142700451357754, "road_metadata": "{\"osmid\": 1033702570, \"name\": NaN, \"highway\": \"tertiary\", \"maxspeed\": NaN, \"oneway\": false}", "source_type": "osm", "source_reference": "OpenStreetMap via OSMnx", "observed_or_estimated": "OBSERVED", "modelled_or_interpolated": "NOT_APPLICABLE", "timestamp": "2026-10-08T20:03:11.344181+00:00", "assumptions_version": "2026-10-09-prompt-1", "computation_mode": "FULL"}, "geometry": {"type": "LineString", "coordinates": [[75.8578977, 22.716178599999996], [75.8579627, 22.7163339], [75.8580069, 22.716431299999996]]}}, {"id": "318", "type": "Feature", "properties": {"segment_id": "osm-2027131546-2027131499-0", "length_m": 98.31809774026756, "road_metadata": "{\"osmid\": 1033702570, \"name\": NaN, \"highway\": \"tertiary\", \"maxspeed\": NaN, \"oneway\": false}", "source_type": "osm", "source_reference": "OpenStreetMap via OSMnx", "observed_or_estimated": "OBSERVED", "modelled_or_interpolated": "NOT_APPLICABLE", "timestamp": "2026-10-08T20:03:11.344435+00:00", "assumptions_version": "2026-10-09-prompt-1", "computation_mode": "FULL"}, "geometry": {"type": "LineString", "coordinates": [[75.8578977, 22.716178599999996], [75.8578598, 22.7160417], [75.8578261, 22.7152956]]}}, {"id": "319", "type": "Feature", "properties": {"segment_id": "osm-2027131552-2027131546-0", "length_m": 20.775232203911706, "road_metadata": "{\"osmid\": 192152709, \"name\": NaN, \"highway\": \"residential\", \"maxspeed\": NaN, \"oneway\": false}", "source_type": "osm", "source_reference": "OpenStreetMap via OSMnx", "observed_or_estimated": "OBSERVED", "modelled_or_interpolated": "NOT_APPLICABLE", "timestamp": "2026-10-08T20:03:11.344693+00:00", "assumptions_version": "2026-10-09-prompt-1", "computation_mode": "FULL"}, "geometry": {"type": "LineString", "coordinates": [[75.8577008, 22.7162216], [75.8578977, 22.716178599999996]]}}, {"id": "320", "type": "Feature", "properties": {"segment_id": "osm-2027131552-2027131531-0", "length_m": 59.971508367104605, "road_metadata": "{\"osmid\": 192152700, \"name\": NaN, \"highway\": \"residential\", \"maxspeed\": NaN, \"oneway\": false}", "source_type": "osm", "source_reference": "OpenStreetMap via OSMnx", "observed_or_estimated": "OBSERVED", "modelled_or_interpolated": "NOT_APPLICABLE", "timestamp": "2026-10-08T20:03:11.344936+00:00", "assumptions_version": "2026-10-09-prompt-1", "computation_mode": "FULL"}, "geometry": {"type": "LineString", "coordinates": [[75.8577008, 22.7162216], [75.8576738, 22.716113999999997], [75.8575656, 22.715930599999997], [75.8574239, 22.7157515]]}}, {"id": "321", "type": "Feature", "properties": {"segment_id": "osm-2027131552-2027131569-0", "length_m": 62.67573792371553, "road_metadata": "{\"osmid\": 192152709, \"name\": NaN, \"highway\": \"residential\", \"maxspeed\": NaN, \"oneway\": false}", "source_type": "osm", "source_reference": "OpenStreetMap via OSMnx", "observed_or_estimated": "OBSERVED", "modelled_or_interpolated": "NOT_APPLICABLE", "timestamp": "2026-10-08T20:03:11.345181+00:00", "assumptions_version": "2026-10-09-prompt-1", "computation_mode": "FULL"}, "geometry": {"type": "LineString", "coordinates": [[75.8577008, 22.7162216], [75.8575889, 22.7162501], [75.8573545, 22.7162764], [75.8570964, 22.716274799999997]]}}, {"id": "322", "type": "Feature", "properties": {"segment_id": "osm-2027131569-2027131582-0", "length_m": 16.456059679569137, "road_metadata": "{\"osmid\": 192152688, \"name\": NaN, \"highway\": \"residential\", \"maxspeed\": NaN, \"oneway\": false}", "source_type": "osm", "source_reference": "OpenStreetMap via OSMnx", "observed_or_estimated": "OBSERVED", "modelled_or_interpolated": "NOT_APPLICABLE", "timestamp": "2026-10-08T20:03:11.345420+00:00", "assumptions_version": "2026-10-09-prompt-1", "computation_mode": "FULL"}, "geometry": {"type": "LineString", "coordinates": [[75.8570964, 22.716274799999997], [75.8571035, 22.716423299999995]]}}, {"id": "323", "type": "Feature", "properties": {"segment_id": "osm-2027131569-2027131531-0", "length_m": 74.31782616496332, "road_metadata": "{\"osmid\": 192152688, \"name\": NaN, \"highway\": \"residential\", \"maxspeed\": NaN, \"oneway\": false}", "source_type": "osm", "source_reference": "OpenStreetMap via OSMnx", "observed_or_estimated": "OBSERVED", "modelled_or_interpolated": "NOT_APPLICABLE", "timestamp": "2026-10-08T20:03:11.345667+00:00", "assumptions_version": "2026-10-09-prompt-1", "computation_mode": "FULL"}, "geometry": {"type": "LineString", "coordinates": [[75.8570964, 22.716274799999997], [75.8570989, 22.7162199], [75.8571078, 22.716196600000004], [75.8571414, 22.7161789], [75.8572238, 22.7161599], [75.8572679, 22.7161459], [75.8573251, 22.7161043], [75.8573504, 22.7160543], [75.8573736, 22.7159102], [75.8574239, 22.7157515]]}}, {"id": "324", "type": "Feature", "properties": {"segment_id": "osm-2027131569-2027131552-0", "length_m": 62.67573792371553, "road_metadata": "{\"osmid\": 192152709, \"name\": NaN, \"highway\": \"residential\", \"maxspeed\": NaN, \"oneway\": false}", "source_type": "osm", "source_reference": "OpenStreetMap via OSMnx", "observed_or_estimated": "OBSERVED", "modelled_or_interpolated": "NOT_APPLICABLE", "timestamp": "2026-10-08T20:03:11.345912+00:00", "assumptions_version": "2026-10-09-prompt-1", "computation_mode": "FULL"}, "geometry": {"type": "LineString", "coordinates": [[75.8570964, 22.716274799999997], [75.8573545, 22.7162764], [75.8575889, 22.7162501], [75.8577008, 22.7162216]]}}, {"id": "325", "type": "Feature", "properties": {"segment_id": "osm-2027131569-2027131540-0", "length_m": 91.74389657041529, "road_metadata": "{\"osmid\": 192152709, \"name\": NaN, \"highway\": \"residential\", \"maxspeed\": NaN, \"oneway\": false}", "source_type": "osm", "source_reference": "OpenStreetMap via OSMnx", "observed_or_estimated": "OBSERVED", "modelled_or_interpolated": "NOT_APPLICABLE", "timestamp": "2026-10-08T20:03:11.346164+00:00", "assumptions_version": "2026-10-09-prompt-1", "computation_mode": "FULL"}, "geometry": {"type": "LineString", "coordinates": [[75.8570964, 22.716274799999997], [75.8568895, 22.716272999999997], [75.8566207, 22.716267799999997], [75.8565327, 22.716245900000004], [75.8563476, 22.716159099999995], [75.8562943, 22.7161259], [75.8562678, 22.716081399999993]]}}, {"id": "326", "type": "Feature", "properties": {"segment_id": "osm-2027131582-2027131569-0", "length_m": 16.456059679569137, "road_metadata": "{\"osmid\": 192152688, \"name\": NaN, \"highway\": \"residential\", \"maxspeed\": NaN, \"oneway\": false}", "source_type": "osm", "source_reference": "OpenStreetMap via OSMnx", "observed_or_estimated": "OBSERVED", "modelled_or_interpolated": "NOT_APPLICABLE", "timestamp": "2026-10-08T20:03:11.346401+00:00", "assumptions_version": "2026-10-09-prompt-1", "computation_mode": "FULL"}, "geometry": {"type": "LineString", "coordinates": [[75.8571035, 22.716423299999995], [75.8570964, 22.716274799999997]]}}, {"id": "327", "type": "Feature", "properties": {"segment_id": "osm-2027131582-9523323008-0", "length_m": 93.5862831023537, "road_metadata": "{\"osmid\": 1033702571, \"name\": \"Jawahar Marg\", \"highway\": \"secondary\", \"maxspeed\": NaN, \"oneway\": false}", "source_type": "osm", "source_reference": "OpenStreetMap via OSMnx", "observed_or_estimated": "OBSERVED", "modelled_or_interpolated": "NOT_APPLICABLE", "timestamp": "2026-10-08T20:03:11.346634+00:00", "assumptions_version": "2026-10-09-prompt-1", "computation_mode": "FULL"}, "geometry": {"type": "LineString", "coordinates": [[75.8571035, 22.716423299999995], [75.856514, 22.7164111], [75.8561951, 22.7163727]]}}, {"id": "328", "type": "Feature", "properties": {"segment_id": "osm-2027131582-9523323012-0", "length_m": 93.03245190892896, "road_metadata": "{\"osmid\": 1033702571, \"name\": \"Jawahar Marg\", \"highway\": \"secondary\", \"maxspeed\": NaN, \"oneway\": false}", "source_type": "osm", "source_reference": "OpenStreetMap via OSMnx", "observed_or_estimated": "OBSERVED", "modelled_or_interpolated": "NOT_APPLICABLE", "timestamp": "2026-10-08T20:03:11.346875+00:00", "assumptions_version": "2026-10-09-prompt-1", "computation_mode": "FULL"}, "geometry": {"type": "LineString", "coordinates": [[75.8571035, 22.716423299999995], [75.85755090000002, 22.716454099999993], [75.8579147, 22.716444200000005], [75.8580069, 22.716431299999996]]}}, {"id": "329", "type": "Feature", "properties": {"segment_id": "osm-2027156248-2027156315-0", "length_m": 41.233980336001885, "road_metadata": "{\"osmid\": 192154599, \"name\": NaN, \"highway\": \"residential\", \"maxspeed\": NaN, \"oneway\": false}", "source_type": "osm", "source_reference": "OpenStreetMap via OSMnx", "observed_or_estimated": "OBSERVED", "modelled_or_interpolated": "NOT_APPLICABLE", "timestamp": "2026-10-08T20:03:11.347120+00:00", "assumptions_version": "2026-10-09-prompt-1", "computation_mode": "FULL"}, "geometry": {"type": "LineString", "coordinates": [[75.8515584, 22.713732199999995], [75.851503, 22.714101100000004]]}}, {"id": "330", "type": "Feature", "properties": {"segment_id": "osm-2027156248-12504458052-0", "length_m": 5.702118310404492, "road_metadata": "{\"osmid\": 192154601, \"name\": NaN, \"highway\": \"residential\", \"maxspeed\": NaN, \"oneway\": false}", "source_type": "osm", "source_reference": "OpenStreetMap via OSMnx", "observed_or_estimated": "OBSERVED", "modelled_or_interpolated": "NOT_APPLICABLE", "timestamp": "2026-10-08T20:03:11.347453+00:00", "assumptions_version": "2026-10-09-prompt-1", "computation_mode": "FULL"}, "geometry": {"type": "LineString", "coordinates": [[75.8515584, 22.713732199999995], [75.8515593, 22.713680699999998]]}}, {"id": "331", "type": "Feature", "properties": {"segment_id": "osm-2027156248-2027156252-0", "length_m": 50.46024331016321, "road_metadata": "{\"osmid\": 192154552, \"name\": \"Kadavghat road\", \"highway\": \"residential\", \"maxspeed\": \"30\", \"oneway\": false}", "source_type": "osm", "source_reference": "OpenStreetMap via OSMnx", "observed_or_estimated": "OBSERVED", "modelled_or_interpolated": "NOT_APPLICABLE", "timestamp": "2026-10-08T20:03:11.348356+00:00", "assumptions_version": "2026-10-09-prompt-1", "computation_mode": "FULL"}, "geometry": {"type": "LineString", "coordinates": [[75.8515584, 22.713732199999995], [75.8520292, 22.713770899999997], [75.8520471, 22.713775800000004]]}}, {"id": "332", "type": "Feature", "properties": {"segment_id": "osm-2027156252-12504458055-0", "length_m": 6.818056673101831, "road_metadata": "{\"osmid\": 192154549, \"name\": NaN, \"highway\": \"residential\", \"maxspeed\": NaN, \"oneway\": false}", "source_type": "osm", "source_reference": "OpenStreetMap via OSMnx", "observed_or_estimated": "OBSERVED", "modelled_or_interpolated": "NOT_APPLICABLE", "timestamp": "2026-10-08T20:03:11.348857+00:00", "assumptions_version": "2026-10-09-prompt-1", "computation_mode": "FULL"}, "geometry": {"type": "LineString", "coordinates": [[75.8520471, 22.713775800000004], [75.8520606, 22.713715499999992]]}}, {"id": "333", "type": "Feature", "properties": {"segment_id": "osm-2027156252-2027156304-0", "length_m": 52.6690080517587, "road_metadata": "{\"osmid\": 192154552, \"name\": \"Kadavghat road\", \"highway\": \"residential\", \"maxspeed\": \"30\", \"oneway\": false}", "source_type": "osm", "source_reference": "OpenStreetMap via OSMnx", "observed_or_estimated": "OBSERVED", "modelled_or_interpolated": "NOT_APPLICABLE", "timestamp": "2026-10-08T20:03:11.349316+00:00", "assumptions_version": "2026-10-09-prompt-1", "computation_mode": "FULL"}, "geometry": {"type": "LineString", "coordinates": [[75.8520471, 22.713775800000004], [75.8521107, 22.713786], [75.8521695, 22.7138097], [75.8522871, 22.713898099999998], [75.8524326, 22.714066699999993]]}}, {"id": "334", "type": "Feature", "properties": {"segment_id": "osm-2027156252-2027156248-0", "length_m": 50.46024331016321, "road_metadata": "{\"osmid\": 192154552, \"name\": \"Kadavghat road\", \"highway\": \"residential\", \"maxspeed\": \"30\", \"oneway\": false}", "source_type": "osm", "source_reference": "OpenStreetMap via OSMnx", "observed_or_estimated": "OBSERVED", "modelled_or_interpolated": "NOT_APPLICABLE", "timestamp": "2026-10-08T20:03:11.349748+00:00", "assumptions_version": "2026-10-09-prompt-1", "computation_mode": "FULL"}, "geometry": {"type": "LineString", "coordinates": [[75.8520471, 22.713775800000004], [75.8520292, 22.713770899999997], [75.8515584, 22.713732199999995]]}}, {"id": "335", "type": "Feature", "properties": {"segment_id": "osm-2027156304-12504458061-0", "length_m": 7.761076270301147, "road_metadata": "{\"osmid\": 192154552, \"name\": \"Kadavghat road\", \"highway\": \"residential\", \"maxspeed\": \"30\", \"oneway\": false}", "source_type": "osm", "source_reference": "OpenStreetMap via OSMnx", "observed_or_estimated": "OBSERVED", "modelled_or_interpolated": "NOT_APPLICABLE", "timestamp": "2026-10-08T20:03:11.350155+00:00", "assumptions_version": "2026-10-09-prompt-1", "computation_mode": "FULL"}, "geometry": {"type": "LineString", "coordinates": [[75.8524326, 22.714066699999993], [75.8525036, 22.7140907]]}}, {"id": "336", "type": "Feature", "properties": {"segment_id": "osm-2027156304-3734538687-0", "length_m": 36.23574666174014, "road_metadata": "{\"osmid\": 192154562, \"name\": NaN, \"highway\": \"residential\", \"maxspeed\": NaN, \"oneway\": false}", "source_type": "osm", "source_reference": "OpenStreetMap via OSMnx", "observed_or_estimated": "OBSERVED", "modelled_or_interpolated": "NOT_APPLICABLE", "timestamp": "2026-10-08T20:03:11.350556+00:00", "assumptions_version": "2026-10-09-prompt-1", "computation_mode": "FULL"}, "geometry": {"type": "LineString", "coordinates": [[75.8524326, 22.714066699999993], [75.8523987, 22.714392500000002]]}}, {"id": "337", "type": "Feature", "properties": {"segment_id": "osm-2027156304-2027156252-0", "length_m": 52.669008051758695, "road_metadata": "{\"osmid\": 192154552, \"name\": \"Kadavghat road\", \"highway\": \"residential\", \"maxspeed\": \"30\", \"oneway\": false}", "source_type": "osm", "source_reference": "OpenStreetMap via OSMnx", "observed_or_estimated": "OBSERVED", "modelled_or_interpolated": "NOT_APPLICABLE", "timestamp": "2026-10-08T20:03:11.351029+00:00", "assumptions_version": "2026-10-09-prompt-1", "computation_mode": "FULL"}, "geometry": {"type": "LineString", "coordinates": [[75.8524326, 22.714066699999993], [75.8522871, 22.713898099999998], [75.8521695, 22.7138097], [75.8521107, 22.713786], [75.8520471, 22.713775800000004]]}}, {"id": "338", "type": "Feature", "properties": {"segment_id": "osm-2027156315-3734538674-0", "length_m": 18.628834985621385, "road_metadata": "{\"osmid\": 192154599, \"name\": NaN, \"highway\": \"residential\", \"maxspeed\": NaN, \"oneway\": false}", "source_type": "osm", "source_reference": "OpenStreetMap via OSMnx", "observed_or_estimated": "OBSERVED", "modelled_or_interpolated": "NOT_APPLICABLE", "timestamp": "2026-10-08T20:03:11.351508+00:00", "assumptions_version": "2026-10-09-prompt-1", "computation_mode": "FULL"}, "geometry": {"type": "LineString", "coordinates": [[75.851503, 22.714101100000004], [75.8514588, 22.7142643]]}}, {"id": "339", "type": "Feature", "properties": {"segment_id": "osm-2027156315-2027156248-0", "length_m": 41.233980336001885, "road_metadata": "{\"osmid\": 192154599, \"name\": NaN, \"highway\": \"residential\", \"maxspeed\": NaN, \"oneway\": false}", "source_type": "osm", "source_reference": "OpenStreetMap via OSMnx", "observed_or_estimated": "OBSERVED", "modelled_or_interpolated": "NOT_APPLICABLE", "timestamp": "2026-10-08T20:03:11.351807+00:00", "assumptions_version": "2026-10-09-prompt-1", "computation_mode": "FULL"}, "geometry": {"type": "LineString", "coordinates": [[75.851503, 22.714101100000004], [75.8515584, 22.713732199999995]]}}, {"id": "340", "type": "Feature", "properties": {"segment_id": "osm-2027156353-2027156392-0", "length_m": 45.46474123361341, "road_metadata": "{\"osmid\": 192154599, \"name\": NaN, \"highway\": \"residential\", \"maxspeed\": NaN, \"oneway\": false}", "source_type": "osm", "source_reference": "OpenStreetMap via OSMnx", "observed_or_estimated": "OBSERVED", "modelled_or_interpolated": "NOT_APPLICABLE", "timestamp": "2026-10-08T20:03:11.352062+00:00", "assumptions_version": "2026-10-09-prompt-1", "computation_mode": "FULL"}, "geometry": {"type": "LineString", "coordinates": [[75.8514112, 22.714531200000003], [75.8513689, 22.714939999999995]]}}, {"id": "341", "type": "Feature", "properties": {"segment_id": "osm-2027156353-3734538674-0", "length_m": 29.949191922069716, "road_metadata": "{\"osmid\": 192154599, \"name\": NaN, \"highway\": \"residential\", \"maxspeed\": NaN, \"oneway\": false}", "source_type": "osm", "source_reference": "OpenStreetMap via OSMnx", "observed_or_estimated": "OBSERVED", "modelled_or_interpolated": "NOT_APPLICABLE", "timestamp": "2026-10-08T20:03:11.352314+00:00", "assumptions_version": "2026-10-09-prompt-1", "computation_mode": "FULL"}, "geometry": {"type": "LineString", "coordinates": [[75.8514112, 22.714531200000003], [75.8514588, 22.7142643]]}}, {"id": "342", "type": "Feature", "properties": {"segment_id": "osm-2027156353-2027156364-0", "length_m": 57.22413232246164, "road_metadata": "{\"osmid\": 192154550, \"name\": NaN, \"highway\": \"residential\", \"maxspeed\": NaN, \"oneway\": false}", "source_type": "osm", "source_reference": "OpenStreetMap via OSMnx", "observed_or_estimated": "OBSERVED", "modelled_or_interpolated": "NOT_APPLICABLE", "timestamp": "2026-10-08T20:03:11.352689+00:00", "assumptions_version": "2026-10-09-prompt-1", "computation_mode": "FULL"}, "geometry": {"type": "LineString", "coordinates": [[75.8514112, 22.714531200000003], [75.8516797, 22.7146015], [75.8519493, 22.7146651]]}}, {"id": "343", "type": "Feature", "properties": {"segment_id": "osm-2027156359-2027156386-0", "length_m": 33.61607292352581, "road_metadata": "{\"osmid\": 192154564, \"name\": NaN, \"highway\": \"residential\", \"maxspeed\": NaN, \"oneway\": false}", "source_type": "osm", "source_reference": "OpenStreetMap via OSMnx", "observed_or_estimated": "OBSERVED", "modelled_or_interpolated": "NOT_APPLICABLE", "timestamp": "2026-10-08T20:03:11.353048+00:00", "assumptions_version": "2026-10-09-prompt-1", "computation_mode": "FULL"}, "geometry": {"type": "LineString", "coordinates": [[75.8536272, 22.7145955], [75.8535638, 22.714893399999994]]}}, {"id": "344", "type": "Feature", "properties": {"segment_id": "osm-2027156359-2025019820-0", "length_m": 125.35912765404467, "road_metadata": "{\"osmid\": 192154552, \"name\": \"Kadavghat road\", \"highway\": \"residential\", \"maxspeed\": \"30\", \"oneway\": false}", "source_type": "osm", "source_reference": "OpenStreetMap via OSMnx", "observed_or_estimated": "OBSERVED", "modelled_or_interpolated": "NOT_APPLICABLE", "timestamp": "2026-10-08T20:03:11.353489+00:00", "assumptions_version": "2026-10-09-prompt-1", "computation_mode": "FULL"}, "geometry": {"type": "LineString", "coordinates": [[75.8536272, 22.7145955], [75.8537543, 22.7146018], [75.8542483, 22.714620599999993], [75.8547185, 22.71456779999999], [75.8548436, 22.7145733]]}}, {"id": "345", "type": "Feature", "properties": {"segment_id": "osm-2027156359-12504458061-0", "length_m": 128.49761070538693, "road_metadata": "{\"osmid\": 192154552, \"name\": \"Kadavghat road\", \"highway\": \"residential\", \"maxspeed\": \"30\", \"oneway\": false}", "source_type": "osm", "source_reference": "OpenStreetMap via OSMnx", "observed_or_estimated": "OBSERVED", "modelled_or_interpolated": "NOT_APPLICABLE", "timestamp": "2026-10-08T20:03:11.353861+00:00", "assumptions_version": "2026-10-09-prompt-1", "computation_mode": "FULL"}, "geometry": {"type": "LineString", "coordinates": [[75.8536272, 22.7145955], [75.8533019, 22.7144308], [75.8528561, 22.714210299999998], [75.8525036, 22.7140907]]}}, {"id": "346", "type": "Feature", "properties": {"segment_id": "osm-2027156364-2027156370-0", "length_m": 44.42116904692041, "road_metadata": "{\"osmid\": 192154550, \"name\": NaN, \"highway\": \"residential\", \"maxspeed\": NaN, \"oneway\": false}", "source_type": "osm", "source_reference": "OpenStreetMap via OSMnx", "observed_or_estimated": "OBSERVED", "modelled_or_interpolated": "NOT_APPLICABLE", "timestamp": "2026-10-08T20:03:11.354316+00:00", "assumptions_version": "2026-10-09-prompt-1", "computation_mode": "FULL"}, "geometry": {"type": "LineString", "coordinates": [[75.8519493, 22.7146651], [75.8521755, 22.7146837], [75.8523795, 22.714706099999997]]}}, {"id": "347", "type": "Feature", "properties": {"segment_id": "osm-2027156364-2027156353-0", "length_m": 57.22413232246164, "road_metadata": "{\"osmid\": 192154550, \"name\": NaN, \"highway\": \"residential\", \"maxspeed\": NaN, \"oneway\": false}", "source_type": "osm", "source_reference": "OpenStreetMap via OSMnx", "observed_or_estimated": "OBSERVED", "modelled_or_interpolated": "NOT_APPLICABLE", "timestamp": "2026-10-08T20:03:11.354751+00:00", "assumptions_version": "2026-10-09-prompt-1", "computation_mode": "FULL"}, "geometry": {"type": "LineString", "coordinates": [[75.8519493, 22.7146651], [75.8516797, 22.7146015], [75.8514112, 22.714531200000003]]}}, {"id": "348", "type": "Feature", "properties": {"segment_id": "osm-2027156364-8478005563-0", "length_m": 70.24535255199491, "road_metadata": "{\"osmid\": 192154578, \"name\": NaN, \"highway\": \"residential\", \"maxspeed\": NaN, \"oneway\": false}", "source_type": "osm", "source_reference": "OpenStreetMap via OSMnx", "observed_or_estimated": "OBSERVED", "modelled_or_interpolated": "NOT_APPLICABLE", "timestamp": "2026-10-08T20:03:11.355225+00:00", "assumptions_version": "2026-10-09-prompt-1", "computation_mode": "FULL"}, "geometry": {"type": "LineString", "coordinates": [[75.8519493, 22.7146651], [75.8519181, 22.7150098], [75.8519159, 22.7152984]]}}, {"id": "349", "type": "Feature", "properties": {"segment_id": "osm-2027156370-3734538687-0", "length_m": 34.77343067932083, "road_metadata": "{\"osmid\": 192154562, \"name\": NaN, \"highway\": \"residential\", \"maxspeed\": NaN, \"oneway\": false}", "source_type": "osm", "source_reference": "OpenStreetMap via OSMnx", "observed_or_estimated": "OBSERVED", "modelled_or_interpolated": "NOT_APPLICABLE", "timestamp": "2026-10-08T20:03:11.355635+00:00", "assumptions_version": "2026-10-09-prompt-1", "computation_mode": "FULL"}, "geometry": {"type": "LineString", "coordinates": [[75.8523795, 22.714706099999997], [75.8523987, 22.714392500000002]]}}, {"id": "350", "type": "Feature", "properties": {"segment_id": "osm-2027156370-2027156382-0", "length_m": 80.46574920986589, "road_metadata": "{\"osmid\": 192154550, \"name\": NaN, \"highway\": \"residential\", \"maxspeed\": NaN, \"oneway\": false}", "source_type": "osm", "source_reference": "OpenStreetMap via OSMnx", "observed_or_estimated": "OBSERVED", "modelled_or_interpolated": "NOT_APPLICABLE", "timestamp": "2026-10-08T20:03:11.356043+00:00", "assumptions_version": "2026-10-09-prompt-1", "computation_mode": "FULL"}, "geometry": {"type": "LineString", "coordinates": [[75.8523795, 22.714706099999997], [75.8527755, 22.714824399999994], [75.8531157, 22.7149532]]}}, {"id": "351", "type": "Feature", "properties": {"segment_id": "osm-2027156370-2027156364-0", "length_m": 44.42116904692041, "road_metadata": "{\"osmid\": 192154550, \"name\": NaN, \"highway\": \"residential\", \"maxspeed\": NaN, \"oneway\": false}", "source_type": "osm", "source_reference": "OpenStreetMap via OSMnx", "observed_or_estimated": "OBSERVED", "modelled_or_interpolated": "NOT_APPLICABLE", "timestamp": "2026-10-08T20:03:11.356439+00:00", "assumptions_version": "2026-10-09-prompt-1", "computation_mode": "FULL"}, "geometry": {"type": "LineString", "coordinates": [[75.8523795, 22.714706099999997], [75.8521755, 22.7146837], [75.8519493, 22.7146651]]}}, {"id": "352", "type": "Feature", "properties": {"segment_id": "osm-2027156380-2027131456-0", "length_m": 16.912817590370427, "road_metadata": "{\"osmid\": 192154550, \"name\": NaN, \"highway\": \"residential\", \"maxspeed\": NaN, \"oneway\": false}", "source_type": "osm", "source_reference": "OpenStreetMap via OSMnx", "observed_or_estimated": "OBSERVED", "modelled_or_interpolated": "NOT_APPLICABLE", "timestamp": "2026-10-08T20:03:11.356843+00:00", "assumptions_version": "2026-10-09-prompt-1", "computation_mode": "FULL"}, "geometry": {"type": "LineString", "coordinates": [[75.8547442, 22.714892699999996], [75.8548821, 22.714809200000005]]}}, {"id": "353", "type": "Feature", "properties": {"segment_id": "osm-2027156380-2027156386-0", "length_m": 121.3013494751965, "road_metadata": "{\"osmid\": 192154550, \"name\": NaN, \"highway\": \"residential\", \"maxspeed\": NaN, \"oneway\": false}", "source_type": "osm", "source_reference": "OpenStreetMap via OSMnx", "observed_or_estimated": "OBSERVED", "modelled_or_interpolated": "NOT_APPLICABLE", "timestamp": "2026-10-08T20:03:11.357327+00:00", "assumptions_version": "2026-10-09-prompt-1", "computation_mode": "FULL"}, "geometry": {"type": "LineString", "coordinates": [[75.8547442, 22.714892699999996], [75.8538302, 22.714877899999998], [75.8535638, 22.714893399999994]]}}, {"id": "354", "type": "Feature", "properties": {"segment_id": "osm-2027156380-2027156438-0", "length_m": 55.30046975682402, "road_metadata": "{\"osmid\": 192154597, \"name\": NaN, \"highway\": \"residential\", \"maxspeed\": NaN, \"oneway\": false}", "source_type": "osm", "source_reference": "OpenStreetMap via OSMnx", "observed_or_estimated": "OBSERVED", "modelled_or_interpolated": "NOT_APPLICABLE", "timestamp": "2026-10-08T20:03:11.357783+00:00", "assumptions_version": "2026-10-09-prompt-1", "computation_mode": "FULL"}, "geometry": {"type": "LineString", "coordinates": [[75.8547442, 22.714892699999996], [75.8546907, 22.715213599999995], [75.8546815, 22.7153882]]}}, {"id": "355", "type": "Feature", "properties": {"segment_id": "osm-2027156382-2027156386-0", "length_m": 46.49592663755238, "road_metadata": "{\"osmid\": 192154550, \"name\": NaN, \"highway\": \"residential\", \"maxspeed\": NaN, \"oneway\": false}", "source_type": "osm", "source_reference": "OpenStreetMap via OSMnx", "observed_or_estimated": "OBSERVED", "modelled_or_interpolated": "NOT_APPLICABLE", "timestamp": "2026-10-08T20:03:11.358189+00:00", "assumptions_version": "2026-10-09-prompt-1", "computation_mode": "FULL"}, "geometry": {"type": "LineString", "coordinates": [[75.8531157, 22.7149532], [75.8535638, 22.714893399999994]]}}, {"id": "356", "type": "Feature", "properties": {"segment_id": "osm-2027156382-2027156401-0", "length_m": 9.713132272363412, "road_metadata": "{\"osmid\": 192154585, \"name\": NaN, \"highway\": \"residential\", \"maxspeed\": NaN, \"oneway\": false}", "source_type": "osm", "source_reference": "OpenStreetMap via OSMnx", "observed_or_estimated": "OBSERVED", "modelled_or_interpolated": "NOT_APPLICABLE", "timestamp": "2026-10-08T20:03:11.358564+00:00", "assumptions_version": "2026-10-09-prompt-1", "computation_mode": "FULL"}, "geometry": {"type": "LineString", "coordinates": [[75.8531157, 22.7149532], [75.8531104, 22.715040799999997]]}}, {"id": "357", "type": "Feature", "properties": {"segment_id": "osm-2027156382-2027156370-0", "length_m": 80.46574920986589, "road_metadata": "{\"osmid\": 192154550, \"name\": NaN, \"highway\": \"residential\", \"maxspeed\": NaN, \"oneway\": false}", "source_type": "osm", "source_reference": "OpenStreetMap via OSMnx", "observed_or_estimated": "OBSERVED", "modelled_or_interpolated": "NOT_APPLICABLE", "timestamp": "2026-10-08T20:03:11.358918+00:00", "assumptions_version": "2026-10-09-prompt-1", "computation_mode": "FULL"}, "geometry": {"type": "LineString", "coordinates": [[75.8531157, 22.7149532], [75.8527755, 22.714824399999994], [75.8523795, 22.714706099999997]]}}, {"id": "358", "type": "Feature", "properties": {"segment_id": "osm-2027156386-2027156382-0", "length_m": 46.49592663755238, "road_metadata": "{\"osmid\": 192154550, \"name\": NaN, \"highway\": \"residential\", \"maxspeed\": NaN, \"oneway\": false}", "source_type": "osm", "source_reference": "OpenStreetMap via OSMnx", "observed_or_estimated": "OBSERVED", "modelled_or_interpolated": "NOT_APPLICABLE", "timestamp": "2026-10-08T20:03:11.359305+00:00", "assumptions_version": "2026-10-09-prompt-1", "computation_mode": "FULL"}, "geometry": {"type": "LineString", "coordinates": [[75.8535638, 22.714893399999994], [75.8531157, 22.7149532]]}}, {"id": "359", "type": "Feature", "properties": {"segment_id": "osm-2027156386-2027156359-0", "length_m": 33.61607292352581, "road_metadata": "{\"osmid\": 192154564, \"name\": NaN, \"highway\": \"residential\", \"maxspeed\": NaN, \"oneway\": false}", "source_type": "osm", "source_reference": "OpenStreetMap via OSMnx", "observed_or_estimated": "OBSERVED", "modelled_or_interpolated": "NOT_APPLICABLE", "timestamp": "2026-10-08T20:03:11.359617+00:00", "assumptions_version": "2026-10-09-prompt-1", "computation_mode": "FULL"}, "geometry": {"type": "LineString", "coordinates": [[75.8535638, 22.714893399999994], [75.8536272, 22.7145955]]}}, {"id": "360", "type": "Feature", "properties": {"segment_id": "osm-2027156386-2027156380-0", "length_m": 121.3013494751965, "road_metadata": "{\"osmid\": 192154550, \"name\": NaN, \"highway\": \"residential\", \"maxspeed\": NaN, \"oneway\": false}", "source_type": "osm", "source_reference": "OpenStreetMap via OSMnx", "observed_or_estimated": "OBSERVED", "modelled_or_interpolated": "NOT_APPLICABLE", "timestamp": "2026-10-08T20:03:11.359942+00:00", "assumptions_version": "2026-10-09-prompt-1", "computation_mode": "FULL"}, "geometry": {"type": "LineString", "coordinates": [[75.8535638, 22.714893399999994], [75.8538302, 22.714877899999998], [75.8547442, 22.714892699999996]]}}, {"id": "361", "type": "Feature", "properties": {"segment_id": "osm-2027156386-2027156476-0", "length_m": 82.06150231767013, "road_metadata": "{\"osmid\": 370008863, \"name\": NaN, \"highway\": \"residential\", \"maxspeed\": NaN, \"oneway\": false}", "source_type": "osm", "source_reference": "OpenStreetMap via OSMnx", "observed_or_estimated": "OBSERVED", "modelled_or_interpolated": "NOT_APPLICABLE", "timestamp": "2026-10-08T20:03:11.360245+00:00", "assumptions_version": "2026-10-09-prompt-1", "computation_mode": "FULL"}, "geometry": {"type": "LineString", "coordinates": [[75.8535638, 22.714893399999994], [75.8535766, 22.715138699999997], [75.8535992, 22.7152567], [75.8536519, 22.715346899999997], [75.8537798, 22.715424999999996], [75.8538873, 22.7155102]]}}, {"id": "362", "type": "Feature", "properties": {"segment_id": "osm-2027156392-2027156393-0", "length_m": 35.85022896720292, "road_metadata": "{\"osmid\": 192154572, \"name\": NaN, \"highway\": \"residential\", \"maxspeed\": NaN, \"oneway\": false}", "source_type": "osm", "source_reference": "OpenStreetMap via OSMnx", "observed_or_estimated": "OBSERVED", "modelled_or_interpolated": "NOT_APPLICABLE", "timestamp": "2026-10-08T20:03:11.360537+00:00", "assumptions_version": "2026-10-09-prompt-1", "computation_mode": "FULL"}, "geometry": {"type": "LineString", "coordinates": [[75.8513689, 22.714939999999995], [75.8510205, 22.714959899999993]]}}, {"id": "363", "type": "Feature", "properties": {"segment_id": "osm-2027156392-8474397649-0", "length_m": 34.38712575565008, "road_metadata": "{\"osmid\": 192154599, \"name\": NaN, \"highway\": \"residential\", \"maxspeed\": NaN, \"oneway\": false}", "source_type": "osm", "source_reference": "OpenStreetMap via OSMnx", "observed_or_estimated": "OBSERVED", "modelled_or_interpolated": "NOT_APPLICABLE", "timestamp": "2026-10-08T20:03:11.360854+00:00", "assumptions_version": "2026-10-09-prompt-1", "computation_mode": "FULL"}, "geometry": {"type": "LineString", "coordinates": [[75.8513689, 22.714939999999995], [75.8513538, 22.715250299999997]]}}, {"id": "364", "type": "Feature", "properties": {"segment_id": "osm-2027156392-2027156353-0", "length_m": 45.46474123361341, "road_metadata": "{\"osmid\": 192154599, \"name\": NaN, \"highway\": \"residential\", \"maxspeed\": NaN, \"oneway\": false}", "source_type": "osm", "source_reference": "OpenStreetMap via OSMnx", "observed_or_estimated": "OBSERVED", "modelled_or_interpolated": "NOT_APPLICABLE", "timestamp": "2026-10-08T20:03:11.361146+00:00", "assumptions_version": "2026-10-09-prompt-1", "computation_mode": "FULL"}, "geometry": {"type": "LineString", "coordinates": [[75.8513689, 22.714939999999995], [75.8514112, 22.714531200000003]]}}, {"id": "365", "type": "Feature", "properties": {"segment_id": "osm-2027156393-2027156392-0", "length_m": 35.85022896720292, "road_metadata": "{\"osmid\": 192154572, \"name\": NaN, \"highway\": \"residential\", \"maxspeed\": NaN, \"oneway\": false}", "source_type": "osm", "source_reference": "OpenStreetMap via OSMnx", "observed_or_estimated": "OBSERVED", "modelled_or_interpolated": "NOT_APPLICABLE", "timestamp": "2026-10-08T20:03:11.361411+00:00", "assumptions_version": "2026-10-09-prompt-1", "computation_mode": "FULL"}, "geometry": {"type": "LineString", "coordinates": [[75.8510205, 22.714959899999993], [75.8513689, 22.714939999999995]]}}, {"id": "366", "type": "Feature", "properties": {"segment_id": "osm-2027156393-2027156485-0", "length_m": 84.47943915569132, "road_metadata": "{\"osmid\": 192154566, \"name\": NaN, \"highway\": \"residential\", \"maxspeed\": NaN, \"oneway\": false}", "source_type": "osm", "source_reference": "OpenStreetMap via OSMnx", "observed_or_estimated": "OBSERVED", "modelled_or_interpolated": "NOT_APPLICABLE", "timestamp": "2026-10-08T20:03:11.361816+00:00", "assumptions_version": "2026-10-09-prompt-1", "computation_mode": "FULL"}, "geometry": {"type": "LineString", "coordinates": [[75.8510205, 22.714959899999993], [75.8510339, 22.715593099999996], [75.8510136, 22.715721500000004]]}}, {"id": "367", "type": "Feature", "properties": {"segment_id": "osm-2027156401-2027156382-0", "length_m": 9.713132272363412, "road_metadata": "{\"osmid\": 192154585, \"name\": NaN, \"highway\": \"residential\", \"maxspeed\": NaN, \"oneway\": false}", "source_type": "osm", "source_reference": "OpenStreetMap via OSMnx", "observed_or_estimated": "OBSERVED", "modelled_or_interpolated": "NOT_APPLICABLE", "timestamp": "2026-10-08T20:03:11.362266+00:00", "assumptions_version": "2026-10-09-prompt-1", "computation_mode": "FULL"}, "geometry": {"type": "LineString", "coordinates": [[75.8531104, 22.715040799999997], [75.8531157, 22.7149532]]}}, {"id": "368", "type": "Feature", "properties": {"segment_id": "osm-2027156401-2027156518-0", "length_m": 120.98692302302057, "road_metadata": "{\"osmid\": 192154585, \"name\": NaN, \"highway\": \"residential\", \"maxspeed\": NaN, \"oneway\": false}", "source_type": "osm", "source_reference": "OpenStreetMap via OSMnx", "observed_or_estimated": "OBSERVED", "modelled_or_interpolated": "NOT_APPLICABLE", "timestamp": "2026-10-08T20:03:11.362567+00:00", "assumptions_version": "2026-10-09-prompt-1", "computation_mode": "FULL"}, "geometry": {"type": "LineString", "coordinates": [[75.8531104, 22.715040799999997], [75.8531281, 22.7151083], [75.8532904, 22.7155639], [75.8534287, 22.716092099999997]]}}, {"id": "369", "type": "Feature", "properties": {"segment_id": "osm-2027156401-8478005556-0", "length_m": 13.845027769457978, "road_metadata": "{\"osmid\": 192154588, \"name\": NaN, \"highway\": \"residential\", \"maxspeed\": NaN, \"oneway\": false}", "source_type": "osm", "source_reference": "OpenStreetMap via OSMnx", "observed_or_estimated": "OBSERVED", "modelled_or_interpolated": "NOT_APPLICABLE", "timestamp": "2026-10-08T20:03:11.362833+00:00", "assumptions_version": "2026-10-09-prompt-1", "computation_mode": "FULL"}, "geometry": {"type": "LineString", "coordinates": [[75.8531104, 22.715040799999997], [75.8530487, 22.715096799999998], [75.8530257, 22.7151364]]}}, {"id": "370", "type": "Feature", "properties": {"segment_id": "osm-2027156438-2027156476-0", "length_m": 83.12486849261863, "road_metadata": "{\"osmid\": 192154590, \"name\": NaN, \"highway\": \"residential\", \"maxspeed\": NaN, \"oneway\": false}", "source_type": "osm", "source_reference": "OpenStreetMap via OSMnx", "observed_or_estimated": "OBSERVED", "modelled_or_interpolated": "NOT_APPLICABLE", "timestamp": "2026-10-08T20:03:11.363123+00:00", "assumptions_version": "2026-10-09-prompt-1", "computation_mode": "FULL"}, "geometry": {"type": "LineString", "coordinates": [[75.8546815, 22.7153882], [75.8543285, 22.7154075], [75.85426770000001, 22.715431000000002], [75.8540755, 22.7154693], [75.8538873, 22.7155102]]}}, {"id": "371", "type": "Feature", "properties": {"segment_id": "osm-2027156438-2027156534-0", "length_m": 101.06512395719542, "road_metadata": "{\"osmid\": 192154597, \"name\": NaN, \"highway\": \"residential\", \"maxspeed\": NaN, \"oneway\": false}", "source_type": "osm", "source_reference": "OpenStreetMap via OSMnx", "observed_or_estimated": "OBSERVED", "modelled_or_interpolated": "NOT_APPLICABLE", "timestamp": "2026-10-08T20:03:11.363515+00:00", "assumptions_version": "2026-10-09-prompt-1", "computation_mode": "FULL"}, "geometry": {"type": "LineString", "coordinates": [[75.8546815, 22.7153882], [75.8546508, 22.7157103], [75.8546021, 22.7161592], [75.8546216, 22.716296399999997]]}}, {"id": "372", "type": "Feature", "properties": {"segment_id": "osm-2027156438-2027156380-0", "length_m": 55.30046975682402, "road_metadata": "{\"osmid\": 192154597, \"name\": NaN, \"highway\": \"residential\", \"maxspeed\": NaN, \"oneway\": false}", "source_type": "osm", "source_reference": "OpenStreetMap via OSMnx", "observed_or_estimated": "OBSERVED", "modelled_or_interpolated": "NOT_APPLICABLE", "timestamp": "2026-10-08T20:03:11.363807+00:00", "assumptions_version": "2026-10-09-prompt-1", "computation_mode": "FULL"}, "geometry": {"type": "LineString", "coordinates": [[75.8546815, 22.7153882], [75.8546907, 22.715213599999995], [75.8547442, 22.714892699999996]]}}, {"id": "373", "type": "Feature", "properties": {"segment_id": "osm-2027156476-2027156502-0", "length_m": 48.7655945189263, "road_metadata": "{\"osmid\": 370008863, \"name\": NaN, \"highway\": \"residential\", \"maxspeed\": NaN, \"oneway\": false}", "source_type": "osm", "source_reference": "OpenStreetMap via OSMnx", "observed_or_estimated": "OBSERVED", "modelled_or_interpolated": "NOT_APPLICABLE", "timestamp": "2026-10-08T20:03:11.364078+00:00", "assumptions_version": "2026-10-09-prompt-1", "computation_mode": "FULL"}, "geometry": {"type": "LineString", "coordinates": [[75.8538873, 22.7155102], [75.8539987, 22.7159384]]}}, {"id": "374", "type": "Feature", "properties": {"segment_id": "osm-2027156476-2027156438-0", "length_m": 83.12486849261863, "road_metadata": "{\"osmid\": 192154590, \"name\": NaN, \"highway\": \"residential\", \"maxspeed\": NaN, \"oneway\": false}", "source_type": "osm", "source_reference": "OpenStreetMap via OSMnx", "observed_or_estimated": "OBSERVED", "modelled_or_interpolated": "NOT_APPLICABLE", "timestamp": "2026-10-08T20:03:11.364348+00:00", "assumptions_version": "2026-10-09-prompt-1", "computation_mode": "FULL"}, "geometry": {"type": "LineString", "coordinates": [[75.8538873, 22.7155102], [75.8540755, 22.7154693], [75.85426770000001, 22.715431000000002], [75.8543285, 22.7154075], [75.8546815, 22.7153882]]}}, {"id": "375", "type": "Feature", "properties": {"segment_id": "osm-2027156476-2027156386-0", "length_m": 82.06150231767013, "road_metadata": "{\"osmid\": 370008863, \"name\": NaN, \"highway\": \"residential\", \"maxspeed\": NaN, \"oneway\": false}", "source_type": "osm", "source_reference": "OpenStreetMap via OSMnx", "observed_or_estimated": "OBSERVED", "modelled_or_interpolated": "NOT_APPLICABLE", "timestamp": "2026-10-08T20:03:11.364617+00:00", "assumptions_version": "2026-10-09-prompt-1", "computation_mode": "FULL"}, "geometry": {"type": "LineString", "coordinates": [[75.8538873, 22.7155102], [75.8537798, 22.715424999999996], [75.8536519, 22.715346899999997], [75.8535992, 22.7152567], [75.8535766, 22.715138699999997], [75.8535638, 22.714893399999994]]}}, {"id": "376", "type": "Feature", "properties": {"segment_id": "osm-2027156485-3734494544-0", "length_m": 33.73802690975518, "road_metadata": "{\"osmid\": 191943295, \"name\": \"Jawahar Marg\", \"highway\": \"secondary\", \"maxspeed\": \"30\", \"oneway\": false}", "source_type": "osm", "source_reference": "OpenStreetMap via OSMnx", "observed_or_estimated": "OBSERVED", "modelled_or_interpolated": "NOT_APPLICABLE", "timestamp": "2026-10-08T20:03:11.364924+00:00", "assumptions_version": "2026-10-09-prompt-1", "computation_mode": "FULL"}, "geometry": {"type": "LineString", "coordinates": [[75.8510136, 22.715721500000004], [75.8506922, 22.7156585]]}}, {"id": "377", "type": "Feature", "properties": {"segment_id": "osm-2027156485-2027156492-0", "length_m": 33.914902331719965, "road_metadata": "{\"osmid\": 191943295, \"name\": \"Jawahar Marg\", \"highway\": \"secondary\", \"maxspeed\": \"30\", \"oneway\": false}", "source_type": "osm", "source_reference": "OpenStreetMap via OSMnx", "observed_or_estimated": "OBSERVED", "modelled_or_interpolated": "NOT_APPLICABLE", "timestamp": "2026-10-08T20:03:11.365186+00:00", "assumptions_version": "2026-10-09-prompt-1", "computation_mode": "FULL"}, "geometry": {"type": "LineString", "coordinates": [[75.8510136, 22.715721500000004], [75.8513407, 22.715763499999998]]}}, {"id": "378", "type": "Feature", "properties": {"segment_id": "osm-2027156485-2027156393-0", "length_m": 84.47943915569132, "road_metadata": "{\"osmid\": 192154566, \"name\": NaN, \"highway\": \"residential\", \"maxspeed\": NaN, \"oneway\": false}", "source_type": "osm", "source_reference": "OpenStreetMap via OSMnx", "observed_or_estimated": "OBSERVED", "modelled_or_interpolated": "NOT_APPLICABLE", "timestamp": "2026-10-08T20:03:11.365447+00:00", "assumptions_version": "2026-10-09-prompt-1", "computation_mode": "FULL"}, "geometry": {"type": "LineString", "coordinates": [[75.8510136, 22.715721500000004], [75.8510339, 22.715593099999996], [75.8510205, 22.714959899999993]]}}, {"id": "379", "type": "Feature", "properties": {"segment_id": "osm-2027156485-3734494584-0", "length_m": 70.16101436577843, "road_metadata": "{\"osmid\": 369676961, \"name\": \"Bohara Bazar\", \"highway\": \"residential\", \"maxspeed\": \"20\", \"oneway\": false}", "source_type": "osm", "source_reference": "OpenStreetMap via OSMnx", "observed_or_estimated": "OBSERVED", "modelled_or_interpolated": "NOT_APPLICABLE", "timestamp": "2026-10-08T20:03:11.365716+00:00", "assumptions_version": "2026-10-09-prompt-1", "computation_mode": "FULL"}, "geometry": {"type": "LineString", "coordinates": [[75.8510136, 22.715721500000004], [75.851015, 22.715767], [75.8510224, 22.7163552]]}}, {"id": "380", "type": "Feature", "properties": {"segment_id": "osm-2027156492-2027156485-0", "length_m": 33.914902331719965, "road_metadata": "{\"osmid\": 191943295, \"name\": \"Jawahar Marg\", \"highway\": \"secondary\", \"maxspeed\": \"30\", \"oneway\": false}", "source_type": "osm", "source_reference": "OpenStreetMap via OSMnx", "observed_or_estimated": "OBSERVED", "modelled_or_interpolated": "NOT_APPLICABLE", "timestamp": "2026-10-08T20:03:11.366226+00:00", "assumptions_version": "2026-10-09-prompt-1", "computation_mode": "FULL"}, "geometry": {"type": "LineString", "coordinates": [[75.8513407, 22.715763499999998], [75.8510136, 22.715721500000004]]}}, {"id": "381", "type": "Feature", "properties": {"segment_id": "osm-2027156492-6611315824-0", "length_m": 32.31281171269882, "road_metadata": "{\"osmid\": 191943295, \"name\": \"Jawahar Marg\", \"highway\": \"secondary\", \"maxspeed\": \"30\", \"oneway\": false}", "source_type": "osm", "source_reference": "OpenStreetMap via OSMnx", "observed_or_estimated": "OBSERVED", "modelled_or_interpolated": "NOT_APPLICABLE", "timestamp": "2026-10-08T20:03:11.366757+00:00", "assumptions_version": "2026-10-09-prompt-1", "computation_mode": "FULL"}, "geometry": {"type": "LineString", "coordinates": [[75.8513407, 22.715763499999998], [75.8516486, 22.715823499999996]]}}, {"id": "382", "type": "Feature", "properties": {"segment_id": "osm-2027156492-8474397649-0", "length_m": 56.83075169479189, "road_metadata": "{\"osmid\": 192154599, \"name\": NaN, \"highway\": \"residential\", \"maxspeed\": NaN, \"oneway\": false}", "source_type": "osm", "source_reference": "OpenStreetMap via OSMnx", "observed_or_estimated": "OBSERVED", "modelled_or_interpolated": "NOT_APPLICABLE", "timestamp": "2026-10-08T20:03:11.367363+00:00", "assumptions_version": "2026-10-09-prompt-1", "computation_mode": "FULL"}, "geometry": {"type": "LineString", "coordinates": [[75.8513407, 22.715763499999998], [75.8513508, 22.715337499999993], [75.8513538, 22.715250299999997]]}}, {"id": "383", "type": "Feature", "properties": {"segment_id": "osm-2027156492-3734494570-0", "length_m": 53.47111805787932, "road_metadata": "{\"osmid\": 370006753, \"name\": NaN, \"highway\": \"residential\", \"maxspeed\": NaN, \"oneway\": false}", "source_type": "osm", "source_reference": "OpenStreetMap via OSMnx", "observed_or_estimated": "OBSERVED", "modelled_or_interpolated": "NOT_APPLICABLE", "timestamp": "2026-10-08T20:03:11.367947+00:00", "assumptions_version": "2026-10-09-prompt-1", "computation_mode": "FULL"}, "geometry": {"type": "LineString", "coordinates": [[75.8513407, 22.715763499999998], [75.8513417, 22.715809599999996], [75.8513513, 22.716246399999996]]}}, {"id": "384", "type": "Feature", "properties": {"segment_id": "osm-2027156502-2027156476-0", "length_m": 48.7655945189263, "road_metadata": "{\"osmid\": 370008863, \"name\": NaN, \"highway\": \"residential\", \"maxspeed\": NaN, \"oneway\": false}", "source_type": "osm", "source_reference": "OpenStreetMap via OSMnx", "observed_or_estimated": "OBSERVED", "modelled_or_interpolated": "NOT_APPLICABLE", "timestamp": "2026-10-08T20:03:11.368416+00:00", "assumptions_version": "2026-10-09-prompt-1", "computation_mode": "FULL"}, "geometry": {"type": "LineString", "coordinates": [[75.8539987, 22.7159384], [75.8538873, 22.7155102]]}}, {"id": "385", "type": "Feature", "properties": {"segment_id": "osm-2027156502-2027156525-0", "length_m": 29.904890536181593, "road_metadata": "{\"osmid\": 370008863, \"name\": NaN, \"highway\": \"residential\", \"maxspeed\": NaN, \"oneway\": false}", "source_type": "osm", "source_reference": "OpenStreetMap via OSMnx", "observed_or_estimated": "OBSERVED", "modelled_or_interpolated": "NOT_APPLICABLE", "timestamp": "2026-10-08T20:03:11.369236+00:00", "assumptions_version": "2026-10-09-prompt-1", "computation_mode": "FULL"}, "geometry": {"type": "LineString", "coordinates": [[75.8539987, 22.7159384], [75.8540169, 22.716208]]}}, {"id": "386", "type": "Feature", "properties": {"segment_id": "osm-2027156502-3734494568-0", "length_m": 48.737068063310716, "road_metadata": "{\"osmid\": 369676952, \"name\": NaN, \"highway\": \"residential\", \"maxspeed\": NaN, \"oneway\": false}", "source_type": "osm", "source_reference": "OpenStreetMap via OSMnx", "observed_or_estimated": "OBSERVED", "modelled_or_interpolated": "NOT_APPLICABLE", "timestamp": "2026-10-08T20:03:11.369782+00:00", "assumptions_version": "2026-10-09-prompt-1", "computation_mode": "FULL"}, "geometry": {"type": "LineString", "coordinates": [[75.8539987, 22.7159384], [75.8537204, 22.715971299999993], [75.8537394, 22.716150399999997]]}}, {"id": "387", "type": "Feature", "properties": {"segment_id": "osm-2027156504-6611315824-0", "length_m": 29.33818567382451, "road_metadata": "{\"osmid\": 191943295, \"name\": \"Jawahar Marg\", \"highway\": \"secondary\", \"maxspeed\": \"30\", \"oneway\": false}", "source_type": "osm", "source_reference": "OpenStreetMap via OSMnx", "observed_or_estimated": "OBSERVED", "modelled_or_interpolated": "NOT_APPLICABLE", "timestamp": "2026-10-08T20:03:11.370234+00:00", "assumptions_version": "2026-10-09-prompt-1", "computation_mode": "FULL"}, "geometry": {"type": "LineString", "coordinates": [[75.8519308, 22.715864599999996], [75.8516486, 22.715823499999996]]}}, {"id": "388", "type": "Feature", "properties": {"segment_id": "osm-2027156504-6611315823-0", "length_m": 22.497036311101375, "road_metadata": "{\"osmid\": 191943295, \"name\": \"Jawahar Marg\", \"highway\": \"secondary\", \"maxspeed\": \"30\", \"oneway\": false}", "source_type": "osm", "source_reference": "OpenStreetMap via OSMnx", "observed_or_estimated": "OBSERVED", "modelled_or_interpolated": "NOT_APPLICABLE", "timestamp": "2026-10-08T20:03:11.370730+00:00", "assumptions_version": "2026-10-09-prompt-1", "computation_mode": "FULL"}, "geometry": {"type": "LineString", "coordinates": [[75.8519308, 22.715864599999996], [75.85214590000001, 22.715903]]}}, {"id": "389", "type": "Feature", "properties": {"segment_id": "osm-2027156504-3734494541-0", "length_m": 29.364116736378747, "road_metadata": "{\"osmid\": 192154578, \"name\": NaN, \"highway\": \"residential\", \"maxspeed\": NaN, \"oneway\": false}", "source_type": "osm", "source_reference": "OpenStreetMap via OSMnx", "observed_or_estimated": "OBSERVED", "modelled_or_interpolated": "NOT_APPLICABLE", "timestamp": "2026-10-08T20:03:11.371248+00:00", "assumptions_version": "2026-10-09-prompt-1", "computation_mode": "FULL"}, "geometry": {"type": "LineString", "coordinates": [[75.8519308, 22.715864599999996], [75.8519616, 22.71560089999999]]}}, {"id": "390", "type": "Feature", "properties": {"segment_id": "osm-2027156516-3734494551-0", "length_m": 51.32172205590466, "road_metadata": "{\"osmid\": 191943295, \"name\": \"Jawahar Marg\", \"highway\": \"secondary\", \"maxspeed\": \"30\", \"oneway\": false}", "source_type": "osm", "source_reference": "OpenStreetMap via OSMnx", "observed_or_estimated": "OBSERVED", "modelled_or_interpolated": "NOT_APPLICABLE", "timestamp": "2026-10-08T20:03:11.371649+00:00", "assumptions_version": "2026-10-09-prompt-1", "computation_mode": "FULL"}, "geometry": {"type": "LineString", "coordinates": [[75.853004, 22.7160386], [75.8525106, 22.7159652]]}}, {"id": "391", "type": "Feature", "properties": {"segment_id": "osm-2027156516-2027156518-0", "length_m": 44.01882229854363, "road_metadata": "{\"osmid\": 191943295, \"name\": \"Jawahar Marg\", \"highway\": \"secondary\", \"maxspeed\": \"30\", \"oneway\": false}", "source_type": "osm", "source_reference": "OpenStreetMap via OSMnx", "observed_or_estimated": "OBSERVED", "modelled_or_interpolated": "NOT_APPLICABLE", "timestamp": "2026-10-08T20:03:11.372568+00:00", "assumptions_version": "2026-10-09-prompt-1", "computation_mode": "FULL"}, "geometry": {"type": "LineString", "coordinates": [[75.853004, 22.7160386], [75.8534287, 22.716092099999997]]}}, {"id": "392", "type": "Feature", "properties": {"segment_id": "osm-2027156516-3734494548-0", "length_m": 28.519413350021516, "road_metadata": "{\"osmid\": 192154588, \"name\": NaN, \"highway\": \"residential\", \"maxspeed\": NaN, \"oneway\": false}", "source_type": "osm", "source_reference": "OpenStreetMap via OSMnx", "observed_or_estimated": "OBSERVED", "modelled_or_interpolated": "NOT_APPLICABLE", "timestamp": "2026-10-08T20:03:11.373201+00:00", "assumptions_version": "2026-10-09-prompt-1", "computation_mode": "FULL"}, "geometry": {"type": "LineString", "coordinates": [[75.853004, 22.7160386], [75.8530103, 22.715893199999996], [75.8529876, 22.715783099999996]]}}, {"id": "393", "type": "Feature", "properties": {"segment_id": "osm-2027156516-3734494575-0", "length_m": 32.45960624390125, "road_metadata": "{\"osmid\": 192154588, \"name\": NaN, \"highway\": \"residential\", \"maxspeed\": NaN, \"oneway\": false}", "source_type": "osm", "source_reference": "OpenStreetMap via OSMnx", "observed_or_estimated": "OBSERVED", "modelled_or_interpolated": "NOT_APPLICABLE", "timestamp": "2026-10-08T20:03:11.373721+00:00", "assumptions_version": "2026-10-09-prompt-1", "computation_mode": "FULL"}, "geometry": {"type": "LineString", "coordinates": [[75.853004, 22.7160386], [75.8530042, 22.716078900000007], [75.8530058, 22.7163318]]}}, {"id": "394", "type": "Feature", "properties": {"segment_id": "osm-2027156518-2027156516-0", "length_m": 44.01882229854363, "road_metadata": "{\"osmid\": 191943295, \"name\": \"Jawahar Marg\", \"highway\": \"secondary\", \"maxspeed\": \"30\", \"oneway\": false}", "source_type": "osm", "source_reference": "OpenStreetMap via OSMnx", "observed_or_estimated": "OBSERVED", "modelled_or_interpolated": "NOT_APPLICABLE", "timestamp": "2026-10-08T20:03:11.374116+00:00", "assumptions_version": "2026-10-09-prompt-1", "computation_mode": "FULL"}, "geometry": {"type": "LineString", "coordinates": [[75.8534287, 22.716092099999997], [75.853004, 22.7160386]]}}, {"id": "395", "type": "Feature", "properties": {"segment_id": "osm-2027156518-3732489062-0", "length_m": 3.8693949077821013, "road_metadata": "{\"osmid\": 191943295, \"name\": \"Jawahar Marg\", \"highway\": \"secondary\", \"maxspeed\": \"30\", \"oneway\": false}", "source_type": "osm", "source_reference": "OpenStreetMap via OSMnx", "observed_or_estimated": "OBSERVED", "modelled_or_interpolated": "NOT_APPLICABLE", "timestamp": "2026-10-08T20:03:11.374447+00:00", "assumptions_version": "2026-10-09-prompt-1", "computation_mode": "FULL"}, "geometry": {"type": "LineString", "coordinates": [[75.8534287, 22.716092099999997], [75.8534638, 22.716104799999997]]}}, {"id": "396", "type": "Feature", "properties": {"segment_id": "osm-2027156518-2027156401-0", "length_m": 120.98692302302057, "road_metadata": "{\"osmid\": 192154585, \"name\": NaN, \"highway\": \"residential\", \"maxspeed\": NaN, \"oneway\": false}", "source_type": "osm", "source_reference": "OpenStreetMap via OSMnx", "observed_or_estimated": "OBSERVED", "modelled_or_interpolated": "NOT_APPLICABLE", "timestamp": "2026-10-08T20:03:11.374917+00:00", "assumptions_version": "2026-10-09-prompt-1", "computation_mode": "FULL"}, "geometry": {"type": "LineString", "coordinates": [[75.8534287, 22.716092099999997], [75.8532904, 22.7155639], [75.8531281, 22.7151083], [75.8531104, 22.715040799999997]]}}, {"id": "397", "type": "Feature", "properties": {"segment_id": "osm-2027156525-3734494568-0", "length_m": 29.20508942843178, "road_metadata": "{\"osmid\": 191943295, \"name\": \"Jawahar Marg\", \"highway\": \"secondary\", \"maxspeed\": \"30\", \"oneway\": false}", "source_type": "osm", "source_reference": "OpenStreetMap via OSMnx", "observed_or_estimated": "OBSERVED", "modelled_or_interpolated": "NOT_APPLICABLE", "timestamp": "2026-10-08T20:03:11.375403+00:00", "assumptions_version": "2026-10-09-prompt-1", "computation_mode": "FULL"}, "geometry": {"type": "LineString", "coordinates": [[75.8540169, 22.716208], [75.8537394, 22.716150399999997]]}}, {"id": "398", "type": "Feature", "properties": {"segment_id": "osm-2027156525-2027156534-0", "length_m": 62.87159651602774, "road_metadata": "{\"osmid\": 191943295, \"name\": \"Jawahar Marg\", \"highway\": \"secondary\", \"maxspeed\": \"30\", \"oneway\": false}", "source_type": "osm", "source_reference": "OpenStreetMap via OSMnx", "observed_or_estimated": "OBSERVED", "modelled_or_interpolated": "NOT_APPLICABLE", "timestamp": "2026-10-08T20:03:11.375852+00:00", "assumptions_version": "2026-10-09-prompt-1", "computation_mode": "FULL"}, "geometry": {"type": "LineString", "coordinates": [[75.8540169, 22.716208], [75.8546216, 22.716296399999997]]}}, {"id": "399", "type": "Feature", "properties": {"segment_id": "osm-2027156525-2027156502-0", "length_m": 29.904890536181593, "road_metadata": "{\"osmid\": 370008863, \"name\": NaN, \"highway\": \"residential\", \"maxspeed\": NaN, \"oneway\": false}", "source_type": "osm", "source_reference": "OpenStreetMap via OSMnx", "observed_or_estimated": "OBSERVED", "modelled_or_interpolated": "NOT_APPLICABLE", "timestamp": "2026-10-08T20:03:11.376313+00:00", "assumptions_version": "2026-10-09-prompt-1", "computation_mode": "FULL"}, "geometry": {"type": "LineString", "coordinates": [[75.8540169, 22.716208], [75.8539987, 22.7159384]]}}, {"id": "400", "type": "Feature", "properties": {"segment_id": "osm-2027156525-3734494616-0", "length_m": 75.90624523192496, "road_metadata": "{\"osmid\": 369999769, \"name\": NaN, \"highway\": \"residential\", \"maxspeed\": NaN, \"oneway\": false}", "source_type": "osm", "source_reference": "OpenStreetMap via OSMnx", "observed_or_estimated": "OBSERVED", "modelled_or_interpolated": "NOT_APPLICABLE", "timestamp": "2026-10-08T20:03:11.376762+00:00", "assumptions_version": "2026-10-09-prompt-1", "computation_mode": "FULL"}, "geometry": {"type": "LineString", "coordinates": [[75.8540169, 22.716208], [75.854023, 22.716254399999993], [75.8540263, 22.716278899999995], [75.8540289, 22.716362500000002], [75.8540337, 22.7165889], [75.854032, 22.716664499999997], [75.8540193, 22.716742099999994], [75.85402460000002, 22.7168368], [75.8540151, 22.7168913]]}}, {"id": "401", "type": "Feature", "properties": {"segment_id": "osm-2027156534-2027156525-0", "length_m": 62.87159651602774, "road_metadata": "{\"osmid\": 191943295, \"name\": \"Jawahar Marg\", \"highway\": \"secondary\", \"maxspeed\": \"30\", \"oneway\": false}", "source_type": "osm", "source_reference": "OpenStreetMap via OSMnx", "observed_or_estimated": "OBSERVED", "modelled_or_interpolated": "NOT_APPLICABLE", "timestamp": "2026-10-08T20:03:11.377147+00:00", "assumptions_version": "2026-10-09-prompt-1", "computation_mode": "FULL"}, "geometry": {"type": "LineString", "coordinates": [[75.8546216, 22.716296399999997], [75.8540169, 22.716208]]}}, {"id": "402", "type": "Feature", "properties": {"segment_id": "osm-2027156534-2025019937-0", "length_m": 42.07312904894833, "road_metadata": "{\"osmid\": 191943295, \"name\": \"Jawahar Marg\", \"highway\": \"secondary\", \"maxspeed\": \"30\", \"oneway\": false}", "source_type": "osm", "source_reference": "OpenStreetMap via OSMnx", "observed_or_estimated": "OBSERVED", "modelled_or_interpolated": "NOT_APPLICABLE", "timestamp": "2026-10-08T20:03:11.377496+00:00", "assumptions_version": "2026-10-09-prompt-1", "computation_mode": "FULL"}, "geometry": {"type": "LineString", "coordinates": [[75.8546216, 22.716296399999997], [75.85502400000001, 22.716367600000005]]}}, {"id": "403", "type": "Feature", "properties": {"segment_id": "osm-2027156534-2027156438-0", "length_m": 101.06512395719541, "road_metadata": "{\"osmid\": 192154597, \"name\": NaN, \"highway\": \"residential\", \"maxspeed\": NaN, \"oneway\": false}", "source_type": "osm", "source_reference": "OpenStreetMap via OSMnx", "observed_or_estimated": "OBSERVED", "modelled_or_interpolated": "NOT_APPLICABLE", "timestamp": "2026-10-08T20:03:11.377761+00:00", "assumptions_version": "2026-10-09-prompt-1", "computation_mode": "FULL"}, "geometry": {"type": "LineString", "coordinates": [[75.8546216, 22.716296399999997], [75.8546021, 22.7161592], [75.8546508, 22.7157103], [75.8546815, 22.7153882]]}}, {"id": "404", "type": "Feature", "properties": {"segment_id": "osm-2027156534-3734494606-0", "length_m": 53.833410867668775, "road_metadata": "{\"osmid\": 369999770, \"name\": NaN, \"highway\": \"residential\", \"maxspeed\": NaN, \"oneway\": false}", "source_type": "osm", "source_reference": "OpenStreetMap via OSMnx", "observed_or_estimated": "OBSERVED", "modelled_or_interpolated": "NOT_APPLICABLE", "timestamp": "2026-10-08T20:03:11.378043+00:00", "assumptions_version": "2026-10-09-prompt-1", "computation_mode": "FULL"}, "geometry": {"type": "LineString", "coordinates": [[75.8546216, 22.716296399999997], [75.8546257, 22.716342799999996], [75.8546448, 22.7165615], [75.8546448, 22.716781800000003]]}}, {"id": "405", "type": "Feature", "properties": {"segment_id": "osm-3665539295-3734463403-0", "length_m": 31.20078099656796, "road_metadata": "{\"osmid\": 362209634, \"name\": NaN, \"highway\": \"residential\", \"maxspeed\": NaN, \"oneway\": false}", "source_type": "osm", "source_reference": "OpenStreetMap via OSMnx", "observed_or_estimated": "OBSERVED", "modelled_or_interpolated": "NOT_APPLICABLE", "timestamp": "2026-10-08T20:03:11.378311+00:00", "assumptions_version": "2026-10-09-prompt-1", "computation_mode": "FULL"}, "geometry": {"type": "LineString", "coordinates": [[75.8527592, 22.720678799999998], [75.85272460000002, 22.720958799999995]]}}, {"id": "406", "type": "Feature", "properties": {"segment_id": "osm-3665539298-3665539301-0", "length_m": 53.69996431551236, "road_metadata": "{\"osmid\": 362209620, \"name\": NaN, \"highway\": \"residential\", \"maxspeed\": NaN, \"oneway\": false}", "source_type": "osm", "source_reference": "OpenStreetMap via OSMnx", "observed_or_estimated": "OBSERVED", "modelled_or_interpolated": "NOT_APPLICABLE", "timestamp": "2026-10-08T20:03:11.378567+00:00", "assumptions_version": "2026-10-09-prompt-1", "computation_mode": "FULL"}, "geometry": {"type": "LineString", "coordinates": [[75.85188350000001, 22.7207594], [75.8517293, 22.7207548], [75.8515585, 22.7207671], [75.8514478, 22.7207779], [75.85136190000001, 22.72077459999999]]}}, {"id": "407", "type": "Feature", "properties": {"segment_id": "osm-3665539298-3734463407-0", "length_m": 28.138532703670627, "road_metadata": "{\"osmid\": 369676971, \"name\": NaN, \"highway\": \"residential\", \"maxspeed\": NaN, \"oneway\": false}", "source_type": "osm", "source_reference": "OpenStreetMap via OSMnx", "observed_or_estimated": "OBSERVED", "modelled_or_interpolated": "NOT_APPLICABLE", "timestamp": "2026-10-08T20:03:11.378811+00:00", "assumptions_version": "2026-10-09-prompt-1", "computation_mode": "FULL"}, "geometry": {"type": "LineString", "coordinates": [[75.85188350000001, 22.7207594], [75.8518451, 22.7209668], [75.8518354, 22.721009599999995]]}}, {"id": "408", "type": "Feature", "properties": {"segment_id": "osm-3665539298-3734496866-0", "length_m": 65.391884458324, "road_metadata": "{\"osmid\": 369676971, \"name\": NaN, \"highway\": \"residential\", \"maxspeed\": NaN, \"oneway\": false}", "source_type": "osm", "source_reference": "OpenStreetMap via OSMnx", "observed_or_estimated": "OBSERVED", "modelled_or_interpolated": "NOT_APPLICABLE", "timestamp": "2026-10-08T20:03:11.379069+00:00", "assumptions_version": "2026-10-09-prompt-1", "computation_mode": "FULL"}, "geometry": {"type": "LineString", "coordinates": [[75.85188350000001, 22.7207594], [75.8519859, 22.720298699999997], [75.8520047, 22.720218199999994], [75.8520297, 22.7201882]]}}, {"id": "409", "type": "Feature", "properties": {"segment_id": "osm-3665539301-3665539298-0", "length_m": 53.69996431551236, "road_metadata": "{\"osmid\": 362209620, \"name\": NaN, \"highway\": \"residential\", \"maxspeed\": NaN, \"oneway\": false}", "source_type": "osm", "source_reference": "OpenStreetMap via OSMnx", "observed_or_estimated": "OBSERVED", "modelled_or_interpolated": "NOT_APPLICABLE", "timestamp": "2026-10-08T20:03:11.379343+00:00", "assumptions_version": "2026-10-09-prompt-1", "computation_mode": "FULL"}, "geometry": {"type": "LineString", "coordinates": [[75.85136190000001, 22.72077459999999], [75.8514478, 22.7207779], [75.8515585, 22.7207671], [75.8517293, 22.7207548], [75.85188350000001, 22.7207594]]}}, {"id": "410", "type": "Feature", "properties": {"segment_id": "osm-3665539301-3734463399-0", "length_m": 26.86622998301406, "road_metadata": "{\"osmid\": 362209620, \"name\": NaN, \"highway\": \"residential\", \"maxspeed\": NaN, \"oneway\": false}", "source_type": "osm", "source_reference": "OpenStreetMap via OSMnx", "observed_or_estimated": "OBSERVED", "modelled_or_interpolated": "NOT_APPLICABLE", "timestamp": "2026-10-08T20:03:11.379584+00:00", "assumptions_version": "2026-10-09-prompt-1", "computation_mode": "FULL"}, "geometry": {"type": "LineString", "coordinates": [[75.85136190000001, 22.72077459999999], [75.8512252, 22.7207894], [75.8511041, 22.720814]]}}, {"id": "411", "type": "Feature", "properties": {"segment_id": "osm-3665539301-3734466230-0", "length_m": 103.00488476858365, "road_metadata": "{\"osmid\": 369673300, \"name\": NaN, \"highway\": \"residential\", \"maxspeed\": NaN, \"oneway\": false}", "source_type": "osm", "source_reference": "OpenStreetMap via OSMnx", "observed_or_estimated": "OBSERVED", "modelled_or_interpolated": "NOT_APPLICABLE", "timestamp": "2026-10-08T20:03:11.379832+00:00", "assumptions_version": "2026-10-09-prompt-1", "computation_mode": "FULL"}, "geometry": {"type": "LineString", "coordinates": [[75.85136190000001, 22.72077459999999], [75.851377, 22.720918399999995], [75.8514084, 22.7210733], [75.8514521, 22.7213811], [75.85145, 22.721402699999995], [75.8514393, 22.721425], [75.8514256, 22.7214408], [75.8513853, 22.7214844], [75.8513749, 22.721501699999997], [75.8513709, 22.7215209], [75.8513726, 22.721675600000005]]}}, {"id": "412", "type": "Feature", "properties": {"segment_id": "osm-3665539304-3734463399-0", "length_m": 28.063740419006137, "road_metadata": "{\"osmid\": 362209620, \"name\": NaN, \"highway\": \"residential\", \"maxspeed\": NaN, \"oneway\": false}", "source_type": "osm", "source_reference": "OpenStreetMap via OSMnx", "observed_or_estimated": "OBSERVED", "modelled_or_interpolated": "NOT_APPLICABLE", "timestamp": "2026-10-08T20:03:11.380222+00:00", "assumptions_version": "2026-10-09-prompt-1", "computation_mode": "FULL"}, "geometry": {"type": "LineString", "coordinates": [[75.8508353, 22.720859600000004], [75.8511041, 22.720814]]}}, {"id": "413", "type": "Feature", "properties": {"segment_id": "osm-3665539304-3665594030-0", "length_m": 98.11615569462496, "road_metadata": "{\"osmid\": 362209624, \"name\": NaN, \"highway\": \"residential\", \"maxspeed\": NaN, \"oneway\": false}", "source_type": "osm", "source_reference": "OpenStreetMap via OSMnx", "observed_or_estimated": "OBSERVED", "modelled_or_interpolated": "NOT_APPLICABLE", "timestamp": "2026-10-08T20:03:11.380750+00:00", "assumptions_version": "2026-10-09-prompt-1", "computation_mode": "FULL"}, "geometry": {"type": "LineString", "coordinates": [[75.8508353, 22.720859600000004], [75.8508499, 22.7209617], [75.850906, 22.721673], [75.8509345, 22.7217379]]}}, {"id": "414", "type": "Feature", "properties": {"segment_id": "osm-3665539304-3734496844-0", "length_m": 118.97993882446289, "road_metadata": "{\"osmid\": 369999877, \"name\": \"Ahilyapur Road\", \"highway\": \"residential\", \"maxspeed\": \"20\", \"oneway\": false}", "source_type": "osm", "source_reference": "OpenStreetMap via OSMnx", "observed_or_estimated": "OBSERVED", "modelled_or_interpolated": "NOT_APPLICABLE", "timestamp": "2026-10-08T20:03:11.381323+00:00", "assumptions_version": "2026-10-09-prompt-1", "computation_mode": "FULL"}, "geometry": {"type": "LineString", "coordinates": [[75.8508353, 22.720859600000004], [75.8507865, 22.7207027], [75.8507664, 22.720504699999992], [75.850765, 22.720306599999994], [75.8507852, 22.7200838], [75.8508429, 22.719797899999996]]}}, {"id": "415", "type": "Feature", "properties": {"segment_id": "osm-3665539311-3734463409-0", "length_m": 27.892322389281478, "road_metadata": "{\"osmid\": 362209628, \"name\": NaN, \"highway\": \"residential\", \"maxspeed\": NaN, \"oneway\": false}", "source_type": "osm", "source_reference": "OpenStreetMap via OSMnx", "observed_or_estimated": "OBSERVED", "modelled_or_interpolated": "NOT_APPLICABLE", "timestamp": "2026-10-08T20:03:11.381734+00:00", "assumptions_version": "2026-10-09-prompt-1", "computation_mode": "FULL"}, "geometry": {"type": "LineString", "coordinates": [[75.8542473, 22.7210534], [75.8542775, 22.721045400000005], [75.8545176, 22.721039599999997]]}}, {"id": "416", "type": "Feature", "properties": {"segment_id": "osm-3665539311-3665539318-0", "length_m": 105.34407272239835, "road_metadata": "{\"osmid\": 362209628, \"name\": NaN, \"highway\": \"residential\", \"maxspeed\": NaN, \"oneway\": false}", "source_type": "osm", "source_reference": "OpenStreetMap via OSMnx", "observed_or_estimated": "OBSERVED", "modelled_or_interpolated": "NOT_APPLICABLE", "timestamp": "2026-10-08T20:03:11.382144+00:00", "assumptions_version": "2026-10-09-prompt-1", "computation_mode": "FULL"}, "geometry": {"type": "LineString", "coordinates": [[75.8542473, 22.7210534], [75.8540961, 22.721093200000002], [75.8537916, 22.721151], [75.8535281, 22.721222700000002], [75.8532556, 22.721294099999994]]}}, {"id": "417", "type": "Feature", "properties": {"segment_id": "osm-3665539311-3734463378-0", "length_m": 119.13099281747387, "road_metadata": "{\"osmid\": 362209635, \"name\": NaN, \"highway\": \"residential\", \"maxspeed\": NaN, \"oneway\": false}", "source_type": "osm", "source_reference": "OpenStreetMap via OSMnx", "observed_or_estimated": "OBSERVED", "modelled_or_interpolated": "NOT_APPLICABLE", "timestamp": "2026-10-08T20:03:11.382575+00:00", "assumptions_version": "2026-10-09-prompt-1", "computation_mode": "FULL"}, "geometry": {"type": "LineString", "coordinates": [[75.8542473, 22.7210534], [75.8542192, 22.72045569999999], [75.8541567, 22.719981399999995]]}}, {"id": "418", "type": "Feature", "properties": {"segment_id": "osm-3665539318-3665539311-0", "length_m": 105.34407272239837, "road_metadata": "{\"osmid\": 362209628, \"name\": NaN, \"highway\": \"residential\", \"maxspeed\": NaN, \"oneway\": false}", "source_type": "osm", "source_reference": "OpenStreetMap via OSMnx", "observed_or_estimated": "OBSERVED", "modelled_or_interpolated": "NOT_APPLICABLE", "timestamp": "2026-10-08T20:03:11.382956+00:00", "assumptions_version": "2026-10-09-prompt-1", "computation_mode": "FULL"}, "geometry": {"type": "LineString", "coordinates": [[75.8532556, 22.721294099999994], [75.8535281, 22.721222700000002], [75.8537916, 22.721151], [75.8540961, 22.721093200000002], [75.8542473, 22.7210534]]}}, {"id": "419", "type": "Feature", "properties": {"segment_id": "osm-3665539318-3665539322-0", "length_m": 63.30729014073926, "road_metadata": "{\"osmid\": 362209628, \"name\": NaN, \"highway\": \"residential\", \"maxspeed\": NaN, \"oneway\": false}", "source_type": "osm", "source_reference": "OpenStreetMap via OSMnx", "observed_or_estimated": "OBSERVED", "modelled_or_interpolated": "NOT_APPLICABLE", "timestamp": "2026-10-08T20:03:11.383223+00:00", "assumptions_version": "2026-10-09-prompt-1", "computation_mode": "FULL"}, "geometry": {"type": "LineString", "coordinates": [[75.8532556, 22.721294099999994], [75.8528866, 22.721396000000002], [75.8526636, 22.7214534]]}}, {"id": "420", "type": "Feature", "properties": {"segment_id": "osm-3665539318-8477883142-0", "length_m": 68.86210371295596, "road_metadata": "{\"osmid\": 912631443, \"name\": NaN, \"highway\": \"residential\", \"maxspeed\": NaN, \"oneway\": false}", "source_type": "osm", "source_reference": "OpenStreetMap via OSMnx", "observed_or_estimated": "OBSERVED", "modelled_or_interpolated": "NOT_APPLICABLE", "timestamp": "2026-10-08T20:03:11.383524+00:00", "assumptions_version": "2026-10-09-prompt-1", "computation_mode": "FULL"}, "geometry": {"type": "LineString", "coordinates": [[75.8532556, 22.721294099999994], [75.8532753, 22.721396699999996], [75.8532896, 22.7214702], [75.8532975, 22.721529799999995], [75.85331250000002, 22.7216344], [75.8533224, 22.7219118]]}}, {"id": "421", "type": "Feature", "properties": {"segment_id": "osm-3665539322-3734463403-0", "length_m": 55.11256713747226, "road_metadata": "{\"osmid\": 362209634, \"name\": NaN, \"highway\": \"residential\", \"maxspeed\": NaN, \"oneway\": false}", "source_type": "osm", "source_reference": "OpenStreetMap via OSMnx", "observed_or_estimated": "OBSERVED", "modelled_or_interpolated": "NOT_APPLICABLE", "timestamp": "2026-10-08T20:03:11.383808+00:00", "assumptions_version": "2026-10-09-prompt-1", "computation_mode": "FULL"}, "geometry": {"type": "LineString", "coordinates": [[75.8526636, 22.7214534], [75.85272460000002, 22.720958799999995]]}}, {"id": "422", "type": "Feature", "properties": {"segment_id": "osm-3665539322-3665539318-0", "length_m": 63.30729014073926, "road_metadata": "{\"osmid\": 362209628, \"name\": NaN, \"highway\": \"residential\", \"maxspeed\": NaN, \"oneway\": false}", "source_type": "osm", "source_reference": "OpenStreetMap via OSMnx", "observed_or_estimated": "OBSERVED", "modelled_or_interpolated": "NOT_APPLICABLE", "timestamp": "2026-10-08T20:03:11.384101+00:00", "assumptions_version": "2026-10-09-prompt-1", "computation_mode": "FULL"}, "geometry": {"type": "LineString", "coordinates": [[75.8526636, 22.7214534], [75.8528866, 22.721396000000002], [75.8532556, 22.721294099999994]]}}, {"id": "423", "type": "Feature", "properties": {"segment_id": "osm-3665539322-10292786102-0", "length_m": 31.194032654081497, "road_metadata": "{\"osmid\": 362209628, \"name\": NaN, \"highway\": \"residential\", \"maxspeed\": NaN, \"oneway\": false}", "source_type": "osm", "source_reference": "OpenStreetMap via OSMnx", "observed_or_estimated": "OBSERVED", "modelled_or_interpolated": "NOT_APPLICABLE", "timestamp": "2026-10-08T20:03:11.384360+00:00", "assumptions_version": "2026-10-09-prompt-1", "computation_mode": "FULL"}, "geometry": {"type": "LineString", "coordinates": [[75.8526636, 22.7214534], [75.8525691, 22.7214777], [75.8523885, 22.721569000000002]]}}, {"id": "424", "type": "Feature", "properties": {"segment_id": "osm-3665539324-3735831760-0", "length_m": 5.547355232855593, "road_metadata": "{\"osmid\": 369999895, \"name\": NaN, \"highway\": \"residential\", \"maxspeed\": NaN, \"oneway\": false}", "source_type": "osm", "source_reference": "OpenStreetMap via OSMnx", "observed_or_estimated": "OBSERVED", "modelled_or_interpolated": "NOT_APPLICABLE", "timestamp": "2026-10-08T20:03:11.384691+00:00", "assumptions_version": "2026-10-09-prompt-1", "computation_mode": "FULL"}, "geometry": {"type": "LineString", "coordinates": [[75.8502063, 22.721661799999996], [75.850195, 22.721710799999997]]}}, {"id": "425", "type": "Feature", "properties": {"segment_id": "osm-3665539324-3665594030-0", "length_m": 79.34086707139122, "road_metadata": "{\"osmid\": 362209630, \"name\": NaN, \"highway\": \"residential\", \"maxspeed\": NaN, \"oneway\": false}", "source_type": "osm", "source_reference": "OpenStreetMap via OSMnx", "observed_or_estimated": "OBSERVED", "modelled_or_interpolated": "NOT_APPLICABLE", "timestamp": "2026-10-08T20:03:11.385008+00:00", "assumptions_version": "2026-10-09-prompt-1", "computation_mode": "FULL"}, "geometry": {"type": "LineString", "coordinates": [[75.8502063, 22.721661799999996], [75.8502596, 22.721708599999996], [75.8503069, 22.721736299999996], [75.8503568, 22.7217681], [75.8505139, 22.7217854], [75.8506231, 22.7217835], [75.8507323, 22.7217666], [75.8509345, 22.7217379]]}}, {"id": "426", "type": "Feature", "properties": {"segment_id": "osm-3665539324-3734463402-0", "length_m": 78.47565759791154, "road_metadata": "{\"osmid\": 370008832, \"name\": NaN, \"highway\": \"residential\", \"maxspeed\": NaN, \"oneway\": false}", "source_type": "osm", "source_reference": "OpenStreetMap via OSMnx", "observed_or_estimated": "OBSERVED", "modelled_or_interpolated": "NOT_APPLICABLE", "timestamp": "2026-10-08T20:03:11.385271+00:00", "assumptions_version": "2026-10-09-prompt-1", "computation_mode": "FULL"}, "geometry": {"type": "LineString", "coordinates": [[75.8502063, 22.721661799999996], [75.8502041, 22.7214279], [75.8501868, 22.721194799999996], [75.8501587, 22.720989599999996], [75.8501542, 22.720955399999998]]}}, {"id": "427", "type": "Feature", "properties": {"segment_id": "osm-3665594025-10292786102-0", "length_m": 61.75692380482102, "road_metadata": "{\"osmid\": 362209628, \"name\": NaN, \"highway\": \"residential\", \"maxspeed\": NaN, \"oneway\": false}", "source_type": "osm", "source_reference": "OpenStreetMap via OSMnx", "observed_or_estimated": "OBSERVED", "modelled_or_interpolated": "NOT_APPLICABLE", "timestamp": "2026-10-08T20:03:11.385526+00:00", "assumptions_version": "2026-10-09-prompt-1", "computation_mode": "FULL"}, "geometry": {"type": "LineString", "coordinates": [[75.8517937, 22.721651], [75.8523885, 22.721569000000002]]}}, {"id": "428", "type": "Feature", "properties": {"segment_id": "osm-3665594025-3665594029-0", "length_m": 1.549731329107903, "road_metadata": "{\"osmid\": 369676971, \"name\": NaN, \"highway\": \"residential\", \"maxspeed\": NaN, \"oneway\": false}", "source_type": "osm", "source_reference": "OpenStreetMap via OSMnx", "observed_or_estimated": "OBSERVED", "modelled_or_interpolated": "NOT_APPLICABLE", "timestamp": "2026-10-08T20:03:11.385776+00:00", "assumptions_version": "2026-10-09-prompt-1", "computation_mode": "FULL"}, "geometry": {"type": "LineString", "coordinates": [[75.8517937, 22.721651], [75.8517968, 22.721664699999998]]}}, {"id": "429", "type": "Feature", "properties": {"segment_id": "osm-3665594025-3734463407-0", "length_m": 71.61873324668888, "road_metadata": "{\"osmid\": 369676971, \"name\": NaN, \"highway\": \"residential\", \"maxspeed\": NaN, \"oneway\": false}", "source_type": "osm", "source_reference": "OpenStreetMap via OSMnx", "observed_or_estimated": "OBSERVED", "modelled_or_interpolated": "NOT_APPLICABLE", "timestamp": "2026-10-08T20:03:11.386027+00:00", "assumptions_version": "2026-10-09-prompt-1", "computation_mode": "FULL"}, "geometry": {"type": "LineString", "coordinates": [[75.8517937, 22.721651], [75.8517721, 22.7214498], [75.8517973, 22.721222899999997], [75.8518094, 22.721113899999995], [75.8518354, 22.721009599999995]]}}, {"id": "430", "type": "Feature", "properties": {"segment_id": "osm-3665594029-3665594025-0", "length_m": 1.549731329107903, "road_metadata": "{\"osmid\": 369676971, \"name\": NaN, \"highway\": \"residential\", \"maxspeed\": NaN, \"oneway\": false}", "source_type": "osm", "source_reference": "OpenStreetMap via OSMnx", "observed_or_estimated": "OBSERVED", "modelled_or_interpolated": "NOT_APPLICABLE", "timestamp": "2026-10-08T20:03:11.386288+00:00", "assumptions_version": "2026-10-09-prompt-1", "computation_mode": "FULL"}, "geometry": {"type": "LineString", "coordinates": [[75.8517968, 22.721664699999998], [75.8517937, 22.721651]]}}, {"id": "431", "type": "Feature", "properties": {"segment_id": "osm-3665594029-3734466230-0", "length_m": 43.58658991410218, "road_metadata": "{\"osmid\": 362209630, \"name\": NaN, \"highway\": \"residential\", \"maxspeed\": NaN, \"oneway\": false}", "source_type": "osm", "source_reference": "OpenStreetMap via OSMnx", "observed_or_estimated": "OBSERVED", "modelled_or_interpolated": "NOT_APPLICABLE", "timestamp": "2026-10-08T20:03:11.386544+00:00", "assumptions_version": "2026-10-09-prompt-1", "computation_mode": "FULL"}, "geometry": {"type": "LineString", "coordinates": [[75.8517968, 22.721664699999998], [75.8514905, 22.72167509999999], [75.8513726, 22.721675600000005]]}}, {"id": "432", "type": "Feature", "properties": {"segment_id": "osm-3665594030-3734466230-0", "length_m": 45.51847081104509, "road_metadata": "{\"osmid\": 362209630, \"name\": NaN, \"highway\": \"residential\", \"maxspeed\": NaN, \"oneway\": false}", "source_type": "osm", "source_reference": "OpenStreetMap via OSMnx", "observed_or_estimated": "OBSERVED", "modelled_or_interpolated": "NOT_APPLICABLE", "timestamp": "2026-10-08T20:03:11.386791+00:00", "assumptions_version": "2026-10-09-prompt-1", "computation_mode": "FULL"}, "geometry": {"type": "LineString", "coordinates": [[75.8509345, 22.7217379], [75.8513726, 22.721675600000005]]}}, {"id": "433", "type": "Feature", "properties": {"segment_id": "osm-3665594030-3665539304-0", "length_m": 98.11615569462498, "road_metadata": "{\"osmid\": 362209624, \"name\": NaN, \"highway\": \"residential\", \"maxspeed\": NaN, \"oneway\": false}", "source_type": "osm", "source_reference": "OpenStreetMap via OSMnx", "observed_or_estimated": "OBSERVED", "modelled_or_interpolated": "NOT_APPLICABLE", "timestamp": "2026-10-08T20:03:11.387035+00:00", "assumptions_version": "2026-10-09-prompt-1", "computation_mode": "FULL"}, "geometry": {"type": "LineString", "coordinates": [[75.8509345, 22.7217379], [75.850906, 22.721673], [75.8508499, 22.7209617], [75.8508353, 22.720859600000004]]}}, {"id": "434", "type": "Feature", "properties": {"segment_id": "osm-3665594030-3665539324-0", "length_m": 79.34086707139122, "road_metadata": "{\"osmid\": 362209630, \"name\": NaN, \"highway\": \"residential\", \"maxspeed\": NaN, \"oneway\": false}", "source_type": "osm", "source_reference": "OpenStreetMap via OSMnx", "observed_or_estimated": "OBSERVED", "modelled_or_interpolated": "NOT_APPLICABLE", "timestamp": "2026-10-08T20:03:11.387306+00:00", "assumptions_version": "2026-10-09-prompt-1", "computation_mode": "FULL"}, "geometry": {"type": "LineString", "coordinates": [[75.8509345, 22.7217379], [75.8507323, 22.7217666], [75.8506231, 22.7217835], [75.8505139, 22.7217854], [75.8503568, 22.7217681], [75.8503069, 22.721736299999996], [75.8502596, 22.721708599999996], [75.8502063, 22.721661799999996]]}}, {"id": "435", "type": "Feature", "properties": {"segment_id": "osm-3732489062-2027156518-0", "length_m": 3.8693949077821013, "road_metadata": "{\"osmid\": 191943295, \"name\": \"Jawahar Marg\", \"highway\": \"secondary\", \"maxspeed\": \"30\", \"oneway\": false}", "source_type": "osm", "source_reference": "OpenStreetMap via OSMnx", "observed_or_estimated": "OBSERVED", "modelled_or_interpolated": "NOT_APPLICABLE", "timestamp": "2026-10-08T20:03:11.387566+00:00", "assumptions_version": "2026-10-09-prompt-1", "computation_mode": "FULL"}, "geometry": {"type": "LineString", "coordinates": [[75.8534638, 22.716104799999997], [75.8534287, 22.716092099999997]]}}, {"id": "436", "type": "Feature", "properties": {"segment_id": "osm-3732489062-3734494568-0", "length_m": 28.751958101314006, "road_metadata": "{\"osmid\": 191943295, \"name\": \"Jawahar Marg\", \"highway\": \"secondary\", \"maxspeed\": \"30\", \"oneway\": false}", "source_type": "osm", "source_reference": "OpenStreetMap via OSMnx", "observed_or_estimated": "OBSERVED", "modelled_or_interpolated": "NOT_APPLICABLE", "timestamp": "2026-10-08T20:03:11.387814+00:00", "assumptions_version": "2026-10-09-prompt-1", "computation_mode": "FULL"}, "geometry": {"type": "LineString", "coordinates": [[75.8534638, 22.716104799999997], [75.8537394, 22.716150399999997]]}}, {"id": "437", "type": "Feature", "properties": {"segment_id": "osm-3732489062-3734494601-0", "length_m": 64.74982074129416, "road_metadata": "{\"osmid\": 369458632, \"name\": NaN, \"highway\": \"residential\", \"maxspeed\": NaN, \"oneway\": false}", "source_type": "osm", "source_reference": "OpenStreetMap via OSMnx", "observed_or_estimated": "OBSERVED", "modelled_or_interpolated": "NOT_APPLICABLE", "timestamp": "2026-10-08T20:03:11.388078+00:00", "assumptions_version": "2026-10-09-prompt-1", "computation_mode": "FULL"}, "geometry": {"type": "LineString", "coordinates": [[75.8534638, 22.716104799999997], [75.8534678, 22.7161511], [75.8535143, 22.7166878]]}}, {"id": "438", "type": "Feature", "properties": {"segment_id": "osm-3732489063-3734494617-0", "length_m": 123.8177278981494, "road_metadata": "{\"osmid\": 369458632, \"name\": NaN, \"highway\": \"residential\", \"maxspeed\": NaN, \"oneway\": false}", "source_type": "osm", "source_reference": "OpenStreetMap via OSMnx", "observed_or_estimated": "OBSERVED", "modelled_or_interpolated": "NOT_APPLICABLE", "timestamp": "2026-10-08T20:03:11.388491+00:00", "assumptions_version": "2026-10-09-prompt-1", "computation_mode": "FULL"}, "geometry": {"type": "LineString", "coordinates": [[75.8535547, 22.718023399999996], [75.8535141, 22.716905599999997]]}}, {"id": "439", "type": "Feature", "properties": {"segment_id": "osm-3732489063-3734496687-0", "length_m": 24.563731268923753, "road_metadata": "{\"osmid\": 369458632, \"name\": NaN, \"highway\": \"residential\", \"maxspeed\": NaN, \"oneway\": false}", "source_type": "osm", "source_reference": "OpenStreetMap via OSMnx", "observed_or_estimated": "OBSERVED", "modelled_or_interpolated": "NOT_APPLICABLE", "timestamp": "2026-10-08T20:03:11.388808+00:00", "assumptions_version": "2026-10-09-prompt-1", "computation_mode": "FULL"}, "geometry": {"type": "LineString", "coordinates": [[75.8535547, 22.718023399999996], [75.8535482, 22.7182452]]}}, {"id": "440", "type": "Feature", "properties": {"segment_id": "osm-3732489063-3734496686-0", "length_m": 55.18729955107554, "road_metadata": "{\"osmid\": 369999762, \"name\": \"Sarafa Street\", \"highway\": \"residential\", \"maxspeed\": \"20\", \"oneway\": false}", "source_type": "osm", "source_reference": "OpenStreetMap via OSMnx", "observed_or_estimated": "OBSERVED", "modelled_or_interpolated": "NOT_APPLICABLE", "timestamp": "2026-10-08T20:03:11.389051+00:00", "assumptions_version": "2026-10-09-prompt-1", "computation_mode": "FULL"}, "geometry": {"type": "LineString", "coordinates": [[75.8535547, 22.718023399999996], [75.8538547, 22.718042600000004], [75.8540906, 22.7180599]]}}, {"id": "441", "type": "Feature", "properties": {"segment_id": "osm-3732489063-3734496680-0", "length_m": 151.62277774468308, "road_metadata": "{\"osmid\": 369999762, \"name\": \"Sarafa Street\", \"highway\": \"residential\", \"maxspeed\": \"20\", \"oneway\": false}", "source_type": "osm", "source_reference": "OpenStreetMap via OSMnx", "observed_or_estimated": "OBSERVED", "modelled_or_interpolated": "NOT_APPLICABLE", "timestamp": "2026-10-08T20:03:11.389289+00:00", "assumptions_version": "2026-10-09-prompt-1", "computation_mode": "FULL"}, "geometry": {"type": "LineString", "coordinates": [[75.8535547, 22.718023399999996], [75.8527164, 22.7179698], [75.8520809, 22.717945600000004]]}}, {"id": "442", "type": "Feature", "properties": {"segment_id": "osm-3732489064-3734496687-0", "length_m": 74.39131421689721, "road_metadata": "{\"osmid\": 369458632, \"name\": NaN, \"highway\": \"residential\", \"maxspeed\": NaN, \"oneway\": false}", "source_type": "osm", "source_reference": "OpenStreetMap via OSMnx", "observed_or_estimated": "OBSERVED", "modelled_or_interpolated": "NOT_APPLICABLE", "timestamp": "2026-10-08T20:03:11.389528+00:00", "assumptions_version": "2026-10-09-prompt-1", "computation_mode": "FULL"}, "geometry": {"type": "LineString", "coordinates": [[75.8536022, 22.7189153], [75.8535482, 22.7182452]]}}, {"id": "443", "type": "Feature", "properties": {"segment_id": "osm-3732489064-6997700387-0", "length_m": 9.866675948743183, "road_metadata": "{\"osmid\": 369838820, \"name\": \"M.G.ROAD\", \"highway\": \"secondary\", \"maxspeed\": \"5\", \"oneway\": false}", "source_type": "osm", "source_reference": "OpenStreetMap via OSMnx", "observed_or_estimated": "OBSERVED", "modelled_or_interpolated": "NOT_APPLICABLE", "timestamp": "2026-10-08T20:03:11.389925+00:00", "assumptions_version": "2026-10-09-prompt-1", "computation_mode": "FULL"}, "geometry": {"type": "LineString", "coordinates": [[75.8536022, 22.7189153], [75.8536977, 22.7189056]]}}, {"id": "444", "type": "Feature", "properties": {"segment_id": "osm-3732489064-3734496706-0", "length_m": 151.75956089532295, "road_metadata": "{\"osmid\": 369838820, \"name\": \"M.G.ROAD\", \"highway\": \"secondary\", \"maxspeed\": \"5\", \"oneway\": false}", "source_type": "osm", "source_reference": "OpenStreetMap via OSMnx", "observed_or_estimated": "OBSERVED", "modelled_or_interpolated": "NOT_APPLICABLE", "timestamp": "2026-10-08T20:03:11.390438+00:00", "assumptions_version": "2026-10-09-prompt-1", "computation_mode": "FULL"}, "geometry": {"type": "LineString", "coordinates": [[75.8536022, 22.7189153], [75.8530783, 22.718961899999996], [75.8521384, 22.719098499999998]]}}, {"id": "445", "type": "Feature", "properties": {"segment_id": "osm-3732908384-8460393386-0", "length_m": 18.502090122597984, "road_metadata": "{\"osmid\": 191953192, \"name\": NaN, \"highway\": \"residential\", \"maxspeed\": NaN, \"oneway\": false}", "source_type": "osm", "source_reference": "OpenStreetMap via OSMnx", "observed_or_estimated": "OBSERVED", "modelled_or_interpolated": "NOT_APPLICABLE", "timestamp": "2026-10-08T20:03:11.390845+00:00", "assumptions_version": "2026-10-09-prompt-1", "computation_mode": "FULL"}, "geometry": {"type": "LineString", "coordinates": [[75.8568318, 22.721360700000005], [75.856808, 22.721406099999996], [75.8567592, 22.7215136]]}}, {"id": "446", "type": "Feature", "properties": {"segment_id": "osm-3732908384-8460457267-0", "length_m": 101.60667253800148, "road_metadata": "{\"osmid\": 191953192, \"name\": NaN, \"highway\": \"residential\", \"maxspeed\": NaN, \"oneway\": false}", "source_type": "osm", "source_reference": "OpenStreetMap via OSMnx", "observed_or_estimated": "OBSERVED", "modelled_or_interpolated": "NOT_APPLICABLE", "timestamp": "2026-10-08T20:03:11.391236+00:00", "assumptions_version": "2026-10-09-prompt-1", "computation_mode": "FULL"}, "geometry": {"type": "LineString", "coordinates": [[75.8568318, 22.721360700000005], [75.8569171, 22.721013400000004], [75.85694, 22.720452199999997]]}}, {"id": "447", "type": "Feature", "properties": {"segment_id": "osm-3732908384-3732908385-0", "length_m": 77.81910216149856, "road_metadata": "{\"osmid\": 369507187, \"name\": NaN, \"highway\": \"residential\", \"maxspeed\": NaN, \"oneway\": false}", "source_type": "osm", "source_reference": "OpenStreetMap via OSMnx", "observed_or_estimated": "OBSERVED", "modelled_or_interpolated": "NOT_APPLICABLE", "timestamp": "2026-10-08T20:03:11.391649+00:00", "assumptions_version": "2026-10-09-prompt-1", "computation_mode": "FULL"}, "geometry": {"type": "LineString", "coordinates": [[75.8568318, 22.721360700000005], [75.8574047, 22.7214066], [75.8574621, 22.721401099999994], [75.8575226, 22.721404299999996], [75.8575869, 22.721401100000005]]}}, {"id": "448", "type": "Feature", "properties": {"segment_id": "osm-3732908385-2025111317-0", "length_m": 23.448610163964307, "road_metadata": "{\"osmid\": 191953190, \"name\": NaN, \"highway\": \"residential\", \"maxspeed\": NaN, \"oneway\": false}", "source_type": "osm", "source_reference": "OpenStreetMap via OSMnx", "observed_or_estimated": "OBSERVED", "modelled_or_interpolated": "NOT_APPLICABLE", "timestamp": "2026-10-08T20:03:11.392002+00:00", "assumptions_version": "2026-10-09-prompt-1", "computation_mode": "FULL"}, "geometry": {"type": "LineString", "coordinates": [[75.8575869, 22.721401100000005], [75.8576271, 22.721609600000004]]}}, {"id": "449", "type": "Feature", "properties": {"segment_id": "osm-3732908385-8460393366-0", "length_m": 105.46541024316751, "road_metadata": "{\"osmid\": 191953190, \"name\": NaN, \"highway\": \"residential\", \"maxspeed\": NaN, \"oneway\": false}", "source_type": "osm", "source_reference": "OpenStreetMap via OSMnx", "observed_or_estimated": "OBSERVED", "modelled_or_interpolated": "NOT_APPLICABLE", "timestamp": "2026-10-08T20:03:11.392265+00:00", "assumptions_version": "2026-10-09-prompt-1", "computation_mode": "FULL"}, "geometry": {"type": "LineString", "coordinates": [[75.8575869, 22.721401100000005], [75.8575587, 22.7212139], [75.8575469, 22.7209704], [75.8575378, 22.720783299999997], [75.8575363, 22.720450700000008]]}}, {"id": "450", "type": "Feature", "properties": {"segment_id": "osm-3732908385-3732908384-0", "length_m": 77.81910216149856, "road_metadata": "{\"osmid\": 369507187, \"name\": NaN, \"highway\": \"residential\", \"maxspeed\": NaN, \"oneway\": false}", "source_type": "osm", "source_reference": "OpenStreetMap via OSMnx", "observed_or_estimated": "OBSERVED", "modelled_or_interpolated": "NOT_APPLICABLE", "timestamp": "2026-10-08T20:03:11.392531+00:00", "assumptions_version": "2026-10-09-prompt-1", "computation_mode": "FULL"}, "geometry": {"type": "LineString", "coordinates": [[75.8575869, 22.721401100000005], [75.8575226, 22.721404299999996], [75.8574621, 22.721401099999994], [75.8574047, 22.7214066], [75.8568318, 22.721360700000005]]}}, {"id": "451", "type": "Feature", "properties": {"segment_id": "osm-3732908390-3732996655-0", "length_m": 29.968223419551283, "road_metadata": "{\"osmid\": 369507190, \"name\": NaN, \"highway\": \"residential\", \"maxspeed\": NaN, \"oneway\": false}", "source_type": "osm", "source_reference": "OpenStreetMap via OSMnx", "observed_or_estimated": "OBSERVED", "modelled_or_interpolated": "NOT_APPLICABLE", "timestamp": "2026-10-08T20:03:11.392778+00:00", "assumptions_version": "2026-10-09-prompt-1", "computation_mode": "FULL"}, "geometry": {"type": "LineString", "coordinates": [[75.8555245, 22.7214704], [75.8555244, 22.721199700000003]]}}, {"id": "452", "type": "Feature", "properties": {"segment_id": "osm-3732908390-8460393393-0", "length_m": 46.86801479154399, "road_metadata": "{\"osmid\": 369999882, \"name\": NaN, \"highway\": \"residential\", \"maxspeed\": NaN, \"oneway\": false}", "source_type": "osm", "source_reference": "OpenStreetMap via OSMnx", "observed_or_estimated": "OBSERVED", "modelled_or_interpolated": "NOT_APPLICABLE", "timestamp": "2026-10-08T20:03:11.393041+00:00", "assumptions_version": "2026-10-09-prompt-1", "computation_mode": "FULL"}, "geometry": {"type": "LineString", "coordinates": [[75.8555245, 22.7214704], [75.8555264, 22.721526999999995], [75.8555256, 22.721621199999998], [75.8555267, 22.7216761], [75.8555351, 22.721751099999995], [75.855543, 22.721805799999995], [75.8555451, 22.721892799999996]]}}, {"id": "453", "type": "Feature", "properties": {"segment_id": "osm-3732908390-8460393393-1", "length_m": 86.36520423053392, "road_metadata": "{\"osmid\": 369999893, \"name\": NaN, \"highway\": \"residential\", \"maxspeed\": NaN, \"oneway\": false}", "source_type": "osm", "source_reference": "OpenStreetMap via OSMnx", "observed_or_estimated": "OBSERVED", "modelled_or_interpolated": "NOT_APPLICABLE", "timestamp": "2026-10-08T20:03:11.393412+00:00", "assumptions_version": "2026-10-09-prompt-1", "computation_mode": "FULL"}, "geometry": {"type": "LineString", "coordinates": [[75.8555245, 22.7214704], [75.85538, 22.721479000000006], [75.85532220000002, 22.721486099999996], [75.8552927, 22.721492500000004], [75.8552809, 22.721512199999996], [75.8552987, 22.7217277], [75.8553111, 22.7218015], [75.8553354, 22.7218291], [75.8553685, 22.721851899999997], [75.8554319, 22.7218923], [75.8555451, 22.721892799999996]]}}, {"id": "454", "type": "Feature", "properties": {"segment_id": "osm-3732908390-3732908392-0", "length_m": 32.652292893532746, "road_metadata": "{\"osmid\": 369999893, \"name\": NaN, \"highway\": \"residential\", \"maxspeed\": NaN, \"oneway\": false}", "source_type": "osm", "source_reference": "OpenStreetMap via OSMnx", "observed_or_estimated": "OBSERVED", "modelled_or_interpolated": "NOT_APPLICABLE", "timestamp": "2026-10-08T20:03:11.393702+00:00", "assumptions_version": "2026-10-09-prompt-1", "computation_mode": "FULL"}, "geometry": {"type": "LineString", "coordinates": [[75.8555245, 22.7214704], [75.8555867, 22.72147040000001], [75.8556659, 22.7214733], [75.8557689, 22.721476899999995], [75.8558422, 22.721480499999995]]}}, {"id": "455", "type": "Feature", "properties": {"segment_id": "osm-3732908392-2025111273-0", "length_m": 27.50331723311693, "road_metadata": "{\"osmid\": 191953109, \"name\": NaN, \"highway\": \"residential\", \"maxspeed\": NaN, \"oneway\": false}", "source_type": "osm", "source_reference": "OpenStreetMap via OSMnx", "observed_or_estimated": "OBSERVED", "modelled_or_interpolated": "NOT_APPLICABLE", "timestamp": "2026-10-08T20:03:11.394011+00:00", "assumptions_version": "2026-10-09-prompt-1", "computation_mode": "FULL"}, "geometry": {"type": "LineString", "coordinates": [[75.8558422, 22.721480499999995], [75.8558403, 22.7213956], [75.8558428, 22.721232099999998]]}}, {"id": "456", "type": "Feature", "properties": {"segment_id": "osm-3732908392-3732908408-0", "length_m": 47.149169900296585, "road_metadata": "{\"osmid\": 191953109, \"name\": NaN, \"highway\": \"residential\", \"maxspeed\": NaN, \"oneway\": false}", "source_type": "osm", "source_reference": "OpenStreetMap via OSMnx", "observed_or_estimated": "OBSERVED", "modelled_or_interpolated": "NOT_APPLICABLE", "timestamp": "2026-10-08T20:03:11.394413+00:00", "assumptions_version": "2026-10-09-prompt-1", "computation_mode": "FULL"}, "geometry": {"type": "LineString", "coordinates": [[75.8558422, 22.721480499999995], [75.85584380000002, 22.721521700000004], [75.8558445, 22.7215821], [75.8558394, 22.721742199999998], [75.85584700000001, 22.721792799999992], [75.8558547, 22.721817500000004], [75.8558881, 22.7218261], [75.8559473, 22.721830999999995]]}}, {"id": "457", "type": "Feature", "properties": {"segment_id": "osm-3732908392-3732908390-0", "length_m": 32.652292893532746, "road_metadata": "{\"osmid\": 369999893, \"name\": NaN, \"highway\": \"residential\", \"maxspeed\": NaN, \"oneway\": false}", "source_type": "osm", "source_reference": "OpenStreetMap via OSMnx", "observed_or_estimated": "OBSERVED", "modelled_or_interpolated": "NOT_APPLICABLE", "timestamp": "2026-10-08T20:03:11.394707+00:00", "assumptions_version": "2026-10-09-prompt-1", "computation_mode": "FULL"}, "geometry": {"type": "LineString", "coordinates": [[75.8558422, 22.721480499999995], [75.8557689, 22.721476899999995], [75.8556659, 22.7214733], [75.8555867, 22.72147040000001], [75.8555245, 22.7214704]]}}, {"id": "458", "type": "Feature", "properties": {"segment_id": "osm-3732908408-2025111331-0", "length_m": 30.286436638788174, "road_metadata": "{\"osmid\": 191953109, \"name\": NaN, \"highway\": \"residential\", \"maxspeed\": NaN, \"oneway\": false}", "source_type": "osm", "source_reference": "OpenStreetMap via OSMnx", "observed_or_estimated": "OBSERVED", "modelled_or_interpolated": "NOT_APPLICABLE", "timestamp": "2026-10-08T20:03:11.394956+00:00", "assumptions_version": "2026-10-09-prompt-1", "computation_mode": "FULL"}, "geometry": {"type": "LineString", "coordinates": [[75.8559473, 22.721830999999995], [75.8562349, 22.7217705]]}}, {"id": "459", "type": "Feature", "properties": {"segment_id": "osm-3732908408-3732908410-0", "length_m": 8.972657885078869, "road_metadata": "{\"osmid\": 369507189, \"name\": NaN, \"highway\": \"residential\", \"maxspeed\": NaN, \"oneway\": false}", "source_type": "osm", "source_reference": "OpenStreetMap via OSMnx", "observed_or_estimated": "OBSERVED", "modelled_or_interpolated": "NOT_APPLICABLE", "timestamp": "2026-10-08T20:03:11.395200+00:00", "assumptions_version": "2026-10-09-prompt-1", "computation_mode": "FULL"}, "geometry": {"type": "LineString", "coordinates": [[75.8559473, 22.721830999999995], [75.8559643, 22.721910499999996]]}}, {"id": "460", "type": "Feature", "properties": {"segment_id": "osm-3732908408-3732908392-0", "length_m": 47.149169900296585, "road_metadata": "{\"osmid\": 191953109, \"name\": NaN, \"highway\": \"residential\", \"maxspeed\": NaN, \"oneway\": false}", "source_type": "osm", "source_reference": "OpenStreetMap via OSMnx", "observed_or_estimated": "OBSERVED", "modelled_or_interpolated": "NOT_APPLICABLE", "timestamp": "2026-10-08T20:03:11.395447+00:00", "assumptions_version": "2026-10-09-prompt-1", "computation_mode": "FULL"}, "geometry": {"type": "LineString", "coordinates": [[75.8559473, 22.721830999999995], [75.8558881, 22.7218261], [75.8558547, 22.721817500000004], [75.85584700000001, 22.721792799999992], [75.8558394, 22.721742199999998], [75.8558445, 22.7215821], [75.85584380000002, 22.721521700000004], [75.8558422, 22.721480499999995]]}}, {"id": "461", "type": "Feature", "properties": {"segment_id": "osm-3732908410-3732908408-0", "length_m": 8.972657885078869, "road_metadata": "{\"osmid\": 369507189, \"name\": NaN, \"highway\": \"residential\", \"maxspeed\": NaN, \"oneway\": false}", "source_type": "osm", "source_reference": "OpenStreetMap via OSMnx", "observed_or_estimated": "OBSERVED", "modelled_or_interpolated": "NOT_APPLICABLE", "timestamp": "2026-10-08T20:03:11.395690+00:00", "assumptions_version": "2026-10-09-prompt-1", "computation_mode": "FULL"}, "geometry": {"type": "LineString", "coordinates": [[75.8559643, 22.721910499999996], [75.8559473, 22.721830999999995]]}}, {"id": "462", "type": "Feature", "properties": {"segment_id": "osm-3732908410-3732908422-0", "length_m": 16.993333434211102, "road_metadata": "{\"osmid\": 369507189, \"name\": NaN, \"highway\": \"residential\", \"maxspeed\": NaN, \"oneway\": false}", "source_type": "osm", "source_reference": "OpenStreetMap via OSMnx", "observed_or_estimated": "OBSERVED", "modelled_or_interpolated": "NOT_APPLICABLE", "timestamp": "2026-10-08T20:03:11.396254+00:00", "assumptions_version": "2026-10-09-prompt-1", "computation_mode": "FULL"}, "geometry": {"type": "LineString", "coordinates": [[75.8559643, 22.721910499999996], [75.8559689, 22.721932399999996], [75.8559803, 22.7219765], [75.8560103, 22.722057699999997]]}}, {"id": "463", "type": "Feature", "properties": {"segment_id": "osm-3732908410-3732908417-0", "length_m": 14.956892349856423, "road_metadata": "{\"osmid\": 369507191, \"name\": NaN, \"highway\": \"residential\", \"maxspeed\": NaN, \"oneway\": false}", "source_type": "osm", "source_reference": "OpenStreetMap via OSMnx", "observed_or_estimated": "OBSERVED", "modelled_or_interpolated": "NOT_APPLICABLE", "timestamp": "2026-10-08T20:03:11.396719+00:00", "assumptions_version": "2026-10-09-prompt-1", "computation_mode": "FULL"}, "geometry": {"type": "LineString", "coordinates": [[75.8559643, 22.721910499999996], [75.8559226, 22.721915900000003], [75.8558191, 22.7219183]]}}, {"id": "464", "type": "Feature", "properties": {"segment_id": "osm-3732908417-3732908423-0", "length_m": 22.851353860153697, "road_metadata": "{\"osmid\": 369507183, \"name\": NaN, \"highway\": \"residential\", \"maxspeed\": NaN, \"oneway\": false}", "source_type": "osm", "source_reference": "OpenStreetMap via OSMnx", "observed_or_estimated": "OBSERVED", "modelled_or_interpolated": "NOT_APPLICABLE", "timestamp": "2026-10-08T20:03:11.397209+00:00", "assumptions_version": "2026-10-09-prompt-1", "computation_mode": "FULL"}, "geometry": {"type": "LineString", "coordinates": [[75.8558191, 22.7219183], [75.855846, 22.72212319999999]]}}, {"id": "465", "type": "Feature", "properties": {"segment_id": "osm-3732908417-3732908418-0", "length_m": 17.141929324852654, "road_metadata": "{\"osmid\": 369507191, \"name\": NaN, \"highway\": \"residential\", \"maxspeed\": NaN, \"oneway\": false}", "source_type": "osm", "source_reference": "OpenStreetMap via OSMnx", "observed_or_estimated": "OBSERVED", "modelled_or_interpolated": "NOT_APPLICABLE", "timestamp": "2026-10-08T20:03:11.397756+00:00", "assumptions_version": "2026-10-09-prompt-1", "computation_mode": "FULL"}, "geometry": {"type": "LineString", "coordinates": [[75.8558191, 22.7219183], [75.8556522, 22.7219202]]}}, {"id": "466", "type": "Feature", "properties": {"segment_id": "osm-3732908417-3732908410-0", "length_m": 14.956892349856423, "road_metadata": "{\"osmid\": 369507191, \"name\": NaN, \"highway\": \"residential\", \"maxspeed\": NaN, \"oneway\": false}", "source_type": "osm", "source_reference": "OpenStreetMap via OSMnx", "observed_or_estimated": "OBSERVED", "modelled_or_interpolated": "NOT_APPLICABLE", "timestamp": "2026-10-08T20:03:11.398255+00:00", "assumptions_version": "2026-10-09-prompt-1", "computation_mode": "FULL"}, "geometry": {"type": "LineString", "coordinates": [[75.8558191, 22.7219183], [75.8559226, 22.721915900000003], [75.8559643, 22.721910499999996]]}}, {"id": "467", "type": "Feature", "properties": {"segment_id": "osm-3732908418-3732908417-0", "length_m": 17.141929324852654, "road_metadata": "{\"osmid\": 369507191, \"name\": NaN, \"highway\": \"residential\", \"maxspeed\": NaN, \"oneway\": false}", "source_type": "osm", "source_reference": "OpenStreetMap via OSMnx", "observed_or_estimated": "OBSERVED", "modelled_or_interpolated": "NOT_APPLICABLE", "timestamp": "2026-10-08T20:03:11.398666+00:00", "assumptions_version": "2026-10-09-prompt-1", "computation_mode": "FULL"}, "geometry": {"type": "LineString", "coordinates": [[75.8556522, 22.7219202], [75.8558191, 22.7219183]]}}, {"id": "468", "type": "Feature", "properties": {"segment_id": "osm-3732908418-3732908424-0", "length_m": 24.138370544817608, "road_metadata": "{\"osmid\": 369507193, \"name\": NaN, \"highway\": \"residential\", \"maxspeed\": NaN, \"oneway\": false}", "source_type": "osm", "source_reference": "OpenStreetMap via OSMnx", "observed_or_estimated": "OBSERVED", "modelled_or_interpolated": "NOT_APPLICABLE", "timestamp": "2026-10-08T20:03:11.399107+00:00", "assumptions_version": "2026-10-09-prompt-1", "computation_mode": "FULL"}, "geometry": {"type": "LineString", "coordinates": [[75.8556522, 22.7219202], [75.855652, 22.7219706], [75.8556801, 22.722136199999998]]}}, {"id": "469", "type": "Feature", "properties": {"segment_id": "osm-3732908418-8460393393-0", "length_m": 11.473966943954732, "road_metadata": "{\"osmid\": 369999893, \"name\": NaN, \"highway\": \"residential\", \"maxspeed\": NaN, \"oneway\": false}", "source_type": "osm", "source_reference": "OpenStreetMap via OSMnx", "observed_or_estimated": "OBSERVED", "modelled_or_interpolated": "NOT_APPLICABLE", "timestamp": "2026-10-08T20:03:11.399476+00:00", "assumptions_version": "2026-10-09-prompt-1", "computation_mode": "FULL"}, "geometry": {"type": "LineString", "coordinates": [[75.8556522, 22.7219202], [75.8556081, 22.721903600000005], [75.8555798, 22.721897399999996], [75.8555451, 22.721892799999996]]}}, {"id": "470", "type": "Feature", "properties": {"segment_id": "osm-3732908422-2025111351-0", "length_m": 33.681667064245815, "road_metadata": "{\"osmid\": 191953178, \"name\": NaN, \"highway\": \"residential\", \"maxspeed\": NaN, \"oneway\": false}", "source_type": "osm", "source_reference": "OpenStreetMap via OSMnx", "observed_or_estimated": "OBSERVED", "modelled_or_interpolated": "NOT_APPLICABLE", "timestamp": "2026-10-08T20:03:11.399828+00:00", "assumptions_version": "2026-10-09-prompt-1", "computation_mode": "FULL"}, "geometry": {"type": "LineString", "coordinates": [[75.8560103, 22.722057699999997], [75.8561927, 22.72196], [75.8562831, 22.72189059999999]]}}, {"id": "471", "type": "Feature", "properties": {"segment_id": "osm-3732908422-3732908423-0", "length_m": 18.504686757927384, "road_metadata": "{\"osmid\": 191953178, \"name\": NaN, \"highway\": \"residential\", \"maxspeed\": NaN, \"oneway\": false}", "source_type": "osm", "source_reference": "OpenStreetMap via OSMnx", "observed_or_estimated": "OBSERVED", "modelled_or_interpolated": "NOT_APPLICABLE", "timestamp": "2026-10-08T20:03:11.400110+00:00", "assumptions_version": "2026-10-09-prompt-1", "computation_mode": "FULL"}, "geometry": {"type": "LineString", "coordinates": [[75.8560103, 22.722057699999997], [75.8559356, 22.7220986], [75.855846, 22.72212319999999]]}}, {"id": "472", "type": "Feature", "properties": {"segment_id": "osm-3732908422-3732908410-0", "length_m": 16.9933334342111, "road_metadata": "{\"osmid\": 369507189, \"name\": NaN, \"highway\": \"residential\", \"maxspeed\": NaN, \"oneway\": false}", "source_type": "osm", "source_reference": "OpenStreetMap via OSMnx", "observed_or_estimated": "OBSERVED", "modelled_or_interpolated": "NOT_APPLICABLE", "timestamp": "2026-10-08T20:03:11.400370+00:00", "assumptions_version": "2026-10-09-prompt-1", "computation_mode": "FULL"}, "geometry": {"type": "LineString", "coordinates": [[75.8560103, 22.722057699999997], [75.8559803, 22.7219765], [75.8559689, 22.721932399999996], [75.8559643, 22.721910499999996]]}}, {"id": "473", "type": "Feature", "properties": {"segment_id": "osm-3732908423-3732908424-0", "length_m": 17.098588235453533, "road_metadata": "{\"osmid\": 191953178, \"name\": NaN, \"highway\": \"residential\", \"maxspeed\": NaN, \"oneway\": false}", "source_type": "osm", "source_reference": "OpenStreetMap via OSMnx", "observed_or_estimated": "OBSERVED", "modelled_or_interpolated": "NOT_APPLICABLE", "timestamp": "2026-10-08T20:03:11.400635+00:00", "assumptions_version": "2026-10-09-prompt-1", "computation_mode": "FULL"}, "geometry": {"type": "LineString", "coordinates": [[75.855846, 22.72212319999999], [75.8556801, 22.722136199999998]]}}, {"id": "474", "type": "Feature", "properties": {"segment_id": "osm-3732908423-3732908417-0", "length_m": 22.851353860153697, "road_metadata": "{\"osmid\": 369507183, \"name\": NaN, \"highway\": \"residential\", \"maxspeed\": NaN, \"oneway\": false}", "source_type": "osm", "source_reference": "OpenStreetMap via OSMnx", "observed_or_estimated": "OBSERVED", "modelled_or_interpolated": "NOT_APPLICABLE", "timestamp": "2026-10-08T20:03:11.400901+00:00", "assumptions_version": "2026-10-09-prompt-1", "computation_mode": "FULL"}, "geometry": {"type": "LineString", "coordinates": [[75.855846, 22.72212319999999], [75.8558191, 22.7219183]]}}, {"id": "475", "type": "Feature", "properties": {"segment_id": "osm-3732908423-3732908422-0", "length_m": 18.504686757927384, "road_metadata": "{\"osmid\": 191953178, \"name\": NaN, \"highway\": \"residential\", \"maxspeed\": NaN, \"oneway\": false}", "source_type": "osm", "source_reference": "OpenStreetMap via OSMnx", "observed_or_estimated": "OBSERVED", "modelled_or_interpolated": "NOT_APPLICABLE", "timestamp": "2026-10-08T20:03:11.401265+00:00", "assumptions_version": "2026-10-09-prompt-1", "computation_mode": "FULL"}, "geometry": {"type": "LineString", "coordinates": [[75.855846, 22.72212319999999], [75.8559356, 22.7220986], [75.8560103, 22.722057699999997]]}}, {"id": "476", "type": "Feature", "properties": {"segment_id": "osm-3732908424-3732908423-0", "length_m": 17.098588235453533, "road_metadata": "{\"osmid\": 191953178, \"name\": NaN, \"highway\": \"residential\", \"maxspeed\": NaN, \"oneway\": false}", "source_type": "osm", "source_reference": "OpenStreetMap via OSMnx", "observed_or_estimated": "OBSERVED", "modelled_or_interpolated": "NOT_APPLICABLE", "timestamp": "2026-10-08T20:03:11.401582+00:00", "assumptions_version": "2026-10-09-prompt-1", "computation_mode": "FULL"}, "geometry": {"type": "LineString", "coordinates": [[75.8556801, 22.722136199999998], [75.855846, 22.72212319999999]]}}, {"id": "477", "type": "Feature", "properties": {"segment_id": "osm-3732908424-2025111381-0", "length_m": 3.938856407509762, "road_metadata": "{\"osmid\": 191953178, \"name\": NaN, \"highway\": \"residential\", \"maxspeed\": NaN, \"oneway\": false}", "source_type": "osm", "source_reference": "OpenStreetMap via OSMnx", "observed_or_estimated": "OBSERVED", "modelled_or_interpolated": "NOT_APPLICABLE", "timestamp": "2026-10-08T20:03:11.401876+00:00", "assumptions_version": "2026-10-09-prompt-1", "computation_mode": "FULL"}, "geometry": {"type": "LineString", "coordinates": [[75.8556801, 22.722136199999998], [75.8556609, 22.722167]]}}, {"id": "478", "type": "Feature", "properties": {"segment_id": "osm-3732908424-3732908418-0", "length_m": 24.138370544817608, "road_metadata": "{\"osmid\": 369507193, \"name\": NaN, \"highway\": \"residential\", \"maxspeed\": NaN, \"oneway\": false}", "source_type": "osm", "source_reference": "OpenStreetMap via OSMnx", "observed_or_estimated": "OBSERVED", "modelled_or_interpolated": "NOT_APPLICABLE", "timestamp": "2026-10-08T20:03:11.402159+00:00", "assumptions_version": "2026-10-09-prompt-1", "computation_mode": "FULL"}, "geometry": {"type": "LineString", "coordinates": [[75.8556801, 22.722136199999998], [75.855652, 22.7219706], [75.8556522, 22.7219202]]}}, {"id": "479", "type": "Feature", "properties": {"segment_id": "osm-3732996655-2025111270-0", "length_m": 4.657242164658771, "road_metadata": "{\"osmid\": 191953184, \"name\": NaN, \"highway\": \"residential\", \"maxspeed\": NaN, \"oneway\": false}", "source_type": "osm", "source_reference": "OpenStreetMap via OSMnx", "observed_or_estimated": "OBSERVED", "modelled_or_interpolated": "NOT_APPLICABLE", "timestamp": "2026-10-08T20:03:11.402433+00:00", "assumptions_version": "2026-10-09-prompt-1", "computation_mode": "FULL"}, "geometry": {"type": "LineString", "coordinates": [[75.8555244, 22.721199700000003], [75.8555694, 22.7212049]]}}, {"id": "480", "type": "Feature", "properties": {"segment_id": "osm-3732996655-8478005593-0", "length_m": 19.570918173793373, "road_metadata": "{\"osmid\": 191953184, \"name\": NaN, \"highway\": \"residential\", \"maxspeed\": NaN, \"oneway\": false}", "source_type": "osm", "source_reference": "OpenStreetMap via OSMnx", "observed_or_estimated": "OBSERVED", "modelled_or_interpolated": "NOT_APPLICABLE", "timestamp": "2026-10-08T20:03:11.402714+00:00", "assumptions_version": "2026-10-09-prompt-1", "computation_mode": "FULL"}, "geometry": {"type": "LineString", "coordinates": [[75.8555244, 22.721199700000003], [75.855335, 22.7211802]]}}, {"id": "481", "type": "Feature", "properties": {"segment_id": "osm-3732996655-3732908390-0", "length_m": 29.968223419551283, "road_metadata": "{\"osmid\": 369507190, \"name\": NaN, \"highway\": \"residential\", \"maxspeed\": NaN, \"oneway\": false}", "source_type": "osm", "source_reference": "OpenStreetMap via OSMnx", "observed_or_estimated": "OBSERVED", "modelled_or_interpolated": "NOT_APPLICABLE", "timestamp": "2026-10-08T20:03:11.403007+00:00", "assumptions_version": "2026-10-09-prompt-1", "computation_mode": "FULL"}, "geometry": {"type": "LineString", "coordinates": [[75.8555244, 22.721199700000003], [75.8555245, 22.7214704]]}}, {"id": "482", "type": "Feature", "properties": {"segment_id": "osm-3732996657-3732996660-0", "length_m": 58.689847835101034, "road_metadata": "{\"osmid\": 369999806, \"name\": NaN, \"highway\": \"residential\", \"maxspeed\": NaN, \"oneway\": false}", "source_type": "osm", "source_reference": "OpenStreetMap via OSMnx", "observed_or_estimated": "OBSERVED", "modelled_or_interpolated": "NOT_APPLICABLE", "timestamp": "2026-10-08T20:03:11.403318+00:00", "assumptions_version": "2026-10-09-prompt-1", "computation_mode": "FULL"}, "geometry": {"type": "LineString", "coordinates": [[75.8571019, 22.7215628], [75.8571133, 22.721727299999998], [75.857116, 22.7217658], [75.85712450000001, 22.7218636], [75.8570686, 22.721861099999995], [75.8570369, 22.721862699999992], [75.8568782, 22.721861000000004]]}}, {"id": "483", "type": "Feature", "properties": {"segment_id": "osm-3732996657-8460393386-0", "length_m": 36.066763005204784, "road_metadata": "{\"osmid\": 370134394, \"name\": NaN, \"highway\": \"residential\", \"maxspeed\": NaN, \"oneway\": false}", "source_type": "osm", "source_reference": "OpenStreetMap via OSMnx", "observed_or_estimated": "OBSERVED", "modelled_or_interpolated": "NOT_APPLICABLE", "timestamp": "2026-10-08T20:03:11.403681+00:00", "assumptions_version": "2026-10-09-prompt-1", "computation_mode": "FULL"}, "geometry": {"type": "LineString", "coordinates": [[75.8571019, 22.7215628], [75.8570274, 22.721557099999995], [75.8568581, 22.7215488], [75.85679820000001, 22.7215206], [75.8567592, 22.7215136]]}}, {"id": "484", "type": "Feature", "properties": {"segment_id": "osm-3732996657-2025111317-0", "length_m": 54.21188010836603, "road_metadata": "{\"osmid\": 370134394, \"name\": NaN, \"highway\": \"residential\", \"maxspeed\": NaN, \"oneway\": false}", "source_type": "osm", "source_reference": "OpenStreetMap via OSMnx", "observed_or_estimated": "OBSERVED", "modelled_or_interpolated": "NOT_APPLICABLE", "timestamp": "2026-10-08T20:03:11.404022+00:00", "assumptions_version": "2026-10-09-prompt-1", "computation_mode": "FULL"}, "geometry": {"type": "LineString", "coordinates": [[75.8571019, 22.7215628], [75.8572866, 22.721574599999993], [75.8574234, 22.721593199999997], [75.8576271, 22.721609600000004]]}}, {"id": "485", "type": "Feature", "properties": {"segment_id": "osm-3732996660-6617250816-0", "length_m": 33.90284523961031, "road_metadata": "{\"osmid\": 191953191, \"name\": NaN, \"highway\": \"residential\", \"maxspeed\": NaN, \"oneway\": false}", "source_type": "osm", "source_reference": "OpenStreetMap via OSMnx", "observed_or_estimated": "OBSERVED", "modelled_or_interpolated": "NOT_APPLICABLE", "timestamp": "2026-10-08T20:03:11.404357+00:00", "assumptions_version": "2026-10-09-prompt-1", "computation_mode": "FULL"}, "geometry": {"type": "LineString", "coordinates": [[75.8568782, 22.721861000000004], [75.8569364, 22.7219917], [75.8570003, 22.7221455]]}}, {"id": "486", "type": "Feature", "properties": {"segment_id": "osm-3732996660-2025111313-0", "length_m": 35.803684307382, "road_metadata": "{\"osmid\": 191953191, \"name\": NaN, \"highway\": \"residential\", \"maxspeed\": NaN, \"oneway\": false}", "source_type": "osm", "source_reference": "OpenStreetMap via OSMnx", "observed_or_estimated": "OBSERVED", "modelled_or_interpolated": "NOT_APPLICABLE", "timestamp": "2026-10-08T20:03:11.404783+00:00", "assumptions_version": "2026-10-09-prompt-1", "computation_mode": "FULL"}, "geometry": {"type": "LineString", "coordinates": [[75.8568782, 22.721861000000004], [75.8568186, 22.7217275], [75.8567096, 22.721579899999995]]}}, {"id": "487", "type": "Feature", "properties": {"segment_id": "osm-3732996660-3732996657-0", "length_m": 58.689847835101034, "road_metadata": "{\"osmid\": 369999806, \"name\": NaN, \"highway\": \"residential\", \"maxspeed\": NaN, \"oneway\": false}", "source_type": "osm", "source_reference": "OpenStreetMap via OSMnx", "observed_or_estimated": "OBSERVED", "modelled_or_interpolated": "NOT_APPLICABLE", "timestamp": "2026-10-08T20:03:11.405337+00:00", "assumptions_version": "2026-10-09-prompt-1", "computation_mode": "FULL"}, "geometry": {"type": "LineString", "coordinates": [[75.8568782, 22.721861000000004], [75.8570369, 22.721862699999992], [75.8570686, 22.721861099999995], [75.85712450000001, 22.7218636], [75.857116, 22.7217658], [75.8571133, 22.721727299999998], [75.8571019, 22.7215628]]}}, {"id": "488", "type": "Feature", "properties": {"segment_id": "osm-3732996662-6617250816-0", "length_m": 16.543237704136253, "road_metadata": "{\"osmid\": 369999828, \"name\": NaN, \"highway\": \"residential\", \"maxspeed\": NaN, \"oneway\": false}", "source_type": "osm", "source_reference": "OpenStreetMap via OSMnx", "observed_or_estimated": "OBSERVED", "modelled_or_interpolated": "NOT_APPLICABLE", "timestamp": "2026-10-08T20:03:11.405985+00:00", "assumptions_version": "2026-10-09-prompt-1", "computation_mode": "FULL"}, "geometry": {"type": "LineString", "coordinates": [[75.8571598, 22.7221664], [75.8570003, 22.7221455]]}}, {"id": "489", "type": "Feature", "properties": {"segment_id": "osm-3734463375-3734463409-0", "length_m": 126.69158148761362, "road_metadata": "{\"osmid\": 369673281, \"name\": NaN, \"highway\": \"residential\", \"maxspeed\": NaN, \"oneway\": false}", "source_type": "osm", "source_reference": "OpenStreetMap via OSMnx", "observed_or_estimated": "OBSERVED", "modelled_or_interpolated": "NOT_APPLICABLE", "timestamp": "2026-10-08T20:03:11.406417+00:00", "assumptions_version": "2026-10-09-prompt-1", "computation_mode": "FULL"}, "geometry": {"type": "LineString", "coordinates": [[75.8547878, 22.719950599999997], [75.8547398, 22.720094499999995], [75.8546996, 22.720219299999997], [75.8546393, 22.7202662], [75.8545926, 22.720430799999995], [75.8545335, 22.720587399999996], [75.8545162, 22.720701], [75.8545028, 22.720826999999996], [75.8545176, 22.721039599999997]]}}, {"id": "490", "type": "Feature", "properties": {"segment_id": "osm-3734463375-3734496854-0", "length_m": 46.73267330189563, "road_metadata": "{\"osmid\": 369676963, \"name\": NaN, \"highway\": \"residential\", \"maxspeed\": NaN, \"oneway\": false}", "source_type": "osm", "source_reference": "OpenStreetMap via OSMnx", "observed_or_estimated": "OBSERVED", "modelled_or_interpolated": "NOT_APPLICABLE", "timestamp": "2026-10-08T20:03:11.406710+00:00", "assumptions_version": "2026-10-09-prompt-1", "computation_mode": "FULL"}, "geometry": {"type": "LineString", "coordinates": [[75.8547878, 22.719950599999997], [75.8549508, 22.719938399999997], [75.8551462, 22.719970000000004], [75.855238, 22.719984699999998]]}}, {"id": "491", "type": "Feature", "properties": {"segment_id": "osm-3734463375-3734496853-0", "length_m": 60.22912837484935, "road_metadata": "{\"osmid\": 369676963, \"name\": NaN, \"highway\": \"residential\", \"maxspeed\": NaN, \"oneway\": false}", "source_type": "osm", "source_reference": "OpenStreetMap via OSMnx", "observed_or_estimated": "OBSERVED", "modelled_or_interpolated": "NOT_APPLICABLE", "timestamp": "2026-10-08T20:03:11.406968+00:00", "assumptions_version": "2026-10-09-prompt-1", "computation_mode": "FULL"}, "geometry": {"type": "LineString", "coordinates": [[75.8547878, 22.719950599999997], [75.8545804, 22.7199469], [75.8542777, 22.7199556], [75.8542055, 22.719978100000002]]}}, {"id": "492", "type": "Feature", "properties": {"segment_id": "osm-3734463378-3734496853-0", "length_m": 5.02512899433853, "road_metadata": "{\"osmid\": 369676963, \"name\": NaN, \"highway\": \"residential\", \"maxspeed\": NaN, \"oneway\": false}", "source_type": "osm", "source_reference": "OpenStreetMap via OSMnx", "observed_or_estimated": "OBSERVED", "modelled_or_interpolated": "NOT_APPLICABLE", "timestamp": "2026-10-08T20:03:11.407212+00:00", "assumptions_version": "2026-10-09-prompt-1", "computation_mode": "FULL"}, "geometry": {"type": "LineString", "coordinates": [[75.8541567, 22.719981399999995], [75.8542055, 22.719978100000002]]}}, {"id": "493", "type": "Feature", "properties": {"segment_id": "osm-3734463378-3665539311-0", "length_m": 119.13099281747387, "road_metadata": "{\"osmid\": 362209635, \"name\": NaN, \"highway\": \"residential\", \"maxspeed\": NaN, \"oneway\": false}", "source_type": "osm", "source_reference": "OpenStreetMap via OSMnx", "observed_or_estimated": "OBSERVED", "modelled_or_interpolated": "NOT_APPLICABLE", "timestamp": "2026-10-08T20:03:11.407447+00:00", "assumptions_version": "2026-10-09-prompt-1", "computation_mode": "FULL"}, "geometry": {"type": "LineString", "coordinates": [[75.8541567, 22.719981399999995], [75.8542192, 22.72045569999999], [75.8542473, 22.7210534]]}}, {"id": "494", "type": "Feature", "properties": {"segment_id": "osm-3734463378-3734463385-0", "length_m": 187.17339357807262, "road_metadata": "{\"osmid\": 369676963, \"name\": NaN, \"highway\": \"residential\", \"maxspeed\": NaN, \"oneway\": false}", "source_type": "osm", "source_reference": "OpenStreetMap via OSMnx", "observed_or_estimated": "OBSERVED", "modelled_or_interpolated": "NOT_APPLICABLE", "timestamp": "2026-10-08T20:03:11.407756+00:00", "assumptions_version": "2026-10-09-prompt-1", "computation_mode": "FULL"}, "geometry": {"type": "LineString", "coordinates": [[75.8541567, 22.719981399999995], [75.853621, 22.720125399999997], [75.8531665, 22.720219800000006], [75.8530006, 22.720260399999994], [75.8526816, 22.7203172], [75.8523801, 22.720341300000005]]}}, {"id": "495", "type": "Feature", "properties": {"segment_id": "osm-3734463385-3734496860-0", "length_m": 35.01428179953207, "road_metadata": "{\"osmid\": 369676942, \"name\": NaN, \"highway\": \"residential\", \"maxspeed\": NaN, \"oneway\": false}", "source_type": "osm", "source_reference": "OpenStreetMap via OSMnx", "observed_or_estimated": "OBSERVED", "modelled_or_interpolated": "NOT_APPLICABLE", "timestamp": "2026-10-08T20:03:11.408099+00:00", "assumptions_version": "2026-10-09-prompt-1", "computation_mode": "FULL"}, "geometry": {"type": "LineString", "coordinates": [[75.8523801, 22.720341300000005], [75.85231870000001, 22.720315399999997], [75.8522449, 22.720274899999996], [75.8521824, 22.720194099999997], [75.852151, 22.7201253]]}}, {"id": "496", "type": "Feature", "properties": {"segment_id": "osm-3734463385-3734463378-0", "length_m": 187.1733935780726, "road_metadata": "{\"osmid\": 369676963, \"name\": NaN, \"highway\": \"residential\", \"maxspeed\": NaN, \"oneway\": false}", "source_type": "osm", "source_reference": "OpenStreetMap via OSMnx", "observed_or_estimated": "OBSERVED", "modelled_or_interpolated": "NOT_APPLICABLE", "timestamp": "2026-10-08T20:03:11.408810+00:00", "assumptions_version": "2026-10-09-prompt-1", "computation_mode": "FULL"}, "geometry": {"type": "LineString", "coordinates": [[75.8523801, 22.720341300000005], [75.8526816, 22.7203172], [75.8530006, 22.720260399999994], [75.8531665, 22.720219800000006], [75.853621, 22.720125399999997], [75.8541567, 22.719981399999995]]}}, {"id": "497", "type": "Feature", "properties": {"segment_id": "osm-3734463385-3734463404-0", "length_m": 75.85764608020915, "road_metadata": "{\"osmid\": 369999867, \"name\": NaN, \"highway\": \"residential\", \"maxspeed\": NaN, \"oneway\": false}", "source_type": "osm", "source_reference": "OpenStreetMap via OSMnx", "observed_or_estimated": "OBSERVED", "modelled_or_interpolated": "NOT_APPLICABLE", "timestamp": "2026-10-08T20:03:11.409113+00:00", "assumptions_version": "2026-10-09-prompt-1", "computation_mode": "FULL"}, "geometry": {"type": "LineString", "coordinates": [[75.8523801, 22.720341300000005], [75.8523725, 22.7203675], [75.852376, 22.720744299999996], [75.8523988, 22.720848699999998], [75.852423, 22.721022]]}}, {"id": "498", "type": "Feature", "properties": {"segment_id": "osm-3734463399-3665539304-0", "length_m": 28.063740419006137, "road_metadata": "{\"osmid\": 362209620, \"name\": NaN, \"highway\": \"residential\", \"maxspeed\": NaN, \"oneway\": false}", "source_type": "osm", "source_reference": "OpenStreetMap via OSMnx", "observed_or_estimated": "OBSERVED", "modelled_or_interpolated": "NOT_APPLICABLE", "timestamp": "2026-10-08T20:03:11.409362+00:00", "assumptions_version": "2026-10-09-prompt-1", "computation_mode": "FULL"}, "geometry": {"type": "LineString", "coordinates": [[75.8511041, 22.720814], [75.8508353, 22.720859600000004]]}}, {"id": "499", "type": "Feature", "properties": {"segment_id": "osm-3734463399-3665539301-0", "length_m": 26.86622998301406, "road_metadata": "{\"osmid\": 362209620, \"name\": NaN, \"highway\": \"residential\", \"maxspeed\": NaN, \"oneway\": false}", "source_type": "osm", "source_reference": "OpenStreetMap via OSMnx", "observed_or_estimated": "OBSERVED", "modelled_or_interpolated": "NOT_APPLICABLE", "timestamp": "2026-10-08T20:03:11.409617+00:00", "assumptions_version": "2026-10-09-prompt-1", "computation_mode": "FULL"}, "geometry": {"type": "LineString", "coordinates": [[75.8511041, 22.720814], [75.8512252, 22.7207894], [75.85136190000001, 22.72077459999999]]}}, {"id": "500", "type": "Feature", "properties": {"segment_id": "osm-3734463399-8460931654-0", "length_m": 105.4036243314444, "road_metadata": "{\"osmid\": 911203995, \"name\": NaN, \"highway\": \"residential\", \"maxspeed\": NaN, \"oneway\": false}", "source_type": "osm", "source_reference": "OpenStreetMap via OSMnx", "observed_or_estimated": "OBSERVED", "modelled_or_interpolated": "NOT_APPLICABLE", "timestamp": "2026-10-08T20:03:11.409866+00:00", "assumptions_version": "2026-10-09-prompt-1", "computation_mode": "FULL"}, "geometry": {"type": "LineString", "coordinates": [[75.8511041, 22.720814], [75.8510148, 22.719905300000008], [75.8510113, 22.719865799999994]]}}, {"id": "501", "type": "Feature", "properties": {"segment_id": "osm-3734463402-3665539324-0", "length_m": 78.47565759791154, "road_metadata": "{\"osmid\": 370008832, \"name\": NaN, \"highway\": \"residential\", \"maxspeed\": NaN, \"oneway\": false}", "source_type": "osm", "source_reference": "OpenStreetMap via OSMnx", "observed_or_estimated": "OBSERVED", "modelled_or_interpolated": "NOT_APPLICABLE", "timestamp": "2026-10-08T20:03:11.410111+00:00", "assumptions_version": "2026-10-09-prompt-1", "computation_mode": "FULL"}, "geometry": {"type": "LineString", "coordinates": [[75.8501542, 22.720955399999998], [75.8501587, 22.720989599999996], [75.8501868, 22.721194799999996], [75.8502041, 22.7214279], [75.8502063, 22.721661799999996]]}}, {"id": "502", "type": "Feature", "properties": {"segment_id": "osm-3734463403-3665539295-0", "length_m": 31.20078099656796, "road_metadata": "{\"osmid\": 362209634, \"name\": NaN, \"highway\": \"residential\", \"maxspeed\": NaN, \"oneway\": false}", "source_type": "osm", "source_reference": "OpenStreetMap via OSMnx", "observed_or_estimated": "OBSERVED", "modelled_or_interpolated": "NOT_APPLICABLE", "timestamp": "2026-10-08T20:03:11.410349+00:00", "assumptions_version": "2026-10-09-prompt-1", "computation_mode": "FULL"}, "geometry": {"type": "LineString", "coordinates": [[75.85272460000002, 22.720958799999995], [75.8527592, 22.720678799999998]]}}, {"id": "503", "type": "Feature", "properties": {"segment_id": "osm-3734463403-3665539322-0", "length_m": 55.11256713747226, "road_metadata": "{\"osmid\": 362209634, \"name\": NaN, \"highway\": \"residential\", \"maxspeed\": NaN, \"oneway\": false}", "source_type": "osm", "source_reference": "OpenStreetMap via OSMnx", "observed_or_estimated": "OBSERVED", "modelled_or_interpolated": "NOT_APPLICABLE", "timestamp": "2026-10-08T20:03:11.410587+00:00", "assumptions_version": "2026-10-09-prompt-1", "computation_mode": "FULL"}, "geometry": {"type": "LineString", "coordinates": [[75.85272460000002, 22.720958799999995], [75.8526636, 22.7214534]]}}, {"id": "504", "type": "Feature", "properties": {"segment_id": "osm-3734463403-3734463404-0", "length_m": 31.754905864113947, "road_metadata": "{\"osmid\": 369673287, \"name\": NaN, \"highway\": \"residential\", \"maxspeed\": NaN, \"oneway\": false}", "source_type": "osm", "source_reference": "OpenStreetMap via OSMnx", "observed_or_estimated": "OBSERVED", "modelled_or_interpolated": "NOT_APPLICABLE", "timestamp": "2026-10-08T20:03:11.410838+00:00", "assumptions_version": "2026-10-09-prompt-1", "computation_mode": "FULL"}, "geometry": {"type": "LineString", "coordinates": [[75.85272460000002, 22.720958799999995], [75.852423, 22.721022]]}}, {"id": "505", "type": "Feature", "properties": {"segment_id": "osm-3734463404-3734463403-0", "length_m": 31.754905864113947, "road_metadata": "{\"osmid\": 369673287, \"name\": NaN, \"highway\": \"residential\", \"maxspeed\": NaN, \"oneway\": false}", "source_type": "osm", "source_reference": "OpenStreetMap via OSMnx", "observed_or_estimated": "OBSERVED", "modelled_or_interpolated": "NOT_APPLICABLE", "timestamp": "2026-10-08T20:03:11.411082+00:00", "assumptions_version": "2026-10-09-prompt-1", "computation_mode": "FULL"}, "geometry": {"type": "LineString", "coordinates": [[75.852423, 22.721022], [75.85272460000002, 22.720958799999995]]}}, {"id": "506", "type": "Feature", "properties": {"segment_id": "osm-3734463404-3734463407-0", "length_m": 60.407268155192845, "road_metadata": "{\"osmid\": 369673299, \"name\": NaN, \"highway\": \"residential\", \"maxspeed\": NaN, \"oneway\": false}", "source_type": "osm", "source_reference": "OpenStreetMap via OSMnx", "observed_or_estimated": "OBSERVED", "modelled_or_interpolated": "NOT_APPLICABLE", "timestamp": "2026-10-08T20:03:11.411330+00:00", "assumptions_version": "2026-10-09-prompt-1", "computation_mode": "FULL"}, "geometry": {"type": "LineString", "coordinates": [[75.852423, 22.721022], [75.8522607, 22.721009600000002], [75.8520884, 22.721012199999993], [75.8518354, 22.721009599999995]]}}, {"id": "507", "type": "Feature", "properties": {"segment_id": "osm-3734463404-3734463385-0", "length_m": 75.85764608020915, "road_metadata": "{\"osmid\": 369999867, \"name\": NaN, \"highway\": \"residential\", \"maxspeed\": NaN, \"oneway\": false}", "source_type": "osm", "source_reference": "OpenStreetMap via OSMnx", "observed_or_estimated": "OBSERVED", "modelled_or_interpolated": "NOT_APPLICABLE", "timestamp": "2026-10-08T20:03:11.411589+00:00", "assumptions_version": "2026-10-09-prompt-1", "computation_mode": "FULL"}, "geometry": {"type": "LineString", "coordinates": [[75.852423, 22.721022], [75.8523988, 22.720848699999998], [75.852376, 22.720744299999996], [75.8523725, 22.7203675], [75.8523801, 22.720341300000005]]}}, {"id": "508", "type": "Feature", "properties": {"segment_id": "osm-3734463407-3734463404-0", "length_m": 60.407268155192845, "road_metadata": "{\"osmid\": 369673299, \"name\": NaN, \"highway\": \"residential\", \"maxspeed\": NaN, \"oneway\": false}", "source_type": "osm", "source_reference": "OpenStreetMap via OSMnx", "observed_or_estimated": "OBSERVED", "modelled_or_interpolated": "NOT_APPLICABLE", "timestamp": "2026-10-08T20:03:11.411863+00:00", "assumptions_version": "2026-10-09-prompt-1", "computation_mode": "FULL"}, "geometry": {"type": "LineString", "coordinates": [[75.8518354, 22.721009599999995], [75.8520884, 22.721012199999993], [75.8522607, 22.721009600000002], [75.852423, 22.721022]]}}, {"id": "509", "type": "Feature", "properties": {"segment_id": "osm-3734463407-3665594025-0", "length_m": 71.61873324668888, "road_metadata": "{\"osmid\": 369676971, \"name\": NaN, \"highway\": \"residential\", \"maxspeed\": NaN, \"oneway\": false}", "source_type": "osm", "source_reference": "OpenStreetMap via OSMnx", "observed_or_estimated": "OBSERVED", "modelled_or_interpolated": "NOT_APPLICABLE", "timestamp": "2026-10-08T20:03:11.412112+00:00", "assumptions_version": "2026-10-09-prompt-1", "computation_mode": "FULL"}, "geometry": {"type": "LineString", "coordinates": [[75.8518354, 22.721009599999995], [75.8518094, 22.721113899999995], [75.8517973, 22.721222899999997], [75.8517721, 22.7214498], [75.8517937, 22.721651]]}}, {"id": "510", "type": "Feature", "properties": {"segment_id": "osm-3734463407-3665539298-0", "length_m": 28.138532703670627, "road_metadata": "{\"osmid\": 369676971, \"name\": NaN, \"highway\": \"residential\", \"maxspeed\": NaN, \"oneway\": false}", "source_type": "osm", "source_reference": "OpenStreetMap via OSMnx", "observed_or_estimated": "OBSERVED", "modelled_or_interpolated": "NOT_APPLICABLE", "timestamp": "2026-10-08T20:03:11.412469+00:00", "assumptions_version": "2026-10-09-prompt-1", "computation_mode": "FULL"}, "geometry": {"type": "LineString", "coordinates": [[75.8518354, 22.721009599999995], [75.8518451, 22.7209668], [75.85188350000001, 22.7207594]]}}, {"id": "511", "type": "Feature", "properties": {"segment_id": "osm-3734463409-2025111260-0", "length_m": 22.459771950647273, "road_metadata": "{\"osmid\": 362209628, \"name\": NaN, \"highway\": \"residential\", \"maxspeed\": NaN, \"oneway\": false}", "source_type": "osm", "source_reference": "OpenStreetMap via OSMnx", "observed_or_estimated": "OBSERVED", "modelled_or_interpolated": "NOT_APPLICABLE", "timestamp": "2026-10-08T20:03:11.412796+00:00", "assumptions_version": "2026-10-09-prompt-1", "computation_mode": "FULL"}, "geometry": {"type": "LineString", "coordinates": [[75.8545176, 22.721039599999997], [75.8545518, 22.721041400000004], [75.8547272, 22.7210943]]}}, {"id": "512", "type": "Feature", "properties": {"segment_id": "osm-3734463409-3665539311-0", "length_m": 27.892322389281478, "road_metadata": "{\"osmid\": 362209628, \"name\": NaN, \"highway\": \"residential\", \"maxspeed\": NaN, \"oneway\": false}", "source_type": "osm", "source_reference": "OpenStreetMap via OSMnx", "observed_or_estimated": "OBSERVED", "modelled_or_interpolated": "NOT_APPLICABLE", "timestamp": "2026-10-08T20:03:11.413155+00:00", "assumptions_version": "2026-10-09-prompt-1", "computation_mode": "FULL"}, "geometry": {"type": "LineString", "coordinates": [[75.8545176, 22.721039599999997], [75.8542775, 22.721045400000005], [75.8542473, 22.7210534]]}}, {"id": "513", "type": "Feature", "properties": {"segment_id": "osm-3734463409-3734463375-0", "length_m": 126.6915814876136, "road_metadata": "{\"osmid\": 369673281, \"name\": NaN, \"highway\": \"residential\", \"maxspeed\": NaN, \"oneway\": false}", "source_type": "osm", "source_reference": "OpenStreetMap via OSMnx", "observed_or_estimated": "OBSERVED", "modelled_or_interpolated": "NOT_APPLICABLE", "timestamp": "2026-10-08T20:03:11.413675+00:00", "assumptions_version": "2026-10-09-prompt-1", "computation_mode": "FULL"}, "geometry": {"type": "LineString", "coordinates": [[75.8545176, 22.721039599999997], [75.8545028, 22.720826999999996], [75.8545162, 22.720701], [75.8545335, 22.720587399999996], [75.8545926, 22.720430799999995], [75.8546393, 22.7202662], [75.8546996, 22.720219299999997], [75.8547398, 22.720094499999995], [75.8547878, 22.719950599999997]]}}, {"id": "514", "type": "Feature", "properties": {"segment_id": "osm-3734463417-2025111297-0", "length_m": 70.33588526701907, "road_metadata": "{\"osmid\": 369673301, \"name\": NaN, \"highway\": \"residential\", \"maxspeed\": NaN, \"oneway\": false}", "source_type": "osm", "source_reference": "OpenStreetMap via OSMnx", "observed_or_estimated": "OBSERVED", "modelled_or_interpolated": "NOT_APPLICABLE", "timestamp": "2026-10-08T20:03:11.414847+00:00", "assumptions_version": "2026-10-09-prompt-1", "computation_mode": "FULL"}, "geometry": {"type": "LineString", "coordinates": [[75.853968, 22.721415700000005], [75.8539921, 22.7213761], [75.854039, 22.721344000000002], [75.8540846, 22.7213341], [75.8541436, 22.7213279], [75.8544819, 22.721422799999996], [75.8545924, 22.721461]]}}, {"id": "515", "type": "Feature", "properties": {"segment_id": "osm-3734466230-3665594030-0", "length_m": 45.51847081104509, "road_metadata": "{\"osmid\": 362209630, \"name\": NaN, \"highway\": \"residential\", \"maxspeed\": NaN, \"oneway\": false}", "source_type": "osm", "source_reference": "OpenStreetMap via OSMnx", "observed_or_estimated": "OBSERVED", "modelled_or_interpolated": "NOT_APPLICABLE", "timestamp": "2026-10-08T20:03:11.416020+00:00", "assumptions_version": "2026-10-09-prompt-1", "computation_mode": "FULL"}, "geometry": {"type": "LineString", "coordinates": [[75.8513726, 22.721675600000005], [75.8509345, 22.7217379]]}}, {"id": "516", "type": "Feature", "properties": {"segment_id": "osm-3734466230-3665594029-0", "length_m": 43.58658991410218, "road_metadata": "{\"osmid\": 362209630, \"name\": NaN, \"highway\": \"residential\", \"maxspeed\": NaN, \"oneway\": false}", "source_type": "osm", "source_reference": "OpenStreetMap via OSMnx", "observed_or_estimated": "OBSERVED", "modelled_or_interpolated": "NOT_APPLICABLE", "timestamp": "2026-10-08T20:03:11.417054+00:00", "assumptions_version": "2026-10-09-prompt-1", "computation_mode": "FULL"}, "geometry": {"type": "LineString", "coordinates": [[75.8513726, 22.721675600000005], [75.8514905, 22.72167509999999], [75.8517968, 22.721664699999998]]}}, {"id": "517", "type": "Feature", "properties": {"segment_id": "osm-3734466230-3665539301-0", "length_m": 103.00488476858368, "road_metadata": "{\"osmid\": 369673300, \"name\": NaN, \"highway\": \"residential\", \"maxspeed\": NaN, \"oneway\": false}", "source_type": "osm", "source_reference": "OpenStreetMap via OSMnx", "observed_or_estimated": "OBSERVED", "modelled_or_interpolated": "NOT_APPLICABLE", "timestamp": "2026-10-08T20:03:11.417880+00:00", "assumptions_version": "2026-10-09-prompt-1", "computation_mode": "FULL"}, "geometry": {"type": "LineString", "coordinates": [[75.8513726, 22.721675600000005], [75.8513709, 22.7215209], [75.8513749, 22.721501699999997], [75.8513853, 22.7214844], [75.8514256, 22.7214408], [75.8514393, 22.721425], [75.85145, 22.721402699999995], [75.8514521, 22.7213811], [75.8514084, 22.7210733], [75.851377, 22.720918399999995], [75.85136190000001, 22.72077459999999]]}}, {"id": "518", "type": "Feature", "properties": {"segment_id": "osm-3734466242-2025111363-0", "length_m": 13.419015627109932, "road_metadata": "{\"osmid\": 370006687, \"name\": NaN, \"highway\": \"residential\", \"maxspeed\": NaN, \"oneway\": false}", "source_type": "osm", "source_reference": "OpenStreetMap via OSMnx", "observed_or_estimated": "OBSERVED", "modelled_or_interpolated": "NOT_APPLICABLE", "timestamp": "2026-10-08T20:03:11.418445+00:00", "assumptions_version": "2026-10-09-prompt-1", "computation_mode": "FULL"}, "geometry": {"type": "LineString", "coordinates": [[75.8549993, 22.7219581], [75.8551241, 22.721994]]}}, {"id": "519", "type": "Feature", "properties": {"segment_id": "osm-3734466242-2025111355-0", "length_m": 19.132220841692217, "road_metadata": "{\"osmid\": 370006687, \"name\": NaN, \"highway\": \"residential\", \"maxspeed\": NaN, \"oneway\": false}", "source_type": "osm", "source_reference": "OpenStreetMap via OSMnx", "observed_or_estimated": "OBSERVED", "modelled_or_interpolated": "NOT_APPLICABLE", "timestamp": "2026-10-08T20:03:11.418949+00:00", "assumptions_version": "2026-10-09-prompt-1", "computation_mode": "FULL"}, "geometry": {"type": "LineString", "coordinates": [[75.8549993, 22.7219581], [75.8549625, 22.721944099999998], [75.8548797, 22.721931699999992], [75.8548174, 22.7219256]]}}, {"id": "520", "type": "Feature", "properties": {"segment_id": "osm-3734494537-3734494538-0", "length_m": 25.21300637762448, "road_metadata": "{\"osmid\": 370006718, \"name\": NaN, \"highway\": \"residential\", \"maxspeed\": NaN, \"oneway\": false}", "source_type": "osm", "source_reference": "OpenStreetMap via OSMnx", "observed_or_estimated": "OBSERVED", "modelled_or_interpolated": "NOT_APPLICABLE", "timestamp": "2026-10-08T20:03:11.419553+00:00", "assumptions_version": "2026-10-09-prompt-1", "computation_mode": "FULL"}, "geometry": {"type": "LineString", "coordinates": [[75.8516716, 22.7153001], [75.8519157, 22.715324299999995]]}}, {"id": "521", "type": "Feature", "properties": {"segment_id": "osm-3734494537-8474397649-0", "length_m": 33.10196306652559, "road_metadata": "{\"osmid\": 912247284, \"name\": NaN, \"highway\": \"residential\", \"maxspeed\": NaN, \"oneway\": false}", "source_type": "osm", "source_reference": "OpenStreetMap via OSMnx", "observed_or_estimated": "OBSERVED", "modelled_or_interpolated": "NOT_APPLICABLE", "timestamp": "2026-10-08T20:03:11.436039+00:00", "assumptions_version": "2026-10-09-prompt-1", "computation_mode": "FULL"}, "geometry": {"type": "LineString", "coordinates": [[75.8516716, 22.7153001], [75.8513538, 22.715250299999997]]}}, {"id": "522", "type": "Feature", "properties": {"segment_id": "osm-3734494537-3734494541-0", "length_m": 56.524031187792374, "road_metadata": "{\"osmid\": 370006718, \"name\": NaN, \"highway\": \"residential\", \"maxspeed\": NaN, \"oneway\": false}", "source_type": "osm", "source_reference": "OpenStreetMap via OSMnx", "observed_or_estimated": "OBSERVED", "modelled_or_interpolated": "NOT_APPLICABLE", "timestamp": "2026-10-08T20:03:11.437692+00:00", "assumptions_version": "2026-10-09-prompt-1", "computation_mode": "FULL"}, "geometry": {"type": "LineString", "coordinates": [[75.8516716, 22.7153001], [75.85170950000001, 22.715529799999995], [75.8517176, 22.715565699999996], [75.851735, 22.715589200000004], [75.8517632, 22.7156016], [75.8519616, 22.71560089999999]]}}, {"id": "523", "type": "Feature", "properties": {"segment_id": "osm-3734494538-8478005563-0", "length_m": 2.867364819490905, "road_metadata": "{\"osmid\": 192154578, \"name\": NaN, \"highway\": \"residential\", \"maxspeed\": NaN, \"oneway\": false}", "source_type": "osm", "source_reference": "OpenStreetMap via OSMnx", "observed_or_estimated": "OBSERVED", "modelled_or_interpolated": "NOT_APPLICABLE", "timestamp": "2026-10-08T20:03:11.438231+00:00", "assumptions_version": "2026-10-09-prompt-1", "computation_mode": "FULL"}, "geometry": {"type": "LineString", "coordinates": [[75.8519157, 22.715324299999995], [75.8519159, 22.7152984]]}}, {"id": "524", "type": "Feature", "properties": {"segment_id": "osm-3734494538-3734494537-0", "length_m": 25.21300637762448, "road_metadata": "{\"osmid\": 370006718, \"name\": NaN, \"highway\": \"residential\", \"maxspeed\": NaN, \"oneway\": false}", "source_type": "osm", "source_reference": "OpenStreetMap via OSMnx", "observed_or_estimated": "OBSERVED", "modelled_or_interpolated": "NOT_APPLICABLE", "timestamp": "2026-10-08T20:03:11.438668+00:00", "assumptions_version": "2026-10-09-prompt-1", "computation_mode": "FULL"}, "geometry": {"type": "LineString", "coordinates": [[75.8519157, 22.715324299999995], [75.8516716, 22.7153001]]}}, {"id": "525", "type": "Feature", "properties": {"segment_id": "osm-3734494538-3734494541-0", "length_m": 30.983453959813353, "road_metadata": "{\"osmid\": 192154578, \"name\": NaN, \"highway\": \"residential\", \"maxspeed\": NaN, \"oneway\": false}", "source_type": "osm", "source_reference": "OpenStreetMap via OSMnx", "observed_or_estimated": "OBSERVED", "modelled_or_interpolated": "NOT_APPLICABLE", "timestamp": "2026-10-08T20:03:11.439088+00:00", "assumptions_version": "2026-10-09-prompt-1", "computation_mode": "FULL"}, "geometry": {"type": "LineString", "coordinates": [[75.8519157, 22.715324299999995], [75.8519403, 22.7154811], [75.8519616, 22.71560089999999]]}}, {"id": "526", "type": "Feature", "properties": {"segment_id": "osm-3734494541-2027156504-0", "length_m": 29.364116736378747, "road_metadata": "{\"osmid\": 192154578, \"name\": NaN, \"highway\": \"residential\", \"maxspeed\": NaN, \"oneway\": false}", "source_type": "osm", "source_reference": "OpenStreetMap via OSMnx", "observed_or_estimated": "OBSERVED", "modelled_or_interpolated": "NOT_APPLICABLE", "timestamp": "2026-10-08T20:03:11.439515+00:00", "assumptions_version": "2026-10-09-prompt-1", "computation_mode": "FULL"}, "geometry": {"type": "LineString", "coordinates": [[75.8519616, 22.71560089999999], [75.8519308, 22.715864599999996]]}}, {"id": "527", "type": "Feature", "properties": {"segment_id": "osm-3734494541-3734494538-0", "length_m": 30.983453959813353, "road_metadata": "{\"osmid\": 192154578, \"name\": NaN, \"highway\": \"residential\", \"maxspeed\": NaN, \"oneway\": false}", "source_type": "osm", "source_reference": "OpenStreetMap via OSMnx", "observed_or_estimated": "OBSERVED", "modelled_or_interpolated": "NOT_APPLICABLE", "timestamp": "2026-10-08T20:03:11.439946+00:00", "assumptions_version": "2026-10-09-prompt-1", "computation_mode": "FULL"}, "geometry": {"type": "LineString", "coordinates": [[75.8519616, 22.71560089999999], [75.8519403, 22.7154811], [75.8519157, 22.715324299999995]]}}, {"id": "528", "type": "Feature", "properties": {"segment_id": "osm-3734494541-3734494537-0", "length_m": 56.52403118779238, "road_metadata": "{\"osmid\": 370006718, \"name\": NaN, \"highway\": \"residential\", \"maxspeed\": NaN, \"oneway\": false}", "source_type": "osm", "source_reference": "OpenStreetMap via OSMnx", "observed_or_estimated": "OBSERVED", "modelled_or_interpolated": "NOT_APPLICABLE", "timestamp": "2026-10-08T20:03:11.440338+00:00", "assumptions_version": "2026-10-09-prompt-1", "computation_mode": "FULL"}, "geometry": {"type": "LineString", "coordinates": [[75.8519616, 22.71560089999999], [75.8517632, 22.7156016], [75.851735, 22.715589200000004], [75.8517176, 22.715565699999996], [75.85170950000001, 22.715529799999995], [75.8516716, 22.7153001]]}}, {"id": "529", "type": "Feature", "properties": {"segment_id": "osm-3734494544-3734538694-0", "length_m": 4.039808950576963, "road_metadata": "{\"osmid\": 191943295, \"name\": \"Jawahar Marg\", \"highway\": \"secondary\", \"maxspeed\": \"30\", \"oneway\": false}", "source_type": "osm", "source_reference": "OpenStreetMap via OSMnx", "observed_or_estimated": "OBSERVED", "modelled_or_interpolated": "NOT_APPLICABLE", "timestamp": "2026-10-08T20:03:11.444368+00:00", "assumptions_version": "2026-10-09-prompt-1", "computation_mode": "FULL"}, "geometry": {"type": "LineString", "coordinates": [[75.8506922, 22.7156585], [75.850654, 22.715649799999998]]}}, {"id": "530", "type": "Feature", "properties": {"segment_id": "osm-3734494544-2027156485-0", "length_m": 33.73802690975518, "road_metadata": "{\"osmid\": 191943295, \"name\": \"Jawahar Marg\", \"highway\": \"secondary\", \"maxspeed\": \"30\", \"oneway\": false}", "source_type": "osm", "source_reference": "OpenStreetMap via OSMnx", "observed_or_estimated": "OBSERVED", "modelled_or_interpolated": "NOT_APPLICABLE", "timestamp": "2026-10-08T20:03:11.444989+00:00", "assumptions_version": "2026-10-09-prompt-1", "computation_mode": "FULL"}, "geometry": {"type": "LineString", "coordinates": [[75.8506922, 22.7156585], [75.8510136, 22.715721500000004]]}}, {"id": "531", "type": "Feature", "properties": {"segment_id": "osm-3734494544-3734494554-0", "length_m": 43.236750286756376, "road_metadata": "{\"osmid\": 369676950, \"name\": NaN, \"highway\": \"residential\", \"maxspeed\": NaN, \"oneway\": false}", "source_type": "osm", "source_reference": "OpenStreetMap via OSMnx", "observed_or_estimated": "OBSERVED", "modelled_or_interpolated": "NOT_APPLICABLE", "timestamp": "2026-10-08T20:03:11.450804+00:00", "assumptions_version": "2026-10-09-prompt-1", "computation_mode": "FULL"}, "geometry": {"type": "LineString", "coordinates": [[75.8506922, 22.7156585], [75.8506914, 22.715704299999995], [75.8506852, 22.716049]]}}, {"id": "532", "type": "Feature", "properties": {"segment_id": "osm-3734494548-8478005556-0", "length_m": 71.7212114006418, "road_metadata": "{\"osmid\": 192154588, \"name\": NaN, \"highway\": \"residential\", \"maxspeed\": NaN, \"oneway\": false}", "source_type": "osm", "source_reference": "OpenStreetMap via OSMnx", "observed_or_estimated": "OBSERVED", "modelled_or_interpolated": "NOT_APPLICABLE", "timestamp": "2026-10-08T20:03:11.451833+00:00", "assumptions_version": "2026-10-09-prompt-1", "computation_mode": "FULL"}, "geometry": {"type": "LineString", "coordinates": [[75.8529876, 22.715783099999996], [75.8530162, 22.7152081], [75.8530257, 22.7151364]]}}, {"id": "533", "type": "Feature", "properties": {"segment_id": "osm-3734494548-2027156516-0", "length_m": 28.519413350021516, "road_metadata": "{\"osmid\": 192154588, \"name\": NaN, \"highway\": \"residential\", \"maxspeed\": NaN, \"oneway\": false}", "source_type": "osm", "source_reference": "OpenStreetMap via OSMnx", "observed_or_estimated": "OBSERVED", "modelled_or_interpolated": "NOT_APPLICABLE", "timestamp": "2026-10-08T20:03:11.452558+00:00", "assumptions_version": "2026-10-09-prompt-1", "computation_mode": "FULL"}, "geometry": {"type": "LineString", "coordinates": [[75.8529876, 22.715783099999996], [75.8530103, 22.715893199999996], [75.853004, 22.7160386]]}}, {"id": "534", "type": "Feature", "properties": {"segment_id": "osm-3734494548-3734494551-0", "length_m": 71.74508012965052, "road_metadata": "{\"osmid\": 370006722, \"name\": NaN, \"highway\": \"residential\", \"maxspeed\": NaN, \"oneway\": false}", "source_type": "osm", "source_reference": "OpenStreetMap via OSMnx", "observed_or_estimated": "OBSERVED", "modelled_or_interpolated": "NOT_APPLICABLE", "timestamp": "2026-10-08T20:03:11.453062+00:00", "assumptions_version": "2026-10-09-prompt-1", "computation_mode": "FULL"}, "geometry": {"type": "LineString", "coordinates": [[75.8529876, 22.715783099999996], [75.8527914, 22.715755599999994], [75.8525839, 22.7157389], [75.8525491, 22.7157401], [75.8525223, 22.715758699999995], [75.8525142, 22.715790800000004], [75.8525106, 22.7159652]]}}, {"id": "535", "type": "Feature", "properties": {"segment_id": "osm-3734494551-6611315823-0", "length_m": 38.08400138751207, "road_metadata": "{\"osmid\": 191943295, \"name\": \"Jawahar Marg\", \"highway\": \"secondary\", \"maxspeed\": \"30\", \"oneway\": false}", "source_type": "osm", "source_reference": "OpenStreetMap via OSMnx", "observed_or_estimated": "OBSERVED", "modelled_or_interpolated": "NOT_APPLICABLE", "timestamp": "2026-10-08T20:03:11.453489+00:00", "assumptions_version": "2026-10-09-prompt-1", "computation_mode": "FULL"}, "geometry": {"type": "LineString", "coordinates": [[75.8525106, 22.7159652], [75.85214590000001, 22.715903]]}}, {"id": "536", "type": "Feature", "properties": {"segment_id": "osm-3734494551-2027156516-0", "length_m": 51.32172205590466, "road_metadata": "{\"osmid\": 191943295, \"name\": \"Jawahar Marg\", \"highway\": \"secondary\", \"maxspeed\": \"30\", \"oneway\": false}", "source_type": "osm", "source_reference": "OpenStreetMap via OSMnx", "observed_or_estimated": "OBSERVED", "modelled_or_interpolated": "NOT_APPLICABLE", "timestamp": "2026-10-08T20:03:11.453892+00:00", "assumptions_version": "2026-10-09-prompt-1", "computation_mode": "FULL"}, "geometry": {"type": "LineString", "coordinates": [[75.8525106, 22.7159652], [75.853004, 22.7160386]]}}, {"id": "537", "type": "Feature", "properties": {"segment_id": "osm-3734494551-3734494548-0", "length_m": 71.74508012965053, "road_metadata": "{\"osmid\": 370006722, \"name\": NaN, \"highway\": \"residential\", \"maxspeed\": NaN, \"oneway\": false}", "source_type": "osm", "source_reference": "OpenStreetMap via OSMnx", "observed_or_estimated": "OBSERVED", "modelled_or_interpolated": "NOT_APPLICABLE", "timestamp": "2026-10-08T20:03:11.454338+00:00", "assumptions_version": "2026-10-09-prompt-1", "computation_mode": "FULL"}, "geometry": {"type": "LineString", "coordinates": [[75.8525106, 22.7159652], [75.8525142, 22.715790800000004], [75.8525223, 22.715758699999995], [75.8525491, 22.7157401], [75.8525839, 22.7157389], [75.8527914, 22.715755599999994], [75.8529876, 22.715783099999996]]}}, {"id": "538", "type": "Feature", "properties": {"segment_id": "osm-3734494554-3734494582-0", "length_m": 35.15430387259862, "road_metadata": "{\"osmid\": 369676950, \"name\": NaN, \"highway\": \"residential\", \"maxspeed\": NaN, \"oneway\": false}", "source_type": "osm", "source_reference": "OpenStreetMap via OSMnx", "observed_or_estimated": "OBSERVED", "modelled_or_interpolated": "NOT_APPLICABLE", "timestamp": "2026-10-08T20:03:11.454895+00:00", "assumptions_version": "2026-10-09-prompt-1", "computation_mode": "FULL"}, "geometry": {"type": "LineString", "coordinates": [[75.8506852, 22.716049], [75.8507116, 22.716365599999996]]}}, {"id": "539", "type": "Feature", "properties": {"segment_id": "osm-3734494554-3734494544-0", "length_m": 43.236750286756376, "road_metadata": "{\"osmid\": 369676950, \"name\": NaN, \"highway\": \"residential\", \"maxspeed\": NaN, \"oneway\": false}", "source_type": "osm", "source_reference": "OpenStreetMap via OSMnx", "observed_or_estimated": "OBSERVED", "modelled_or_interpolated": "NOT_APPLICABLE", "timestamp": "2026-10-08T20:03:11.455333+00:00", "assumptions_version": "2026-10-09-prompt-1", "computation_mode": "FULL"}, "geometry": {"type": "LineString", "coordinates": [[75.8506852, 22.716049], [75.8506914, 22.715704299999995], [75.8506922, 22.7156585]]}}, {"id": "540", "type": "Feature", "properties": {"segment_id": "osm-3734494557-3734494569-0", "length_m": 17.455162699940065, "road_metadata": "{\"osmid\": 369676972, \"name\": NaN, \"highway\": \"residential\", \"maxspeed\": NaN, \"oneway\": false}", "source_type": "osm", "source_reference": "OpenStreetMap via OSMnx", "observed_or_estimated": "OBSERVED", "modelled_or_interpolated": "NOT_APPLICABLE", "timestamp": "2026-10-08T20:03:11.455719+00:00", "assumptions_version": "2026-10-09-prompt-1", "computation_mode": "FULL"}, "geometry": {"type": "LineString", "coordinates": [[75.8516515, 22.716103099999998], [75.8516464, 22.716260700000003]]}}, {"id": "541", "type": "Feature", "properties": {"segment_id": "osm-3734494557-6611315824-0", "length_m": 30.954895272465073, "road_metadata": "{\"osmid\": 704101034, \"name\": NaN, \"highway\": \"residential\", \"maxspeed\": NaN, \"oneway\": false}", "source_type": "osm", "source_reference": "OpenStreetMap via OSMnx", "observed_or_estimated": "OBSERVED", "modelled_or_interpolated": "NOT_APPLICABLE", "timestamp": "2026-10-08T20:03:11.456140+00:00", "assumptions_version": "2026-10-09-prompt-1", "computation_mode": "FULL"}, "geometry": {"type": "LineString", "coordinates": [[75.8516515, 22.716103099999998], [75.8516491, 22.715869], [75.8516486, 22.715823499999996]]}}, {"id": "542", "type": "Feature", "properties": {"segment_id": "osm-3734494557-3734494563-0", "length_m": 48.16553537710756, "road_metadata": "{\"osmid\": 704101035, \"name\": NaN, \"highway\": \"residential\", \"maxspeed\": NaN, \"oneway\": false}", "source_type": "osm", "source_reference": "OpenStreetMap via OSMnx", "observed_or_estimated": "OBSERVED", "modelled_or_interpolated": "NOT_APPLICABLE", "timestamp": "2026-10-08T20:03:11.456582+00:00", "assumptions_version": "2026-10-09-prompt-1", "computation_mode": "FULL"}, "geometry": {"type": "LineString", "coordinates": [[75.8516515, 22.716103099999998], [75.8519212, 22.716122899999995], [75.8521187, 22.716140699999997]]}}, {"id": "543", "type": "Feature", "properties": {"segment_id": "osm-3734494563-6611315825-0", "length_m": 16.015730445049332, "road_metadata": "{\"osmid\": 704101035, \"name\": NaN, \"highway\": \"residential\", \"maxspeed\": NaN, \"oneway\": false}", "source_type": "osm", "source_reference": "OpenStreetMap via OSMnx", "observed_or_estimated": "OBSERVED", "modelled_or_interpolated": "NOT_APPLICABLE", "timestamp": "2026-10-08T20:03:11.457142+00:00", "assumptions_version": "2026-10-09-prompt-1", "computation_mode": "FULL"}, "geometry": {"type": "LineString", "coordinates": [[75.8521187, 22.716140699999997], [75.8520973, 22.716284000000005]]}}, {"id": "544", "type": "Feature", "properties": {"segment_id": "osm-3734494563-6611315823-0", "length_m": 26.462739497699623, "road_metadata": "{\"osmid\": 704101033, \"name\": NaN, \"highway\": \"residential\", \"maxspeed\": NaN, \"oneway\": false}", "source_type": "osm", "source_reference": "OpenStreetMap via OSMnx", "observed_or_estimated": "OBSERVED", "modelled_or_interpolated": "NOT_APPLICABLE", "timestamp": "2026-10-08T20:03:11.457653+00:00", "assumptions_version": "2026-10-09-prompt-1", "computation_mode": "FULL"}, "geometry": {"type": "LineString", "coordinates": [[75.8521187, 22.716140699999997], [75.8521408, 22.71594779999999], [75.85214590000001, 22.715903]]}}, {"id": "545", "type": "Feature", "properties": {"segment_id": "osm-3734494563-3734494557-0", "length_m": 48.16553537710756, "road_metadata": "{\"osmid\": 704101035, \"name\": NaN, \"highway\": \"residential\", \"maxspeed\": NaN, \"oneway\": false}", "source_type": "osm", "source_reference": "OpenStreetMap via OSMnx", "observed_or_estimated": "OBSERVED", "modelled_or_interpolated": "NOT_APPLICABLE", "timestamp": "2026-10-08T20:03:11.458187+00:00", "assumptions_version": "2026-10-09-prompt-1", "computation_mode": "FULL"}, "geometry": {"type": "LineString", "coordinates": [[75.8521187, 22.716140699999997], [75.8519212, 22.716122899999995], [75.8516515, 22.716103099999998]]}}, {"id": "546", "type": "Feature", "properties": {"segment_id": "osm-3734494567-3734494577-0", "length_m": 13.149430222083128, "road_metadata": "{\"osmid\": 370006727, \"name\": NaN, \"highway\": \"residential\", \"maxspeed\": NaN, \"oneway\": false}", "source_type": "osm", "source_reference": "OpenStreetMap via OSMnx", "observed_or_estimated": "OBSERVED", "modelled_or_interpolated": "NOT_APPLICABLE", "timestamp": "2026-10-08T20:03:11.458761+00:00", "assumptions_version": "2026-10-09-prompt-1", "computation_mode": "FULL"}, "geometry": {"type": "LineString", "coordinates": [[75.8526987, 22.716210400000005], [75.85270570000002, 22.716329]]}}, {"id": "547", "type": "Feature", "properties": {"segment_id": "osm-3734494568-3732489062-0", "length_m": 28.751958101314006, "road_metadata": "{\"osmid\": 191943295, \"name\": \"Jawahar Marg\", \"highway\": \"secondary\", \"maxspeed\": \"30\", \"oneway\": false}", "source_type": "osm", "source_reference": "OpenStreetMap via OSMnx", "observed_or_estimated": "OBSERVED", "modelled_or_interpolated": "NOT_APPLICABLE", "timestamp": "2026-10-08T20:03:11.459265+00:00", "assumptions_version": "2026-10-09-prompt-1", "computation_mode": "FULL"}, "geometry": {"type": "LineString", "coordinates": [[75.8537394, 22.716150399999997], [75.8534638, 22.716104799999997]]}}, {"id": "548", "type": "Feature", "properties": {"segment_id": "osm-3734494568-2027156525-0", "length_m": 29.20508942843178, "road_metadata": "{\"osmid\": 191943295, \"name\": \"Jawahar Marg\", \"highway\": \"secondary\", \"maxspeed\": \"30\", \"oneway\": false}", "source_type": "osm", "source_reference": "OpenStreetMap via OSMnx", "observed_or_estimated": "OBSERVED", "modelled_or_interpolated": "NOT_APPLICABLE", "timestamp": "2026-10-08T20:03:11.459729+00:00", "assumptions_version": "2026-10-09-prompt-1", "computation_mode": "FULL"}, "geometry": {"type": "LineString", "coordinates": [[75.8537394, 22.716150399999997], [75.8540169, 22.716208]]}}, {"id": "549", "type": "Feature", "properties": {"segment_id": "osm-3734494568-2027156502-0", "length_m": 48.737068063310716, "road_metadata": "{\"osmid\": 369676952, \"name\": NaN, \"highway\": \"residential\", \"maxspeed\": NaN, \"oneway\": false}", "source_type": "osm", "source_reference": "OpenStreetMap via OSMnx", "observed_or_estimated": "OBSERVED", "modelled_or_interpolated": "NOT_APPLICABLE", "timestamp": "2026-10-08T20:03:11.460229+00:00", "assumptions_version": "2026-10-09-prompt-1", "computation_mode": "FULL"}, "geometry": {"type": "LineString", "coordinates": [[75.8537394, 22.716150399999997], [75.8537204, 22.715971299999993], [75.8539987, 22.7159384]]}}, {"id": "550", "type": "Feature", "properties": {"segment_id": "osm-3734494569-3734494557-0", "length_m": 17.455162699940065, "road_metadata": "{\"osmid\": 369676972, \"name\": NaN, \"highway\": \"residential\", \"maxspeed\": NaN, \"oneway\": false}", "source_type": "osm", "source_reference": "OpenStreetMap via OSMnx", "observed_or_estimated": "OBSERVED", "modelled_or_interpolated": "NOT_APPLICABLE", "timestamp": "2026-10-08T20:03:11.460731+00:00", "assumptions_version": "2026-10-09-prompt-1", "computation_mode": "FULL"}, "geometry": {"type": "LineString", "coordinates": [[75.8516464, 22.716260700000003], [75.8516515, 22.716103099999998]]}}, {"id": "551", "type": "Feature", "properties": {"segment_id": "osm-3734494569-3734494570-0", "length_m": 30.367618128693792, "road_metadata": "{\"osmid\": 369676974, \"name\": NaN, \"highway\": \"residential\", \"maxspeed\": NaN, \"oneway\": false}", "source_type": "osm", "source_reference": "OpenStreetMap via OSMnx", "observed_or_estimated": "OBSERVED", "modelled_or_interpolated": "NOT_APPLICABLE", "timestamp": "2026-10-08T20:03:11.461209+00:00", "assumptions_version": "2026-10-09-prompt-1", "computation_mode": "FULL"}, "geometry": {"type": "LineString", "coordinates": [[75.8516464, 22.716260700000003], [75.8515491, 22.7162515], [75.8513513, 22.716246399999996]]}}, {"id": "552", "type": "Feature", "properties": {"segment_id": "osm-3734494569-6611315825-0", "length_m": 46.495634473485616, "road_metadata": "{\"osmid\": 369676974, \"name\": NaN, \"highway\": \"residential\", \"maxspeed\": NaN, \"oneway\": false}", "source_type": "osm", "source_reference": "OpenStreetMap via OSMnx", "observed_or_estimated": "OBSERVED", "modelled_or_interpolated": "NOT_APPLICABLE", "timestamp": "2026-10-08T20:03:11.461670+00:00", "assumptions_version": "2026-10-09-prompt-1", "computation_mode": "FULL"}, "geometry": {"type": "LineString", "coordinates": [[75.8516464, 22.716260700000003], [75.8520216, 22.716268999999997], [75.8520973, 22.716284000000005]]}}, {"id": "553", "type": "Feature", "properties": {"segment_id": "osm-3734494570-3734494585-0", "length_m": 13.353260313798087, "road_metadata": "{\"osmid\": 370006753, \"name\": NaN, \"highway\": \"residential\", \"maxspeed\": NaN, \"oneway\": false}", "source_type": "osm", "source_reference": "OpenStreetMap via OSMnx", "observed_or_estimated": "OBSERVED", "modelled_or_interpolated": "NOT_APPLICABLE", "timestamp": "2026-10-08T20:03:11.462109+00:00", "assumptions_version": "2026-10-09-prompt-1", "computation_mode": "FULL"}, "geometry": {"type": "LineString", "coordinates": [[75.8513513, 22.716246399999996], [75.8513536, 22.716367000000005]]}}, {"id": "554", "type": "Feature", "properties": {"segment_id": "osm-3734494570-3734494569-0", "length_m": 30.367618128693792, "road_metadata": "{\"osmid\": 369676974, \"name\": NaN, \"highway\": \"residential\", \"maxspeed\": NaN, \"oneway\": false}", "source_type": "osm", "source_reference": "OpenStreetMap via OSMnx", "observed_or_estimated": "OBSERVED", "modelled_or_interpolated": "NOT_APPLICABLE", "timestamp": "2026-10-08T20:03:11.462622+00:00", "assumptions_version": "2026-10-09-prompt-1", "computation_mode": "FULL"}, "geometry": {"type": "LineString", "coordinates": [[75.8513513, 22.716246399999996], [75.8515491, 22.7162515], [75.8516464, 22.716260700000003]]}}, {"id": "555", "type": "Feature", "properties": {"segment_id": "osm-3734494570-2027156492-0", "length_m": 53.47111805787932, "road_metadata": "{\"osmid\": 370006753, \"name\": NaN, \"highway\": \"residential\", \"maxspeed\": NaN, \"oneway\": false}", "source_type": "osm", "source_reference": "OpenStreetMap via OSMnx", "observed_or_estimated": "OBSERVED", "modelled_or_interpolated": "NOT_APPLICABLE", "timestamp": "2026-10-08T20:03:11.463098+00:00", "assumptions_version": "2026-10-09-prompt-1", "computation_mode": "FULL"}, "geometry": {"type": "LineString", "coordinates": [[75.8513513, 22.716246399999996], [75.8513417, 22.715809599999996], [75.8513407, 22.715763499999998]]}}, {"id": "556", "type": "Feature", "properties": {"segment_id": "osm-3734494575-2027156516-0", "length_m": 32.45960624390125, "road_metadata": "{\"osmid\": 192154588, \"name\": NaN, \"highway\": \"residential\", \"maxspeed\": NaN, \"oneway\": false}", "source_type": "osm", "source_reference": "OpenStreetMap via OSMnx", "observed_or_estimated": "OBSERVED", "modelled_or_interpolated": "NOT_APPLICABLE", "timestamp": "2026-10-08T20:03:11.463577+00:00", "assumptions_version": "2026-10-09-prompt-1", "computation_mode": "FULL"}, "geometry": {"type": "LineString", "coordinates": [[75.8530058, 22.7163318], [75.8530042, 22.716078900000007], [75.853004, 22.7160386]]}}, {"id": "557", "type": "Feature", "properties": {"segment_id": "osm-3734494575-6611316866-0", "length_m": 40.7038742513279, "road_metadata": "{\"osmid\": 192154588, \"name\": NaN, \"highway\": \"residential\", \"maxspeed\": NaN, \"oneway\": false}", "source_type": "osm", "source_reference": "OpenStreetMap via OSMnx", "observed_or_estimated": "OBSERVED", "modelled_or_interpolated": "NOT_APPLICABLE", "timestamp": "2026-10-08T20:03:11.464063+00:00", "assumptions_version": "2026-10-09-prompt-1", "computation_mode": "FULL"}, "geometry": {"type": "LineString", "coordinates": [[75.8530058, 22.7163318], [75.8530077, 22.716670299999997], [75.8530144, 22.716698799999996]]}}, {"id": "558", "type": "Feature", "properties": {"segment_id": "osm-3734494575-3734494577-0", "length_m": 30.827970829271628, "road_metadata": "{\"osmid\": 369676974, \"name\": NaN, \"highway\": \"residential\", \"maxspeed\": NaN, \"oneway\": false}", "source_type": "osm", "source_reference": "OpenStreetMap via OSMnx", "observed_or_estimated": "OBSERVED", "modelled_or_interpolated": "NOT_APPLICABLE", "timestamp": "2026-10-08T20:03:11.464596+00:00", "assumptions_version": "2026-10-09-prompt-1", "computation_mode": "FULL"}, "geometry": {"type": "LineString", "coordinates": [[75.8530058, 22.7163318], [75.8528897, 22.7163283], [75.85270570000002, 22.716329]]}}, {"id": "559", "type": "Feature", "properties": {"segment_id": "osm-3734494577-3734494567-0", "length_m": 13.149430222083128, "road_metadata": "{\"osmid\": 370006727, \"name\": NaN, \"highway\": \"residential\", \"maxspeed\": NaN, \"oneway\": false}", "source_type": "osm", "source_reference": "OpenStreetMap via OSMnx", "observed_or_estimated": "OBSERVED", "modelled_or_interpolated": "NOT_APPLICABLE", "timestamp": "2026-10-08T20:03:11.465096+00:00", "assumptions_version": "2026-10-09-prompt-1", "computation_mode": "FULL"}, "geometry": {"type": "LineString", "coordinates": [[75.85270570000002, 22.716329], [75.8526987, 22.716210400000005]]}}, {"id": "560", "type": "Feature", "properties": {"segment_id": "osm-3734494577-6611315825-0", "length_m": 64.20912088102737, "road_metadata": "{\"osmid\": 369676974, \"name\": NaN, \"highway\": \"residential\", \"maxspeed\": NaN, \"oneway\": false}", "source_type": "osm", "source_reference": "OpenStreetMap via OSMnx", "observed_or_estimated": "OBSERVED", "modelled_or_interpolated": "NOT_APPLICABLE", "timestamp": "2026-10-08T20:03:11.465549+00:00", "assumptions_version": "2026-10-09-prompt-1", "computation_mode": "FULL"}, "geometry": {"type": "LineString", "coordinates": [[75.85270570000002, 22.716329], [75.8526571, 22.7163285], [75.8523199, 22.7163244], [75.8521296, 22.7163181], [75.8520973, 22.716284000000005]]}}, {"id": "561", "type": "Feature", "properties": {"segment_id": "osm-3734494577-3734494575-0", "length_m": 30.827970829271628, "road_metadata": "{\"osmid\": 369676974, \"name\": NaN, \"highway\": \"residential\", \"maxspeed\": NaN, \"oneway\": false}", "source_type": "osm", "source_reference": "OpenStreetMap via OSMnx", "observed_or_estimated": "OBSERVED", "modelled_or_interpolated": "NOT_APPLICABLE", "timestamp": "2026-10-08T20:03:11.466458+00:00", "assumptions_version": "2026-10-09-prompt-1", "computation_mode": "FULL"}, "geometry": {"type": "LineString", "coordinates": [[75.85270570000002, 22.716329], [75.8528897, 22.7163283], [75.8530058, 22.7163318]]}}, {"id": "562", "type": "Feature", "properties": {"segment_id": "osm-3734494580-3734494595-0", "length_m": 35.0882220965287, "road_metadata": "{\"osmid\": 369676944, \"name\": NaN, \"highway\": \"residential\", \"maxspeed\": NaN, \"oneway\": false}", "source_type": "osm", "source_reference": "OpenStreetMap via OSMnx", "observed_or_estimated": "OBSERVED", "modelled_or_interpolated": "NOT_APPLICABLE", "timestamp": "2026-10-08T20:03:11.467018+00:00", "assumptions_version": "2026-10-09-prompt-1", "computation_mode": "FULL"}, "geometry": {"type": "LineString", "coordinates": [[75.850406, 22.7163685], [75.8504261, 22.7166849]]}}, {"id": "563", "type": "Feature", "properties": {"segment_id": "osm-3734494580-3734494582-0", "length_m": 31.389091221180976, "road_metadata": "{\"osmid\": 369676973, \"name\": \"Santha Bazar\", \"highway\": \"residential\", \"maxspeed\": \"20\", \"oneway\": false}", "source_type": "osm", "source_reference": "OpenStreetMap via OSMnx", "observed_or_estimated": "OBSERVED", "modelled_or_interpolated": "NOT_APPLICABLE", "timestamp": "2026-10-08T20:03:11.469593+00:00", "assumptions_version": "2026-10-09-prompt-1", "computation_mode": "FULL"}, "geometry": {"type": "LineString", "coordinates": [[75.850406, 22.7163685], [75.8504992, 22.716368700000004], [75.8507116, 22.716365599999996]]}}, {"id": "564", "type": "Feature", "properties": {"segment_id": "osm-3734494582-3734494554-0", "length_m": 35.15430387259862, "road_metadata": "{\"osmid\": 369676950, \"name\": NaN, \"highway\": \"residential\", \"maxspeed\": NaN, \"oneway\": false}", "source_type": "osm", "source_reference": "OpenStreetMap via OSMnx", "observed_or_estimated": "OBSERVED", "modelled_or_interpolated": "NOT_APPLICABLE", "timestamp": "2026-10-08T20:03:11.470230+00:00", "assumptions_version": "2026-10-09-prompt-1", "computation_mode": "FULL"}, "geometry": {"type": "LineString", "coordinates": [[75.8507116, 22.716365599999996], [75.8506852, 22.716049]]}}, {"id": "565", "type": "Feature", "properties": {"segment_id": "osm-3734494582-3734494584-0", "length_m": 31.941188557157684, "road_metadata": "{\"osmid\": 369676973, \"name\": \"Santha Bazar\", \"highway\": \"residential\", \"maxspeed\": \"20\", \"oneway\": false}", "source_type": "osm", "source_reference": "OpenStreetMap via OSMnx", "observed_or_estimated": "OBSERVED", "modelled_or_interpolated": "NOT_APPLICABLE", "timestamp": "2026-10-08T20:03:11.470723+00:00", "assumptions_version": "2026-10-09-prompt-1", "computation_mode": "FULL"}, "geometry": {"type": "LineString", "coordinates": [[75.8507116, 22.716365599999996], [75.8510224, 22.7163552]]}}, {"id": "566", "type": "Feature", "properties": {"segment_id": "osm-3734494582-3734494580-0", "length_m": 31.389091221180976, "road_metadata": "{\"osmid\": 369676973, \"name\": \"Santha Bazar\", \"highway\": \"residential\", \"maxspeed\": \"20\", \"oneway\": false}", "source_type": "osm", "source_reference": "OpenStreetMap via OSMnx", "observed_or_estimated": "OBSERVED", "modelled_or_interpolated": "NOT_APPLICABLE", "timestamp": "2026-10-08T20:03:11.472924+00:00", "assumptions_version": "2026-10-09-prompt-1", "computation_mode": "FULL"}, "geometry": {"type": "LineString", "coordinates": [[75.8507116, 22.716365599999996], [75.8504992, 22.716368700000004], [75.850406, 22.7163685]]}}, {"id": "567", "type": "Feature", "properties": {"segment_id": "osm-3734494584-3734494582-0", "length_m": 31.941188557157684, "road_metadata": "{\"osmid\": 369676973, \"name\": \"Santha Bazar\", \"highway\": \"residential\", \"maxspeed\": \"20\", \"oneway\": false}", "source_type": "osm", "source_reference": "OpenStreetMap via OSMnx", "observed_or_estimated": "OBSERVED", "modelled_or_interpolated": "NOT_APPLICABLE", "timestamp": "2026-10-08T20:03:11.474087+00:00", "assumptions_version": "2026-10-09-prompt-1", "computation_mode": "FULL"}, "geometry": {"type": "LineString", "coordinates": [[75.8510224, 22.7163552], [75.8507116, 22.716365599999996]]}}, {"id": "568", "type": "Feature", "properties": {"segment_id": "osm-3734494584-2027156485-0", "length_m": 70.16101436577843, "road_metadata": "{\"osmid\": 369676961, \"name\": \"Bohara Bazar\", \"highway\": \"residential\", \"maxspeed\": \"20\", \"oneway\": false}", "source_type": "osm", "source_reference": "OpenStreetMap via OSMnx", "observed_or_estimated": "OBSERVED", "modelled_or_interpolated": "NOT_APPLICABLE", "timestamp": "2026-10-08T20:03:11.474732+00:00", "assumptions_version": "2026-10-09-prompt-1", "computation_mode": "FULL"}, "geometry": {"type": "LineString", "coordinates": [[75.8510224, 22.7163552], [75.851015, 22.715767], [75.8510136, 22.715721500000004]]}}, {"id": "569", "type": "Feature", "properties": {"segment_id": "osm-3734494584-8478005611-0", "length_m": 8.500192340756088, "road_metadata": "{\"osmid\": 369676961, \"name\": \"Bohara Bazar\", \"highway\": \"residential\", \"maxspeed\": \"20\", \"oneway\": false}", "source_type": "osm", "source_reference": "OpenStreetMap via OSMnx", "observed_or_estimated": "OBSERVED", "modelled_or_interpolated": "NOT_APPLICABLE", "timestamp": "2026-10-08T20:03:11.475259+00:00", "assumptions_version": "2026-10-09-prompt-1", "computation_mode": "FULL"}, "geometry": {"type": "LineString", "coordinates": [[75.8510224, 22.7163552], [75.8510206, 22.716386399999998], [75.8510156, 22.716431699999998]]}}, {"id": "570", "type": "Feature", "properties": {"segment_id": "osm-3734494585-3734494570-0", "length_m": 13.353260313798087, "road_metadata": "{\"osmid\": 370006753, \"name\": NaN, \"highway\": \"residential\", \"maxspeed\": NaN, \"oneway\": false}", "source_type": "osm", "source_reference": "OpenStreetMap via OSMnx", "observed_or_estimated": "OBSERVED", "modelled_or_interpolated": "NOT_APPLICABLE", "timestamp": "2026-10-08T20:03:11.475745+00:00", "assumptions_version": "2026-10-09-prompt-1", "computation_mode": "FULL"}, "geometry": {"type": "LineString", "coordinates": [[75.8513536, 22.716367000000005], [75.8513513, 22.716246399999996]]}}, {"id": "571", "type": "Feature", "properties": {"segment_id": "osm-3734494585-8478005611-0", "length_m": 35.44522866694792, "road_metadata": "{\"osmid\": 912642554, \"name\": NaN, \"highway\": \"residential\", \"maxspeed\": NaN, \"oneway\": false}", "source_type": "osm", "source_reference": "OpenStreetMap via OSMnx", "observed_or_estimated": "OBSERVED", "modelled_or_interpolated": "NOT_APPLICABLE", "timestamp": "2026-10-08T20:03:11.476204+00:00", "assumptions_version": "2026-10-09-prompt-1", "computation_mode": "FULL"}, "geometry": {"type": "LineString", "coordinates": [[75.8513536, 22.716367000000005], [75.8510156, 22.716431699999998]]}}, {"id": "572", "type": "Feature", "properties": {"segment_id": "osm-3734494585-3734494592-0", "length_m": 43.14925301746011, "road_metadata": "{\"osmid\": 912642554, \"name\": NaN, \"highway\": \"residential\", \"maxspeed\": NaN, \"oneway\": false}", "source_type": "osm", "source_reference": "OpenStreetMap via OSMnx", "observed_or_estimated": "OBSERVED", "modelled_or_interpolated": "NOT_APPLICABLE", "timestamp": "2026-10-08T20:03:11.476684+00:00", "assumptions_version": "2026-10-09-prompt-1", "computation_mode": "FULL"}, "geometry": {"type": "LineString", "coordinates": [[75.8513536, 22.716367000000005], [75.8514279, 22.716379699999997], [75.8514695, 22.716393299999996], [75.85149090000002, 22.7164143], [75.8515124, 22.716445199999992], [75.8515307, 22.716657599999998]]}}, {"id": "573", "type": "Feature", "properties": {"segment_id": "osm-3734494592-6611316219-0", "length_m": 16.873538597333553, "road_metadata": "{\"osmid\": 562152682, \"name\": \"Bartan Bazar\", \"highway\": \"residential\", \"maxspeed\": \"20\", \"oneway\": false}", "source_type": "osm", "source_reference": "OpenStreetMap via OSMnx", "observed_or_estimated": "OBSERVED", "modelled_or_interpolated": "NOT_APPLICABLE", "timestamp": "2026-10-08T20:03:11.477184+00:00", "assumptions_version": "2026-10-09-prompt-1", "computation_mode": "FULL"}, "geometry": {"type": "LineString", "coordinates": [[75.8515307, 22.716657599999998], [75.8516947, 22.7166485]]}}, {"id": "574", "type": "Feature", "properties": {"segment_id": "osm-3734494592-6611316218-0", "length_m": 52.6276088941438, "road_metadata": "{\"osmid\": [562152682, 704101134], \"name\": \"Bartan Bazar\", \"highway\": \"residential\", \"maxspeed\": \"20\", \"oneway\": false}", "source_type": "osm", "source_reference": "OpenStreetMap via OSMnx", "observed_or_estimated": "OBSERVED", "modelled_or_interpolated": "NOT_APPLICABLE", "timestamp": "2026-10-08T20:03:11.478340+00:00", "assumptions_version": "2026-10-09-prompt-1", "computation_mode": "FULL"}, "geometry": {"type": "LineString", "coordinates": [[75.8515307, 22.716657599999998], [75.8513218, 22.7166487], [75.8510191, 22.7166664]]}}, {"id": "575", "type": "Feature", "properties": {"segment_id": "osm-3734494592-3734494585-0", "length_m": 43.14925301746012, "road_metadata": "{\"osmid\": 912642554, \"name\": NaN, \"highway\": \"residential\", \"maxspeed\": NaN, \"oneway\": false}", "source_type": "osm", "source_reference": "OpenStreetMap via OSMnx", "observed_or_estimated": "OBSERVED", "modelled_or_interpolated": "NOT_APPLICABLE", "timestamp": "2026-10-08T20:03:11.489944+00:00", "assumptions_version": "2026-10-09-prompt-1", "computation_mode": "FULL"}, "geometry": {"type": "LineString", "coordinates": [[75.8515307, 22.716657599999998], [75.8515124, 22.716445199999992], [75.85149090000002, 22.7164143], [75.8514695, 22.716393299999996], [75.8514279, 22.716379699999997], [75.8513536, 22.716367000000005]]}}, {"id": "576", "type": "Feature", "properties": {"segment_id": "osm-3734494595-3734494580-0", "length_m": 35.0882220965287, "road_metadata": "{\"osmid\": 369676944, \"name\": NaN, \"highway\": \"residential\", \"maxspeed\": NaN, \"oneway\": false}", "source_type": "osm", "source_reference": "OpenStreetMap via OSMnx", "observed_or_estimated": "OBSERVED", "modelled_or_interpolated": "NOT_APPLICABLE", "timestamp": "2026-10-08T20:03:11.490562+00:00", "assumptions_version": "2026-10-09-prompt-1", "computation_mode": "FULL"}, "geometry": {"type": "LineString", "coordinates": [[75.8504261, 22.7166849], [75.850406, 22.7163685]]}}, {"id": "577", "type": "Feature", "properties": {"segment_id": "osm-3734494595-3734494596-0", "length_m": 8.793964307959738, "road_metadata": "{\"osmid\": 562153440, \"name\": \"Marothiya Bazar\", \"highway\": \"residential\", \"maxspeed\": \"20\", \"oneway\": false}", "source_type": "osm", "source_reference": "OpenStreetMap via OSMnx", "observed_or_estimated": "OBSERVED", "modelled_or_interpolated": "NOT_APPLICABLE", "timestamp": "2026-10-08T20:03:11.491186+00:00", "assumptions_version": "2026-10-09-prompt-1", "computation_mode": "FULL"}, "geometry": {"type": "LineString", "coordinates": [[75.8504261, 22.7166849], [75.8505113, 22.7166928]]}}, {"id": "578", "type": "Feature", "properties": {"segment_id": "osm-3734494596-6611316218-0", "length_m": 52.23484289640684, "road_metadata": "{\"osmid\": 562153440, \"name\": \"Marothiya Bazar\", \"highway\": \"residential\", \"maxspeed\": \"20\", \"oneway\": false}", "source_type": "osm", "source_reference": "OpenStreetMap via OSMnx", "observed_or_estimated": "OBSERVED", "modelled_or_interpolated": "NOT_APPLICABLE", "timestamp": "2026-10-08T20:03:11.491749+00:00", "assumptions_version": "2026-10-09-prompt-1", "computation_mode": "FULL"}, "geometry": {"type": "LineString", "coordinates": [[75.8505113, 22.7166928], [75.8510191, 22.7166664]]}}, {"id": "579", "type": "Feature", "properties": {"segment_id": "osm-3734494596-3734494595-0", "length_m": 8.793964307959738, "road_metadata": "{\"osmid\": 562153440, \"name\": \"Marothiya Bazar\", \"highway\": \"residential\", \"maxspeed\": \"20\", \"oneway\": false}", "source_type": "osm", "source_reference": "OpenStreetMap via OSMnx", "observed_or_estimated": "OBSERVED", "modelled_or_interpolated": "NOT_APPLICABLE", "timestamp": "2026-10-08T20:03:11.492197+00:00", "assumptions_version": "2026-10-09-prompt-1", "computation_mode": "FULL"}, "geometry": {"type": "LineString", "coordinates": [[75.8505113, 22.7166928], [75.8504261, 22.7166849]]}}, {"id": "580", "type": "Feature", "properties": {"segment_id": "osm-3734494596-3734496654-0", "length_m": 102.5124866841881, "road_metadata": "{\"osmid\": [369676937, 370006790], \"name\": NaN, \"highway\": \"residential\", \"maxspeed\": NaN, \"oneway\": false}", "source_type": "osm", "source_reference": "OpenStreetMap via OSMnx", "observed_or_estimated": "OBSERVED", "modelled_or_interpolated": "NOT_APPLICABLE", "timestamp": "2026-10-08T20:03:11.492683+00:00", "assumptions_version": "2026-10-09-prompt-1", "computation_mode": "FULL"}, "geometry": {"type": "LineString", "coordinates": [[75.8505113, 22.7166928], [75.8505215, 22.7168462], [75.8505287, 22.717062499999997], [75.8505185, 22.717261599999997], [75.850501, 22.7172985], [75.85048, 22.717311199999997], [75.8504486, 22.7173356], [75.8504303, 22.717375199999996], [75.8504237, 22.7174041], [75.8503921, 22.717584100000003]]}}, {"id": "581", "type": "Feature", "properties": {"segment_id": "osm-3734494601-3734494617-0", "length_m": 24.11183768718711, "road_metadata": "{\"osmid\": 369458632, \"name\": NaN, \"highway\": \"residential\", \"maxspeed\": NaN, \"oneway\": false}", "source_type": "osm", "source_reference": "OpenStreetMap via OSMnx", "observed_or_estimated": "OBSERVED", "modelled_or_interpolated": "NOT_APPLICABLE", "timestamp": "2026-10-08T20:03:11.493108+00:00", "assumptions_version": "2026-10-09-prompt-1", "computation_mode": "FULL"}, "geometry": {"type": "LineString", "coordinates": [[75.8535143, 22.7166878], [75.8535141, 22.716905599999997]]}}, {"id": "582", "type": "Feature", "properties": {"segment_id": "osm-3734494601-6611316866-0", "length_m": 51.35611793061252, "road_metadata": "{\"osmid\": 562152682, \"name\": \"Bartan Bazar\", \"highway\": \"residential\", \"maxspeed\": \"20\", \"oneway\": false}", "source_type": "osm", "source_reference": "OpenStreetMap via OSMnx", "observed_or_estimated": "OBSERVED", "modelled_or_interpolated": "NOT_APPLICABLE", "timestamp": "2026-10-08T20:03:11.493533+00:00", "assumptions_version": "2026-10-09-prompt-1", "computation_mode": "FULL"}, "geometry": {"type": "LineString", "coordinates": [[75.8535143, 22.7166878], [75.8530144, 22.716698799999996]]}}, {"id": "583", "type": "Feature", "properties": {"segment_id": "osm-3734494601-3732489062-0", "length_m": 64.74982074129416, "road_metadata": "{\"osmid\": 369458632, \"name\": NaN, \"highway\": \"residential\", \"maxspeed\": NaN, \"oneway\": false}", "source_type": "osm", "source_reference": "OpenStreetMap via OSMnx", "observed_or_estimated": "OBSERVED", "modelled_or_interpolated": "NOT_APPLICABLE", "timestamp": "2026-10-08T20:03:11.493963+00:00", "assumptions_version": "2026-10-09-prompt-1", "computation_mode": "FULL"}, "geometry": {"type": "LineString", "coordinates": [[75.8535143, 22.7166878], [75.8534678, 22.7161511], [75.8534638, 22.716104799999997]]}}, {"id": "584", "type": "Feature", "properties": {"segment_id": "osm-3734494606-3734496670-0", "length_m": 176.38138486418922, "road_metadata": "{\"osmid\": [370006783, 370006829, 369676943], \"name\": NaN, \"highway\": \"residential\", \"maxspeed\": NaN, \"oneway\": false}", "source_type": "osm", "source_reference": "OpenStreetMap via OSMnx", "observed_or_estimated": "OBSERVED", "modelled_or_interpolated": "NOT_APPLICABLE", "timestamp": "2026-10-08T20:03:11.494415+00:00", "assumptions_version": "2026-10-09-prompt-1", "computation_mode": "FULL"}, "geometry": {"type": "LineString", "coordinates": [[75.8546448, 22.716781800000003], [75.8546986, 22.7168269], [75.854729, 22.7169004], [75.854767, 22.717037], [75.8547916, 22.717124499999994], [75.85487130000001, 22.717134999999992], [75.8549105, 22.7171475], [75.8548947, 22.7176126], [75.8550877, 22.7176094], [75.8551409, 22.717624699999995], [75.855191, 22.7176586], [75.8552958, 22.717657], [75.8554104, 22.717645199999996], [75.855566, 22.717633899999996]]}}, {"id": "585", "type": "Feature", "properties": {"segment_id": "osm-3734494606-2027156534-0", "length_m": 53.83341086766878, "road_metadata": "{\"osmid\": 369999770, \"name\": NaN, \"highway\": \"residential\", \"maxspeed\": NaN, \"oneway\": false}", "source_type": "osm", "source_reference": "OpenStreetMap via OSMnx", "observed_or_estimated": "OBSERVED", "modelled_or_interpolated": "NOT_APPLICABLE", "timestamp": "2026-10-08T20:03:11.494910+00:00", "assumptions_version": "2026-10-09-prompt-1", "computation_mode": "FULL"}, "geometry": {"type": "LineString", "coordinates": [[75.8546448, 22.716781800000003], [75.8546448, 22.7165615], [75.8546257, 22.716342799999996], [75.8546216, 22.716296399999997]]}}, {"id": "586", "type": "Feature", "properties": {"segment_id": "osm-3734494606-3734496627-0", "length_m": 33.70053424002852, "road_metadata": "{\"osmid\": 370006696, \"name\": NaN, \"highway\": \"residential\", \"maxspeed\": NaN, \"oneway\": false}", "source_type": "osm", "source_reference": "OpenStreetMap via OSMnx", "observed_or_estimated": "OBSERVED", "modelled_or_interpolated": "NOT_APPLICABLE", "timestamp": "2026-10-08T20:03:11.495397+00:00", "assumptions_version": "2026-10-09-prompt-1", "computation_mode": "FULL"}, "geometry": {"type": "LineString", "coordinates": [[75.8546448, 22.716781800000003], [75.854567, 22.716838699999997], [75.8544838, 22.716967499999996], [75.8544413, 22.7170158]]}}, {"id": "587", "type": "Feature", "properties": {"segment_id": "osm-3734494616-3734496627-0", "length_m": 46.28804748194456, "road_metadata": "{\"osmid\": 369676965, \"name\": NaN, \"highway\": \"residential\", \"maxspeed\": NaN, \"oneway\": false}", "source_type": "osm", "source_reference": "OpenStreetMap via OSMnx", "observed_or_estimated": "OBSERVED", "modelled_or_interpolated": "NOT_APPLICABLE", "timestamp": "2026-10-08T20:03:11.495857+00:00", "assumptions_version": "2026-10-09-prompt-1", "computation_mode": "FULL"}, "geometry": {"type": "LineString", "coordinates": [[75.8540151, 22.7168913], [75.8541419, 22.716927100000003], [75.8542161, 22.716944099999992], [75.8543262, 22.716972200000004], [75.854404, 22.7169879], [75.8544413, 22.7170158]]}}, {"id": "588", "type": "Feature", "properties": {"segment_id": "osm-3734494616-3734494617-0", "length_m": 52.10725214276133, "road_metadata": "{\"osmid\": 369676965, \"name\": NaN, \"highway\": \"residential\", \"maxspeed\": NaN, \"oneway\": false}", "source_type": "osm", "source_reference": "OpenStreetMap via OSMnx", "observed_or_estimated": "OBSERVED", "modelled_or_interpolated": "NOT_APPLICABLE", "timestamp": "2026-10-08T20:03:11.496394+00:00", "assumptions_version": "2026-10-09-prompt-1", "computation_mode": "FULL"}, "geometry": {"type": "LineString", "coordinates": [[75.8540151, 22.7168913], [75.8539702, 22.716871599999997], [75.8538975, 22.716878400000002], [75.8536474, 22.7169], [75.8535141, 22.716905599999997]]}}, {"id": "589", "type": "Feature", "properties": {"segment_id": "osm-3734494616-2027156525-0", "length_m": 75.90624523192497, "road_metadata": "{\"osmid\": 369999769, \"name\": NaN, \"highway\": \"residential\", \"maxspeed\": NaN, \"oneway\": false}", "source_type": "osm", "source_reference": "OpenStreetMap via OSMnx", "observed_or_estimated": "OBSERVED", "modelled_or_interpolated": "NOT_APPLICABLE", "timestamp": "2026-10-08T20:03:11.506307+00:00", "assumptions_version": "2026-10-09-prompt-1", "computation_mode": "FULL"}, "geometry": {"type": "LineString", "coordinates": [[75.8540151, 22.7168913], [75.85402460000002, 22.7168368], [75.8540193, 22.716742099999994], [75.854032, 22.716664499999997], [75.8540337, 22.7165889], [75.8540289, 22.716362500000002], [75.8540263, 22.716278899999995], [75.854023, 22.716254399999993], [75.8540169, 22.716208]]}}, {"id": "590", "type": "Feature", "properties": {"segment_id": "osm-3734494617-3734494601-0", "length_m": 24.11183768718711, "road_metadata": "{\"osmid\": 369458632, \"name\": NaN, \"highway\": \"residential\", \"maxspeed\": NaN, \"oneway\": false}", "source_type": "osm", "source_reference": "OpenStreetMap via OSMnx", "observed_or_estimated": "OBSERVED", "modelled_or_interpolated": "NOT_APPLICABLE", "timestamp": "2026-10-08T20:03:11.507135+00:00", "assumptions_version": "2026-10-09-prompt-1", "computation_mode": "FULL"}, "geometry": {"type": "LineString", "coordinates": [[75.8535141, 22.716905599999997], [75.8535143, 22.7166878]]}}, {"id": "591", "type": "Feature", "properties": {"segment_id": "osm-3734494617-3732489063-0", "length_m": 123.8177278981494, "road_metadata": "{\"osmid\": 369458632, \"name\": NaN, \"highway\": \"residential\", \"maxspeed\": NaN, \"oneway\": false}", "source_type": "osm", "source_reference": "OpenStreetMap via OSMnx", "observed_or_estimated": "OBSERVED", "modelled_or_interpolated": "NOT_APPLICABLE", "timestamp": "2026-10-08T20:03:11.509393+00:00", "assumptions_version": "2026-10-09-prompt-1", "computation_mode": "FULL"}, "geometry": {"type": "LineString", "coordinates": [[75.8535141, 22.716905599999997], [75.8535547, 22.718023399999996]]}}, {"id": "592", "type": "Feature", "properties": {"segment_id": "osm-3734494617-3734494616-0", "length_m": 52.10725214276133, "road_metadata": "{\"osmid\": 369676965, \"name\": NaN, \"highway\": \"residential\", \"maxspeed\": NaN, \"oneway\": false}", "source_type": "osm", "source_reference": "OpenStreetMap via OSMnx", "observed_or_estimated": "OBSERVED", "modelled_or_interpolated": "NOT_APPLICABLE", "timestamp": "2026-10-08T20:03:11.510068+00:00", "assumptions_version": "2026-10-09-prompt-1", "computation_mode": "FULL"}, "geometry": {"type": "LineString", "coordinates": [[75.8535141, 22.716905599999997], [75.8536474, 22.7169], [75.8538975, 22.716878400000002], [75.8539702, 22.716871599999997], [75.8540151, 22.7168913]]}}, {"id": "593", "type": "Feature", "properties": {"segment_id": "osm-3734496625-8478005564-0", "length_m": 71.39664021192212, "road_metadata": "{\"osmid\": 370006767, \"name\": NaN, \"highway\": \"residential\", \"maxspeed\": NaN, \"oneway\": false}", "source_type": "osm", "source_reference": "OpenStreetMap via OSMnx", "observed_or_estimated": "OBSERVED", "modelled_or_interpolated": "NOT_APPLICABLE", "timestamp": "2026-10-08T20:03:11.510779+00:00", "assumptions_version": "2026-10-09-prompt-1", "computation_mode": "FULL"}, "geometry": {"type": "LineString", "coordinates": [[75.85235450000002, 22.717004899999996], [75.8525813, 22.716971], [75.8527315, 22.716963599999996], [75.8528414, 22.716966100000004], [75.853046, 22.716952800000005]]}}, {"id": "594", "type": "Feature", "properties": {"segment_id": "osm-3734496625-3734496628-0", "length_m": 67.23669951485817, "road_metadata": "{\"osmid\": 370006767, \"name\": NaN, \"highway\": \"residential\", \"maxspeed\": NaN, \"oneway\": false}", "source_type": "osm", "source_reference": "OpenStreetMap via OSMnx", "observed_or_estimated": "OBSERVED", "modelled_or_interpolated": "NOT_APPLICABLE", "timestamp": "2026-10-08T20:03:11.511153+00:00", "assumptions_version": "2026-10-09-prompt-1", "computation_mode": "FULL"}, "geometry": {"type": "LineString", "coordinates": [[75.85235450000002, 22.717004899999996], [75.8519438, 22.717009899999997], [75.8517002, 22.7170217]]}}, {"id": "595", "type": "Feature", "properties": {"segment_id": "osm-3734496625-3734496656-0", "length_m": 63.84638716161429, "road_metadata": "{\"osmid\": 370006771, \"name\": NaN, \"highway\": \"residential\", \"maxspeed\": NaN, \"oneway\": false}", "source_type": "osm", "source_reference": "OpenStreetMap via OSMnx", "observed_or_estimated": "OBSERVED", "modelled_or_interpolated": "NOT_APPLICABLE", "timestamp": "2026-10-08T20:03:11.511510+00:00", "assumptions_version": "2026-10-09-prompt-1", "computation_mode": "FULL"}, "geometry": {"type": "LineString", "coordinates": [[75.85235450000002, 22.717004899999996], [75.8523786, 22.7173268], [75.8523965, 22.717580299999995]]}}, {"id": "596", "type": "Feature", "properties": {"segment_id": "osm-3734496627-3734494616-0", "length_m": 46.288047481944574, "road_metadata": "{\"osmid\": 369676965, \"name\": NaN, \"highway\": \"residential\", \"maxspeed\": NaN, \"oneway\": false}", "source_type": "osm", "source_reference": "OpenStreetMap via OSMnx", "observed_or_estimated": "OBSERVED", "modelled_or_interpolated": "NOT_APPLICABLE", "timestamp": "2026-10-08T20:03:11.511820+00:00", "assumptions_version": "2026-10-09-prompt-1", "computation_mode": "FULL"}, "geometry": {"type": "LineString", "coordinates": [[75.8544413, 22.7170158], [75.854404, 22.7169879], [75.8543262, 22.716972200000004], [75.8542161, 22.716944099999992], [75.8541419, 22.716927100000003], [75.8540151, 22.7168913]]}}, {"id": "597", "type": "Feature", "properties": {"segment_id": "osm-3734496627-3734496686-0", "length_m": 125.44545392186056, "road_metadata": "{\"osmid\": 370006696, \"name\": NaN, \"highway\": \"residential\", \"maxspeed\": NaN, \"oneway\": false}", "source_type": "osm", "source_reference": "OpenStreetMap via OSMnx", "observed_or_estimated": "OBSERVED", "modelled_or_interpolated": "NOT_APPLICABLE", "timestamp": "2026-10-08T20:03:11.512129+00:00", "assumptions_version": "2026-10-09-prompt-1", "computation_mode": "FULL"}, "geometry": {"type": "LineString", "coordinates": [[75.8544413, 22.7170158], [75.8543893, 22.717075], [75.8543576, 22.7171111], [75.8542557, 22.717224899999998], [75.8541671, 22.7173685], [75.8541322, 22.717502199999995], [75.8541134, 22.717668100000004], [75.8541, 22.717881000000002], [75.8540906, 22.718024800000006], [75.8540906, 22.7180599]]}}, {"id": "598", "type": "Feature", "properties": {"segment_id": "osm-3734496627-3734494606-0", "length_m": 33.70053424002852, "road_metadata": "{\"osmid\": 370006696, \"name\": NaN, \"highway\": \"residential\", \"maxspeed\": NaN, \"oneway\": false}", "source_type": "osm", "source_reference": "OpenStreetMap via OSMnx", "observed_or_estimated": "OBSERVED", "modelled_or_interpolated": "NOT_APPLICABLE", "timestamp": "2026-10-08T20:03:11.512414+00:00", "assumptions_version": "2026-10-09-prompt-1", "computation_mode": "FULL"}, "geometry": {"type": "LineString", "coordinates": [[75.8544413, 22.7170158], [75.8544838, 22.716967499999996], [75.854567, 22.716838699999997], [75.8546448, 22.716781800000003]]}}, {"id": "599", "type": "Feature", "properties": {"segment_id": "osm-3734496628-3734496625-0", "length_m": 67.23669951485817, "road_metadata": "{\"osmid\": 370006767, \"name\": NaN, \"highway\": \"residential\", \"maxspeed\": NaN, \"oneway\": false}", "source_type": "osm", "source_reference": "OpenStreetMap via OSMnx", "observed_or_estimated": "OBSERVED", "modelled_or_interpolated": "NOT_APPLICABLE", "timestamp": "2026-10-08T20:03:11.512721+00:00", "assumptions_version": "2026-10-09-prompt-1", "computation_mode": "FULL"}, "geometry": {"type": "LineString", "coordinates": [[75.8517002, 22.7170217], [75.8519438, 22.717009899999997], [75.85235450000002, 22.717004899999996]]}}, {"id": "600", "type": "Feature", "properties": {"segment_id": "osm-3734496628-6611316219-0", "length_m": 41.325581755601206, "road_metadata": "{\"osmid\": 370006786, \"name\": NaN, \"highway\": \"residential\", \"maxspeed\": NaN, \"oneway\": false}", "source_type": "osm", "source_reference": "OpenStreetMap via OSMnx", "observed_or_estimated": "OBSERVED", "modelled_or_interpolated": "NOT_APPLICABLE", "timestamp": "2026-10-08T20:03:11.513002+00:00", "assumptions_version": "2026-10-09-prompt-1", "computation_mode": "FULL"}, "geometry": {"type": "LineString", "coordinates": [[75.8517002, 22.7170217], [75.8516935, 22.716665599999995], [75.8516947, 22.7166485]]}}, {"id": "601", "type": "Feature", "properties": {"segment_id": "osm-3734496628-3734496656-0", "length_m": 136.38000988707546, "road_metadata": "{\"osmid\": [369676969, 370006786], \"name\": NaN, \"highway\": \"residential\", \"maxspeed\": NaN, \"oneway\": false}", "source_type": "osm", "source_reference": "OpenStreetMap via OSMnx", "observed_or_estimated": "OBSERVED", "modelled_or_interpolated": "NOT_APPLICABLE", "timestamp": "2026-10-08T20:03:11.513355+00:00", "assumptions_version": "2026-10-09-prompt-1", "computation_mode": "FULL"}, "geometry": {"type": "LineString", "coordinates": [[75.8517002, 22.7170217], [75.851706, 22.717224800000004], [75.8516642, 22.7175718], [75.8518005, 22.7175681], [75.8520453, 22.717573399999996], [75.8521402, 22.7175734], [75.8523965, 22.717580299999995]]}}, {"id": "602", "type": "Feature", "properties": {"segment_id": "osm-3734496654-3734496665-0", "length_m": 32.79763701840718, "road_metadata": "{\"osmid\": [370006795, 370006790], \"name\": NaN, \"highway\": \"residential\", \"maxspeed\": NaN, \"oneway\": false}", "source_type": "osm", "source_reference": "OpenStreetMap via OSMnx", "observed_or_estimated": "OBSERVED", "modelled_or_interpolated": "NOT_APPLICABLE", "timestamp": "2026-10-08T20:03:11.513730+00:00", "assumptions_version": "2026-10-09-prompt-1", "computation_mode": "FULL"}, "geometry": {"type": "LineString", "coordinates": [[75.8503921, 22.717584100000003], [75.8504015, 22.717590899999998], [75.850422, 22.717602600000003], [75.850526, 22.7176115], [75.8506267, 22.7176277], [75.8507031, 22.7176341]]}}, {"id": "603", "type": "Feature", "properties": {"segment_id": "osm-3734496654-3734494596-0", "length_m": 102.51248668418812, "road_metadata": "{\"osmid\": [369676937, 370006790], \"name\": NaN, \"highway\": \"residential\", \"maxspeed\": NaN, \"oneway\": false}", "source_type": "osm", "source_reference": "OpenStreetMap via OSMnx", "observed_or_estimated": "OBSERVED", "modelled_or_interpolated": "NOT_APPLICABLE", "timestamp": "2026-10-08T20:03:11.514266+00:00", "assumptions_version": "2026-10-09-prompt-1", "computation_mode": "FULL"}, "geometry": {"type": "LineString", "coordinates": [[75.8503921, 22.717584100000003], [75.8504237, 22.7174041], [75.8504303, 22.717375199999996], [75.8504486, 22.7173356], [75.85048, 22.717311199999997], [75.850501, 22.7172985], [75.8505185, 22.717261599999997], [75.8505287, 22.717062499999997], [75.8505215, 22.7168462], [75.8505113, 22.7166928]]}}, {"id": "604", "type": "Feature", "properties": {"segment_id": "osm-3734496656-3734496628-0", "length_m": 136.38000988707546, "road_metadata": "{\"osmid\": [369676969, 370006786], \"name\": NaN, \"highway\": \"residential\", \"maxspeed\": NaN, \"oneway\": false}", "source_type": "osm", "source_reference": "OpenStreetMap via OSMnx", "observed_or_estimated": "OBSERVED", "modelled_or_interpolated": "NOT_APPLICABLE", "timestamp": "2026-10-08T20:03:11.515099+00:00", "assumptions_version": "2026-10-09-prompt-1", "computation_mode": "FULL"}, "geometry": {"type": "LineString", "coordinates": [[75.8523965, 22.717580299999995], [75.8521402, 22.7175734], [75.8520453, 22.717573399999996], [75.8518005, 22.7175681], [75.8516642, 22.7175718], [75.851706, 22.717224800000004], [75.8517002, 22.7170217]]}}, {"id": "605", "type": "Feature", "properties": {"segment_id": "osm-3734496656-8478005564-0", "length_m": 144.69895578901102, "road_metadata": "{\"osmid\": [370006828, 370006749], \"name\": NaN, \"highway\": \"residential\", \"maxspeed\": NaN, \"oneway\": false}", "source_type": "osm", "source_reference": "OpenStreetMap via OSMnx", "observed_or_estimated": "OBSERVED", "modelled_or_interpolated": "NOT_APPLICABLE", "timestamp": "2026-10-08T20:03:11.515804+00:00", "assumptions_version": "2026-10-09-prompt-1", "computation_mode": "FULL"}, "geometry": {"type": "LineString", "coordinates": [[75.8523965, 22.717580299999995], [75.8530126, 22.717628200000004], [75.8530493, 22.717622899999995], [75.8530985, 22.717591], [75.8531096, 22.7175445], [75.8530827, 22.717153799999995], [75.85306900000002, 22.7170427], [75.853046, 22.716952800000005]]}}, {"id": "606", "type": "Feature", "properties": {"segment_id": "osm-3734496656-3734496625-0", "length_m": 63.84638716161429, "road_metadata": "{\"osmid\": 370006771, \"name\": NaN, \"highway\": \"residential\", \"maxspeed\": NaN, \"oneway\": false}", "source_type": "osm", "source_reference": "OpenStreetMap via OSMnx", "observed_or_estimated": "OBSERVED", "modelled_or_interpolated": "NOT_APPLICABLE", "timestamp": "2026-10-08T20:03:11.516555+00:00", "assumptions_version": "2026-10-09-prompt-1", "computation_mode": "FULL"}, "geometry": {"type": "LineString", "coordinates": [[75.8523965, 22.717580299999995], [75.8523786, 22.7173268], [75.85235450000002, 22.717004899999996]]}}, {"id": "607", "type": "Feature", "properties": {"segment_id": "osm-3734496665-3734496654-0", "length_m": 32.79763701840718, "road_metadata": "{\"osmid\": [370006795, 370006790], \"name\": NaN, \"highway\": \"residential\", \"maxspeed\": NaN, \"oneway\": false}", "source_type": "osm", "source_reference": "OpenStreetMap via OSMnx", "observed_or_estimated": "OBSERVED", "modelled_or_interpolated": "NOT_APPLICABLE", "timestamp": "2026-10-08T20:03:11.517136+00:00", "assumptions_version": "2026-10-09-prompt-1", "computation_mode": "FULL"}, "geometry": {"type": "LineString", "coordinates": [[75.8507031, 22.7176341], [75.8506267, 22.7176277], [75.850526, 22.7176115], [75.850422, 22.717602600000003], [75.8504015, 22.717590899999998], [75.8503921, 22.717584100000003]]}}, {"id": "608", "type": "Feature", "properties": {"segment_id": "osm-3734496670-3734494606-0", "length_m": 176.38138486418927, "road_metadata": "{\"osmid\": [369676943, 370006829, 370006783], \"name\": NaN, \"highway\": \"residential\", \"maxspeed\": NaN, \"oneway\": false}", "source_type": "osm", "source_reference": "OpenStreetMap via OSMnx", "observed_or_estimated": "OBSERVED", "modelled_or_interpolated": "NOT_APPLICABLE", "timestamp": "2026-10-08T20:03:11.517599+00:00", "assumptions_version": "2026-10-09-prompt-1", "computation_mode": "FULL"}, "geometry": {"type": "LineString", "coordinates": [[75.855566, 22.717633899999996], [75.8554104, 22.717645199999996], [75.8552958, 22.717657], [75.855191, 22.7176586], [75.8551409, 22.717624699999995], [75.8550877, 22.7176094], [75.8548947, 22.7176126], [75.8549105, 22.7171475], [75.85487130000001, 22.717134999999992], [75.8547916, 22.717124499999994], [75.854767, 22.717037], [75.854729, 22.7169004], [75.8546986, 22.7168269], [75.8546448, 22.716781800000003]]}}, {"id": "609", "type": "Feature", "properties": {"segment_id": "osm-3734496670-9523322983-0", "length_m": 33.46261874036313, "road_metadata": "{\"osmid\": 1033702568, \"name\": \"Prince Yashwant Road\", \"highway\": \"secondary\", \"maxspeed\": NaN, \"oneway\": false}", "source_type": "osm", "source_reference": "OpenStreetMap via OSMnx", "observed_or_estimated": "OBSERVED", "modelled_or_interpolated": "NOT_APPLICABLE", "timestamp": "2026-10-08T20:03:11.518024+00:00", "assumptions_version": "2026-10-09-prompt-1", "computation_mode": "FULL"}, "geometry": {"type": "LineString", "coordinates": [[75.855566, 22.717633899999996], [75.8555608, 22.717850099999996], [75.8555792, 22.717934399999997]]}}, {"id": "610", "type": "Feature", "properties": {"segment_id": "osm-3734496670-9523322987-0", "length_m": 135.04408418625076, "road_metadata": "{\"osmid\": 1033702568, \"name\": \"Prince Yashwant Road\", \"highway\": \"secondary\", \"maxspeed\": NaN, \"oneway\": false}", "source_type": "osm", "source_reference": "OpenStreetMap via OSMnx", "observed_or_estimated": "OBSERVED", "modelled_or_interpolated": "NOT_APPLICABLE", "timestamp": "2026-10-08T20:03:11.518511+00:00", "assumptions_version": "2026-10-09-prompt-1", "computation_mode": "FULL"}, "geometry": {"type": "LineString", "coordinates": [[75.855566, 22.717633899999996], [75.855532, 22.7170346], [75.8555146, 22.716870399999998], [75.8554088, 22.71642639999999]]}}, {"id": "611", "type": "Feature", "properties": {"segment_id": "osm-3734496680-3732489063-0", "length_m": 151.62277774468308, "road_metadata": "{\"osmid\": 369999762, \"name\": \"Sarafa Street\", \"highway\": \"residential\", \"maxspeed\": \"20\", \"oneway\": false}", "source_type": "osm", "source_reference": "OpenStreetMap via OSMnx", "observed_or_estimated": "OBSERVED", "modelled_or_interpolated": "NOT_APPLICABLE", "timestamp": "2026-10-08T20:03:11.519349+00:00", "assumptions_version": "2026-10-09-prompt-1", "computation_mode": "FULL"}, "geometry": {"type": "LineString", "coordinates": [[75.8520809, 22.717945600000004], [75.8527164, 22.7179698], [75.8535547, 22.718023399999996]]}}, {"id": "612", "type": "Feature", "properties": {"segment_id": "osm-3734496680-2025020003-0", "length_m": 98.39275145023855, "road_metadata": "{\"osmid\": 369999762, \"name\": \"Sarafa Street\", \"highway\": \"residential\", \"maxspeed\": \"20\", \"oneway\": false}", "source_type": "osm", "source_reference": "OpenStreetMap via OSMnx", "observed_or_estimated": "OBSERVED", "modelled_or_interpolated": "NOT_APPLICABLE", "timestamp": "2026-10-08T20:03:11.520111+00:00", "assumptions_version": "2026-10-09-prompt-1", "computation_mode": "FULL"}, "geometry": {"type": "LineString", "coordinates": [[75.8520809, 22.717945600000004], [75.8513458, 22.7178984], [75.8511287, 22.717937599999996]]}}, {"id": "613", "type": "Feature", "properties": {"segment_id": "osm-3734496680-3734496695-0", "length_m": 40.17763961361413, "road_metadata": "{\"osmid\": 369999883, \"name\": NaN, \"highway\": \"residential\", \"maxspeed\": NaN, \"oneway\": false}", "source_type": "osm", "source_reference": "OpenStreetMap via OSMnx", "observed_or_estimated": "OBSERVED", "modelled_or_interpolated": "NOT_APPLICABLE", "timestamp": "2026-10-08T20:03:11.520775+00:00", "assumptions_version": "2026-10-09-prompt-1", "computation_mode": "FULL"}, "geometry": {"type": "LineString", "coordinates": [[75.8520809, 22.717945600000004], [75.8520803, 22.718259599999996], [75.8520872, 22.718308099999994]]}}, {"id": "614", "type": "Feature", "properties": {"segment_id": "osm-3734496685-2025020003-0", "length_m": 10.935980574797753, "road_metadata": "{\"osmid\": 369676961, \"name\": \"Bohara Bazar\", \"highway\": \"residential\", \"maxspeed\": \"20\", \"oneway\": false}", "source_type": "osm", "source_reference": "OpenStreetMap via OSMnx", "observed_or_estimated": "OBSERVED", "modelled_or_interpolated": "NOT_APPLICABLE", "timestamp": "2026-10-08T20:03:11.521287+00:00", "assumptions_version": "2026-10-09-prompt-1", "computation_mode": "FULL"}, "geometry": {"type": "LineString", "coordinates": [[75.851159, 22.7180323], [75.8511287, 22.717937599999996]]}}, {"id": "615", "type": "Feature", "properties": {"segment_id": "osm-3734496685-2025020078-0", "length_m": 121.8420606191732, "road_metadata": "{\"osmid\": 369999763, \"name\": \"Shakkar Bazar\", \"highway\": \"residential\", \"maxspeed\": NaN, \"oneway\": false}", "source_type": "osm", "source_reference": "OpenStreetMap via OSMnx", "observed_or_estimated": "OBSERVED", "modelled_or_interpolated": "NOT_APPLICABLE", "timestamp": "2026-10-08T20:03:11.521893+00:00", "assumptions_version": "2026-10-09-prompt-1", "computation_mode": "FULL"}, "geometry": {"type": "LineString", "coordinates": [[75.851159, 22.7180323], [75.8510731, 22.719129999999993]]}}, {"id": "616", "type": "Feature", "properties": {"segment_id": "osm-3734496686-2025020021-0", "length_m": 140.4022185337206, "road_metadata": "{\"osmid\": 369999762, \"name\": \"Sarafa Street\", \"highway\": \"residential\", \"maxspeed\": \"20\", \"oneway\": false}", "source_type": "osm", "source_reference": "OpenStreetMap via OSMnx", "observed_or_estimated": "OBSERVED", "modelled_or_interpolated": "NOT_APPLICABLE", "timestamp": "2026-10-08T20:03:11.522573+00:00", "assumptions_version": "2026-10-09-prompt-1", "computation_mode": "FULL"}, "geometry": {"type": "LineString", "coordinates": [[75.8540906, 22.7180599], [75.8542752, 22.718073399999998], [75.8551934, 22.7180706], [75.8553029, 22.7181106], [75.8554029, 22.718209300000005]]}}, {"id": "617", "type": "Feature", "properties": {"segment_id": "osm-3734496686-3732489063-0", "length_m": 55.18729955107554, "road_metadata": "{\"osmid\": 369999762, \"name\": \"Sarafa Street\", \"highway\": \"residential\", \"maxspeed\": \"20\", \"oneway\": false}", "source_type": "osm", "source_reference": "OpenStreetMap via OSMnx", "observed_or_estimated": "OBSERVED", "modelled_or_interpolated": "NOT_APPLICABLE", "timestamp": "2026-10-08T20:03:11.523278+00:00", "assumptions_version": "2026-10-09-prompt-1", "computation_mode": "FULL"}, "geometry": {"type": "LineString", "coordinates": [[75.8540906, 22.7180599], [75.8538547, 22.718042600000004], [75.8535547, 22.718023399999996]]}}, {"id": "618", "type": "Feature", "properties": {"segment_id": "osm-3734496686-3734496703-0", "length_m": 89.52203349002423, "road_metadata": "{\"osmid\": 370006696, \"name\": NaN, \"highway\": \"residential\", \"maxspeed\": NaN, \"oneway\": false}", "source_type": "osm", "source_reference": "OpenStreetMap via OSMnx", "observed_or_estimated": "OBSERVED", "modelled_or_interpolated": "NOT_APPLICABLE", "timestamp": "2026-10-08T20:03:11.523894+00:00", "assumptions_version": "2026-10-09-prompt-1", "computation_mode": "FULL"}, "geometry": {"type": "LineString", "coordinates": [[75.8540906, 22.7180599], [75.8540785, 22.718277099999998], [75.8540705, 22.718457799999996], [75.8540691, 22.7188681]]}}, {"id": "619", "type": "Feature", "properties": {"segment_id": "osm-3734496686-3734496627-0", "length_m": 125.44545392186059, "road_metadata": "{\"osmid\": 370006696, \"name\": NaN, \"highway\": \"residential\", \"maxspeed\": NaN, \"oneway\": false}", "source_type": "osm", "source_reference": "OpenStreetMap via OSMnx", "observed_or_estimated": "OBSERVED", "modelled_or_interpolated": "NOT_APPLICABLE", "timestamp": "2026-10-08T20:03:11.524504+00:00", "assumptions_version": "2026-10-09-prompt-1", "computation_mode": "FULL"}, "geometry": {"type": "LineString", "coordinates": [[75.8540906, 22.7180599], [75.8540906, 22.718024800000006], [75.8541, 22.717881000000002], [75.8541134, 22.717668100000004], [75.8541322, 22.717502199999995], [75.8541671, 22.7173685], [75.8542557, 22.717224899999998], [75.8543576, 22.7171111], [75.8543893, 22.717075], [75.8544413, 22.7170158]]}}, {"id": "620", "type": "Feature", "properties": {"segment_id": "osm-3734496687-3732489063-0", "length_m": 24.563731268923753, "road_metadata": "{\"osmid\": 369458632, \"name\": NaN, \"highway\": \"residential\", \"maxspeed\": NaN, \"oneway\": false}", "source_type": "osm", "source_reference": "OpenStreetMap via OSMnx", "observed_or_estimated": "OBSERVED", "modelled_or_interpolated": "NOT_APPLICABLE", "timestamp": "2026-10-08T20:03:11.525047+00:00", "assumptions_version": "2026-10-09-prompt-1", "computation_mode": "FULL"}, "geometry": {"type": "LineString", "coordinates": [[75.8535482, 22.7182452], [75.8535547, 22.718023399999996]]}}, {"id": "621", "type": "Feature", "properties": {"segment_id": "osm-3734496687-3732489064-0", "length_m": 74.39131421689721, "road_metadata": "{\"osmid\": 369458632, \"name\": NaN, \"highway\": \"residential\", \"maxspeed\": NaN, \"oneway\": false}", "source_type": "osm", "source_reference": "OpenStreetMap via OSMnx", "observed_or_estimated": "OBSERVED", "modelled_or_interpolated": "NOT_APPLICABLE", "timestamp": "2026-10-08T20:03:11.525588+00:00", "assumptions_version": "2026-10-09-prompt-1", "computation_mode": "FULL"}, "geometry": {"type": "LineString", "coordinates": [[75.8535482, 22.7182452], [75.8536022, 22.7189153]]}}, {"id": "622", "type": "Feature", "properties": {"segment_id": "osm-3734496687-3734496697-0", "length_m": 99.17746748780615, "road_metadata": "{\"osmid\": 370006821, \"name\": NaN, \"highway\": \"residential\", \"maxspeed\": NaN, \"oneway\": false}", "source_type": "osm", "source_reference": "OpenStreetMap via OSMnx", "observed_or_estimated": "OBSERVED", "modelled_or_interpolated": "NOT_APPLICABLE", "timestamp": "2026-10-08T20:03:11.526128+00:00", "assumptions_version": "2026-10-09-prompt-1", "computation_mode": "FULL"}, "geometry": {"type": "LineString", "coordinates": [[75.8535482, 22.7182452], [75.8532558, 22.718251399999996], [75.8530748, 22.7182588], [75.8529662, 22.71826739999999], [75.8527241, 22.718269000000003], [75.852704, 22.718273599999993], [75.8526926, 22.718284099999995], [75.8526886, 22.718300500000005], [75.8526872, 22.718380299999996]]}}, {"id": "623", "type": "Feature", "properties": {"segment_id": "osm-3734496695-3734496697-0", "length_m": 63.924512131031776, "road_metadata": "{\"osmid\": 369676938, \"name\": NaN, \"highway\": \"residential\", \"maxspeed\": NaN, \"oneway\": false}", "source_type": "osm", "source_reference": "OpenStreetMap via OSMnx", "observed_or_estimated": "OBSERVED", "modelled_or_interpolated": "NOT_APPLICABLE", "timestamp": "2026-10-08T20:03:11.526742+00:00", "assumptions_version": "2026-10-09-prompt-1", "computation_mode": "FULL"}, "geometry": {"type": "LineString", "coordinates": [[75.8520872, 22.718308099999994], [75.8523912, 22.7183141], [75.852414, 22.718318200000002], [75.8524425, 22.718329899999997], [75.8524592, 22.718347799999997], [75.8524713, 22.718362100000004], [75.8524907, 22.718371999999995], [75.8525102, 22.718373199999995], [75.8526872, 22.718380299999996]]}}, {"id": "624", "type": "Feature", "properties": {"segment_id": "osm-3734496695-3734496680-0", "length_m": 40.17763961361413, "road_metadata": "{\"osmid\": 369999883, \"name\": NaN, \"highway\": \"residential\", \"maxspeed\": NaN, \"oneway\": false}", "source_type": "osm", "source_reference": "OpenStreetMap via OSMnx", "observed_or_estimated": "OBSERVED", "modelled_or_interpolated": "NOT_APPLICABLE", "timestamp": "2026-10-08T20:03:11.540077+00:00", "assumptions_version": "2026-10-09-prompt-1", "computation_mode": "FULL"}, "geometry": {"type": "LineString", "coordinates": [[75.8520872, 22.718308099999994], [75.8520803, 22.718259599999996], [75.8520809, 22.717945600000004]]}}, {"id": "625", "type": "Feature", "properties": {"segment_id": "osm-3734496695-3734496706-0", "length_m": 87.79355632653537, "road_metadata": "{\"osmid\": 369999883, \"name\": NaN, \"highway\": \"residential\", \"maxspeed\": NaN, \"oneway\": false}", "source_type": "osm", "source_reference": "OpenStreetMap via OSMnx", "observed_or_estimated": "OBSERVED", "modelled_or_interpolated": "NOT_APPLICABLE", "timestamp": "2026-10-08T20:03:11.541456+00:00", "assumptions_version": "2026-10-09-prompt-1", "computation_mode": "FULL"}, "geometry": {"type": "LineString", "coordinates": [[75.8520872, 22.718308099999994], [75.8521071, 22.718447799999996], [75.8521313, 22.718631000000002], [75.8521384, 22.719098499999998]]}}, {"id": "626", "type": "Feature", "properties": {"segment_id": "osm-3734496697-8460931645-0", "length_m": 33.99152437027892, "road_metadata": "{\"osmid\": 370006821, \"name\": NaN, \"highway\": \"residential\", \"maxspeed\": NaN, \"oneway\": false}", "source_type": "osm", "source_reference": "OpenStreetMap via OSMnx", "observed_or_estimated": "OBSERVED", "modelled_or_interpolated": "NOT_APPLICABLE", "timestamp": "2026-10-08T20:03:11.542463+00:00", "assumptions_version": "2026-10-09-prompt-1", "computation_mode": "FULL"}, "geometry": {"type": "LineString", "coordinates": [[75.8526872, 22.718380299999996], [75.8526927, 22.718687300000003]]}}, {"id": "627", "type": "Feature", "properties": {"segment_id": "osm-3734496697-3734496695-0", "length_m": 63.924512131031776, "road_metadata": "{\"osmid\": 369676938, \"name\": NaN, \"highway\": \"residential\", \"maxspeed\": NaN, \"oneway\": false}", "source_type": "osm", "source_reference": "OpenStreetMap via OSMnx", "observed_or_estimated": "OBSERVED", "modelled_or_interpolated": "NOT_APPLICABLE", "timestamp": "2026-10-08T20:03:11.543488+00:00", "assumptions_version": "2026-10-09-prompt-1", "computation_mode": "FULL"}, "geometry": {"type": "LineString", "coordinates": [[75.8526872, 22.718380299999996], [75.8525102, 22.718373199999995], [75.8524907, 22.718371999999995], [75.8524713, 22.718362100000004], [75.8524592, 22.718347799999997], [75.8524425, 22.718329899999997], [75.852414, 22.718318200000002], [75.8523912, 22.7183141], [75.8520872, 22.718308099999994]]}}, {"id": "628", "type": "Feature", "properties": {"segment_id": "osm-3734496697-3734496687-0", "length_m": 99.17746748780614, "road_metadata": "{\"osmid\": 370006821, \"name\": NaN, \"highway\": \"residential\", \"maxspeed\": NaN, \"oneway\": false}", "source_type": "osm", "source_reference": "OpenStreetMap via OSMnx", "observed_or_estimated": "OBSERVED", "modelled_or_interpolated": "NOT_APPLICABLE", "timestamp": "2026-10-08T20:03:11.544661+00:00", "assumptions_version": "2026-10-09-prompt-1", "computation_mode": "FULL"}, "geometry": {"type": "LineString", "coordinates": [[75.8526872, 22.718380299999996], [75.8526886, 22.718300500000005], [75.8526926, 22.718284099999995], [75.852704, 22.718273599999993], [75.8527241, 22.718269000000003], [75.8529662, 22.71826739999999], [75.8530748, 22.7182588], [75.8532558, 22.718251399999996], [75.8535482, 22.7182452]]}}, {"id": "629", "type": "Feature", "properties": {"segment_id": "osm-3734496702-3734496705-0", "length_m": 16.495706389947944, "road_metadata": "{\"osmid\": 369676953, \"name\": NaN, \"highway\": \"residential\", \"maxspeed\": NaN, \"oneway\": false}", "source_type": "osm", "source_reference": "OpenStreetMap via OSMnx", "observed_or_estimated": "OBSERVED", "modelled_or_interpolated": "NOT_APPLICABLE", "timestamp": "2026-10-08T20:03:11.545971+00:00", "assumptions_version": "2026-10-09-prompt-1", "computation_mode": "FULL"}, "geometry": {"type": "LineString", "coordinates": [[75.8549209, 22.7188409], [75.8549221, 22.7189899]]}}, {"id": "630", "type": "Feature", "properties": {"segment_id": "osm-3734496702-2025020057-0", "length_m": 41.382508169192874, "road_metadata": "{\"osmid\": 369838820, \"name\": \"M.G.ROAD\", \"highway\": \"secondary\", \"maxspeed\": \"5\", \"oneway\": false}", "source_type": "osm", "source_reference": "OpenStreetMap via OSMnx", "observed_or_estimated": "OBSERVED", "modelled_or_interpolated": "NOT_APPLICABLE", "timestamp": "2026-10-08T20:03:11.550049+00:00", "assumptions_version": "2026-10-09-prompt-1", "computation_mode": "FULL"}, "geometry": {"type": "LineString", "coordinates": [[75.8549209, 22.7188409], [75.8553232, 22.7188199]]}}, {"id": "631", "type": "Feature", "properties": {"segment_id": "osm-3734496702-3734496703-0", "length_m": 87.53651129833418, "road_metadata": "{\"osmid\": 369838820, \"name\": \"M.G.ROAD\", \"highway\": \"secondary\", \"maxspeed\": \"5\", \"oneway\": false}", "source_type": "osm", "source_reference": "OpenStreetMap via OSMnx", "observed_or_estimated": "OBSERVED", "modelled_or_interpolated": "NOT_APPLICABLE", "timestamp": "2026-10-08T20:03:11.552072+00:00", "assumptions_version": "2026-10-09-prompt-1", "computation_mode": "FULL"}, "geometry": {"type": "LineString", "coordinates": [[75.8549209, 22.7188409], [75.8541544, 22.718867299999996], [75.8540691, 22.7188681]]}}, {"id": "632", "type": "Feature", "properties": {"segment_id": "osm-3734496703-6997700387-0", "length_m": 38.368879673759224, "road_metadata": "{\"osmid\": 369838820, \"name\": \"M.G.ROAD\", \"highway\": \"secondary\", \"maxspeed\": \"5\", \"oneway\": false}", "source_type": "osm", "source_reference": "OpenStreetMap via OSMnx", "observed_or_estimated": "OBSERVED", "modelled_or_interpolated": "NOT_APPLICABLE", "timestamp": "2026-10-08T20:03:11.553502+00:00", "assumptions_version": "2026-10-09-prompt-1", "computation_mode": "FULL"}, "geometry": {"type": "LineString", "coordinates": [[75.8540691, 22.7188681], [75.8536977, 22.7189056]]}}, {"id": "633", "type": "Feature", "properties": {"segment_id": "osm-3734496703-3734496702-0", "length_m": 87.53651129833418, "road_metadata": "{\"osmid\": 369838820, \"name\": \"M.G.ROAD\", \"highway\": \"secondary\", \"maxspeed\": \"5\", \"oneway\": false}", "source_type": "osm", "source_reference": "OpenStreetMap via OSMnx", "observed_or_estimated": "OBSERVED", "modelled_or_interpolated": "NOT_APPLICABLE", "timestamp": "2026-10-08T20:03:11.554288+00:00", "assumptions_version": "2026-10-09-prompt-1", "computation_mode": "FULL"}, "geometry": {"type": "LineString", "coordinates": [[75.8540691, 22.7188681], [75.8541544, 22.718867299999996], [75.8549209, 22.7188409]]}}, {"id": "634", "type": "Feature", "properties": {"segment_id": "osm-3734496703-3734496686-0", "length_m": 89.52203349002423, "road_metadata": "{\"osmid\": 370006696, \"name\": NaN, \"highway\": \"residential\", \"maxspeed\": NaN, \"oneway\": false}", "source_type": "osm", "source_reference": "OpenStreetMap via OSMnx", "observed_or_estimated": "OBSERVED", "modelled_or_interpolated": "NOT_APPLICABLE", "timestamp": "2026-10-08T20:03:11.554821+00:00", "assumptions_version": "2026-10-09-prompt-1", "computation_mode": "FULL"}, "geometry": {"type": "LineString", "coordinates": [[75.8540691, 22.7188681], [75.8540705, 22.718457799999996], [75.8540785, 22.718277099999998], [75.8540906, 22.7180599]]}}, {"id": "635", "type": "Feature", "properties": {"segment_id": "osm-3734496703-3734496825-0", "length_m": 78.3169716230969, "road_metadata": "{\"osmid\": 370006773, \"name\": NaN, \"highway\": \"residential\", \"maxspeed\": NaN, \"oneway\": false}", "source_type": "osm", "source_reference": "OpenStreetMap via OSMnx", "observed_or_estimated": "OBSERVED", "modelled_or_interpolated": "NOT_APPLICABLE", "timestamp": "2026-10-08T20:03:11.555291+00:00", "assumptions_version": "2026-10-09-prompt-1", "computation_mode": "FULL"}, "geometry": {"type": "LineString", "coordinates": [[75.8540691, 22.7188681], [75.8541, 22.719217799999996], [75.85413350000002, 22.719573]]}}, {"id": "636", "type": "Feature", "properties": {"segment_id": "osm-3734496704-3734496705-0", "length_m": 48.77605639347511, "road_metadata": "{\"osmid\": 369676947, \"name\": NaN, \"highway\": \"residential\", \"maxspeed\": NaN, \"oneway\": false}", "source_type": "osm", "source_reference": "OpenStreetMap via OSMnx", "observed_or_estimated": "OBSERVED", "modelled_or_interpolated": "NOT_APPLICABLE", "timestamp": "2026-10-08T20:03:11.556119+00:00", "assumptions_version": "2026-10-09-prompt-1", "computation_mode": "FULL"}, "geometry": {"type": "LineString", "coordinates": [[75.8544472, 22.7189946], [75.8549221, 22.7189899]]}}, {"id": "637", "type": "Feature", "properties": {"segment_id": "osm-3734496705-3734496704-0", "length_m": 48.77605639347511, "road_metadata": "{\"osmid\": 369676947, \"name\": NaN, \"highway\": \"residential\", \"maxspeed\": NaN, \"oneway\": false}", "source_type": "osm", "source_reference": "OpenStreetMap via OSMnx", "observed_or_estimated": "OBSERVED", "modelled_or_interpolated": "NOT_APPLICABLE", "timestamp": "2026-10-08T20:03:11.556719+00:00", "assumptions_version": "2026-10-09-prompt-1", "computation_mode": "FULL"}, "geometry": {"type": "LineString", "coordinates": [[75.8549221, 22.7189899], [75.8544472, 22.7189946]]}}, {"id": "638", "type": "Feature", "properties": {"segment_id": "osm-3734496705-3734496713-0", "length_m": 40.565679561324266, "road_metadata": "{\"osmid\": 369676953, \"name\": NaN, \"highway\": \"residential\", \"maxspeed\": NaN, \"oneway\": false}", "source_type": "osm", "source_reference": "OpenStreetMap via OSMnx", "observed_or_estimated": "OBSERVED", "modelled_or_interpolated": "NOT_APPLICABLE", "timestamp": "2026-10-08T20:03:11.557284+00:00", "assumptions_version": "2026-10-09-prompt-1", "computation_mode": "FULL"}, "geometry": {"type": "LineString", "coordinates": [[75.8549221, 22.7189899], [75.8549268, 22.719356299999998]]}}, {"id": "639", "type": "Feature", "properties": {"segment_id": "osm-3734496705-3734496702-0", "length_m": 16.495706389947944, "road_metadata": "{\"osmid\": 369676953, \"name\": NaN, \"highway\": \"residential\", \"maxspeed\": NaN, \"oneway\": false}", "source_type": "osm", "source_reference": "OpenStreetMap via OSMnx", "observed_or_estimated": "OBSERVED", "modelled_or_interpolated": "NOT_APPLICABLE", "timestamp": "2026-10-08T20:03:11.557736+00:00", "assumptions_version": "2026-10-09-prompt-1", "computation_mode": "FULL"}, "geometry": {"type": "LineString", "coordinates": [[75.8549221, 22.7189899], [75.8549209, 22.7188409]]}}, {"id": "640", "type": "Feature", "properties": {"segment_id": "osm-3734496706-3734496840-0", "length_m": 77.45091365625203, "road_metadata": "{\"osmid\": 369676942, \"name\": NaN, \"highway\": \"residential\", \"maxspeed\": NaN, \"oneway\": false}", "source_type": "osm", "source_reference": "OpenStreetMap via OSMnx", "observed_or_estimated": "OBSERVED", "modelled_or_interpolated": "NOT_APPLICABLE", "timestamp": "2026-10-08T20:03:11.558140+00:00", "assumptions_version": "2026-10-09-prompt-1", "computation_mode": "FULL"}, "geometry": {"type": "LineString", "coordinates": [[75.8521384, 22.719098499999998], [75.8521418, 22.7191593], [75.8521555, 22.719339000000005], [75.852176, 22.719541399999997], [75.852189, 22.719796399999996]]}}, {"id": "641", "type": "Feature", "properties": {"segment_id": "osm-3734496706-3732489064-0", "length_m": 151.75956089532295, "road_metadata": "{\"osmid\": 369838820, \"name\": \"M.G.ROAD\", \"highway\": \"secondary\", \"maxspeed\": \"5\", \"oneway\": false}", "source_type": "osm", "source_reference": "OpenStreetMap via OSMnx", "observed_or_estimated": "OBSERVED", "modelled_or_interpolated": "NOT_APPLICABLE", "timestamp": "2026-10-08T20:03:11.558585+00:00", "assumptions_version": "2026-10-09-prompt-1", "computation_mode": "FULL"}, "geometry": {"type": "LineString", "coordinates": [[75.8521384, 22.719098499999998], [75.8530783, 22.718961899999996], [75.8536022, 22.7189153]]}}, {"id": "642", "type": "Feature", "properties": {"segment_id": "osm-3734496706-2025020078-0", "length_m": 109.46878225505, "road_metadata": "{\"osmid\": 369838820, \"name\": \"M.G.ROAD\", \"highway\": \"secondary\", \"maxspeed\": \"5\", \"oneway\": false}", "source_type": "osm", "source_reference": "OpenStreetMap via OSMnx", "observed_or_estimated": "OBSERVED", "modelled_or_interpolated": "NOT_APPLICABLE", "timestamp": "2026-10-08T20:03:11.558972+00:00", "assumptions_version": "2026-10-09-prompt-1", "computation_mode": "FULL"}, "geometry": {"type": "LineString", "coordinates": [[75.8521384, 22.719098499999998], [75.8517821, 22.719104699999995], [75.8510731, 22.719129999999993]]}}, {"id": "643", "type": "Feature", "properties": {"segment_id": "osm-3734496706-3734496695-0", "length_m": 87.79355632653537, "road_metadata": "{\"osmid\": 369999883, \"name\": NaN, \"highway\": \"residential\", \"maxspeed\": NaN, \"oneway\": false}", "source_type": "osm", "source_reference": "OpenStreetMap via OSMnx", "observed_or_estimated": "OBSERVED", "modelled_or_interpolated": "NOT_APPLICABLE", "timestamp": "2026-10-08T20:03:11.559324+00:00", "assumptions_version": "2026-10-09-prompt-1", "computation_mode": "FULL"}, "geometry": {"type": "LineString", "coordinates": [[75.8521384, 22.719098499999998], [75.8521313, 22.718631000000002], [75.8521071, 22.718447799999996], [75.8520872, 22.718308099999994]]}}, {"id": "644", "type": "Feature", "properties": {"segment_id": "osm-3734496707-2025020078-0", "length_m": 23.01582300194263, "road_metadata": "{\"osmid\": 369838820, \"name\": \"M.G.ROAD\", \"highway\": \"secondary\", \"maxspeed\": \"5\", \"oneway\": false}", "source_type": "osm", "source_reference": "OpenStreetMap via OSMnx", "observed_or_estimated": "OBSERVED", "modelled_or_interpolated": "NOT_APPLICABLE", "timestamp": "2026-10-08T20:03:11.559666+00:00", "assumptions_version": "2026-10-09-prompt-1", "computation_mode": "FULL"}, "geometry": {"type": "LineString", "coordinates": [[75.8508491, 22.719136299999995], [75.8510731, 22.719129999999993]]}}, {"id": "645", "type": "Feature", "properties": {"segment_id": "osm-3734496707-3734496838-0", "length_m": 61.2296964422436, "road_metadata": "{\"osmid\": 369999877, \"name\": \"Ahilyapur Road\", \"highway\": \"residential\", \"maxspeed\": \"20\", \"oneway\": false}", "source_type": "osm", "source_reference": "OpenStreetMap via OSMnx", "observed_or_estimated": "OBSERVED", "modelled_or_interpolated": "NOT_APPLICABLE", "timestamp": "2026-10-08T20:03:11.560002+00:00", "assumptions_version": "2026-10-09-prompt-1", "computation_mode": "FULL"}, "geometry": {"type": "LineString", "coordinates": [[75.8508491, 22.719136299999995], [75.8508543, 22.7192391], [75.8508717, 22.719435199999996], [75.850854, 22.719595499999997], [75.8508502, 22.719687699999998]]}}, {"id": "646", "type": "Feature", "properties": {"segment_id": "osm-3734496713-3734496714-0", "length_m": 49.17262290353481, "road_metadata": "{\"osmid\": 369676946, \"name\": NaN, \"highway\": \"residential\", \"maxspeed\": NaN, \"oneway\": false}", "source_type": "osm", "source_reference": "OpenStreetMap via OSMnx", "observed_or_estimated": "OBSERVED", "modelled_or_interpolated": "NOT_APPLICABLE", "timestamp": "2026-10-08T20:03:11.560363+00:00", "assumptions_version": "2026-10-09-prompt-1", "computation_mode": "FULL"}, "geometry": {"type": "LineString", "coordinates": [[75.8549268, 22.719356299999998], [75.8544482, 22.7193688]]}}, {"id": "647", "type": "Feature", "properties": {"segment_id": "osm-3734496713-3734496722-0", "length_m": 23.163057783363215, "road_metadata": "{\"osmid\": 369676953, \"name\": NaN, \"highway\": \"residential\", \"maxspeed\": NaN, \"oneway\": false}", "source_type": "osm", "source_reference": "OpenStreetMap via OSMnx", "observed_or_estimated": "OBSERVED", "modelled_or_interpolated": "NOT_APPLICABLE", "timestamp": "2026-10-08T20:03:11.560723+00:00", "assumptions_version": "2026-10-09-prompt-1", "computation_mode": "FULL"}, "geometry": {"type": "LineString", "coordinates": [[75.8549268, 22.719356299999998], [75.8549306, 22.719565499999998]]}}, {"id": "648", "type": "Feature", "properties": {"segment_id": "osm-3734496713-3734496705-0", "length_m": 40.565679561324266, "road_metadata": "{\"osmid\": 369676953, \"name\": NaN, \"highway\": \"residential\", \"maxspeed\": NaN, \"oneway\": false}", "source_type": "osm", "source_reference": "OpenStreetMap via OSMnx", "observed_or_estimated": "OBSERVED", "modelled_or_interpolated": "NOT_APPLICABLE", "timestamp": "2026-10-08T20:03:11.561019+00:00", "assumptions_version": "2026-10-09-prompt-1", "computation_mode": "FULL"}, "geometry": {"type": "LineString", "coordinates": [[75.8549268, 22.719356299999998], [75.8549221, 22.7189899]]}}, {"id": "649", "type": "Feature", "properties": {"segment_id": "osm-3734496714-3734496713-0", "length_m": 49.17262290353481, "road_metadata": "{\"osmid\": 369676946, \"name\": NaN, \"highway\": \"residential\", \"maxspeed\": NaN, \"oneway\": false}", "source_type": "osm", "source_reference": "OpenStreetMap via OSMnx", "observed_or_estimated": "OBSERVED", "modelled_or_interpolated": "NOT_APPLICABLE", "timestamp": "2026-10-08T20:03:11.561317+00:00", "assumptions_version": "2026-10-09-prompt-1", "computation_mode": "FULL"}, "geometry": {"type": "LineString", "coordinates": [[75.8544482, 22.7193688], [75.8549268, 22.719356299999998]]}}, {"id": "650", "type": "Feature", "properties": {"segment_id": "osm-3734496722-3734496713-0", "length_m": 23.163057783363215, "road_metadata": "{\"osmid\": 369676953, \"name\": NaN, \"highway\": \"residential\", \"maxspeed\": NaN, \"oneway\": false}", "source_type": "osm", "source_reference": "OpenStreetMap via OSMnx", "observed_or_estimated": "OBSERVED", "modelled_or_interpolated": "NOT_APPLICABLE", "timestamp": "2026-10-08T20:03:11.561592+00:00", "assumptions_version": "2026-10-09-prompt-1", "computation_mode": "FULL"}, "geometry": {"type": "LineString", "coordinates": [[75.8549306, 22.719565499999998], [75.8549268, 22.719356299999998]]}}, {"id": "651", "type": "Feature", "properties": {"segment_id": "osm-3734496722-3734496723-0", "length_m": 42.446652161368895, "road_metadata": "{\"osmid\": 369676966, \"name\": NaN, \"highway\": \"residential\", \"maxspeed\": NaN, \"oneway\": false}", "source_type": "osm", "source_reference": "OpenStreetMap via OSMnx", "observed_or_estimated": "OBSERVED", "modelled_or_interpolated": "NOT_APPLICABLE", "timestamp": "2026-10-08T20:03:11.561888+00:00", "assumptions_version": "2026-10-09-prompt-1", "computation_mode": "FULL"}, "geometry": {"type": "LineString", "coordinates": [[75.8549306, 22.719565499999998], [75.8553439, 22.7195655]]}}, {"id": "652", "type": "Feature", "properties": {"segment_id": "osm-3734496722-3734496825-0", "length_m": 81.89433872913474, "road_metadata": "{\"osmid\": 369676966, \"name\": NaN, \"highway\": \"residential\", \"maxspeed\": NaN, \"oneway\": false}", "source_type": "osm", "source_reference": "OpenStreetMap via OSMnx", "observed_or_estimated": "OBSERVED", "modelled_or_interpolated": "NOT_APPLICABLE", "timestamp": "2026-10-08T20:03:11.562197+00:00", "assumptions_version": "2026-10-09-prompt-1", "computation_mode": "FULL"}, "geometry": {"type": "LineString", "coordinates": [[75.8549306, 22.719565499999998], [75.8544609, 22.719570499999993], [75.85426770000001, 22.7195779], [75.85413350000002, 22.719573]]}}, {"id": "653", "type": "Feature", "properties": {"segment_id": "osm-3734496723-3734496722-0", "length_m": 42.446652161368895, "road_metadata": "{\"osmid\": 369676966, \"name\": NaN, \"highway\": \"residential\", \"maxspeed\": NaN, \"oneway\": false}", "source_type": "osm", "source_reference": "OpenStreetMap via OSMnx", "observed_or_estimated": "OBSERVED", "modelled_or_interpolated": "NOT_APPLICABLE", "timestamp": "2026-10-08T20:03:11.562534+00:00", "assumptions_version": "2026-10-09-prompt-1", "computation_mode": "FULL"}, "geometry": {"type": "LineString", "coordinates": [[75.8553439, 22.7195655], [75.8549306, 22.719565499999998]]}}, {"id": "654", "type": "Feature", "properties": {"segment_id": "osm-3734496723-2025020057-0", "length_m": 82.57003697592934, "road_metadata": "{\"osmid\": 369999844, \"name\": NaN, \"highway\": \"residential\", \"maxspeed\": NaN, \"oneway\": false}", "source_type": "osm", "source_reference": "OpenStreetMap via OSMnx", "observed_or_estimated": "OBSERVED", "modelled_or_interpolated": "NOT_APPLICABLE", "timestamp": "2026-10-08T20:03:11.562808+00:00", "assumptions_version": "2026-10-09-prompt-1", "computation_mode": "FULL"}, "geometry": {"type": "LineString", "coordinates": [[75.8553439, 22.7195655], [75.8553232, 22.7188199]]}}, {"id": "655", "type": "Feature", "properties": {"segment_id": "osm-3734496723-2025111198-0", "length_m": 24.311485414619504, "road_metadata": "{\"osmid\": 369999844, \"name\": NaN, \"highway\": \"residential\", \"maxspeed\": NaN, \"oneway\": false}", "source_type": "osm", "source_reference": "OpenStreetMap via OSMnx", "observed_or_estimated": "OBSERVED", "modelled_or_interpolated": "NOT_APPLICABLE", "timestamp": "2026-10-08T20:03:11.563090+00:00", "assumptions_version": "2026-10-09-prompt-1", "computation_mode": "FULL"}, "geometry": {"type": "LineString", "coordinates": [[75.8553439, 22.7195655], [75.8553426, 22.7197851]]}}, {"id": "656", "type": "Feature", "properties": {"segment_id": "osm-3734496825-6997640180-0", "length_m": 9.738599660337483, "road_metadata": "{\"osmid\": 370006773, \"name\": NaN, \"highway\": \"residential\", \"maxspeed\": NaN, \"oneway\": false}", "source_type": "osm", "source_reference": "OpenStreetMap via OSMnx", "observed_or_estimated": "OBSERVED", "modelled_or_interpolated": "NOT_APPLICABLE", "timestamp": "2026-10-08T20:03:11.563381+00:00", "assumptions_version": "2026-10-09-prompt-1", "computation_mode": "FULL"}, "geometry": {"type": "LineString", "coordinates": [[75.85413350000002, 22.719573], [75.8541489, 22.719659799999995]]}}, {"id": "657", "type": "Feature", "properties": {"segment_id": "osm-3734496825-3734496722-0", "length_m": 81.89433872913474, "road_metadata": "{\"osmid\": 369676966, \"name\": NaN, \"highway\": \"residential\", \"maxspeed\": NaN, \"oneway\": false}", "source_type": "osm", "source_reference": "OpenStreetMap via OSMnx", "observed_or_estimated": "OBSERVED", "modelled_or_interpolated": "NOT_APPLICABLE", "timestamp": "2026-10-08T20:03:11.563685+00:00", "assumptions_version": "2026-10-09-prompt-1", "computation_mode": "FULL"}, "geometry": {"type": "LineString", "coordinates": [[75.85413350000002, 22.719573], [75.85426770000001, 22.7195779], [75.8544609, 22.719570499999993], [75.8549306, 22.719565499999998]]}}, {"id": "658", "type": "Feature", "properties": {"segment_id": "osm-3734496825-3734496703-0", "length_m": 78.3169716230969, "road_metadata": "{\"osmid\": 370006773, \"name\": NaN, \"highway\": \"residential\", \"maxspeed\": NaN, \"oneway\": false}", "source_type": "osm", "source_reference": "OpenStreetMap via OSMnx", "observed_or_estimated": "OBSERVED", "modelled_or_interpolated": "NOT_APPLICABLE", "timestamp": "2026-10-08T20:03:11.564071+00:00", "assumptions_version": "2026-10-09-prompt-1", "computation_mode": "FULL"}, "geometry": {"type": "LineString", "coordinates": [[75.85413350000002, 22.719573], [75.8541, 22.719217799999996], [75.8540691, 22.7188681]]}}, {"id": "659", "type": "Feature", "properties": {"segment_id": "osm-3734496833-8460931649-0", "length_m": 19.061934066734544, "road_metadata": "{\"osmid\": 370008849, \"name\": NaN, \"highway\": \"residential\", \"maxspeed\": NaN, \"oneway\": false}", "source_type": "osm", "source_reference": "OpenStreetMap via OSMnx", "observed_or_estimated": "OBSERVED", "modelled_or_interpolated": "NOT_APPLICABLE", "timestamp": "2026-10-08T20:03:11.564614+00:00", "assumptions_version": "2026-10-09-prompt-1", "computation_mode": "FULL"}, "geometry": {"type": "LineString", "coordinates": [[75.8515994, 22.719633], [75.8516275, 22.719803200000005]]}}, {"id": "660", "type": "Feature", "properties": {"segment_id": "osm-3734496834-3734496838-0", "length_m": 29.844312467150317, "road_metadata": "{\"osmid\": 369999865, \"name\": NaN, \"highway\": \"residential\", \"maxspeed\": NaN, \"oneway\": false}", "source_type": "osm", "source_reference": "OpenStreetMap via OSMnx", "observed_or_estimated": "OBSERVED", "modelled_or_interpolated": "NOT_APPLICABLE", "timestamp": "2026-10-08T20:03:11.565353+00:00", "assumptions_version": "2026-10-09-prompt-1", "computation_mode": "FULL"}, "geometry": {"type": "LineString", "coordinates": [[75.8505597, 22.719680899999997], [75.8508502, 22.719687699999998]]}}, {"id": "661", "type": "Feature", "properties": {"segment_id": "osm-3734496838-3734496834-0", "length_m": 29.844312467150317, "road_metadata": "{\"osmid\": 369999865, \"name\": NaN, \"highway\": \"residential\", \"maxspeed\": NaN, \"oneway\": false}", "source_type": "osm", "source_reference": "OpenStreetMap via OSMnx", "observed_or_estimated": "OBSERVED", "modelled_or_interpolated": "NOT_APPLICABLE", "timestamp": "2026-10-08T20:03:11.565962+00:00", "assumptions_version": "2026-10-09-prompt-1", "computation_mode": "FULL"}, "geometry": {"type": "LineString", "coordinates": [[75.8508502, 22.719687699999998], [75.8505597, 22.719680899999997]]}}, {"id": "662", "type": "Feature", "properties": {"segment_id": "osm-3734496838-3734496707-0", "length_m": 61.22969644224359, "road_metadata": "{\"osmid\": 369999877, \"name\": \"Ahilyapur Road\", \"highway\": \"residential\", \"maxspeed\": \"20\", \"oneway\": false}", "source_type": "osm", "source_reference": "OpenStreetMap via OSMnx", "observed_or_estimated": "OBSERVED", "modelled_or_interpolated": "NOT_APPLICABLE", "timestamp": "2026-10-08T20:03:11.566420+00:00", "assumptions_version": "2026-10-09-prompt-1", "computation_mode": "FULL"}, "geometry": {"type": "LineString", "coordinates": [[75.8508502, 22.719687699999998], [75.850854, 22.719595499999997], [75.8508717, 22.719435199999996], [75.8508543, 22.7192391], [75.8508491, 22.719136299999995]]}}, {"id": "663", "type": "Feature", "properties": {"segment_id": "osm-3734496838-3734496844-0", "length_m": 12.50418957892833, "road_metadata": "{\"osmid\": 369999877, \"name\": \"Ahilyapur Road\", \"highway\": \"residential\", \"maxspeed\": \"20\", \"oneway\": false}", "source_type": "osm", "source_reference": "OpenStreetMap via OSMnx", "observed_or_estimated": "OBSERVED", "modelled_or_interpolated": "NOT_APPLICABLE", "timestamp": "2026-10-08T20:03:11.566910+00:00", "assumptions_version": "2026-10-09-prompt-1", "computation_mode": "FULL"}, "geometry": {"type": "LineString", "coordinates": [[75.8508502, 22.719687699999998], [75.8508334, 22.719766999999994], [75.8508429, 22.719797899999996]]}}, {"id": "664", "type": "Feature", "properties": {"segment_id": "osm-3734496839-2025020078-0", "length_m": 66.52832980070527, "road_metadata": "{\"osmid\": 370143908, \"name\": \"Ahilypura Road\", \"highway\": \"residential\", \"maxspeed\": \"20\", \"oneway\": false}", "source_type": "osm", "source_reference": "OpenStreetMap via OSMnx", "observed_or_estimated": "OBSERVED", "modelled_or_interpolated": "NOT_APPLICABLE", "timestamp": "2026-10-08T20:03:11.567294+00:00", "assumptions_version": "2026-10-09-prompt-1", "computation_mode": "FULL"}, "geometry": {"type": "LineString", "coordinates": [[75.8509629, 22.719716300000005], [75.851018, 22.7195845], [75.8510602, 22.719428399999998], [75.8510656, 22.7192811], [75.8510731, 22.719129999999993]]}}, {"id": "665", "type": "Feature", "properties": {"segment_id": "osm-3734496839-3734496844-0", "length_m": 16.199847649767207, "road_metadata": "{\"osmid\": 370143908, \"name\": \"Ahilypura Road\", \"highway\": \"residential\", \"maxspeed\": \"20\", \"oneway\": false}", "source_type": "osm", "source_reference": "OpenStreetMap via OSMnx", "observed_or_estimated": "OBSERVED", "modelled_or_interpolated": "NOT_APPLICABLE", "timestamp": "2026-10-08T20:03:11.567610+00:00", "assumptions_version": "2026-10-09-prompt-1", "computation_mode": "FULL"}, "geometry": {"type": "LineString", "coordinates": [[75.8509629, 22.719716300000005], [75.8509032, 22.719786199999994], [75.8508429, 22.719797899999996]]}}, {"id": "666", "type": "Feature", "properties": {"segment_id": "osm-3734496839-8460931654-0", "length_m": 17.522002312044876, "road_metadata": "{\"osmid\": 911203995, \"name\": NaN, \"highway\": \"residential\", \"maxspeed\": NaN, \"oneway\": false}", "source_type": "osm", "source_reference": "OpenStreetMap via OSMnx", "observed_or_estimated": "OBSERVED", "modelled_or_interpolated": "NOT_APPLICABLE", "timestamp": "2026-10-08T20:03:11.567915+00:00", "assumptions_version": "2026-10-09-prompt-1", "computation_mode": "FULL"}, "geometry": {"type": "LineString", "coordinates": [[75.8509629, 22.719716300000005], [75.8510014, 22.7197902], [75.8510081, 22.7198311], [75.8510113, 22.719865799999994]]}}, {"id": "667", "type": "Feature", "properties": {"segment_id": "osm-3734496840-3734496706-0", "length_m": 77.45091365625204, "road_metadata": "{\"osmid\": 369676942, \"name\": NaN, \"highway\": \"residential\", \"maxspeed\": NaN, \"oneway\": false}", "source_type": "osm", "source_reference": "OpenStreetMap via OSMnx", "observed_or_estimated": "OBSERVED", "modelled_or_interpolated": "NOT_APPLICABLE", "timestamp": "2026-10-08T20:03:11.568203+00:00", "assumptions_version": "2026-10-09-prompt-1", "computation_mode": "FULL"}, "geometry": {"type": "LineString", "coordinates": [[75.852189, 22.719796399999996], [75.852176, 22.719541399999997], [75.8521555, 22.719339000000005], [75.8521418, 22.7191593], [75.8521384, 22.719098499999998]]}}, {"id": "668", "type": "Feature", "properties": {"segment_id": "osm-3734496840-3734496860-0", "length_m": 36.6566611728977, "road_metadata": "{\"osmid\": 369676942, \"name\": NaN, \"highway\": \"residential\", \"maxspeed\": NaN, \"oneway\": false}", "source_type": "osm", "source_reference": "OpenStreetMap via OSMnx", "observed_or_estimated": "OBSERVED", "modelled_or_interpolated": "NOT_APPLICABLE", "timestamp": "2026-10-08T20:03:11.568494+00:00", "assumptions_version": "2026-10-09-prompt-1", "computation_mode": "FULL"}, "geometry": {"type": "LineString", "coordinates": [[75.852189, 22.719796399999996], [75.8521777, 22.71996379999999], [75.852151, 22.7201253]]}}, {"id": "669", "type": "Feature", "properties": {"segment_id": "osm-3734496840-3734496845-0", "length_m": 57.63402714184634, "road_metadata": "{\"osmid\": 369676955, \"name\": NaN, \"highway\": \"residential\", \"maxspeed\": NaN, \"oneway\": false}", "source_type": "osm", "source_reference": "OpenStreetMap via OSMnx", "observed_or_estimated": "OBSERVED", "modelled_or_interpolated": "NOT_APPLICABLE", "timestamp": "2026-10-08T20:03:11.568799+00:00", "assumptions_version": "2026-10-09-prompt-1", "computation_mode": "FULL"}, "geometry": {"type": "LineString", "coordinates": [[75.852189, 22.719796399999996], [75.85205270000002, 22.719805899999994], [75.8518447, 22.719815100000005], [75.8516285, 22.7198198]]}}, {"id": "670", "type": "Feature", "properties": {"segment_id": "osm-3734496844-3734496838-0", "length_m": 12.50418957892833, "road_metadata": "{\"osmid\": 369999877, \"name\": \"Ahilyapur Road\", \"highway\": \"residential\", \"maxspeed\": \"20\", \"oneway\": false}", "source_type": "osm", "source_reference": "OpenStreetMap via OSMnx", "observed_or_estimated": "OBSERVED", "modelled_or_interpolated": "NOT_APPLICABLE", "timestamp": "2026-10-08T20:03:11.569105+00:00", "assumptions_version": "2026-10-09-prompt-1", "computation_mode": "FULL"}, "geometry": {"type": "LineString", "coordinates": [[75.8508429, 22.719797899999996], [75.8508334, 22.719766999999994], [75.8508502, 22.719687699999998]]}}, {"id": "671", "type": "Feature", "properties": {"segment_id": "osm-3734496844-3665539304-0", "length_m": 118.97993882446289, "road_metadata": "{\"osmid\": 369999877, \"name\": \"Ahilyapur Road\", \"highway\": \"residential\", \"maxspeed\": \"20\", \"oneway\": false}", "source_type": "osm", "source_reference": "OpenStreetMap via OSMnx", "observed_or_estimated": "OBSERVED", "modelled_or_interpolated": "NOT_APPLICABLE", "timestamp": "2026-10-08T20:03:11.569484+00:00", "assumptions_version": "2026-10-09-prompt-1", "computation_mode": "FULL"}, "geometry": {"type": "LineString", "coordinates": [[75.8508429, 22.719797899999996], [75.8507852, 22.7200838], [75.850765, 22.720306599999994], [75.8507664, 22.720504699999992], [75.8507865, 22.7207027], [75.8508353, 22.720859600000004]]}}, {"id": "672", "type": "Feature", "properties": {"segment_id": "osm-3734496844-3734496839-0", "length_m": 16.199847649767207, "road_metadata": "{\"osmid\": 370143908, \"name\": \"Ahilypura Road\", \"highway\": \"residential\", \"maxspeed\": \"20\", \"oneway\": false}", "source_type": "osm", "source_reference": "OpenStreetMap via OSMnx", "observed_or_estimated": "OBSERVED", "modelled_or_interpolated": "NOT_APPLICABLE", "timestamp": "2026-10-08T20:03:11.569864+00:00", "assumptions_version": "2026-10-09-prompt-1", "computation_mode": "FULL"}, "geometry": {"type": "LineString", "coordinates": [[75.8508429, 22.719797899999996], [75.8509032, 22.719786199999994], [75.8509629, 22.719716300000005]]}}, {"id": "673", "type": "Feature", "properties": {"segment_id": "osm-3734496845-8460931649-0", "length_m": 1.840591759697454, "road_metadata": "{\"osmid\": 370008849, \"name\": NaN, \"highway\": \"residential\", \"maxspeed\": NaN, \"oneway\": false}", "source_type": "osm", "source_reference": "OpenStreetMap via OSMnx", "observed_or_estimated": "OBSERVED", "modelled_or_interpolated": "NOT_APPLICABLE", "timestamp": "2026-10-08T20:03:11.570170+00:00", "assumptions_version": "2026-10-09-prompt-1", "computation_mode": "FULL"}, "geometry": {"type": "LineString", "coordinates": [[75.8516285, 22.7198198], [75.8516275, 22.719803200000005]]}}, {"id": "674", "type": "Feature", "properties": {"segment_id": "osm-3734496845-3734496840-0", "length_m": 57.63402714184633, "road_metadata": "{\"osmid\": 369676955, \"name\": NaN, \"highway\": \"residential\", \"maxspeed\": NaN, \"oneway\": false}", "source_type": "osm", "source_reference": "OpenStreetMap via OSMnx", "observed_or_estimated": "OBSERVED", "modelled_or_interpolated": "NOT_APPLICABLE", "timestamp": "2026-10-08T20:03:11.570545+00:00", "assumptions_version": "2026-10-09-prompt-1", "computation_mode": "FULL"}, "geometry": {"type": "LineString", "coordinates": [[75.8516285, 22.7198198], [75.8518447, 22.719815100000005], [75.85205270000002, 22.719805899999994], [75.852189, 22.719796399999996]]}}, {"id": "675", "type": "Feature", "properties": {"segment_id": "osm-3734496845-3734496866-0", "length_m": 77.03717839201911, "road_metadata": "{\"osmid\": [370008849, 369676939], \"name\": NaN, \"highway\": \"residential\", \"maxspeed\": NaN, \"oneway\": false}", "source_type": "osm", "source_reference": "OpenStreetMap via OSMnx", "observed_or_estimated": "OBSERVED", "modelled_or_interpolated": "NOT_APPLICABLE", "timestamp": "2026-10-08T20:03:11.570915+00:00", "assumptions_version": "2026-10-09-prompt-1", "computation_mode": "FULL"}, "geometry": {"type": "LineString", "coordinates": [[75.8516285, 22.7198198], [75.8516383, 22.7199133], [75.8516697, 22.720179399999992], [75.8518223, 22.720179], [75.85194, 22.720186400000003], [75.8520297, 22.7201882]]}}, {"id": "676", "type": "Feature", "properties": {"segment_id": "osm-3734496853-3734463378-0", "length_m": 5.02512899433853, "road_metadata": "{\"osmid\": 369676963, \"name\": NaN, \"highway\": \"residential\", \"maxspeed\": NaN, \"oneway\": false}", "source_type": "osm", "source_reference": "OpenStreetMap via OSMnx", "observed_or_estimated": "OBSERVED", "modelled_or_interpolated": "NOT_APPLICABLE", "timestamp": "2026-10-08T20:03:11.571236+00:00", "assumptions_version": "2026-10-09-prompt-1", "computation_mode": "FULL"}, "geometry": {"type": "LineString", "coordinates": [[75.8542055, 22.719978100000002], [75.8541567, 22.719981399999995]]}}, {"id": "677", "type": "Feature", "properties": {"segment_id": "osm-3734496853-6997640180-0", "length_m": 35.714065994283494, "road_metadata": "{\"osmid\": 370006773, \"name\": NaN, \"highway\": \"residential\", \"maxspeed\": NaN, \"oneway\": false}", "source_type": "osm", "source_reference": "OpenStreetMap via OSMnx", "observed_or_estimated": "OBSERVED", "modelled_or_interpolated": "NOT_APPLICABLE", "timestamp": "2026-10-08T20:03:11.571519+00:00", "assumptions_version": "2026-10-09-prompt-1", "computation_mode": "FULL"}, "geometry": {"type": "LineString", "coordinates": [[75.8542055, 22.719978100000002], [75.8541489, 22.719659799999995]]}}, {"id": "678", "type": "Feature", "properties": {"segment_id": "osm-3734496853-3734463375-0", "length_m": 60.22912837484935, "road_metadata": "{\"osmid\": 369676963, \"name\": NaN, \"highway\": \"residential\", \"maxspeed\": NaN, \"oneway\": false}", "source_type": "osm", "source_reference": "OpenStreetMap via OSMnx", "observed_or_estimated": "OBSERVED", "modelled_or_interpolated": "NOT_APPLICABLE", "timestamp": "2026-10-08T20:03:11.571808+00:00", "assumptions_version": "2026-10-09-prompt-1", "computation_mode": "FULL"}, "geometry": {"type": "LineString", "coordinates": [[75.8542055, 22.719978100000002], [75.8542777, 22.7199556], [75.8545804, 22.7199469], [75.8547878, 22.719950599999997]]}}, {"id": "679", "type": "Feature", "properties": {"segment_id": "osm-3734496854-2025111228-0", "length_m": 44.78008150756786, "road_metadata": "{\"osmid\": 911149941, \"name\": NaN, \"highway\": \"residential\", \"maxspeed\": NaN, \"oneway\": false}", "source_type": "osm", "source_reference": "OpenStreetMap via OSMnx", "observed_or_estimated": "OBSERVED", "modelled_or_interpolated": "NOT_APPLICABLE", "timestamp": "2026-10-08T20:03:11.572114+00:00", "assumptions_version": "2026-10-09-prompt-1", "computation_mode": "FULL"}, "geometry": {"type": "LineString", "coordinates": [[75.855238, 22.719984699999998], [75.855636, 22.7201499]]}}, {"id": "680", "type": "Feature", "properties": {"segment_id": "osm-3734496854-2025111198-0", "length_m": 24.569903097468877, "road_metadata": "{\"osmid\": 1033376987, \"name\": \"Imli Baazar\", \"highway\": \"tertiary\", \"maxspeed\": \"20\", \"oneway\": false}", "source_type": "osm", "source_reference": "OpenStreetMap via OSMnx", "observed_or_estimated": "OBSERVED", "modelled_or_interpolated": "NOT_APPLICABLE", "timestamp": "2026-10-08T20:03:11.572433+00:00", "assumptions_version": "2026-10-09-prompt-1", "computation_mode": "FULL"}, "geometry": {"type": "LineString", "coordinates": [[75.855238, 22.719984699999998], [75.8553426, 22.7197851]]}}, {"id": "681", "type": "Feature", "properties": {"segment_id": "osm-3734496854-3734463375-0", "length_m": 46.73267330189563, "road_metadata": "{\"osmid\": 369676963, \"name\": NaN, \"highway\": \"residential\", \"maxspeed\": NaN, \"oneway\": false}", "source_type": "osm", "source_reference": "OpenStreetMap via OSMnx", "observed_or_estimated": "OBSERVED", "modelled_or_interpolated": "NOT_APPLICABLE", "timestamp": "2026-10-08T20:03:11.572704+00:00", "assumptions_version": "2026-10-09-prompt-1", "computation_mode": "FULL"}, "geometry": {"type": "LineString", "coordinates": [[75.855238, 22.719984699999998], [75.8551462, 22.719970000000004], [75.8549508, 22.719938399999997], [75.8547878, 22.719950599999997]]}}, {"id": "682", "type": "Feature", "properties": {"segment_id": "osm-3734496854-2025111260-0", "length_m": 133.63093346282716, "road_metadata": "{\"osmid\": 1033376987, \"name\": \"Imli Baazar\", \"highway\": \"tertiary\", \"maxspeed\": \"20\", \"oneway\": false}", "source_type": "osm", "source_reference": "OpenStreetMap via OSMnx", "observed_or_estimated": "OBSERVED", "modelled_or_interpolated": "NOT_APPLICABLE", "timestamp": "2026-10-08T20:03:11.572949+00:00", "assumptions_version": "2026-10-09-prompt-1", "computation_mode": "FULL"}, "geometry": {"type": "LineString", "coordinates": [[75.855238, 22.719984699999998], [75.8551438, 22.7201769], [75.854995, 22.7205373], [75.8548203, 22.7208865], [75.8547272, 22.7210943]]}}, {"id": "683", "type": "Feature", "properties": {"segment_id": "osm-3734496860-3734496840-0", "length_m": 36.6566611728977, "road_metadata": "{\"osmid\": 369676942, \"name\": NaN, \"highway\": \"residential\", \"maxspeed\": NaN, \"oneway\": false}", "source_type": "osm", "source_reference": "OpenStreetMap via OSMnx", "observed_or_estimated": "OBSERVED", "modelled_or_interpolated": "NOT_APPLICABLE", "timestamp": "2026-10-08T20:03:11.573337+00:00", "assumptions_version": "2026-10-09-prompt-1", "computation_mode": "FULL"}, "geometry": {"type": "LineString", "coordinates": [[75.852151, 22.7201253], [75.8521777, 22.71996379999999], [75.852189, 22.719796399999996]]}}, {"id": "684", "type": "Feature", "properties": {"segment_id": "osm-3734496860-3734463385-0", "length_m": 35.01428179953207, "road_metadata": "{\"osmid\": 369676942, \"name\": NaN, \"highway\": \"residential\", \"maxspeed\": NaN, \"oneway\": false}", "source_type": "osm", "source_reference": "OpenStreetMap via OSMnx", "observed_or_estimated": "OBSERVED", "modelled_or_interpolated": "NOT_APPLICABLE", "timestamp": "2026-10-08T20:03:11.573642+00:00", "assumptions_version": "2026-10-09-prompt-1", "computation_mode": "FULL"}, "geometry": {"type": "LineString", "coordinates": [[75.852151, 22.7201253], [75.8521824, 22.720194099999997], [75.8522449, 22.720274899999996], [75.85231870000001, 22.720315399999997], [75.8523801, 22.720341300000005]]}}, {"id": "685", "type": "Feature", "properties": {"segment_id": "osm-3734496860-3734496866-0", "length_m": 15.326828608934665, "road_metadata": "{\"osmid\": 369676971, \"name\": NaN, \"highway\": \"residential\", \"maxspeed\": NaN, \"oneway\": false}", "source_type": "osm", "source_reference": "OpenStreetMap via OSMnx", "observed_or_estimated": "OBSERVED", "modelled_or_interpolated": "NOT_APPLICABLE", "timestamp": "2026-10-08T20:03:11.573889+00:00", "assumptions_version": "2026-10-09-prompt-1", "computation_mode": "FULL"}, "geometry": {"type": "LineString", "coordinates": [[75.852151, 22.7201253], [75.8521053, 22.720126599999993], [75.852061, 22.72014769999999], [75.8520297, 22.7201882]]}}, {"id": "686", "type": "Feature", "properties": {"segment_id": "osm-3734496866-3734496845-0", "length_m": 77.03717839201911, "road_metadata": "{\"osmid\": [370008849, 369676939], \"name\": NaN, \"highway\": \"residential\", \"maxspeed\": NaN, \"oneway\": false}", "source_type": "osm", "source_reference": "OpenStreetMap via OSMnx", "observed_or_estimated": "OBSERVED", "modelled_or_interpolated": "NOT_APPLICABLE", "timestamp": "2026-10-08T20:03:11.574246+00:00", "assumptions_version": "2026-10-09-prompt-1", "computation_mode": "FULL"}, "geometry": {"type": "LineString", "coordinates": [[75.8520297, 22.7201882], [75.85194, 22.720186400000003], [75.8518223, 22.720179], [75.8516697, 22.720179399999992], [75.8516383, 22.7199133], [75.8516285, 22.7198198]]}}, {"id": "687", "type": "Feature", "properties": {"segment_id": "osm-3734496866-3665539298-0", "length_m": 65.391884458324, "road_metadata": "{\"osmid\": 369676971, \"name\": NaN, \"highway\": \"residential\", \"maxspeed\": NaN, \"oneway\": false}", "source_type": "osm", "source_reference": "OpenStreetMap via OSMnx", "observed_or_estimated": "OBSERVED", "modelled_or_interpolated": "NOT_APPLICABLE", "timestamp": "2026-10-08T20:03:11.574512+00:00", "assumptions_version": "2026-10-09-prompt-1", "computation_mode": "FULL"}, "geometry": {"type": "LineString", "coordinates": [[75.8520297, 22.7201882], [75.8520047, 22.720218199999994], [75.8519859, 22.720298699999997], [75.85188350000001, 22.7207594]]}}, {"id": "688", "type": "Feature", "properties": {"segment_id": "osm-3734496866-3734496860-0", "length_m": 15.326828608934665, "road_metadata": "{\"osmid\": 369676971, \"name\": NaN, \"highway\": \"residential\", \"maxspeed\": NaN, \"oneway\": false}", "source_type": "osm", "source_reference": "OpenStreetMap via OSMnx", "observed_or_estimated": "OBSERVED", "modelled_or_interpolated": "NOT_APPLICABLE", "timestamp": "2026-10-08T20:03:11.574751+00:00", "assumptions_version": "2026-10-09-prompt-1", "computation_mode": "FULL"}, "geometry": {"type": "LineString", "coordinates": [[75.8520297, 22.7201882], [75.852061, 22.72014769999999], [75.8521053, 22.720126599999993], [75.852151, 22.7201253]]}}, {"id": "689", "type": "Feature", "properties": {"segment_id": "osm-3734538653-2027103687-0", "length_m": 42.65926855150046, "road_metadata": "{\"osmid\": 192150021, \"name\": NaN, \"highway\": \"residential\", \"maxspeed\": NaN, \"oneway\": false}", "source_type": "osm", "source_reference": "OpenStreetMap via OSMnx", "observed_or_estimated": "OBSERVED", "modelled_or_interpolated": "NOT_APPLICABLE", "timestamp": "2026-10-08T20:03:11.575223+00:00", "assumptions_version": "2026-10-09-prompt-1", "computation_mode": "FULL"}, "geometry": {"type": "LineString", "coordinates": [[75.8548908, 22.71328709999999], [75.8552993, 22.713217399999998]]}}, {"id": "690", "type": "Feature", "properties": {"segment_id": "osm-3734538653-2027103692-0", "length_m": 50.380415783564004, "road_metadata": "{\"osmid\": 192150021, \"name\": NaN, \"highway\": \"residential\", \"maxspeed\": NaN, \"oneway\": false}", "source_type": "osm", "source_reference": "OpenStreetMap via OSMnx", "observed_or_estimated": "OBSERVED", "modelled_or_interpolated": "NOT_APPLICABLE", "timestamp": "2026-10-08T20:03:11.575536+00:00", "assumptions_version": "2026-10-09-prompt-1", "computation_mode": "FULL"}, "geometry": {"type": "LineString", "coordinates": [[75.8548908, 22.71328709999999], [75.85441040000002, 22.713379100000004]]}}, {"id": "691", "type": "Feature", "properties": {"segment_id": "osm-3734538655-2027103703-0", "length_m": 20.203165107398288, "road_metadata": "{\"osmid\": 192150116, \"name\": NaN, \"highway\": \"residential\", \"maxspeed\": NaN, \"oneway\": false}", "source_type": "osm", "source_reference": "OpenStreetMap via OSMnx", "observed_or_estimated": "OBSERVED", "modelled_or_interpolated": "NOT_APPLICABLE", "timestamp": "2026-10-08T20:03:11.575814+00:00", "assumptions_version": "2026-10-09-prompt-1", "computation_mode": "FULL"}, "geometry": {"type": "LineString", "coordinates": [[75.8540093, 22.713774899999997], [75.854206, 22.713776599999992]]}}, {"id": "692", "type": "Feature", "properties": {"segment_id": "osm-3734538655-2027103702-0", "length_m": 20.47675952690482, "road_metadata": "{\"osmid\": 192150116, \"name\": NaN, \"highway\": \"residential\", \"maxspeed\": NaN, \"oneway\": false}", "source_type": "osm", "source_reference": "OpenStreetMap via OSMnx", "observed_or_estimated": "OBSERVED", "modelled_or_interpolated": "NOT_APPLICABLE", "timestamp": "2026-10-08T20:03:11.576094+00:00", "assumptions_version": "2026-10-09-prompt-1", "computation_mode": "FULL"}, "geometry": {"type": "LineString", "coordinates": [[75.8540093, 22.713774899999997], [75.8538103, 22.713786199999998]]}}, {"id": "693", "type": "Feature", "properties": {"segment_id": "osm-3734538655-3734538662-0", "length_m": 34.30297092614407, "road_metadata": "{\"osmid\": 369681899, \"name\": NaN, \"highway\": \"residential\", \"maxspeed\": NaN, \"oneway\": false}", "source_type": "osm", "source_reference": "OpenStreetMap via OSMnx", "observed_or_estimated": "OBSERVED", "modelled_or_interpolated": "NOT_APPLICABLE", "timestamp": "2026-10-08T20:03:11.576355+00:00", "assumptions_version": "2026-10-09-prompt-1", "computation_mode": "FULL"}, "geometry": {"type": "LineString", "coordinates": [[75.8540093, 22.713774899999997], [75.8540253, 22.714084399999997]]}}, {"id": "694", "type": "Feature", "properties": {"segment_id": "osm-3734538656-2027032511-0", "length_m": 212.55836286565196, "road_metadata": "{\"osmid\": 369681882, \"name\": NaN, \"highway\": \"residential\", \"maxspeed\": NaN, \"oneway\": false}", "source_type": "osm", "source_reference": "OpenStreetMap via OSMnx", "observed_or_estimated": "OBSERVED", "modelled_or_interpolated": "NOT_APPLICABLE", "timestamp": "2026-10-08T20:03:11.576632+00:00", "assumptions_version": "2026-10-09-prompt-1", "computation_mode": "FULL"}, "geometry": {"type": "LineString", "coordinates": [[75.8528371, 22.713764600000005], [75.8528557, 22.713798399999998], [75.8529047, 22.71387779999999], [75.8529857, 22.7139514], [75.8530782, 22.714024], [75.853175, 22.7140862], [75.8532705, 22.7141385], [75.8534327, 22.7142186], [75.8536033, 22.714255000000005], [75.8538267, 22.714289800000003], [75.8539816, 22.7142937], [75.8541584, 22.714286099999995], [75.8543038, 22.714270699999993], [75.8544099, 22.7142374], [75.8544928, 22.714184799999998], [75.8545395, 22.714143699999997], [75.8546154, 22.714116300000004], [75.8546563, 22.7141337]]}}, {"id": "695", "type": "Feature", "properties": {"segment_id": "osm-3734538662-3734538655-0", "length_m": 34.30297092614407, "road_metadata": "{\"osmid\": 369681899, \"name\": NaN, \"highway\": \"residential\", \"maxspeed\": NaN, \"oneway\": false}", "source_type": "osm", "source_reference": "OpenStreetMap via OSMnx", "observed_or_estimated": "OBSERVED", "modelled_or_interpolated": "NOT_APPLICABLE", "timestamp": "2026-10-08T20:03:11.576894+00:00", "assumptions_version": "2026-10-09-prompt-1", "computation_mode": "FULL"}, "geometry": {"type": "LineString", "coordinates": [[75.8540253, 22.714084399999997], [75.8540093, 22.713774899999997]]}}, {"id": "696", "type": "Feature", "properties": {"segment_id": "osm-3734538662-2027103712-0", "length_m": 22.278002973855262, "road_metadata": "{\"osmid\": 192149981, \"name\": NaN, \"highway\": \"residential\", \"maxspeed\": NaN, \"oneway\": false}", "source_type": "osm", "source_reference": "OpenStreetMap via OSMnx", "observed_or_estimated": "OBSERVED", "modelled_or_interpolated": "NOT_APPLICABLE", "timestamp": "2026-10-08T20:03:11.577182+00:00", "assumptions_version": "2026-10-09-prompt-1", "computation_mode": "FULL"}, "geometry": {"type": "LineString", "coordinates": [[75.8540253, 22.714084399999997], [75.8539634, 22.714085399999995], [75.8538084, 22.714084800000002]]}}, {"id": "697", "type": "Feature", "properties": {"segment_id": "osm-3734538662-2027103703-0", "length_m": 46.590054459290116, "road_metadata": "{\"osmid\": 192149981, \"name\": NaN, \"highway\": \"residential\", \"maxspeed\": NaN, \"oneway\": false}", "source_type": "osm", "source_reference": "OpenStreetMap via OSMnx", "observed_or_estimated": "OBSERVED", "modelled_or_interpolated": "NOT_APPLICABLE", "timestamp": "2026-10-08T20:03:11.577463+00:00", "assumptions_version": "2026-10-09-prompt-1", "computation_mode": "FULL"}, "geometry": {"type": "LineString", "coordinates": [[75.8540253, 22.714084399999997], [75.85416000000001, 22.7140472], [75.8542135, 22.7139947], [75.854206, 22.713776599999992]]}}, {"id": "698", "type": "Feature", "properties": {"segment_id": "osm-3734538674-2027156353-0", "length_m": 29.949191922069716, "road_metadata": "{\"osmid\": 192154599, \"name\": NaN, \"highway\": \"residential\", \"maxspeed\": NaN, \"oneway\": false}", "source_type": "osm", "source_reference": "OpenStreetMap via OSMnx", "observed_or_estimated": "OBSERVED", "modelled_or_interpolated": "NOT_APPLICABLE", "timestamp": "2026-10-08T20:03:11.577695+00:00", "assumptions_version": "2026-10-09-prompt-1", "computation_mode": "FULL"}, "geometry": {"type": "LineString", "coordinates": [[75.8514588, 22.7142643], [75.8514112, 22.714531200000003]]}}, {"id": "699", "type": "Feature", "properties": {"segment_id": "osm-3734538674-2027156315-0", "length_m": 18.628834985621385, "road_metadata": "{\"osmid\": 192154599, \"name\": NaN, \"highway\": \"residential\", \"maxspeed\": NaN, \"oneway\": false}", "source_type": "osm", "source_reference": "OpenStreetMap via OSMnx", "observed_or_estimated": "OBSERVED", "modelled_or_interpolated": "NOT_APPLICABLE", "timestamp": "2026-10-08T20:03:11.577923+00:00", "assumptions_version": "2026-10-09-prompt-1", "computation_mode": "FULL"}, "geometry": {"type": "LineString", "coordinates": [[75.8514588, 22.7142643], [75.851503, 22.714101100000004]]}}, {"id": "700", "type": "Feature", "properties": {"segment_id": "osm-3734538674-3734538687-0", "length_m": 99.44310306107488, "road_metadata": "{\"osmid\": 369681878, \"name\": NaN, \"highway\": \"residential\", \"maxspeed\": NaN, \"oneway\": false}", "source_type": "osm", "source_reference": "OpenStreetMap via OSMnx", "observed_or_estimated": "OBSERVED", "modelled_or_interpolated": "NOT_APPLICABLE", "timestamp": "2026-10-08T20:03:11.578169+00:00", "assumptions_version": "2026-10-09-prompt-1", "computation_mode": "FULL"}, "geometry": {"type": "LineString", "coordinates": [[75.8514588, 22.7142643], [75.8515969, 22.7142841], [75.8516479, 22.714296399999995], [75.8516881, 22.714321199999993], [75.8517377, 22.714355799999996], [75.8517779, 22.714368199999992], [75.8518383, 22.7143781], [75.8520617, 22.714395399999997], [75.8521946, 22.7143993], [75.8523166, 22.714401], [75.8523987, 22.714392500000002]]}}, {"id": "701", "type": "Feature", "properties": {"segment_id": "osm-3734538687-2027156304-0", "length_m": 36.23574666174014, "road_metadata": "{\"osmid\": 192154562, \"name\": NaN, \"highway\": \"residential\", \"maxspeed\": NaN, \"oneway\": false}", "source_type": "osm", "source_reference": "OpenStreetMap via OSMnx", "observed_or_estimated": "OBSERVED", "modelled_or_interpolated": "NOT_APPLICABLE", "timestamp": "2026-10-08T20:03:11.578412+00:00", "assumptions_version": "2026-10-09-prompt-1", "computation_mode": "FULL"}, "geometry": {"type": "LineString", "coordinates": [[75.8523987, 22.714392500000002], [75.8524326, 22.714066699999993]]}}, {"id": "702", "type": "Feature", "properties": {"segment_id": "osm-3734538687-2027156370-0", "length_m": 34.77343067932083, "road_metadata": "{\"osmid\": 192154562, \"name\": NaN, \"highway\": \"residential\", \"maxspeed\": NaN, \"oneway\": false}", "source_type": "osm", "source_reference": "OpenStreetMap via OSMnx", "observed_or_estimated": "OBSERVED", "modelled_or_interpolated": "NOT_APPLICABLE", "timestamp": "2026-10-08T20:03:11.578668+00:00", "assumptions_version": "2026-10-09-prompt-1", "computation_mode": "FULL"}, "geometry": {"type": "LineString", "coordinates": [[75.8523987, 22.714392500000002], [75.8523795, 22.714706099999997]]}}, {"id": "703", "type": "Feature", "properties": {"segment_id": "osm-3734538687-3734538674-0", "length_m": 99.4431030610749, "road_metadata": "{\"osmid\": 369681878, \"name\": NaN, \"highway\": \"residential\", \"maxspeed\": NaN, \"oneway\": false}", "source_type": "osm", "source_reference": "OpenStreetMap via OSMnx", "observed_or_estimated": "OBSERVED", "modelled_or_interpolated": "NOT_APPLICABLE", "timestamp": "2026-10-08T20:03:11.578922+00:00", "assumptions_version": "2026-10-09-prompt-1", "computation_mode": "FULL"}, "geometry": {"type": "LineString", "coordinates": [[75.8523987, 22.714392500000002], [75.8523166, 22.714401], [75.8521946, 22.7143993], [75.8520617, 22.714395399999997], [75.8518383, 22.7143781], [75.8517779, 22.714368199999992], [75.8517377, 22.714355799999996], [75.8516881, 22.714321199999993], [75.8516479, 22.714296399999995], [75.8515969, 22.7142841], [75.8514588, 22.7142643]]}}, {"id": "704", "type": "Feature", "properties": {"segment_id": "osm-3734538694-3734494544-0", "length_m": 4.039808950576963, "road_metadata": "{\"osmid\": 191943295, \"name\": \"Jawahar Marg\", \"highway\": \"secondary\", \"maxspeed\": \"30\", \"oneway\": false}", "source_type": "osm", "source_reference": "OpenStreetMap via OSMnx", "observed_or_estimated": "OBSERVED", "modelled_or_interpolated": "NOT_APPLICABLE", "timestamp": "2026-10-08T20:03:11.579162+00:00", "assumptions_version": "2026-10-09-prompt-1", "computation_mode": "FULL"}, "geometry": {"type": "LineString", "coordinates": [[75.850654, 22.715649799999998], [75.8506922, 22.7156585]]}}, {"id": "705", "type": "Feature", "properties": {"segment_id": "osm-3735831760-3665539324-0", "length_m": 5.547355232855593, "road_metadata": "{\"osmid\": 369999895, \"name\": NaN, \"highway\": \"residential\", \"maxspeed\": NaN, \"oneway\": false}", "source_type": "osm", "source_reference": "OpenStreetMap via OSMnx", "observed_or_estimated": "OBSERVED", "modelled_or_interpolated": "NOT_APPLICABLE", "timestamp": "2026-10-08T20:03:11.579393+00:00", "assumptions_version": "2026-10-09-prompt-1", "computation_mode": "FULL"}, "geometry": {"type": "LineString", "coordinates": [[75.850195, 22.721710799999997], [75.8502063, 22.721661799999996]]}}, {"id": "706", "type": "Feature", "properties": {"segment_id": "osm-6610174289-2027131470-0", "length_m": 16.429826136175937, "road_metadata": "{\"osmid\": 192152691, \"name\": NaN, \"highway\": \"residential\", \"maxspeed\": NaN, \"oneway\": false}", "source_type": "osm", "source_reference": "OpenStreetMap via OSMnx", "observed_or_estimated": "OBSERVED", "modelled_or_interpolated": "NOT_APPLICABLE", "timestamp": "2026-10-08T20:03:11.579627+00:00", "assumptions_version": "2026-10-09-prompt-1", "computation_mode": "FULL"}, "geometry": {"type": "LineString", "coordinates": [[75.8590266, 22.7151995], [75.8590054, 22.715052399999998]]}}, {"id": "707", "type": "Feature", "properties": {"segment_id": "osm-6610174557-2027131422-0", "length_m": 49.86703893246219, "road_metadata": "{\"osmid\": 703955471, \"name\": NaN, \"highway\": \"residential\", \"maxspeed\": NaN, \"oneway\": false}", "source_type": "osm", "source_reference": "OpenStreetMap via OSMnx", "observed_or_estimated": "OBSERVED", "modelled_or_interpolated": "NOT_APPLICABLE", "timestamp": "2026-10-08T20:03:11.579854+00:00", "assumptions_version": "2026-10-09-prompt-1", "computation_mode": "FULL"}, "geometry": {"type": "LineString", "coordinates": [[75.8582514, 22.7145073], [75.8582446, 22.7140569]]}}, {"id": "708", "type": "Feature", "properties": {"segment_id": "osm-6610174558-2027131460-0", "length_m": 34.080911643309975, "road_metadata": "{\"osmid\": 192152687, \"name\": NaN, \"highway\": \"residential\", \"maxspeed\": NaN, \"oneway\": false}", "source_type": "osm", "source_reference": "OpenStreetMap via OSMnx", "observed_or_estimated": "OBSERVED", "modelled_or_interpolated": "NOT_APPLICABLE", "timestamp": "2026-10-08T20:03:11.580078+00:00", "assumptions_version": "2026-10-09-prompt-1", "computation_mode": "FULL"}, "geometry": {"type": "LineString", "coordinates": [[75.8579331, 22.715021099999998], [75.8581836, 22.714819199999994]]}}, {"id": "709", "type": "Feature", "properties": {"segment_id": "osm-6610174558-2027131479-0", "length_m": 15.633315705013132, "road_metadata": "{\"osmid\": 192152687, \"name\": NaN, \"highway\": \"residential\", \"maxspeed\": NaN, \"oneway\": false}", "source_type": "osm", "source_reference": "OpenStreetMap via OSMnx", "observed_or_estimated": "OBSERVED", "modelled_or_interpolated": "NOT_APPLICABLE", "timestamp": "2026-10-08T20:03:11.580424+00:00", "assumptions_version": "2026-10-09-prompt-1", "computation_mode": "FULL"}, "geometry": {"type": "LineString", "coordinates": [[75.8579331, 22.715021099999998], [75.8579096, 22.7150401], [75.8578179, 22.7151134]]}}, {"id": "710", "type": "Feature", "properties": {"segment_id": "osm-6610174558-2027131485-0", "length_m": 108.647175030504, "road_metadata": "{\"osmid\": 192152702, \"name\": NaN, \"highway\": \"residential\", \"maxspeed\": NaN, \"oneway\": false}", "source_type": "osm", "source_reference": "OpenStreetMap via OSMnx", "observed_or_estimated": "OBSERVED", "modelled_or_interpolated": "NOT_APPLICABLE", "timestamp": "2026-10-08T20:03:11.580889+00:00", "assumptions_version": "2026-10-09-prompt-1", "computation_mode": "FULL"}, "geometry": {"type": "LineString", "coordinates": [[75.8579331, 22.715021099999998], [75.8580288, 22.715114200000002], [75.8580771, 22.715163599999997], [75.8580919, 22.7152181], [75.858082, 22.715271999999995], [75.85813880000002, 22.7153962], [75.858167, 22.7154321], [75.8581991, 22.715460500000002], [75.8582407, 22.7154828], [75.8582836, 22.715484], [75.858437, 22.715440899999997], [75.8584646, 22.7154056], [75.8584741, 22.7153541], [75.8584773, 22.715295899999997], [75.858474, 22.715228499999995]]}}, {"id": "711", "type": "Feature", "properties": {"segment_id": "osm-6611315823-2027156504-0", "length_m": 22.497036311101375, "road_metadata": "{\"osmid\": 191943295, \"name\": \"Jawahar Marg\", \"highway\": \"secondary\", \"maxspeed\": \"30\", \"oneway\": false}", "source_type": "osm", "source_reference": "OpenStreetMap via OSMnx", "observed_or_estimated": "OBSERVED", "modelled_or_interpolated": "NOT_APPLICABLE", "timestamp": "2026-10-08T20:03:11.581309+00:00", "assumptions_version": "2026-10-09-prompt-1", "computation_mode": "FULL"}, "geometry": {"type": "LineString", "coordinates": [[75.85214590000001, 22.715903], [75.8519308, 22.715864599999996]]}}, {"id": "712", "type": "Feature", "properties": {"segment_id": "osm-6611315823-3734494551-0", "length_m": 38.08400138751207, "road_metadata": "{\"osmid\": 191943295, \"name\": \"Jawahar Marg\", \"highway\": \"secondary\", \"maxspeed\": \"30\", \"oneway\": false}", "source_type": "osm", "source_reference": "OpenStreetMap via OSMnx", "observed_or_estimated": "OBSERVED", "modelled_or_interpolated": "NOT_APPLICABLE", "timestamp": "2026-10-08T20:03:11.581746+00:00", "assumptions_version": "2026-10-09-prompt-1", "computation_mode": "FULL"}, "geometry": {"type": "LineString", "coordinates": [[75.85214590000001, 22.715903], [75.8525106, 22.7159652]]}}, {"id": "713", "type": "Feature", "properties": {"segment_id": "osm-6611315823-3734494563-0", "length_m": 26.462739497699623, "road_metadata": "{\"osmid\": 704101033, \"name\": NaN, \"highway\": \"residential\", \"maxspeed\": NaN, \"oneway\": false}", "source_type": "osm", "source_reference": "OpenStreetMap via OSMnx", "observed_or_estimated": "OBSERVED", "modelled_or_interpolated": "NOT_APPLICABLE", "timestamp": "2026-10-08T20:03:11.582175+00:00", "assumptions_version": "2026-10-09-prompt-1", "computation_mode": "FULL"}, "geometry": {"type": "LineString", "coordinates": [[75.85214590000001, 22.715903], [75.8521408, 22.71594779999999], [75.8521187, 22.716140699999997]]}}, {"id": "714", "type": "Feature", "properties": {"segment_id": "osm-6611315824-2027156492-0", "length_m": 32.31281171269882, "road_metadata": "{\"osmid\": 191943295, \"name\": \"Jawahar Marg\", \"highway\": \"secondary\", \"maxspeed\": \"30\", \"oneway\": false}", "source_type": "osm", "source_reference": "OpenStreetMap via OSMnx", "observed_or_estimated": "OBSERVED", "modelled_or_interpolated": "NOT_APPLICABLE", "timestamp": "2026-10-08T20:03:11.582544+00:00", "assumptions_version": "2026-10-09-prompt-1", "computation_mode": "FULL"}, "geometry": {"type": "LineString", "coordinates": [[75.8516486, 22.715823499999996], [75.8513407, 22.715763499999998]]}}, {"id": "715", "type": "Feature", "properties": {"segment_id": "osm-6611315824-2027156504-0", "length_m": 29.33818567382451, "road_metadata": "{\"osmid\": 191943295, \"name\": \"Jawahar Marg\", \"highway\": \"secondary\", \"maxspeed\": \"30\", \"oneway\": false}", "source_type": "osm", "source_reference": "OpenStreetMap via OSMnx", "observed_or_estimated": "OBSERVED", "modelled_or_interpolated": "NOT_APPLICABLE", "timestamp": "2026-10-08T20:03:11.582923+00:00", "assumptions_version": "2026-10-09-prompt-1", "computation_mode": "FULL"}, "geometry": {"type": "LineString", "coordinates": [[75.8516486, 22.715823499999996], [75.8519308, 22.715864599999996]]}}, {"id": "716", "type": "Feature", "properties": {"segment_id": "osm-6611315824-3734494557-0", "length_m": 30.954895272465073, "road_metadata": "{\"osmid\": 704101034, \"name\": NaN, \"highway\": \"residential\", \"maxspeed\": NaN, \"oneway\": false}", "source_type": "osm", "source_reference": "OpenStreetMap via OSMnx", "observed_or_estimated": "OBSERVED", "modelled_or_interpolated": "NOT_APPLICABLE", "timestamp": "2026-10-08T20:03:11.583289+00:00", "assumptions_version": "2026-10-09-prompt-1", "computation_mode": "FULL"}, "geometry": {"type": "LineString", "coordinates": [[75.8516486, 22.715823499999996], [75.8516491, 22.715869], [75.8516515, 22.716103099999998]]}}, {"id": "717", "type": "Feature", "properties": {"segment_id": "osm-6611315825-3734494563-0", "length_m": 16.015730445049332, "road_metadata": "{\"osmid\": 704101035, \"name\": NaN, \"highway\": \"residential\", \"maxspeed\": NaN, \"oneway\": false}", "source_type": "osm", "source_reference": "OpenStreetMap via OSMnx", "observed_or_estimated": "OBSERVED", "modelled_or_interpolated": "NOT_APPLICABLE", "timestamp": "2026-10-08T20:03:11.583619+00:00", "assumptions_version": "2026-10-09-prompt-1", "computation_mode": "FULL"}, "geometry": {"type": "LineString", "coordinates": [[75.8520973, 22.716284000000005], [75.8521187, 22.716140699999997]]}}, {"id": "718", "type": "Feature", "properties": {"segment_id": "osm-6611315825-3734494569-0", "length_m": 46.495634473485616, "road_metadata": "{\"osmid\": 369676974, \"name\": NaN, \"highway\": \"residential\", \"maxspeed\": NaN, \"oneway\": false}", "source_type": "osm", "source_reference": "OpenStreetMap via OSMnx", "observed_or_estimated": "OBSERVED", "modelled_or_interpolated": "NOT_APPLICABLE", "timestamp": "2026-10-08T20:03:11.583893+00:00", "assumptions_version": "2026-10-09-prompt-1", "computation_mode": "FULL"}, "geometry": {"type": "LineString", "coordinates": [[75.8520973, 22.716284000000005], [75.8520216, 22.716268999999997], [75.8516464, 22.716260700000003]]}}, {"id": "719", "type": "Feature", "properties": {"segment_id": "osm-6611315825-3734494577-0", "length_m": 64.20912088102737, "road_metadata": "{\"osmid\": 369676974, \"name\": NaN, \"highway\": \"residential\", \"maxspeed\": NaN, \"oneway\": false}", "source_type": "osm", "source_reference": "OpenStreetMap via OSMnx", "observed_or_estimated": "OBSERVED", "modelled_or_interpolated": "NOT_APPLICABLE", "timestamp": "2026-10-08T20:03:11.584155+00:00", "assumptions_version": "2026-10-09-prompt-1", "computation_mode": "FULL"}, "geometry": {"type": "LineString", "coordinates": [[75.8520973, 22.716284000000005], [75.8521296, 22.7163181], [75.8523199, 22.7163244], [75.8526571, 22.7163285], [75.85270570000002, 22.716329]]}}, {"id": "720", "type": "Feature", "properties": {"segment_id": "osm-6611316218-8478005611-0", "length_m": 25.985236370730405, "road_metadata": "{\"osmid\": 369676961, \"name\": \"Bohara Bazar\", \"highway\": \"residential\", \"maxspeed\": \"20\", \"oneway\": false}", "source_type": "osm", "source_reference": "OpenStreetMap via OSMnx", "observed_or_estimated": "OBSERVED", "modelled_or_interpolated": "NOT_APPLICABLE", "timestamp": "2026-10-08T20:03:11.584413+00:00", "assumptions_version": "2026-10-09-prompt-1", "computation_mode": "FULL"}, "geometry": {"type": "LineString", "coordinates": [[75.8510191, 22.7166664], [75.8510156, 22.716431699999998]]}}, {"id": "721", "type": "Feature", "properties": {"segment_id": "osm-6611316218-3734494596-0", "length_m": 52.23484289640684, "road_metadata": "{\"osmid\": 562153440, \"name\": \"Marothiya Bazar\", \"highway\": \"residential\", \"maxspeed\": \"20\", \"oneway\": false}", "source_type": "osm", "source_reference": "OpenStreetMap via OSMnx", "observed_or_estimated": "OBSERVED", "modelled_or_interpolated": "NOT_APPLICABLE", "timestamp": "2026-10-08T20:03:11.584686+00:00", "assumptions_version": "2026-10-09-prompt-1", "computation_mode": "FULL"}, "geometry": {"type": "LineString", "coordinates": [[75.8510191, 22.7166664], [75.8505113, 22.7166928]]}}, {"id": "722", "type": "Feature", "properties": {"segment_id": "osm-6611316218-2025020003-0", "length_m": 143.11853270649533, "road_metadata": "{\"osmid\": 369676961, \"name\": \"Bohara Bazar\", \"highway\": \"residential\", \"maxspeed\": \"20\", \"oneway\": false}", "source_type": "osm", "source_reference": "OpenStreetMap via OSMnx", "observed_or_estimated": "OBSERVED", "modelled_or_interpolated": "NOT_APPLICABLE", "timestamp": "2026-10-08T20:03:11.584958+00:00", "assumptions_version": "2026-10-09-prompt-1", "computation_mode": "FULL"}, "geometry": {"type": "LineString", "coordinates": [[75.8510191, 22.7166664], [75.851037, 22.717218], [75.851043, 22.717598299999995], [75.8510559, 22.717808400000003], [75.8510792, 22.7178883], [75.8511287, 22.717937599999996]]}}, {"id": "723", "type": "Feature", "properties": {"segment_id": "osm-6611316218-3734494592-0", "length_m": 52.6276088941438, "road_metadata": "{\"osmid\": [562152682, 704101134], \"name\": \"Bartan Bazar\", \"highway\": \"residential\", \"maxspeed\": \"20\", \"oneway\": false}", "source_type": "osm", "source_reference": "OpenStreetMap via OSMnx", "observed_or_estimated": "OBSERVED", "modelled_or_interpolated": "NOT_APPLICABLE", "timestamp": "2026-10-08T20:03:11.585220+00:00", "assumptions_version": "2026-10-09-prompt-1", "computation_mode": "FULL"}, "geometry": {"type": "LineString", "coordinates": [[75.8510191, 22.7166664], [75.8513218, 22.7166487], [75.8515307, 22.716657599999998]]}}, {"id": "724", "type": "Feature", "properties": {"segment_id": "osm-6611316219-3734494592-0", "length_m": 16.873538597333553, "road_metadata": "{\"osmid\": 562152682, \"name\": \"Bartan Bazar\", \"highway\": \"residential\", \"maxspeed\": \"20\", \"oneway\": false}", "source_type": "osm", "source_reference": "OpenStreetMap via OSMnx", "observed_or_estimated": "OBSERVED", "modelled_or_interpolated": "NOT_APPLICABLE", "timestamp": "2026-10-08T20:03:11.585466+00:00", "assumptions_version": "2026-10-09-prompt-1", "computation_mode": "FULL"}, "geometry": {"type": "LineString", "coordinates": [[75.8516947, 22.7166485], [75.8515307, 22.716657599999998]]}}, {"id": "725", "type": "Feature", "properties": {"segment_id": "osm-6611316219-3734496628-0", "length_m": 41.325581755601206, "road_metadata": "{\"osmid\": 370006786, \"name\": NaN, \"highway\": \"residential\", \"maxspeed\": NaN, \"oneway\": false}", "source_type": "osm", "source_reference": "OpenStreetMap via OSMnx", "observed_or_estimated": "OBSERVED", "modelled_or_interpolated": "NOT_APPLICABLE", "timestamp": "2026-10-08T20:03:11.585706+00:00", "assumptions_version": "2026-10-09-prompt-1", "computation_mode": "FULL"}, "geometry": {"type": "LineString", "coordinates": [[75.8516947, 22.7166485], [75.8516935, 22.716665599999995], [75.8517002, 22.7170217]]}}, {"id": "726", "type": "Feature", "properties": {"segment_id": "osm-6611316219-6611316866-0", "length_m": 135.6757585540266, "road_metadata": "{\"osmid\": 562152682, \"name\": \"Bartan Bazar\", \"highway\": \"residential\", \"maxspeed\": \"20\", \"oneway\": false}", "source_type": "osm", "source_reference": "OpenStreetMap via OSMnx", "observed_or_estimated": "OBSERVED", "modelled_or_interpolated": "NOT_APPLICABLE", "timestamp": "2026-10-08T20:03:11.585949+00:00", "assumptions_version": "2026-10-09-prompt-1", "computation_mode": "FULL"}, "geometry": {"type": "LineString", "coordinates": [[75.8516947, 22.7166485], [75.8527108, 22.7166777], [75.8530144, 22.716698799999996]]}}, {"id": "727", "type": "Feature", "properties": {"segment_id": "osm-6611316866-3734494601-0", "length_m": 51.35611793061252, "road_metadata": "{\"osmid\": 562152682, \"name\": \"Bartan Bazar\", \"highway\": \"residential\", \"maxspeed\": \"20\", \"oneway\": false}", "source_type": "osm", "source_reference": "OpenStreetMap via OSMnx", "observed_or_estimated": "OBSERVED", "modelled_or_interpolated": "NOT_APPLICABLE", "timestamp": "2026-10-08T20:03:11.586179+00:00", "assumptions_version": "2026-10-09-prompt-1", "computation_mode": "FULL"}, "geometry": {"type": "LineString", "coordinates": [[75.8530144, 22.716698799999996], [75.8535143, 22.7166878]]}}, {"id": "728", "type": "Feature", "properties": {"segment_id": "osm-6611316866-3734494575-0", "length_m": 40.7038742513279, "road_metadata": "{\"osmid\": 192154588, \"name\": NaN, \"highway\": \"residential\", \"maxspeed\": NaN, \"oneway\": false}", "source_type": "osm", "source_reference": "OpenStreetMap via OSMnx", "observed_or_estimated": "OBSERVED", "modelled_or_interpolated": "NOT_APPLICABLE", "timestamp": "2026-10-08T20:03:11.586411+00:00", "assumptions_version": "2026-10-09-prompt-1", "computation_mode": "FULL"}, "geometry": {"type": "LineString", "coordinates": [[75.8530144, 22.716698799999996], [75.8530077, 22.716670299999997], [75.8530058, 22.7163318]]}}, {"id": "729", "type": "Feature", "properties": {"segment_id": "osm-6611316866-8478005564-0", "length_m": 28.365849987418617, "road_metadata": "{\"osmid\": 370006828, \"name\": NaN, \"highway\": \"residential\", \"maxspeed\": NaN, \"oneway\": false}", "source_type": "osm", "source_reference": "OpenStreetMap via OSMnx", "observed_or_estimated": "OBSERVED", "modelled_or_interpolated": "NOT_APPLICABLE", "timestamp": "2026-10-08T20:03:11.586650+00:00", "assumptions_version": "2026-10-09-prompt-1", "computation_mode": "FULL"}, "geometry": {"type": "LineString", "coordinates": [[75.8530144, 22.716698799999996], [75.8530311, 22.7168944], [75.853046, 22.716952800000005]]}}, {"id": "730", "type": "Feature", "properties": {"segment_id": "osm-6611316866-6611316219-0", "length_m": 135.6757585540266, "road_metadata": "{\"osmid\": 562152682, \"name\": \"Bartan Bazar\", \"highway\": \"residential\", \"maxspeed\": \"20\", \"oneway\": false}", "source_type": "osm", "source_reference": "OpenStreetMap via OSMnx", "observed_or_estimated": "OBSERVED", "modelled_or_interpolated": "NOT_APPLICABLE", "timestamp": "2026-10-08T20:03:11.586895+00:00", "assumptions_version": "2026-10-09-prompt-1", "computation_mode": "FULL"}, "geometry": {"type": "LineString", "coordinates": [[75.8530144, 22.716698799999996], [75.8527108, 22.7166777], [75.8516947, 22.7166485]]}}, {"id": "731", "type": "Feature", "properties": {"segment_id": "osm-6616739535-2025111297-0", "length_m": 43.79947188034347, "road_metadata": "{\"osmid\": 1033376987, \"name\": \"Imli Baazar\", \"highway\": \"tertiary\", \"maxspeed\": \"20\", \"oneway\": false}", "source_type": "osm", "source_reference": "OpenStreetMap via OSMnx", "observed_or_estimated": "OBSERVED", "modelled_or_interpolated": "NOT_APPLICABLE", "timestamp": "2026-10-08T20:03:11.587125+00:00", "assumptions_version": "2026-10-09-prompt-1", "computation_mode": "FULL"}, "geometry": {"type": "LineString", "coordinates": [[75.8544584, 22.721836599999996], [75.8545924, 22.721461]]}}, {"id": "732", "type": "Feature", "properties": {"segment_id": "osm-6616739535-8477883142-0", "length_m": 122.94584225268585, "road_metadata": "{\"osmid\": 191953196, \"name\": NaN, \"highway\": \"residential\", \"maxspeed\": NaN, \"oneway\": false}", "source_type": "osm", "source_reference": "OpenStreetMap via OSMnx", "observed_or_estimated": "OBSERVED", "modelled_or_interpolated": "NOT_APPLICABLE", "timestamp": "2026-10-08T20:03:11.587351+00:00", "assumptions_version": "2026-10-09-prompt-1", "computation_mode": "FULL"}, "geometry": {"type": "LineString", "coordinates": [[75.8544584, 22.721836599999996], [75.854146, 22.721784499999995], [75.8533628, 22.721832199999998], [75.8533224, 22.7219118]]}}, {"id": "733", "type": "Feature", "properties": {"segment_id": "osm-6616739535-2025111355-0", "length_m": 38.17638628917772, "road_metadata": "{\"osmid\": 370006687, \"name\": NaN, \"highway\": \"residential\", \"maxspeed\": NaN, \"oneway\": false}", "source_type": "osm", "source_reference": "OpenStreetMap via OSMnx", "observed_or_estimated": "OBSERVED", "modelled_or_interpolated": "NOT_APPLICABLE", "timestamp": "2026-10-08T20:03:11.587577+00:00", "assumptions_version": "2026-10-09-prompt-1", "computation_mode": "FULL"}, "geometry": {"type": "LineString", "coordinates": [[75.8544584, 22.721836599999996], [75.8545874, 22.7218731], [75.8548174, 22.7219256]]}}, {"id": "734", "type": "Feature", "properties": {"segment_id": "osm-6617250816-3732996662-0", "length_m": 16.543237704136253, "road_metadata": "{\"osmid\": 369999828, \"name\": NaN, \"highway\": \"residential\", \"maxspeed\": NaN, \"oneway\": false}", "source_type": "osm", "source_reference": "OpenStreetMap via OSMnx", "observed_or_estimated": "OBSERVED", "modelled_or_interpolated": "NOT_APPLICABLE", "timestamp": "2026-10-08T20:03:11.587798+00:00", "assumptions_version": "2026-10-09-prompt-1", "computation_mode": "FULL"}, "geometry": {"type": "LineString", "coordinates": [[75.8570003, 22.7221455], [75.8571598, 22.7221664]]}}, {"id": "735", "type": "Feature", "properties": {"segment_id": "osm-6617250816-3732996660-0", "length_m": 33.90284523961031, "road_metadata": "{\"osmid\": 191953191, \"name\": NaN, \"highway\": \"residential\", \"maxspeed\": NaN, \"oneway\": false}", "source_type": "osm", "source_reference": "OpenStreetMap via OSMnx", "observed_or_estimated": "OBSERVED", "modelled_or_interpolated": "NOT_APPLICABLE", "timestamp": "2026-10-08T20:03:11.588019+00:00", "assumptions_version": "2026-10-09-prompt-1", "computation_mode": "FULL"}, "geometry": {"type": "LineString", "coordinates": [[75.8570003, 22.7221455], [75.8569364, 22.7219917], [75.8568782, 22.721861000000004]]}}, {"id": "736", "type": "Feature", "properties": {"segment_id": "osm-6997640180-3734496853-0", "length_m": 35.714065994283494, "road_metadata": "{\"osmid\": 370006773, \"name\": NaN, \"highway\": \"residential\", \"maxspeed\": NaN, \"oneway\": false}", "source_type": "osm", "source_reference": "OpenStreetMap via OSMnx", "observed_or_estimated": "OBSERVED", "modelled_or_interpolated": "NOT_APPLICABLE", "timestamp": "2026-10-08T20:03:11.588237+00:00", "assumptions_version": "2026-10-09-prompt-1", "computation_mode": "FULL"}, "geometry": {"type": "LineString", "coordinates": [[75.8541489, 22.719659799999995], [75.8542055, 22.719978100000002]]}}, {"id": "737", "type": "Feature", "properties": {"segment_id": "osm-6997640180-3734496825-0", "length_m": 9.738599660337483, "road_metadata": "{\"osmid\": 370006773, \"name\": NaN, \"highway\": \"residential\", \"maxspeed\": NaN, \"oneway\": false}", "source_type": "osm", "source_reference": "OpenStreetMap via OSMnx", "observed_or_estimated": "OBSERVED", "modelled_or_interpolated": "NOT_APPLICABLE", "timestamp": "2026-10-08T20:03:11.588455+00:00", "assumptions_version": "2026-10-09-prompt-1", "computation_mode": "FULL"}, "geometry": {"type": "LineString", "coordinates": [[75.8541489, 22.719659799999995], [75.85413350000002, 22.719573]]}}, {"id": "738", "type": "Feature", "properties": {"segment_id": "osm-6997640180-6997700387-0", "length_m": 116.93861484668011, "road_metadata": "{\"osmid\": 747947069, \"name\": NaN, \"highway\": \"residential\", \"maxspeed\": NaN, \"oneway\": false}", "source_type": "osm", "source_reference": "OpenStreetMap via OSMnx", "observed_or_estimated": "OBSERVED", "modelled_or_interpolated": "NOT_APPLICABLE", "timestamp": "2026-10-08T20:03:11.588679+00:00", "assumptions_version": "2026-10-09-prompt-1", "computation_mode": "FULL"}, "geometry": {"type": "LineString", "coordinates": [[75.8541489, 22.719659799999995], [75.853921, 22.719674], [75.8538821, 22.7196691], [75.8538446, 22.719655399999994], [75.853811, 22.7196208], [75.853799, 22.719584899999997], [75.8537212, 22.7191705], [75.8536977, 22.7189056]]}}, {"id": "739", "type": "Feature", "properties": {"segment_id": "osm-6997700387-3734496703-0", "length_m": 38.368879673759224, "road_metadata": "{\"osmid\": 369838820, \"name\": \"M.G.ROAD\", \"highway\": \"secondary\", \"maxspeed\": \"5\", \"oneway\": false}", "source_type": "osm", "source_reference": "OpenStreetMap via OSMnx", "observed_or_estimated": "OBSERVED", "modelled_or_interpolated": "NOT_APPLICABLE", "timestamp": "2026-10-08T20:03:11.588907+00:00", "assumptions_version": "2026-10-09-prompt-1", "computation_mode": "FULL"}, "geometry": {"type": "LineString", "coordinates": [[75.8536977, 22.7189056], [75.8540691, 22.7188681]]}}, {"id": "740", "type": "Feature", "properties": {"segment_id": "osm-6997700387-3732489064-0", "length_m": 9.866675948743183, "road_metadata": "{\"osmid\": 369838820, \"name\": \"M.G.ROAD\", \"highway\": \"secondary\", \"maxspeed\": \"5\", \"oneway\": false}", "source_type": "osm", "source_reference": "OpenStreetMap via OSMnx", "observed_or_estimated": "OBSERVED", "modelled_or_interpolated": "NOT_APPLICABLE", "timestamp": "2026-10-08T20:03:11.589129+00:00", "assumptions_version": "2026-10-09-prompt-1", "computation_mode": "FULL"}, "geometry": {"type": "LineString", "coordinates": [[75.8536977, 22.7189056], [75.8536022, 22.7189153]]}}, {"id": "741", "type": "Feature", "properties": {"segment_id": "osm-6997700387-6997640180-0", "length_m": 116.93861484668011, "road_metadata": "{\"osmid\": 747947069, \"name\": NaN, \"highway\": \"residential\", \"maxspeed\": NaN, \"oneway\": false}", "source_type": "osm", "source_reference": "OpenStreetMap via OSMnx", "observed_or_estimated": "OBSERVED", "modelled_or_interpolated": "NOT_APPLICABLE", "timestamp": "2026-10-08T20:03:11.589350+00:00", "assumptions_version": "2026-10-09-prompt-1", "computation_mode": "FULL"}, "geometry": {"type": "LineString", "coordinates": [[75.8536977, 22.7189056], [75.8537212, 22.7191705], [75.853799, 22.719584899999997], [75.853811, 22.7196208], [75.8538446, 22.719655399999994], [75.8538821, 22.7196691], [75.853921, 22.719674], [75.8541489, 22.719659799999995]]}}, {"id": "742", "type": "Feature", "properties": {"segment_id": "osm-7010384308-8461125296-0", "length_m": 33.838488842012204, "road_metadata": "{\"osmid\": 191943403, \"name\": \"River Side Road\", \"highway\": \"secondary\", \"maxspeed\": NaN, \"oneway\": false}", "source_type": "osm", "source_reference": "OpenStreetMap via OSMnx", "observed_or_estimated": "OBSERVED", "modelled_or_interpolated": "NOT_APPLICABLE", "timestamp": "2026-10-08T20:03:11.589569+00:00", "assumptions_version": "2026-10-09-prompt-1", "computation_mode": "FULL"}, "geometry": {"type": "LineString", "coordinates": [[75.8587012, 22.7195061], [75.8585624, 22.719722099999995], [75.8585337, 22.719769300000003]]}}, {"id": "743", "type": "Feature", "properties": {"segment_id": "osm-7010384308-8461125292-0", "length_m": 59.5422281901455, "road_metadata": "{\"osmid\": 191943403, \"name\": \"River Side Road\", \"highway\": \"secondary\", \"maxspeed\": NaN, \"oneway\": false}", "source_type": "osm", "source_reference": "OpenStreetMap via OSMnx", "observed_or_estimated": "OBSERVED", "modelled_or_interpolated": "NOT_APPLICABLE", "timestamp": "2026-10-08T20:03:11.589788+00:00", "assumptions_version": "2026-10-09-prompt-1", "computation_mode": "FULL"}, "geometry": {"type": "LineString", "coordinates": [[75.8587012, 22.7195061], [75.8587436, 22.719409599999995], [75.8588536, 22.719200199999992], [75.8589211, 22.7190898], [75.8589669, 22.7190295]]}}, {"id": "744", "type": "Feature", "properties": {"segment_id": "osm-7010384308-2025020116-0", "length_m": 43.98748471845118, "road_metadata": "{\"osmid\": 749671971, \"name\": NaN, \"highway\": \"secondary_link\", \"maxspeed\": NaN, \"oneway\": false}", "source_type": "osm", "source_reference": "OpenStreetMap via OSMnx", "observed_or_estimated": "OBSERVED", "modelled_or_interpolated": "NOT_APPLICABLE", "timestamp": "2026-10-08T20:03:11.590006+00:00", "assumptions_version": "2026-10-09-prompt-1", "computation_mode": "FULL"}, "geometry": {"type": "LineString", "coordinates": [[75.8587012, 22.7195061], [75.8587195, 22.7196282], [75.8587383, 22.7197234], [75.8587651, 22.719807599999996], [75.8588112, 22.719886199999998]]}}, {"id": "745", "type": "Feature", "properties": {"segment_id": "osm-8460393366-3732908385-0", "length_m": 105.46541024316751, "road_metadata": "{\"osmid\": 191953190, \"name\": NaN, \"highway\": \"residential\", \"maxspeed\": NaN, \"oneway\": false}", "source_type": "osm", "source_reference": "OpenStreetMap via OSMnx", "observed_or_estimated": "OBSERVED", "modelled_or_interpolated": "NOT_APPLICABLE", "timestamp": "2026-10-08T20:03:11.590224+00:00", "assumptions_version": "2026-10-09-prompt-1", "computation_mode": "FULL"}, "geometry": {"type": "LineString", "coordinates": [[75.8575363, 22.720450700000008], [75.8575378, 22.720783299999997], [75.8575469, 22.7209704], [75.8575587, 22.7212139], [75.8575869, 22.721401100000005]]}}, {"id": "746", "type": "Feature", "properties": {"segment_id": "osm-8460393366-2025111171-0", "length_m": 98.83022985239884, "road_metadata": "{\"osmid\": 191953190, \"name\": NaN, \"highway\": \"residential\", \"maxspeed\": NaN, \"oneway\": false}", "source_type": "osm", "source_reference": "OpenStreetMap via OSMnx", "observed_or_estimated": "OBSERVED", "modelled_or_interpolated": "NOT_APPLICABLE", "timestamp": "2026-10-08T20:03:11.590445+00:00", "assumptions_version": "2026-10-09-prompt-1", "computation_mode": "FULL"}, "geometry": {"type": "LineString", "coordinates": [[75.8575363, 22.720450700000008], [75.8575429, 22.7203012], [75.8575918, 22.719895199999996], [75.8577065, 22.719578]]}}, {"id": "747", "type": "Feature", "properties": {"segment_id": "osm-8460393366-2025111240-0", "length_m": 61.592923046395015, "road_metadata": "{\"osmid\": 911143002, \"name\": NaN, \"highway\": \"residential\", \"maxspeed\": NaN, \"oneway\": false}", "source_type": "osm", "source_reference": "OpenStreetMap via OSMnx", "observed_or_estimated": "OBSERVED", "modelled_or_interpolated": "NOT_APPLICABLE", "timestamp": "2026-10-08T20:03:11.590666+00:00", "assumptions_version": "2026-10-09-prompt-1", "computation_mode": "FULL"}, "geometry": {"type": "LineString", "coordinates": [[75.8575363, 22.720450700000008], [75.8573302, 22.7204453], [75.8569371, 22.7204279]]}}, {"id": "748", "type": "Feature", "properties": {"segment_id": "osm-8460393386-2025111313-0", "length_m": 8.934282084751274, "road_metadata": "{\"osmid\": 191953192, \"name\": NaN, \"highway\": \"residential\", \"maxspeed\": NaN, \"oneway\": false}", "source_type": "osm", "source_reference": "OpenStreetMap via OSMnx", "observed_or_estimated": "OBSERVED", "modelled_or_interpolated": "NOT_APPLICABLE", "timestamp": "2026-10-08T20:03:11.590883+00:00", "assumptions_version": "2026-10-09-prompt-1", "computation_mode": "FULL"}, "geometry": {"type": "LineString", "coordinates": [[75.8567592, 22.7215136], [75.8567096, 22.721579899999995]]}}, {"id": "749", "type": "Feature", "properties": {"segment_id": "osm-8460393386-3732908384-0", "length_m": 18.502090122597984, "road_metadata": "{\"osmid\": 191953192, \"name\": NaN, \"highway\": \"residential\", \"maxspeed\": NaN, \"oneway\": false}", "source_type": "osm", "source_reference": "OpenStreetMap via OSMnx", "observed_or_estimated": "OBSERVED", "modelled_or_interpolated": "NOT_APPLICABLE", "timestamp": "2026-10-08T20:03:11.591108+00:00", "assumptions_version": "2026-10-09-prompt-1", "computation_mode": "FULL"}, "geometry": {"type": "LineString", "coordinates": [[75.8567592, 22.7215136], [75.856808, 22.721406099999996], [75.8568318, 22.721360700000005]]}}, {"id": "750", "type": "Feature", "properties": {"segment_id": "osm-8460393386-3732996657-0", "length_m": 36.066763005204784, "road_metadata": "{\"osmid\": 370134394, \"name\": NaN, \"highway\": \"residential\", \"maxspeed\": NaN, \"oneway\": false}", "source_type": "osm", "source_reference": "OpenStreetMap via OSMnx", "observed_or_estimated": "OBSERVED", "modelled_or_interpolated": "NOT_APPLICABLE", "timestamp": "2026-10-08T20:03:11.591325+00:00", "assumptions_version": "2026-10-09-prompt-1", "computation_mode": "FULL"}, "geometry": {"type": "LineString", "coordinates": [[75.8567592, 22.7215136], [75.85679820000001, 22.7215206], [75.8568581, 22.7215488], [75.8570274, 22.721557099999995], [75.8571019, 22.7215628]]}}, {"id": "751", "type": "Feature", "properties": {"segment_id": "osm-8460393393-3732908390-0", "length_m": 46.868014791543985, "road_metadata": "{\"osmid\": 369999882, \"name\": NaN, \"highway\": \"residential\", \"maxspeed\": NaN, \"oneway\": false}", "source_type": "osm", "source_reference": "OpenStreetMap via OSMnx", "observed_or_estimated": "OBSERVED", "modelled_or_interpolated": "NOT_APPLICABLE", "timestamp": "2026-10-08T20:03:11.591551+00:00", "assumptions_version": "2026-10-09-prompt-1", "computation_mode": "FULL"}, "geometry": {"type": "LineString", "coordinates": [[75.8555451, 22.721892799999996], [75.855543, 22.721805799999995], [75.8555351, 22.721751099999995], [75.8555267, 22.7216761], [75.8555256, 22.721621199999998], [75.8555264, 22.721526999999995], [75.8555245, 22.7214704]]}}, {"id": "752", "type": "Feature", "properties": {"segment_id": "osm-8460393393-3732908390-1", "length_m": 86.36520423053392, "road_metadata": "{\"osmid\": 369999893, \"name\": NaN, \"highway\": \"residential\", \"maxspeed\": NaN, \"oneway\": false}", "source_type": "osm", "source_reference": "OpenStreetMap via OSMnx", "observed_or_estimated": "OBSERVED", "modelled_or_interpolated": "NOT_APPLICABLE", "timestamp": "2026-10-08T20:03:11.591786+00:00", "assumptions_version": "2026-10-09-prompt-1", "computation_mode": "FULL"}, "geometry": {"type": "LineString", "coordinates": [[75.8555451, 22.721892799999996], [75.8554319, 22.7218923], [75.8553685, 22.721851899999997], [75.8553354, 22.7218291], [75.8553111, 22.7218015], [75.8552987, 22.7217277], [75.8552809, 22.721512199999996], [75.8552927, 22.721492500000004], [75.85532220000002, 22.721486099999996], [75.85538, 22.721479000000006], [75.8555245, 22.7214704]]}}, {"id": "753", "type": "Feature", "properties": {"segment_id": "osm-8460393393-3732908418-0", "length_m": 11.473966943954732, "road_metadata": "{\"osmid\": 369999893, \"name\": NaN, \"highway\": \"residential\", \"maxspeed\": NaN, \"oneway\": false}", "source_type": "osm", "source_reference": "OpenStreetMap via OSMnx", "observed_or_estimated": "OBSERVED", "modelled_or_interpolated": "NOT_APPLICABLE", "timestamp": "2026-10-08T20:03:11.592014+00:00", "assumptions_version": "2026-10-09-prompt-1", "computation_mode": "FULL"}, "geometry": {"type": "LineString", "coordinates": [[75.8555451, 22.721892799999996], [75.8555798, 22.721897399999996], [75.8556081, 22.721903600000005], [75.8556522, 22.7219202]]}}, {"id": "754", "type": "Feature", "properties": {"segment_id": "osm-8460452094-8460452095-0", "length_m": 64.80801154948435, "road_metadata": "{\"osmid\": 911149932, \"name\": NaN, \"highway\": \"path\", \"maxspeed\": NaN, \"oneway\": false}", "source_type": "osm", "source_reference": "OpenStreetMap via OSMnx", "observed_or_estimated": "OBSERVED", "modelled_or_interpolated": "NOT_APPLICABLE", "timestamp": "2026-10-08T20:03:11.592239+00:00", "assumptions_version": "2026-10-09-prompt-1", "computation_mode": "FULL"}, "geometry": {"type": "LineString", "coordinates": [[75.8594799, 22.719337500000005], [75.8595006, 22.719812000000005], [75.8595026, 22.719922500000003]]}}, {"id": "755", "type": "Feature", "properties": {"segment_id": "osm-8460452095-8460513407-0", "length_m": 44.49020164906844, "road_metadata": "{\"osmid\": 191943465, \"name\": \"Mahatma Gandhi Marg\", \"highway\": \"secondary\", \"maxspeed\": NaN, \"oneway\": false}", "source_type": "osm", "source_reference": "OpenStreetMap via OSMnx", "observed_or_estimated": "OBSERVED", "modelled_or_interpolated": "NOT_APPLICABLE", "timestamp": "2026-10-08T20:03:11.592459+00:00", "assumptions_version": "2026-10-09-prompt-1", "computation_mode": "FULL"}, "geometry": {"type": "LineString", "coordinates": [[75.8595026, 22.719922500000003], [75.8592032, 22.719928999999993], [75.8590704, 22.7199145]]}}, {"id": "756", "type": "Feature", "properties": {"segment_id": "osm-8460452095-8460452094-0", "length_m": 64.80801154948435, "road_metadata": "{\"osmid\": 911149932, \"name\": NaN, \"highway\": \"path\", \"maxspeed\": NaN, \"oneway\": false}", "source_type": "osm", "source_reference": "OpenStreetMap via OSMnx", "observed_or_estimated": "OBSERVED", "modelled_or_interpolated": "NOT_APPLICABLE", "timestamp": "2026-10-08T20:03:11.592680+00:00", "assumptions_version": "2026-10-09-prompt-1", "computation_mode": "FULL"}, "geometry": {"type": "LineString", "coordinates": [[75.8595026, 22.719922500000003], [75.8595006, 22.719812000000005], [75.8594799, 22.719337500000005]]}}, {"id": "757", "type": "Feature", "properties": {"segment_id": "osm-8460457256-8460457257-0", "length_m": 56.322719877854624, "road_metadata": "{\"osmid\": 911149940, \"name\": NaN, \"highway\": \"residential\", \"maxspeed\": NaN, \"oneway\": false}", "source_type": "osm", "source_reference": "OpenStreetMap via OSMnx", "observed_or_estimated": "OBSERVED", "modelled_or_interpolated": "NOT_APPLICABLE", "timestamp": "2026-10-08T20:03:11.592898+00:00", "assumptions_version": "2026-10-09-prompt-1", "computation_mode": "FULL"}, "geometry": {"type": "LineString", "coordinates": [[75.8561581, 22.719491399999995], [75.855682, 22.719238900000004]]}}, {"id": "758", "type": "Feature", "properties": {"segment_id": "osm-8460457256-2025111179-0", "length_m": 26.46070939745414, "road_metadata": "{\"osmid\": 191953195, \"name\": NaN, \"highway\": \"residential\", \"maxspeed\": NaN, \"oneway\": false}", "source_type": "osm", "source_reference": "OpenStreetMap via OSMnx", "observed_or_estimated": "OBSERVED", "modelled_or_interpolated": "NOT_APPLICABLE", "timestamp": "2026-10-08T20:03:11.593132+00:00", "assumptions_version": "2026-10-09-prompt-1", "computation_mode": "FULL"}, "geometry": {"type": "LineString", "coordinates": [[75.8561581, 22.719491399999995], [75.8561134, 22.719584199999993], [75.8560358, 22.7197012]]}}, {"id": "759", "type": "Feature", "properties": {"segment_id": "osm-8460457256-2025111142-0", "length_m": 48.374405968007196, "road_metadata": "{\"osmid\": 191953195, \"name\": NaN, \"highway\": \"residential\", \"maxspeed\": NaN, \"oneway\": false}", "source_type": "osm", "source_reference": "OpenStreetMap via OSMnx", "observed_or_estimated": "OBSERVED", "modelled_or_interpolated": "NOT_APPLICABLE", "timestamp": "2026-10-08T20:03:11.593351+00:00", "assumptions_version": "2026-10-09-prompt-1", "computation_mode": "FULL"}, "geometry": {"type": "LineString", "coordinates": [[75.8561581, 22.719491399999995], [75.8562256, 22.719350999999996], [75.8563147, 22.7190801]]}}, {"id": "760", "type": "Feature", "properties": {"segment_id": "osm-8460457257-8460457256-0", "length_m": 56.322719877854624, "road_metadata": "{\"osmid\": 911149940, \"name\": NaN, \"highway\": \"residential\", \"maxspeed\": NaN, \"oneway\": false}", "source_type": "osm", "source_reference": "OpenStreetMap via OSMnx", "observed_or_estimated": "OBSERVED", "modelled_or_interpolated": "NOT_APPLICABLE", "timestamp": "2026-10-08T20:03:11.593569+00:00", "assumptions_version": "2026-10-09-prompt-1", "computation_mode": "FULL"}, "geometry": {"type": "LineString", "coordinates": [[75.855682, 22.719238900000004], [75.8561581, 22.719491399999995]]}}, {"id": "761", "type": "Feature", "properties": {"segment_id": "osm-8460457257-2025111198-0", "length_m": 69.7951871288979, "road_metadata": "{\"osmid\": 1033376987, \"name\": \"Imli Baazar\", \"highway\": \"tertiary\", \"maxspeed\": \"20\", \"oneway\": false}", "source_type": "osm", "source_reference": "OpenStreetMap via OSMnx", "observed_or_estimated": "OBSERVED", "modelled_or_interpolated": "NOT_APPLICABLE", "timestamp": "2026-10-08T20:03:11.593792+00:00", "assumptions_version": "2026-10-09-prompt-1", "computation_mode": "FULL"}, "geometry": {"type": "LineString", "coordinates": [[75.855682, 22.719238900000004], [75.8553426, 22.7197851]]}}, {"id": "762", "type": "Feature", "properties": {"segment_id": "osm-8460457257-2025111132-0", "length_m": 40.361463506764466, "road_metadata": "{\"osmid\": 1033376987, \"name\": \"Imli Baazar\", \"highway\": \"tertiary\", \"maxspeed\": \"20\", \"oneway\": false}", "source_type": "osm", "source_reference": "OpenStreetMap via OSMnx", "observed_or_estimated": "OBSERVED", "modelled_or_interpolated": "NOT_APPLICABLE", "timestamp": "2026-10-08T20:03:11.594042+00:00", "assumptions_version": "2026-10-09-prompt-1", "computation_mode": "FULL"}, "geometry": {"type": "LineString", "coordinates": [[75.855682, 22.719238900000004], [75.8557288, 22.7191507], [75.855744, 22.7191005], [75.8557516, 22.719040600000003], [75.855742, 22.7189891], [75.8557141, 22.7188909]]}}, {"id": "763", "type": "Feature", "properties": {"segment_id": "osm-8460457262-2025111179-0", "length_m": 23.78841087373118, "road_metadata": "{\"osmid\": 191953195, \"name\": NaN, \"highway\": \"residential\", \"maxspeed\": NaN, \"oneway\": false}", "source_type": "osm", "source_reference": "OpenStreetMap via OSMnx", "observed_or_estimated": "OBSERVED", "modelled_or_interpolated": "NOT_APPLICABLE", "timestamp": "2026-10-08T20:03:11.594275+00:00", "assumptions_version": "2026-10-09-prompt-1", "computation_mode": "FULL"}, "geometry": {"type": "LineString", "coordinates": [[75.8559144, 22.719884199999996], [75.8560358, 22.7197012]]}}, {"id": "764", "type": "Feature", "properties": {"segment_id": "osm-8460457262-2025111283-0", "length_m": 201.98085967692637, "road_metadata": "{\"osmid\": 191953182, \"name\": NaN, \"highway\": \"residential\", \"maxspeed\": NaN, \"oneway\": false}", "source_type": "osm", "source_reference": "OpenStreetMap via OSMnx", "observed_or_estimated": "OBSERVED", "modelled_or_interpolated": "NOT_APPLICABLE", "timestamp": "2026-10-08T20:03:11.594521+00:00", "assumptions_version": "2026-10-09-prompt-1", "computation_mode": "FULL"}, "geometry": {"type": "LineString", "coordinates": [[75.8559144, 22.719884199999996], [75.8562572, 22.719927600000002], [75.8562867, 22.719937499999993], [75.8563068, 22.719958499999994], [75.8563136, 22.719991899999997], [75.8563141, 22.720014200000005], [75.8563154, 22.7202743], [75.8562988, 22.720443], [75.8562852, 22.720613399999998], [75.856276, 22.720865299999996], [75.85628340000001, 22.7210285], [75.8562948, 22.7211275], [75.8563007, 22.721196599999995], [75.8562941, 22.721401899999996]]}}, {"id": "765", "type": "Feature", "properties": {"segment_id": "osm-8460457262-2025111227-0", "length_m": 20.809923149517235, "road_metadata": "{\"osmid\": 191953195, \"name\": NaN, \"highway\": \"residential\", \"maxspeed\": NaN, \"oneway\": false}", "source_type": "osm", "source_reference": "OpenStreetMap via OSMnx", "observed_or_estimated": "OBSERVED", "modelled_or_interpolated": "NOT_APPLICABLE", "timestamp": "2026-10-08T20:03:11.594749+00:00", "assumptions_version": "2026-10-09-prompt-1", "computation_mode": "FULL"}, "geometry": {"type": "LineString", "coordinates": [[75.8559144, 22.719884199999996], [75.855848, 22.719959499999998], [75.8557852, 22.720029]]}}, {"id": "766", "type": "Feature", "properties": {"segment_id": "osm-8460457267-2025111240-0", "length_m": 2.7066026391879943, "road_metadata": "{\"osmid\": 191953192, \"name\": NaN, \"highway\": \"residential\", \"maxspeed\": NaN, \"oneway\": false}", "source_type": "osm", "source_reference": "OpenStreetMap via OSMnx", "observed_or_estimated": "OBSERVED", "modelled_or_interpolated": "NOT_APPLICABLE", "timestamp": "2026-10-08T20:03:11.594987+00:00", "assumptions_version": "2026-10-09-prompt-1", "computation_mode": "FULL"}, "geometry": {"type": "LineString", "coordinates": [[75.85694, 22.720452199999997], [75.8569371, 22.7204279]]}}, {"id": "767", "type": "Feature", "properties": {"segment_id": "osm-8460457267-8460457268-0", "length_m": 39.149875548891316, "road_metadata": "{\"osmid\": 911149942, \"name\": NaN, \"highway\": \"residential\", \"maxspeed\": NaN, \"oneway\": false}", "source_type": "osm", "source_reference": "OpenStreetMap via OSMnx", "observed_or_estimated": "OBSERVED", "modelled_or_interpolated": "NOT_APPLICABLE", "timestamp": "2026-10-08T20:03:11.595213+00:00", "assumptions_version": "2026-10-09-prompt-1", "computation_mode": "FULL"}, "geometry": {"type": "LineString", "coordinates": [[75.85694, 22.720452199999997], [75.8565588, 22.720453299999996]]}}, {"id": "768", "type": "Feature", "properties": {"segment_id": "osm-8460457267-3732908384-0", "length_m": 101.60667253800148, "road_metadata": "{\"osmid\": 191953192, \"name\": NaN, \"highway\": \"residential\", \"maxspeed\": NaN, \"oneway\": false}", "source_type": "osm", "source_reference": "OpenStreetMap via OSMnx", "observed_or_estimated": "OBSERVED", "modelled_or_interpolated": "NOT_APPLICABLE", "timestamp": "2026-10-08T20:03:11.595440+00:00", "assumptions_version": "2026-10-09-prompt-1", "computation_mode": "FULL"}, "geometry": {"type": "LineString", "coordinates": [[75.85694, 22.720452199999997], [75.8569171, 22.721013400000004], [75.8568318, 22.721360700000005]]}}, {"id": "769", "type": "Feature", "properties": {"segment_id": "osm-8460457268-8460457267-0", "length_m": 39.149875548891316, "road_metadata": "{\"osmid\": 911149942, \"name\": NaN, \"highway\": \"residential\", \"maxspeed\": NaN, \"oneway\": false}", "source_type": "osm", "source_reference": "OpenStreetMap via OSMnx", "observed_or_estimated": "OBSERVED", "modelled_or_interpolated": "NOT_APPLICABLE", "timestamp": "2026-10-08T20:03:11.595663+00:00", "assumptions_version": "2026-10-09-prompt-1", "computation_mode": "FULL"}, "geometry": {"type": "LineString", "coordinates": [[75.8565588, 22.720453299999996], [75.85694, 22.720452199999997]]}}, {"id": "770", "type": "Feature", "properties": {"segment_id": "osm-8460513399-8460513407-0", "length_m": 122.51657036181967, "road_metadata": "{\"osmid\": 911155919, \"name\": NaN, \"highway\": \"service\", \"maxspeed\": NaN, \"oneway\": false}", "source_type": "osm", "source_reference": "OpenStreetMap via OSMnx", "observed_or_estimated": "OBSERVED", "modelled_or_interpolated": "NOT_APPLICABLE", "timestamp": "2026-10-08T20:03:11.595895+00:00", "assumptions_version": "2026-10-09-prompt-1", "computation_mode": "FULL"}, "geometry": {"type": "LineString", "coordinates": [[75.8589864, 22.7209939], [75.8589904, 22.720866499999996], [75.8589984, 22.72082689999999], [75.8590199, 22.720794700000003], [75.8590427, 22.72077], [75.8590628, 22.7207421], [75.8590829, 22.720709399999997], [75.8590917, 22.720685199999995], [75.8590977, 22.720658600000004], [75.859099, 22.720603], [75.8590704, 22.7199145]]}}, {"id": "771", "type": "Feature", "properties": {"segment_id": "osm-8460513407-2025020116-0", "length_m": 26.803993387915835, "road_metadata": "{\"osmid\": 191943465, \"name\": \"Mahatma Gandhi Marg\", \"highway\": \"secondary\", \"maxspeed\": NaN, \"oneway\": false}", "source_type": "osm", "source_reference": "OpenStreetMap via OSMnx", "observed_or_estimated": "OBSERVED", "modelled_or_interpolated": "NOT_APPLICABLE", "timestamp": "2026-10-08T20:03:11.596122+00:00", "assumptions_version": "2026-10-09-prompt-1", "computation_mode": "FULL"}, "geometry": {"type": "LineString", "coordinates": [[75.8590704, 22.7199145], [75.8588112, 22.719886199999998]]}}, {"id": "772", "type": "Feature", "properties": {"segment_id": "osm-8460513407-8460452095-0", "length_m": 44.49020164906844, "road_metadata": "{\"osmid\": 191943465, \"name\": \"Mahatma Gandhi Marg\", \"highway\": \"secondary\", \"maxspeed\": NaN, \"oneway\": false}", "source_type": "osm", "source_reference": "OpenStreetMap via OSMnx", "observed_or_estimated": "OBSERVED", "modelled_or_interpolated": "NOT_APPLICABLE", "timestamp": "2026-10-08T20:03:11.596353+00:00", "assumptions_version": "2026-10-09-prompt-1", "computation_mode": "FULL"}, "geometry": {"type": "LineString", "coordinates": [[75.8590704, 22.7199145], [75.8592032, 22.719928999999993], [75.8595026, 22.719922500000003]]}}, {"id": "773", "type": "Feature", "properties": {"segment_id": "osm-8460513407-8460513399-0", "length_m": 122.51657036181967, "road_metadata": "{\"osmid\": 911155919, \"name\": NaN, \"highway\": \"service\", \"maxspeed\": NaN, \"oneway\": false}", "source_type": "osm", "source_reference": "OpenStreetMap via OSMnx", "observed_or_estimated": "OBSERVED", "modelled_or_interpolated": "NOT_APPLICABLE", "timestamp": "2026-10-08T20:03:11.596743+00:00", "assumptions_version": "2026-10-09-prompt-1", "computation_mode": "FULL"}, "geometry": {"type": "LineString", "coordinates": [[75.8590704, 22.7199145], [75.859099, 22.720603], [75.8590977, 22.720658600000004], [75.8590917, 22.720685199999995], [75.8590829, 22.720709399999997], [75.8590628, 22.7207421], [75.8590427, 22.72077], [75.8590199, 22.720794700000003], [75.8589984, 22.72082689999999], [75.8589904, 22.720866499999996], [75.8589864, 22.7209939]]}}, {"id": "774", "type": "Feature", "properties": {"segment_id": "osm-8460755401-2027131531-0", "length_m": 11.82107883303307, "road_metadata": "{\"osmid\": 192152688, \"name\": NaN, \"highway\": \"residential\", \"maxspeed\": NaN, \"oneway\": false}", "source_type": "osm", "source_reference": "OpenStreetMap via OSMnx", "observed_or_estimated": "OBSERVED", "modelled_or_interpolated": "NOT_APPLICABLE", "timestamp": "2026-10-08T20:03:11.597213+00:00", "assumptions_version": "2026-10-09-prompt-1", "computation_mode": "FULL"}, "geometry": {"type": "LineString", "coordinates": [[75.8574013, 22.715646799999995], [75.8574239, 22.7157515]]}}, {"id": "775", "type": "Feature", "properties": {"segment_id": "osm-8460755401-2027131511-0", "length_m": 23.886398717778953, "road_metadata": "{\"osmid\": 192152688, \"name\": NaN, \"highway\": \"residential\", \"maxspeed\": NaN, \"oneway\": false}", "source_type": "osm", "source_reference": "OpenStreetMap via OSMnx", "observed_or_estimated": "OBSERVED", "modelled_or_interpolated": "NOT_APPLICABLE", "timestamp": "2026-10-08T20:03:11.597551+00:00", "assumptions_version": "2026-10-09-prompt-1", "computation_mode": "FULL"}, "geometry": {"type": "LineString", "coordinates": [[75.8574013, 22.715646799999995], [75.8573677, 22.71543329999999]]}}, {"id": "776", "type": "Feature", "properties": {"segment_id": "osm-8460755401-8460755411-0", "length_m": 62.33678929636403, "road_metadata": "{\"osmid\": 911186270, \"name\": NaN, \"highway\": \"residential\", \"maxspeed\": NaN, \"oneway\": false}", "source_type": "osm", "source_reference": "OpenStreetMap via OSMnx", "observed_or_estimated": "OBSERVED", "modelled_or_interpolated": "NOT_APPLICABLE", "timestamp": "2026-10-08T20:03:11.597879+00:00", "assumptions_version": "2026-10-09-prompt-1", "computation_mode": "FULL"}, "geometry": {"type": "LineString", "coordinates": [[75.8574013, 22.715646799999995], [75.8573596, 22.715647299999997], [75.8573207, 22.71565349999999], [75.8572671, 22.715667099999997], [75.85714500000002, 22.7156956], [75.8570471, 22.7157203], [75.8569466, 22.715738899999998], [75.8568084, 22.7157617]]}}, {"id": "777", "type": "Feature", "properties": {"segment_id": "osm-8460755407-2027131540-0", "length_m": 38.710213866227875, "road_metadata": "{\"osmid\": 191953035, \"name\": NaN, \"highway\": \"tertiary\", \"maxspeed\": NaN, \"oneway\": false}", "source_type": "osm", "source_reference": "OpenStreetMap via OSMnx", "observed_or_estimated": "OBSERVED", "modelled_or_interpolated": "NOT_APPLICABLE", "timestamp": "2026-10-08T20:03:11.598174+00:00", "assumptions_version": "2026-10-09-prompt-1", "computation_mode": "FULL"}, "geometry": {"type": "LineString", "coordinates": [[75.8563691, 22.715744600000004], [75.8562678, 22.716081399999993]]}}, {"id": "778", "type": "Feature", "properties": {"segment_id": "osm-8460755407-8460755415-0", "length_m": 10.645815852257009, "road_metadata": "{\"osmid\": 191953035, \"name\": NaN, \"highway\": \"tertiary\", \"maxspeed\": NaN, \"oneway\": false}", "source_type": "osm", "source_reference": "OpenStreetMap via OSMnx", "observed_or_estimated": "OBSERVED", "modelled_or_interpolated": "NOT_APPLICABLE", "timestamp": "2026-10-08T20:03:11.598519+00:00", "assumptions_version": "2026-10-09-prompt-1", "computation_mode": "FULL"}, "geometry": {"type": "LineString", "coordinates": [[75.8563691, 22.715744600000004], [75.8563787, 22.715707799999997], [75.8563986, 22.715652500000004]]}}, {"id": "779", "type": "Feature", "properties": {"segment_id": "osm-8460755407-8460755411-0", "length_m": 47.16311042839347, "road_metadata": "{\"osmid\": 192152701, \"name\": NaN, \"highway\": \"residential\", \"maxspeed\": NaN, \"oneway\": false}", "source_type": "osm", "source_reference": "OpenStreetMap via OSMnx", "observed_or_estimated": "OBSERVED", "modelled_or_interpolated": "NOT_APPLICABLE", "timestamp": "2026-10-08T20:03:11.598800+00:00", "assumptions_version": "2026-10-09-prompt-1", "computation_mode": "FULL"}, "geometry": {"type": "LineString", "coordinates": [[75.8563691, 22.715744600000004], [75.8566998, 22.715806900000004], [75.85675480000002, 22.715797000000002], [75.8567843, 22.715777199999998], [75.8568084, 22.7157617]]}}, {"id": "780", "type": "Feature", "properties": {"segment_id": "osm-8460755411-8460755407-0", "length_m": 47.163110428393466, "road_metadata": "{\"osmid\": 192152701, \"name\": NaN, \"highway\": \"residential\", \"maxspeed\": NaN, \"oneway\": false}", "source_type": "osm", "source_reference": "OpenStreetMap via OSMnx", "observed_or_estimated": "OBSERVED", "modelled_or_interpolated": "NOT_APPLICABLE", "timestamp": "2026-10-08T20:03:11.599053+00:00", "assumptions_version": "2026-10-09-prompt-1", "computation_mode": "FULL"}, "geometry": {"type": "LineString", "coordinates": [[75.8568084, 22.7157617], [75.8567843, 22.715777199999998], [75.85675480000002, 22.715797000000002], [75.8566998, 22.715806900000004], [75.8563691, 22.715744600000004]]}}, {"id": "781", "type": "Feature", "properties": {"segment_id": "osm-8460755411-8460755412-0", "length_m": 77.97806285165632, "road_metadata": "{\"osmid\": 192152701, \"name\": NaN, \"highway\": \"residential\", \"maxspeed\": NaN, \"oneway\": false}", "source_type": "osm", "source_reference": "OpenStreetMap via OSMnx", "observed_or_estimated": "OBSERVED", "modelled_or_interpolated": "NOT_APPLICABLE", "timestamp": "2026-10-08T20:03:11.599312+00:00", "assumptions_version": "2026-10-09-prompt-1", "computation_mode": "FULL"}, "geometry": {"type": "LineString", "coordinates": [[75.8568084, 22.7157617], [75.856826, 22.715726899999996], [75.8568595, 22.715554699999995], [75.8568744, 22.715446], [75.8568711, 22.715409599999994], [75.8568487, 22.715386300000002], [75.8568245, 22.715368999999992], [75.8565312, 22.7152833]]}}, {"id": "782", "type": "Feature", "properties": {"segment_id": "osm-8460755411-8460755401-0", "length_m": 62.33678929636404, "road_metadata": "{\"osmid\": 911186270, \"name\": NaN, \"highway\": \"residential\", \"maxspeed\": NaN, \"oneway\": false}", "source_type": "osm", "source_reference": "OpenStreetMap via OSMnx", "observed_or_estimated": "OBSERVED", "modelled_or_interpolated": "NOT_APPLICABLE", "timestamp": "2026-10-08T20:03:11.599613+00:00", "assumptions_version": "2026-10-09-prompt-1", "computation_mode": "FULL"}, "geometry": {"type": "LineString", "coordinates": [[75.8568084, 22.7157617], [75.8569466, 22.715738899999998], [75.8570471, 22.7157203], [75.85714500000002, 22.7156956], [75.8572671, 22.715667099999997], [75.8573207, 22.71565349999999], [75.8573596, 22.715647299999997], [75.8574013, 22.715646799999995]]}}, {"id": "783", "type": "Feature", "properties": {"segment_id": "osm-8460755412-8460755415-0", "length_m": 43.081925572736125, "road_metadata": "{\"osmid\": 191953035, \"name\": NaN, \"highway\": \"tertiary\", \"maxspeed\": NaN, \"oneway\": false}", "source_type": "osm", "source_reference": "OpenStreetMap via OSMnx", "observed_or_estimated": "OBSERVED", "modelled_or_interpolated": "NOT_APPLICABLE", "timestamp": "2026-10-08T20:03:11.599891+00:00", "assumptions_version": "2026-10-09-prompt-1", "computation_mode": "FULL"}, "geometry": {"type": "LineString", "coordinates": [[75.8565312, 22.7152833], [75.8563986, 22.715652500000004]]}}, {"id": "784", "type": "Feature", "properties": {"segment_id": "osm-8460755412-8460772828-0", "length_m": 4.99104002718417, "road_metadata": "{\"osmid\": 191953035, \"name\": NaN, \"highway\": \"tertiary\", \"maxspeed\": NaN, \"oneway\": false}", "source_type": "osm", "source_reference": "OpenStreetMap via OSMnx", "observed_or_estimated": "OBSERVED", "modelled_or_interpolated": "NOT_APPLICABLE", "timestamp": "2026-10-08T20:03:11.600147+00:00", "assumptions_version": "2026-10-09-prompt-1", "computation_mode": "FULL"}, "geometry": {"type": "LineString", "coordinates": [[75.8565312, 22.7152833], [75.8565451, 22.715240099999995]]}}, {"id": "785", "type": "Feature", "properties": {"segment_id": "osm-8460755412-8460755411-0", "length_m": 77.97806285165632, "road_metadata": "{\"osmid\": 192152701, \"name\": NaN, \"highway\": \"residential\", \"maxspeed\": NaN, \"oneway\": false}", "source_type": "osm", "source_reference": "OpenStreetMap via OSMnx", "observed_or_estimated": "OBSERVED", "modelled_or_interpolated": "NOT_APPLICABLE", "timestamp": "2026-10-08T20:03:11.600414+00:00", "assumptions_version": "2026-10-09-prompt-1", "computation_mode": "FULL"}, "geometry": {"type": "LineString", "coordinates": [[75.8565312, 22.7152833], [75.8568245, 22.715368999999992], [75.8568487, 22.715386300000002], [75.8568711, 22.715409599999994], [75.8568744, 22.715446], [75.8568595, 22.715554699999995], [75.856826, 22.715726899999996], [75.8568084, 22.7157617]]}}, {"id": "786", "type": "Feature", "properties": {"segment_id": "osm-8460755415-8460755412-0", "length_m": 43.081925572736125, "road_metadata": "{\"osmid\": 191953035, \"name\": NaN, \"highway\": \"tertiary\", \"maxspeed\": NaN, \"oneway\": false}", "source_type": "osm", "source_reference": "OpenStreetMap via OSMnx", "observed_or_estimated": "OBSERVED", "modelled_or_interpolated": "NOT_APPLICABLE", "timestamp": "2026-10-08T20:03:11.600665+00:00", "assumptions_version": "2026-10-09-prompt-1", "computation_mode": "FULL"}, "geometry": {"type": "LineString", "coordinates": [[75.8563986, 22.715652500000004], [75.8565312, 22.7152833]]}}, {"id": "787", "type": "Feature", "properties": {"segment_id": "osm-8460755415-8460755407-0", "length_m": 10.645815852257009, "road_metadata": "{\"osmid\": 191953035, \"name\": NaN, \"highway\": \"tertiary\", \"maxspeed\": NaN, \"oneway\": false}", "source_type": "osm", "source_reference": "OpenStreetMap via OSMnx", "observed_or_estimated": "OBSERVED", "modelled_or_interpolated": "NOT_APPLICABLE", "timestamp": "2026-10-08T20:03:11.600923+00:00", "assumptions_version": "2026-10-09-prompt-1", "computation_mode": "FULL"}, "geometry": {"type": "LineString", "coordinates": [[75.8563986, 22.715652500000004], [75.8563787, 22.715707799999997], [75.8563691, 22.715744600000004]]}}, {"id": "788", "type": "Feature", "properties": {"segment_id": "osm-8460755415-2027131532-0", "length_m": 82.12290734424535, "road_metadata": "{\"osmid\": 192152705, \"name\": NaN, \"highway\": \"residential\", \"maxspeed\": NaN, \"oneway\": false}", "source_type": "osm", "source_reference": "OpenStreetMap via OSMnx", "observed_or_estimated": "OBSERVED", "modelled_or_interpolated": "NOT_APPLICABLE", "timestamp": "2026-10-08T20:03:11.601187+00:00", "assumptions_version": "2026-10-09-prompt-1", "computation_mode": "FULL"}, "geometry": {"type": "LineString", "coordinates": [[75.8563986, 22.715652500000004], [75.8560189, 22.71557479999999], [75.8559811, 22.715569000000002], [75.8559648, 22.715581099999998], [75.8559389, 22.715604], [75.8559093, 22.7156841], [75.8559164, 22.715892300000004]]}}, {"id": "789", "type": "Feature", "properties": {"segment_id": "osm-8460772819-12778907738-0", "length_m": 76.96356149342924, "road_metadata": "{\"osmid\": 192152697, \"name\": NaN, \"highway\": \"residential\", \"maxspeed\": NaN, \"oneway\": false}", "source_type": "osm", "source_reference": "OpenStreetMap via OSMnx", "observed_or_estimated": "OBSERVED", "modelled_or_interpolated": "NOT_APPLICABLE", "timestamp": "2026-10-08T20:03:11.601423+00:00", "assumptions_version": "2026-10-09-prompt-1", "computation_mode": "FULL"}, "geometry": {"type": "LineString", "coordinates": [[75.8553994, 22.714898900000005], [75.8555538, 22.714902399999993], [75.85564530000002, 22.714929099999992], [75.8557328, 22.714937699999997], [75.85601540000002, 22.7149636], [75.8561379, 22.714994799999996]]}}, {"id": "790", "type": "Feature", "properties": {"segment_id": "osm-8460772819-2027131464-0", "length_m": 43.32567190412613, "road_metadata": "{\"osmid\": 192152697, \"name\": NaN, \"highway\": \"residential\", \"maxspeed\": NaN, \"oneway\": false}", "source_type": "osm", "source_reference": "OpenStreetMap via OSMnx", "observed_or_estimated": "OBSERVED", "modelled_or_interpolated": "NOT_APPLICABLE", "timestamp": "2026-10-08T20:03:11.601649+00:00", "assumptions_version": "2026-10-09-prompt-1", "computation_mode": "FULL"}, "geometry": {"type": "LineString", "coordinates": [[75.8553994, 22.714898900000005], [75.8551199, 22.714915900000005], [75.8549782, 22.7149192]]}}, {"id": "791", "type": "Feature", "properties": {"segment_id": "osm-8460772819-2027131533-0", "length_m": 133.54538718795695, "road_metadata": "{\"osmid\": 192152707, \"name\": NaN, \"highway\": \"residential\", \"maxspeed\": NaN, \"oneway\": false}", "source_type": "osm", "source_reference": "OpenStreetMap via OSMnx", "observed_or_estimated": "OBSERVED", "modelled_or_interpolated": "NOT_APPLICABLE", "timestamp": "2026-10-08T20:03:11.601885+00:00", "assumptions_version": "2026-10-09-prompt-1", "computation_mode": "FULL"}, "geometry": {"type": "LineString", "coordinates": [[75.8553994, 22.714898900000005], [75.8554499, 22.71499289999999], [75.8554713, 22.715058499999994], [75.8555035, 22.715101799999996], [75.8555438, 22.7151426], [75.8556122, 22.715169799999998], [75.8557154, 22.715197000000003], [75.8557463, 22.715209399999992], [75.8557597, 22.7152205], [75.855759, 22.715250899999997], [75.8557427, 22.715283400000004], [75.8556894, 22.715429199999996], [75.8556462, 22.7155958], [75.855633, 22.715736299999996], [75.8556462, 22.7159116]]}}, {"id": "792", "type": "Feature", "properties": {"segment_id": "osm-8460772828-8460755412-0", "length_m": 4.99104002718417, "road_metadata": "{\"osmid\": 191953035, \"name\": NaN, \"highway\": \"tertiary\", \"maxspeed\": NaN, \"oneway\": false}", "source_type": "osm", "source_reference": "OpenStreetMap via OSMnx", "observed_or_estimated": "OBSERVED", "modelled_or_interpolated": "NOT_APPLICABLE", "timestamp": "2026-10-08T20:03:11.602115+00:00", "assumptions_version": "2026-10-09-prompt-1", "computation_mode": "FULL"}, "geometry": {"type": "LineString", "coordinates": [[75.8565451, 22.715240099999995], [75.8565312, 22.7152833]]}}, {"id": "793", "type": "Feature", "properties": {"segment_id": "osm-8460772828-2025110932-0", "length_m": 18.175340161743403, "road_metadata": "{\"osmid\": 191953035, \"name\": NaN, \"highway\": \"tertiary\", \"maxspeed\": NaN, \"oneway\": false}", "source_type": "osm", "source_reference": "OpenStreetMap via OSMnx", "observed_or_estimated": "OBSERVED", "modelled_or_interpolated": "NOT_APPLICABLE", "timestamp": "2026-10-08T20:03:11.602341+00:00", "assumptions_version": "2026-10-09-prompt-1", "computation_mode": "FULL"}, "geometry": {"type": "LineString", "coordinates": [[75.8565451, 22.715240099999995], [75.8566025, 22.715084799999996]]}}, {"id": "794", "type": "Feature", "properties": {"segment_id": "osm-8460772828-8460772829-0", "length_m": 51.23404565918892, "road_metadata": "{\"osmid\": 911186271, \"name\": NaN, \"highway\": \"residential\", \"maxspeed\": NaN, \"oneway\": false}", "source_type": "osm", "source_reference": "OpenStreetMap via OSMnx", "observed_or_estimated": "OBSERVED", "modelled_or_interpolated": "NOT_APPLICABLE", "timestamp": "2026-10-08T20:03:11.602562+00:00", "assumptions_version": "2026-10-09-prompt-1", "computation_mode": "FULL"}, "geometry": {"type": "LineString", "coordinates": [[75.8565451, 22.715240099999995], [75.8560545, 22.7151563]]}}, {"id": "795", "type": "Feature", "properties": {"segment_id": "osm-8460772829-8460772828-0", "length_m": 51.23404565918892, "road_metadata": "{\"osmid\": 911186271, \"name\": NaN, \"highway\": \"residential\", \"maxspeed\": NaN, \"oneway\": false}", "source_type": "osm", "source_reference": "OpenStreetMap via OSMnx", "observed_or_estimated": "OBSERVED", "modelled_or_interpolated": "NOT_APPLICABLE", "timestamp": "2026-10-08T20:03:11.602784+00:00", "assumptions_version": "2026-10-09-prompt-1", "computation_mode": "FULL"}, "geometry": {"type": "LineString", "coordinates": [[75.8560545, 22.7151563], [75.8565451, 22.715240099999995]]}}, {"id": "796", "type": "Feature", "properties": {"segment_id": "osm-8460772838-2027103687-0", "length_m": 18.809477231132558, "road_metadata": "{\"osmid\": 192150021, \"name\": NaN, \"highway\": \"residential\", \"maxspeed\": NaN, \"oneway\": false}", "source_type": "osm", "source_reference": "OpenStreetMap via OSMnx", "observed_or_estimated": "OBSERVED", "modelled_or_interpolated": "NOT_APPLICABLE", "timestamp": "2026-10-08T20:03:11.603014+00:00", "assumptions_version": "2026-10-09-prompt-1", "computation_mode": "FULL"}, "geometry": {"type": "LineString", "coordinates": [[75.8553347, 22.713384099999995], [75.8552993, 22.713217399999998]]}}, {"id": "797", "type": "Feature", "properties": {"segment_id": "osm-8460772838-8460772839-0", "length_m": 97.01618432012285, "road_metadata": "{\"osmid\": 911186272, \"name\": NaN, \"highway\": \"residential\", \"maxspeed\": NaN, \"oneway\": false}", "source_type": "osm", "source_reference": "OpenStreetMap via OSMnx", "observed_or_estimated": "OBSERVED", "modelled_or_interpolated": "NOT_APPLICABLE", "timestamp": "2026-10-08T20:03:11.603243+00:00", "assumptions_version": "2026-10-09-prompt-1", "computation_mode": "FULL"}, "geometry": {"type": "LineString", "coordinates": [[75.8553347, 22.713384099999995], [75.854412, 22.7135717]]}}, {"id": "798", "type": "Feature", "properties": {"segment_id": "osm-8460772838-2027103699-0", "length_m": 110.2967477853735, "road_metadata": "{\"osmid\": [192150116, 192150021], \"name\": NaN, \"highway\": \"residential\", \"maxspeed\": NaN, \"oneway\": false}", "source_type": "osm", "source_reference": "OpenStreetMap via OSMnx", "observed_or_estimated": "OBSERVED", "modelled_or_interpolated": "NOT_APPLICABLE", "timestamp": "2026-10-08T20:03:11.603477+00:00", "assumptions_version": "2026-10-09-prompt-1", "computation_mode": "FULL"}, "geometry": {"type": "LineString", "coordinates": [[75.8553347, 22.713384099999995], [75.8553544, 22.7134844], [75.85534790000001, 22.7135554], [75.855299, 22.713577699999995], [75.8552379, 22.713590099999994], [75.8548638, 22.7136847], [75.854491, 22.713763799999995]]}}, {"id": "799", "type": "Feature", "properties": {"segment_id": "osm-8460772839-2027103692-0", "length_m": 21.32265929586573, "road_metadata": "{\"osmid\": 192150060, \"name\": NaN, \"highway\": \"residential\", \"maxspeed\": NaN, \"oneway\": false}", "source_type": "osm", "source_reference": "OpenStreetMap via OSMnx", "observed_or_estimated": "OBSERVED", "modelled_or_interpolated": "NOT_APPLICABLE", "timestamp": "2026-10-08T20:03:11.603701+00:00", "assumptions_version": "2026-10-09-prompt-1", "computation_mode": "FULL"}, "geometry": {"type": "LineString", "coordinates": [[75.854412, 22.7135717], [75.85441040000002, 22.713379100000004]]}}, {"id": "800", "type": "Feature", "properties": {"segment_id": "osm-8460772839-2027103700-0", "length_m": 21.918612360441614, "road_metadata": "{\"osmid\": 192150060, \"name\": NaN, \"highway\": \"residential\", \"maxspeed\": NaN, \"oneway\": false}", "source_type": "osm", "source_reference": "OpenStreetMap via OSMnx", "observed_or_estimated": "OBSERVED", "modelled_or_interpolated": "NOT_APPLICABLE", "timestamp": "2026-10-08T20:03:11.603927+00:00", "assumptions_version": "2026-10-09-prompt-1", "computation_mode": "FULL"}, "geometry": {"type": "LineString", "coordinates": [[75.854412, 22.7135717], [75.8543918, 22.713768799999997]]}}, {"id": "801", "type": "Feature", "properties": {"segment_id": "osm-8460772839-8460772838-0", "length_m": 97.01618432012285, "road_metadata": "{\"osmid\": 911186272, \"name\": NaN, \"highway\": \"residential\", \"maxspeed\": NaN, \"oneway\": false}", "source_type": "osm", "source_reference": "OpenStreetMap via OSMnx", "observed_or_estimated": "OBSERVED", "modelled_or_interpolated": "NOT_APPLICABLE", "timestamp": "2026-10-08T20:03:11.604151+00:00", "assumptions_version": "2026-10-09-prompt-1", "computation_mode": "FULL"}, "geometry": {"type": "LineString", "coordinates": [[75.854412, 22.7135717], [75.8553347, 22.713384099999995]]}}, {"id": "802", "type": "Feature", "properties": {"segment_id": "osm-8460931645-3734496697-0", "length_m": 33.99152437027892, "road_metadata": "{\"osmid\": 370006821, \"name\": NaN, \"highway\": \"residential\", \"maxspeed\": NaN, \"oneway\": false}", "source_type": "osm", "source_reference": "OpenStreetMap via OSMnx", "observed_or_estimated": "OBSERVED", "modelled_or_interpolated": "NOT_APPLICABLE", "timestamp": "2026-10-08T20:03:11.604390+00:00", "assumptions_version": "2026-10-09-prompt-1", "computation_mode": "FULL"}, "geometry": {"type": "LineString", "coordinates": [[75.8526927, 22.718687300000003], [75.8526872, 22.718380299999996]]}}, {"id": "803", "type": "Feature", "properties": {"segment_id": "osm-8460931649-3734496833-0", "length_m": 19.061934066734544, "road_metadata": "{\"osmid\": 370008849, \"name\": NaN, \"highway\": \"residential\", \"maxspeed\": NaN, \"oneway\": false}", "source_type": "osm", "source_reference": "OpenStreetMap via OSMnx", "observed_or_estimated": "OBSERVED", "modelled_or_interpolated": "NOT_APPLICABLE", "timestamp": "2026-10-08T20:03:11.604646+00:00", "assumptions_version": "2026-10-09-prompt-1", "computation_mode": "FULL"}, "geometry": {"type": "LineString", "coordinates": [[75.8516275, 22.719803200000005], [75.8515994, 22.719633]]}}, {"id": "804", "type": "Feature", "properties": {"segment_id": "osm-8460931649-3734496845-0", "length_m": 1.840591759697454, "road_metadata": "{\"osmid\": 370008849, \"name\": NaN, \"highway\": \"residential\", \"maxspeed\": NaN, \"oneway\": false}", "source_type": "osm", "source_reference": "OpenStreetMap via OSMnx", "observed_or_estimated": "OBSERVED", "modelled_or_interpolated": "NOT_APPLICABLE", "timestamp": "2026-10-08T20:03:11.604872+00:00", "assumptions_version": "2026-10-09-prompt-1", "computation_mode": "FULL"}, "geometry": {"type": "LineString", "coordinates": [[75.8516275, 22.719803200000005], [75.8516285, 22.7198198]]}}, {"id": "805", "type": "Feature", "properties": {"segment_id": "osm-8460931649-8460931654-0", "length_m": 64.04415469858237, "road_metadata": "{\"osmid\": 911203994, \"name\": NaN, \"highway\": \"residential\", \"maxspeed\": NaN, \"oneway\": false}", "source_type": "osm", "source_reference": "OpenStreetMap via OSMnx", "observed_or_estimated": "OBSERVED", "modelled_or_interpolated": "NOT_APPLICABLE", "timestamp": "2026-10-08T20:03:11.605112+00:00", "assumptions_version": "2026-10-09-prompt-1", "computation_mode": "FULL"}, "geometry": {"type": "LineString", "coordinates": [[75.8516275, 22.719803200000005], [75.8515298, 22.7198075], [75.8514623, 22.719815700000005], [75.8513893, 22.719828899999996], [75.8512862, 22.719855299999995], [75.8511655, 22.719872000000002], [75.8510113, 22.719865799999994]]}}, {"id": "806", "type": "Feature", "properties": {"segment_id": "osm-8460931654-8460931649-0", "length_m": 64.04415469858237, "road_metadata": "{\"osmid\": 911203994, \"name\": NaN, \"highway\": \"residential\", \"maxspeed\": NaN, \"oneway\": false}", "source_type": "osm", "source_reference": "OpenStreetMap via OSMnx", "observed_or_estimated": "OBSERVED", "modelled_or_interpolated": "NOT_APPLICABLE", "timestamp": "2026-10-08T20:03:11.605346+00:00", "assumptions_version": "2026-10-09-prompt-1", "computation_mode": "FULL"}, "geometry": {"type": "LineString", "coordinates": [[75.8510113, 22.719865799999994], [75.8511655, 22.719872000000002], [75.8512862, 22.719855299999995], [75.8513893, 22.719828899999996], [75.8514623, 22.719815700000005], [75.8515298, 22.7198075], [75.8516275, 22.719803200000005]]}}, {"id": "807", "type": "Feature", "properties": {"segment_id": "osm-8460931654-3734496839-0", "length_m": 17.522002312044876, "road_metadata": "{\"osmid\": 911203995, \"name\": NaN, \"highway\": \"residential\", \"maxspeed\": NaN, \"oneway\": false}", "source_type": "osm", "source_reference": "OpenStreetMap via OSMnx", "observed_or_estimated": "OBSERVED", "modelled_or_interpolated": "NOT_APPLICABLE", "timestamp": "2026-10-08T20:03:11.605579+00:00", "assumptions_version": "2026-10-09-prompt-1", "computation_mode": "FULL"}, "geometry": {"type": "LineString", "coordinates": [[75.8510113, 22.719865799999994], [75.8510081, 22.7198311], [75.8510014, 22.7197902], [75.8509629, 22.719716300000005]]}}, {"id": "808", "type": "Feature", "properties": {"segment_id": "osm-8460931654-3734463399-0", "length_m": 105.4036243314444, "road_metadata": "{\"osmid\": 911203995, \"name\": NaN, \"highway\": \"residential\", \"maxspeed\": NaN, \"oneway\": false}", "source_type": "osm", "source_reference": "OpenStreetMap via OSMnx", "observed_or_estimated": "OBSERVED", "modelled_or_interpolated": "NOT_APPLICABLE", "timestamp": "2026-10-08T20:03:11.605814+00:00", "assumptions_version": "2026-10-09-prompt-1", "computation_mode": "FULL"}, "geometry": {"type": "LineString", "coordinates": [[75.8510113, 22.719865799999994], [75.8510148, 22.719905300000008], [75.8511041, 22.720814]]}}, {"id": "809", "type": "Feature", "properties": {"segment_id": "osm-8461059601-2025111085-0", "length_m": 10.301660295390102, "road_metadata": "{\"osmid\": 1265043081, \"name\": NaN, \"highway\": \"secondary\", \"maxspeed\": NaN, \"oneway\": false}", "source_type": "osm", "source_reference": "OpenStreetMap via OSMnx", "observed_or_estimated": "OBSERVED", "modelled_or_interpolated": "NOT_APPLICABLE", "timestamp": "2026-10-08T20:03:11.606038+00:00", "assumptions_version": "2026-10-09-prompt-1", "computation_mode": "FULL"}, "geometry": {"type": "LineString", "coordinates": [[75.8558428, 22.718295900000005], [75.85593460000001, 22.7182584]]}}, {"id": "810", "type": "Feature", "properties": {"segment_id": "osm-8461059601-2025020019-0", "length_m": 32.64849986587634, "road_metadata": "{\"osmid\": 191943472, \"name\": \"Rajwada Square\", \"highway\": \"secondary\", \"maxspeed\": \"20\", \"oneway\": false}", "source_type": "osm", "source_reference": "OpenStreetMap via OSMnx", "observed_or_estimated": "OBSERVED", "modelled_or_interpolated": "NOT_APPLICABLE", "timestamp": "2026-10-08T20:03:11.606261+00:00", "assumptions_version": "2026-10-09-prompt-1", "computation_mode": "FULL"}, "geometry": {"type": "LineString", "coordinates": [[75.8558428, 22.718295900000005], [75.8556232, 22.718168000000002], [75.85557, 22.7181452]]}}, {"id": "811", "type": "Feature", "properties": {"segment_id": "osm-8461059601-2025020058-0", "length_m": 62.812905767784244, "road_metadata": "{\"osmid\": 191943472, \"name\": \"Rajwada Square\", \"highway\": \"secondary\", \"maxspeed\": \"20\", \"oneway\": false}", "source_type": "osm", "source_reference": "OpenStreetMap via OSMnx", "observed_or_estimated": "OBSERVED", "modelled_or_interpolated": "NOT_APPLICABLE", "timestamp": "2026-10-08T20:03:11.606486+00:00", "assumptions_version": "2026-10-09-prompt-1", "computation_mode": "FULL"}, "geometry": {"type": "LineString", "coordinates": [[75.8558428, 22.718295900000005], [75.85586830000001, 22.7183627], [75.8558817, 22.718440600000008], [75.8558777, 22.7186781], [75.85586830000001, 22.7187437], [75.8558321, 22.718826599999996], [75.8558247, 22.7188501]]}}, {"id": "812", "type": "Feature", "properties": {"segment_id": "osm-8461059612-11153056521-0", "length_m": 17.129041907199486, "road_metadata": "{\"osmid\": 1203102435, \"name\": \"River Side Road\", \"highway\": \"secondary\", \"maxspeed\": NaN, \"oneway\": false}", "source_type": "osm", "source_reference": "OpenStreetMap via OSMnx", "observed_or_estimated": "OBSERVED", "modelled_or_interpolated": "NOT_APPLICABLE", "timestamp": "2026-10-08T20:03:11.606708+00:00", "assumptions_version": "2026-10-09-prompt-1", "computation_mode": "FULL"}, "geometry": {"type": "LineString", "coordinates": [[75.859656, 22.716444900000003], [75.8596493, 22.7165995]]}}, {"id": "813", "type": "Feature", "properties": {"segment_id": "osm-8461059612-11153056522-0", "length_m": 4.201067940404525, "road_metadata": "{\"osmid\": 1203102436, \"name\": \"Jawahar Marg\", \"highway\": \"secondary\", \"maxspeed\": NaN, \"oneway\": false}", "source_type": "osm", "source_reference": "OpenStreetMap via OSMnx", "observed_or_estimated": "OBSERVED", "modelled_or_interpolated": "NOT_APPLICABLE", "timestamp": "2026-10-08T20:03:11.606930+00:00", "assumptions_version": "2026-10-09-prompt-1", "computation_mode": "FULL"}, "geometry": {"type": "LineString", "coordinates": [[75.859656, 22.716444900000003], [75.8596157, 22.7164384]]}}, {"id": "814", "type": "Feature", "properties": {"segment_id": "osm-8461059612-13720039497-0", "length_m": 17.902413385943067, "road_metadata": "{\"osmid\": 1498122112, \"name\": NaN, \"highway\": \"tertiary\", \"maxspeed\": NaN, \"oneway\": false}", "source_type": "osm", "source_reference": "OpenStreetMap via OSMnx", "observed_or_estimated": "OBSERVED", "modelled_or_interpolated": "NOT_APPLICABLE", "timestamp": "2026-10-08T20:03:11.607162+00:00", "assumptions_version": "2026-10-09-prompt-1", "computation_mode": "FULL"}, "geometry": {"type": "LineString", "coordinates": [[75.859656, 22.716444900000003], [75.8596452, 22.7162835]]}}, {"id": "815", "type": "Feature", "properties": {"segment_id": "osm-8461121384-2025110922-0", "length_m": 50.14433774498595, "road_metadata": "{\"osmid\": 1390031190, \"name\": NaN, \"highway\": \"tertiary\", \"maxspeed\": NaN, \"oneway\": false}", "source_type": "osm", "source_reference": "OpenStreetMap via OSMnx", "observed_or_estimated": "OBSERVED", "modelled_or_interpolated": "NOT_APPLICABLE", "timestamp": "2026-10-08T20:03:11.607386+00:00", "assumptions_version": "2026-10-09-prompt-1", "computation_mode": "FULL"}, "geometry": {"type": "LineString", "coordinates": [[75.8582104, 22.713523], [75.8578831, 22.713682800000004], [75.8577703, 22.713716099999996]]}}, {"id": "816", "type": "Feature", "properties": {"segment_id": "osm-8461121384-2027131379-0", "length_m": 45.315177219280265, "road_metadata": "{\"osmid\": 1390031190, \"name\": NaN, \"highway\": \"tertiary\", \"maxspeed\": NaN, \"oneway\": false}", "source_type": "osm", "source_reference": "OpenStreetMap via OSMnx", "observed_or_estimated": "OBSERVED", "modelled_or_interpolated": "NOT_APPLICABLE", "timestamp": "2026-10-08T20:03:11.607607+00:00", "assumptions_version": "2026-10-09-prompt-1", "computation_mode": "FULL"}, "geometry": {"type": "LineString", "coordinates": [[75.8582104, 22.713523], [75.8582826, 22.713487799999996], [75.8584189, 22.7134212], [75.8586078, 22.713345899999993]]}}, {"id": "817", "type": "Feature", "properties": {"segment_id": "osm-8461121397-2027131379-0", "length_m": 8.635021108440334, "road_metadata": "{\"osmid\": 1390031190, \"name\": NaN, \"highway\": \"tertiary\", \"maxspeed\": NaN, \"oneway\": false}", "source_type": "osm", "source_reference": "OpenStreetMap via OSMnx", "observed_or_estimated": "OBSERVED", "modelled_or_interpolated": "NOT_APPLICABLE", "timestamp": "2026-10-08T20:03:11.607826+00:00", "assumptions_version": "2026-10-09-prompt-1", "computation_mode": "FULL"}, "geometry": {"type": "LineString", "coordinates": [[75.8586672, 22.713290699999998], [75.8586078, 22.713345899999993]]}}, {"id": "818", "type": "Feature", "properties": {"segment_id": "osm-8461125223-2027131536-0", "length_m": 45.88502980841951, "road_metadata": "{\"osmid\": 191983678, \"name\": \"Yashwant road\", \"highway\": \"secondary\", \"maxspeed\": \"20\", \"oneway\": false}", "source_type": "osm", "source_reference": "OpenStreetMap via OSMnx", "observed_or_estimated": "OBSERVED", "modelled_or_interpolated": "NOT_APPLICABLE", "timestamp": "2026-10-08T20:03:11.608046+00:00", "assumptions_version": "2026-10-09-prompt-1", "computation_mode": "FULL"}, "geometry": {"type": "LineString", "coordinates": [[75.8554764, 22.716376199999992], [75.8553291, 22.7159849]]}}, {"id": "819", "type": "Feature", "properties": {"segment_id": "osm-8461125223-9523322989-0", "length_m": 7.481057390947528, "road_metadata": "{\"osmid\": 1033702569, \"name\": NaN, \"highway\": \"secondary\", \"maxspeed\": NaN, \"oneway\": false}", "source_type": "osm", "source_reference": "OpenStreetMap via OSMnx", "observed_or_estimated": "OBSERVED", "modelled_or_interpolated": "NOT_APPLICABLE", "timestamp": "2026-10-08T20:03:11.608265+00:00", "assumptions_version": "2026-10-09-prompt-1", "computation_mode": "FULL"}, "geometry": {"type": "LineString", "coordinates": [[75.8554764, 22.716376199999992], [75.8554037, 22.716380400000002]]}}, {"id": "820", "type": "Feature", "properties": {"segment_id": "osm-8461125223-9523322984-0", "length_m": 5.018334377210825, "road_metadata": "{\"osmid\": 1354908154, \"name\": NaN, \"highway\": \"secondary\", \"maxspeed\": NaN, \"oneway\": false}", "source_type": "osm", "source_reference": "OpenStreetMap via OSMnx", "observed_or_estimated": "OBSERVED", "modelled_or_interpolated": "NOT_APPLICABLE", "timestamp": "2026-10-08T20:03:11.608484+00:00", "assumptions_version": "2026-10-09-prompt-1", "computation_mode": "FULL"}, "geometry": {"type": "LineString", "coordinates": [[75.8554764, 22.716376199999992], [75.85548010000001, 22.7164214]]}}, {"id": "821", "type": "Feature", "properties": {"segment_id": "osm-8461125223-9523323008-0", "length_m": 73.8321729917296, "road_metadata": "{\"osmid\": 1033702564, \"name\": NaN, \"highway\": \"secondary\", \"maxspeed\": NaN, \"oneway\": false}", "source_type": "osm", "source_reference": "OpenStreetMap via OSMnx", "observed_or_estimated": "OBSERVED", "modelled_or_interpolated": "NOT_APPLICABLE", "timestamp": "2026-10-08T20:03:11.608701+00:00", "assumptions_version": "2026-10-09-prompt-1", "computation_mode": "FULL"}, "geometry": {"type": "LineString", "coordinates": [[75.8554764, 22.716376199999992], [75.8557389, 22.716367900000005], [75.8561951, 22.7163727]]}}, {"id": "822", "type": "Feature", "properties": {"segment_id": "osm-8461125292-2025020069-0", "length_m": 29.32118563546352, "road_metadata": "{\"osmid\": 191943403, \"name\": \"River Side Road\", \"highway\": \"secondary\", \"maxspeed\": NaN, \"oneway\": false}", "source_type": "osm", "source_reference": "OpenStreetMap via OSMnx", "observed_or_estimated": "OBSERVED", "modelled_or_interpolated": "NOT_APPLICABLE", "timestamp": "2026-10-08T20:03:11.608932+00:00", "assumptions_version": "2026-10-09-prompt-1", "computation_mode": "FULL"}, "geometry": {"type": "LineString", "coordinates": [[75.8589669, 22.7190295], [75.859207, 22.718886200000004]]}}, {"id": "823", "type": "Feature", "properties": {"segment_id": "osm-8461125292-9526164258-0", "length_m": 21.053625949709144, "road_metadata": "{\"osmid\": 1034062075, \"name\": NaN, \"highway\": \"secondary\", \"maxspeed\": NaN, \"oneway\": false}", "source_type": "osm", "source_reference": "OpenStreetMap via OSMnx", "observed_or_estimated": "OBSERVED", "modelled_or_interpolated": "NOT_APPLICABLE", "timestamp": "2026-10-08T20:03:11.609158+00:00", "assumptions_version": "2026-10-09-prompt-1", "computation_mode": "FULL"}, "geometry": {"type": "LineString", "coordinates": [[75.8589669, 22.7190295], [75.8590843, 22.718873600000002]]}}, {"id": "824", "type": "Feature", "properties": {"segment_id": "osm-8461125292-7010384308-0", "length_m": 59.54222819014551, "road_metadata": "{\"osmid\": 191943403, \"name\": \"River Side Road\", \"highway\": \"secondary\", \"maxspeed\": NaN, \"oneway\": false}", "source_type": "osm", "source_reference": "OpenStreetMap via OSMnx", "observed_or_estimated": "OBSERVED", "modelled_or_interpolated": "NOT_APPLICABLE", "timestamp": "2026-10-08T20:03:11.609379+00:00", "assumptions_version": "2026-10-09-prompt-1", "computation_mode": "FULL"}, "geometry": {"type": "LineString", "coordinates": [[75.8589669, 22.7190295], [75.8589211, 22.7190898], [75.8588536, 22.719200199999992], [75.8587436, 22.719409599999995], [75.8587012, 22.7195061]]}}, {"id": "825", "type": "Feature", "properties": {"segment_id": "osm-8461125296-8461125324-0", "length_m": 11.175716720275064, "road_metadata": "{\"osmid\": 191953114, \"name\": NaN, \"highway\": \"secondary\", \"maxspeed\": NaN, \"oneway\": false}", "source_type": "osm", "source_reference": "OpenStreetMap via OSMnx", "observed_or_estimated": "OBSERVED", "modelled_or_interpolated": "NOT_APPLICABLE", "timestamp": "2026-10-08T20:03:11.609597+00:00", "assumptions_version": "2026-10-09-prompt-1", "computation_mode": "FULL"}, "geometry": {"type": "LineString", "coordinates": [[75.8585337, 22.719769300000003], [75.8586033, 22.719846899999993]]}}, {"id": "826", "type": "Feature", "properties": {"segment_id": "osm-8461125296-8461125322-0", "length_m": 10.795096329705906, "road_metadata": "{\"osmid\": 1498123392, \"name\": NaN, \"highway\": \"secondary\", \"maxspeed\": NaN, \"oneway\": false}", "source_type": "osm", "source_reference": "OpenStreetMap via OSMnx", "observed_or_estimated": "OBSERVED", "modelled_or_interpolated": "NOT_APPLICABLE", "timestamp": "2026-10-08T20:03:11.609815+00:00", "assumptions_version": "2026-10-09-prompt-1", "computation_mode": "FULL"}, "geometry": {"type": "LineString", "coordinates": [[75.8585337, 22.719769300000003], [75.8584965, 22.7198605]]}}, {"id": "827", "type": "Feature", "properties": {"segment_id": "osm-8461125296-7010384308-0", "length_m": 33.838488842012204, "road_metadata": "{\"osmid\": 191943403, \"name\": \"River Side Road\", \"highway\": \"secondary\", \"maxspeed\": NaN, \"oneway\": false}", "source_type": "osm", "source_reference": "OpenStreetMap via OSMnx", "observed_or_estimated": "OBSERVED", "modelled_or_interpolated": "NOT_APPLICABLE", "timestamp": "2026-10-08T20:03:11.610033+00:00", "assumptions_version": "2026-10-09-prompt-1", "computation_mode": "FULL"}, "geometry": {"type": "LineString", "coordinates": [[75.8585337, 22.719769300000003], [75.8585624, 22.719722099999995], [75.8587012, 22.7195061]]}}, {"id": "828", "type": "Feature", "properties": {"segment_id": "osm-8461125296-8461125325-0", "length_m": 105.51763063709011, "road_metadata": "{\"osmid\": [191953114, 191953154, 191953087], \"name\": NaN, \"highway\": \"secondary\", \"maxspeed\": NaN, \"oneway\": false}", "source_type": "osm", "source_reference": "OpenStreetMap via OSMnx", "observed_or_estimated": "OBSERVED", "modelled_or_interpolated": "NOT_APPLICABLE", "timestamp": "2026-10-08T20:03:11.610257+00:00", "assumptions_version": "2026-10-09-prompt-1", "computation_mode": "FULL"}, "geometry": {"type": "LineString", "coordinates": [[75.8585337, 22.719769300000003], [75.858398, 22.719719099999992], [75.8578736, 22.719538199999995], [75.8577413, 22.719491100000003], [75.8576948, 22.719446100000003], [75.8576857, 22.7194021], [75.8576468, 22.7193542]]}}, {"id": "829", "type": "Feature", "properties": {"segment_id": "osm-8461125318-8478005576-0", "length_m": 13.83097160030603, "road_metadata": "{\"osmid\": 912642546, \"name\": NaN, \"highway\": \"secondary_link\", \"maxspeed\": NaN, \"oneway\": false}", "source_type": "osm", "source_reference": "OpenStreetMap via OSMnx", "observed_or_estimated": "OBSERVED", "modelled_or_interpolated": "NOT_APPLICABLE", "timestamp": "2026-10-08T20:03:11.610475+00:00", "assumptions_version": "2026-10-09-prompt-1", "computation_mode": "FULL"}, "geometry": {"type": "LineString", "coordinates": [[75.8585224, 22.720909799999994], [75.8586502, 22.720870399999992]]}}, {"id": "830", "type": "Feature", "properties": {"segment_id": "osm-8461125318-2025020163-0", "length_m": 92.88225370426048, "road_metadata": "{\"osmid\": 191943388, \"name\": \"River Side Road\", \"highway\": \"secondary\", \"maxspeed\": NaN, \"oneway\": false}", "source_type": "osm", "source_reference": "OpenStreetMap via OSMnx", "observed_or_estimated": "OBSERVED", "modelled_or_interpolated": "NOT_APPLICABLE", "timestamp": "2026-10-08T20:03:11.610699+00:00", "assumptions_version": "2026-10-09-prompt-1", "computation_mode": "FULL"}, "geometry": {"type": "LineString", "coordinates": [[75.8585224, 22.720909799999994], [75.8585465, 22.7210211], [75.8586109, 22.721209099999992], [75.8586538, 22.721352599999992], [75.85870740000001, 22.721465199999997], [75.85875440000001, 22.7215493], [75.8588415, 22.7216891]]}}, {"id": "831", "type": "Feature", "properties": {"segment_id": "osm-8461125318-8461125322-0", "length_m": 116.87138556628568, "road_metadata": "{\"osmid\": 191943388, \"name\": \"River Side Road\", \"highway\": \"secondary\", \"maxspeed\": NaN, \"oneway\": false}", "source_type": "osm", "source_reference": "OpenStreetMap via OSMnx", "observed_or_estimated": "OBSERVED", "modelled_or_interpolated": "NOT_APPLICABLE", "timestamp": "2026-10-08T20:03:11.610925+00:00", "assumptions_version": "2026-10-09-prompt-1", "computation_mode": "FULL"}, "geometry": {"type": "LineString", "coordinates": [[75.8585224, 22.720909799999994], [75.8585093, 22.7208414], [75.8584902, 22.7207415], [75.8584794, 22.720609199999995], [75.8584714, 22.720261599999997], [75.858466, 22.7200896], [75.8584694, 22.7199585], [75.8584865, 22.7198934], [75.8584965, 22.7198605]]}}, {"id": "832", "type": "Feature", "properties": {"segment_id": "osm-8461125322-8461125324-0", "length_m": 11.071389356297734, "road_metadata": "{\"osmid\": 1034062073, \"name\": \"River Side Road\", \"highway\": \"secondary\", \"maxspeed\": NaN, \"oneway\": false}", "source_type": "osm", "source_reference": "OpenStreetMap via OSMnx", "observed_or_estimated": "OBSERVED", "modelled_or_interpolated": "NOT_APPLICABLE", "timestamp": "2026-10-08T20:03:11.611150+00:00", "assumptions_version": "2026-10-09-prompt-1", "computation_mode": "FULL"}, "geometry": {"type": "LineString", "coordinates": [[75.8584965, 22.7198605], [75.8586033, 22.719846899999993]]}}, {"id": "833", "type": "Feature", "properties": {"segment_id": "osm-8461125322-8461125296-0", "length_m": 10.795096329705906, "road_metadata": "{\"osmid\": 1498123392, \"name\": NaN, \"highway\": \"secondary\", \"maxspeed\": NaN, \"oneway\": false}", "source_type": "osm", "source_reference": "OpenStreetMap via OSMnx", "observed_or_estimated": "OBSERVED", "modelled_or_interpolated": "NOT_APPLICABLE", "timestamp": "2026-10-08T20:03:11.611370+00:00", "assumptions_version": "2026-10-09-prompt-1", "computation_mode": "FULL"}, "geometry": {"type": "LineString", "coordinates": [[75.8584965, 22.7198605], [75.8585337, 22.719769300000003]]}}, {"id": "834", "type": "Feature", "properties": {"segment_id": "osm-8461125322-8461125318-0", "length_m": 116.87138556628568, "road_metadata": "{\"osmid\": 191943388, \"name\": \"River Side Road\", \"highway\": \"secondary\", \"maxspeed\": NaN, \"oneway\": false}", "source_type": "osm", "source_reference": "OpenStreetMap via OSMnx", "observed_or_estimated": "OBSERVED", "modelled_or_interpolated": "NOT_APPLICABLE", "timestamp": "2026-10-08T20:03:11.611596+00:00", "assumptions_version": "2026-10-09-prompt-1", "computation_mode": "FULL"}, "geometry": {"type": "LineString", "coordinates": [[75.8584965, 22.7198605], [75.8584865, 22.7198934], [75.8584694, 22.7199585], [75.858466, 22.7200896], [75.8584714, 22.720261599999997], [75.8584794, 22.720609199999995], [75.8584902, 22.7207415], [75.8585093, 22.7208414], [75.8585224, 22.720909799999994]]}}, {"id": "835", "type": "Feature", "properties": {"segment_id": "osm-8461125322-2025111171-0", "length_m": 86.98265431740334, "road_metadata": "{\"osmid\": [911224184, 1034062073, 191953029], \"name\": [\"Mahatma Gandhi Marg\", \"River Side Road\"], \"highway\": \"secondary\", \"maxspeed\": \"30\", \"oneway\": false}", "source_type": "osm", "source_reference": "OpenStreetMap via OSMnx", "observed_or_estimated": "OBSERVED", "modelled_or_interpolated": "NOT_APPLICABLE", "timestamp": "2026-10-08T20:03:11.611821+00:00", "assumptions_version": "2026-10-09-prompt-1", "computation_mode": "FULL"}, "geometry": {"type": "LineString", "coordinates": [[75.8584965, 22.7198605], [75.8583711, 22.719809300000005], [75.8578442, 22.719630899999995], [75.8577065, 22.719578]]}}, {"id": "836", "type": "Feature", "properties": {"segment_id": "osm-8461125324-2025020116-0", "length_m": 21.79043624884235, "road_metadata": "{\"osmid\": 191943465, \"name\": \"Mahatma Gandhi Marg\", \"highway\": \"secondary\", \"maxspeed\": NaN, \"oneway\": false}", "source_type": "osm", "source_reference": "OpenStreetMap via OSMnx", "observed_or_estimated": "OBSERVED", "modelled_or_interpolated": "NOT_APPLICABLE", "timestamp": "2026-10-08T20:03:11.612044+00:00", "assumptions_version": "2026-10-09-prompt-1", "computation_mode": "FULL"}, "geometry": {"type": "LineString", "coordinates": [[75.8586033, 22.719846899999993], [75.8588112, 22.719886199999998]]}}, {"id": "837", "type": "Feature", "properties": {"segment_id": "osm-8461125324-8461125296-0", "length_m": 11.175716720275064, "road_metadata": "{\"osmid\": 191953114, \"name\": NaN, \"highway\": \"secondary\", \"maxspeed\": NaN, \"oneway\": false}", "source_type": "osm", "source_reference": "OpenStreetMap via OSMnx", "observed_or_estimated": "OBSERVED", "modelled_or_interpolated": "NOT_APPLICABLE", "timestamp": "2026-10-08T20:03:11.612262+00:00", "assumptions_version": "2026-10-09-prompt-1", "computation_mode": "FULL"}, "geometry": {"type": "LineString", "coordinates": [[75.8586033, 22.719846899999993], [75.8585337, 22.719769300000003]]}}, {"id": "838", "type": "Feature", "properties": {"segment_id": "osm-8461125324-8461125322-0", "length_m": 11.071389356297734, "road_metadata": "{\"osmid\": 1034062073, \"name\": \"River Side Road\", \"highway\": \"secondary\", \"maxspeed\": NaN, \"oneway\": false}", "source_type": "osm", "source_reference": "OpenStreetMap via OSMnx", "observed_or_estimated": "OBSERVED", "modelled_or_interpolated": "NOT_APPLICABLE", "timestamp": "2026-10-08T20:03:11.612480+00:00", "assumptions_version": "2026-10-09-prompt-1", "computation_mode": "FULL"}, "geometry": {"type": "LineString", "coordinates": [[75.8586033, 22.719846899999993], [75.8584965, 22.7198605]]}}, {"id": "839", "type": "Feature", "properties": {"segment_id": "osm-8461125324-8478005576-0", "length_m": 115.24169932687985, "road_metadata": "{\"osmid\": 191943397, \"name\": \"River Side Road\", \"highway\": \"secondary\", \"maxspeed\": NaN, \"oneway\": false}", "source_type": "osm", "source_reference": "OpenStreetMap via OSMnx", "observed_or_estimated": "OBSERVED", "modelled_or_interpolated": "NOT_APPLICABLE", "timestamp": "2026-10-08T20:03:11.612837+00:00", "assumptions_version": "2026-10-09-prompt-1", "computation_mode": "FULL"}, "geometry": {"type": "LineString", "coordinates": [[75.8586033, 22.719846899999993], [75.8585492, 22.719964699999995], [75.8585558, 22.7200798], [75.8585649, 22.7202277], [75.8585921, 22.720632599999995], [75.8586502, 22.720870399999992]]}}, {"id": "840", "type": "Feature", "properties": {"segment_id": "osm-8461125325-8461125296-0", "length_m": 105.51763063709011, "road_metadata": "{\"osmid\": [191953114, 191953154, 191953087], \"name\": NaN, \"highway\": \"secondary\", \"maxspeed\": NaN, \"oneway\": false}", "source_type": "osm", "source_reference": "OpenStreetMap via OSMnx", "observed_or_estimated": "OBSERVED", "modelled_or_interpolated": "NOT_APPLICABLE", "timestamp": "2026-10-08T20:03:11.613171+00:00", "assumptions_version": "2026-10-09-prompt-1", "computation_mode": "FULL"}, "geometry": {"type": "LineString", "coordinates": [[75.8576468, 22.7193542], [75.8576857, 22.7194021], [75.8576948, 22.719446100000003], [75.8577413, 22.719491100000003], [75.8578736, 22.719538199999995], [75.858398, 22.719719099999992], [75.8585337, 22.719769300000003]]}}, {"id": "841", "type": "Feature", "properties": {"segment_id": "osm-8461125325-2025111134-0", "length_m": 47.993352431674474, "road_metadata": "{\"osmid\": 749310530, \"name\": NaN, \"highway\": \"secondary\", \"maxspeed\": NaN, \"oneway\": false}", "source_type": "osm", "source_reference": "OpenStreetMap via OSMnx", "observed_or_estimated": "OBSERVED", "modelled_or_interpolated": "NOT_APPLICABLE", "timestamp": "2026-10-08T20:03:11.613410+00:00", "assumptions_version": "2026-10-09-prompt-1", "computation_mode": "FULL"}, "geometry": {"type": "LineString", "coordinates": [[75.8576468, 22.7193542], [75.8576474, 22.7191725], [75.8576361, 22.718920899999993]]}}, {"id": "842", "type": "Feature", "properties": {"segment_id": "osm-8461125325-2025111163-0", "length_m": 21.329198377602047, "road_metadata": "{\"osmid\": 911224184, \"name\": \"Mahatma Gandhi Marg\", \"highway\": \"secondary\", \"maxspeed\": \"30\", \"oneway\": false}", "source_type": "osm", "source_reference": "OpenStreetMap via OSMnx", "observed_or_estimated": "OBSERVED", "modelled_or_interpolated": "NOT_APPLICABLE", "timestamp": "2026-10-08T20:03:11.613639+00:00", "assumptions_version": "2026-10-09-prompt-1", "computation_mode": "FULL"}, "geometry": {"type": "LineString", "coordinates": [[75.8576468, 22.7193542], [75.8576092, 22.719410699999997], [75.8576112, 22.719461399999993], [75.8576325, 22.719534299999996]]}}, {"id": "843", "type": "Feature", "properties": {"segment_id": "osm-8461150029-2025111022-0", "length_m": 13.12528199181335, "road_metadata": "{\"osmid\": 191953187, \"name\": NaN, \"highway\": \"residential\", \"maxspeed\": NaN, \"oneway\": false}", "source_type": "osm", "source_reference": "OpenStreetMap via OSMnx", "observed_or_estimated": "OBSERVED", "modelled_or_interpolated": "NOT_APPLICABLE", "timestamp": "2026-10-08T20:03:11.613863+00:00", "assumptions_version": "2026-10-09-prompt-1", "computation_mode": "FULL"}, "geometry": {"type": "LineString", "coordinates": [[75.856789, 22.7172057], [75.8567766, 22.71732370000001]]}}, {"id": "844", "type": "Feature", "properties": {"segment_id": "osm-8461150029-2025110981-0", "length_m": 57.651476785067935, "road_metadata": "{\"osmid\": 191953187, \"name\": NaN, \"highway\": \"residential\", \"maxspeed\": NaN, \"oneway\": false}", "source_type": "osm", "source_reference": "OpenStreetMap via OSMnx", "observed_or_estimated": "OBSERVED", "modelled_or_interpolated": "NOT_APPLICABLE", "timestamp": "2026-10-08T20:03:11.614109+00:00", "assumptions_version": "2026-10-09-prompt-1", "computation_mode": "FULL"}, "geometry": {"type": "LineString", "coordinates": [[75.856789, 22.7172057], [75.8568435, 22.7166874]]}}, {"id": "845", "type": "Feature", "properties": {"segment_id": "osm-8461150029-2025111040-0", "length_m": 125.32476644460007, "road_metadata": "{\"osmid\": 749326646, \"name\": NaN, \"highway\": \"residential\", \"maxspeed\": NaN, \"oneway\": false}", "source_type": "osm", "source_reference": "OpenStreetMap via OSMnx", "observed_or_estimated": "OBSERVED", "modelled_or_interpolated": "NOT_APPLICABLE", "timestamp": "2026-10-08T20:03:11.614472+00:00", "assumptions_version": "2026-10-09-prompt-1", "computation_mode": "FULL"}, "geometry": {"type": "LineString", "coordinates": [[75.856789, 22.7172057], [75.8568916, 22.717205999999997], [75.8569801, 22.717213499999996], [75.857023, 22.717245599999995], [75.8570793, 22.717275299999997], [75.857133, 22.717295099999998], [75.8572483, 22.7172926], [75.8573288, 22.717307499999993], [75.857361, 22.717334700000002], [75.8573838, 22.717384199999998], [75.8574454, 22.717533199999995], [75.85746690000002, 22.717568499999995], [75.8574924, 22.717576499999996], [75.8575299, 22.7175735], [75.8575775, 22.717574099999997], [75.8576386, 22.717581500000005], [75.8576754, 22.7175951], [75.85768550000002, 22.717603100000005], [75.8577244, 22.717624199999996], [75.8577686, 22.717668]]}}, {"id": "846", "type": "Feature", "properties": {"segment_id": "osm-8461150038-8461150044-0", "length_m": 85.48056768248003, "road_metadata": "{\"osmid\": 911228627, \"name\": NaN, \"highway\": \"residential\", \"maxspeed\": NaN, \"oneway\": false}", "source_type": "osm", "source_reference": "OpenStreetMap via OSMnx", "observed_or_estimated": "OBSERVED", "modelled_or_interpolated": "NOT_APPLICABLE", "timestamp": "2026-10-08T20:03:11.614845+00:00", "assumptions_version": "2026-10-09-prompt-1", "computation_mode": "FULL"}, "geometry": {"type": "LineString", "coordinates": [[75.8570673, 22.718972599999997], [75.8569291, 22.7189528], [75.8568005, 22.718929300000003], [75.8566824, 22.7188982], [75.8565911, 22.7188612], [75.85652010000001, 22.7188244], [75.856292, 22.718713199999996]]}}, {"id": "847", "type": "Feature", "properties": {"segment_id": "osm-8461150044-2025111137-0", "length_m": 36.20383687538522, "road_metadata": "{\"osmid\": 191953188, \"name\": NaN, \"highway\": \"residential\", \"maxspeed\": NaN, \"oneway\": false}", "source_type": "osm", "source_reference": "OpenStreetMap via OSMnx", "observed_or_estimated": "OBSERVED", "modelled_or_interpolated": "NOT_APPLICABLE", "timestamp": "2026-10-08T20:03:11.615182+00:00", "assumptions_version": "2026-10-09-prompt-1", "computation_mode": "FULL"}, "geometry": {"type": "LineString", "coordinates": [[75.856292, 22.718713199999996], [75.8561067, 22.7189914]]}}, {"id": "848", "type": "Feature", "properties": {"segment_id": "osm-8461150044-2025111115-0", "length_m": 30.596716781290766, "road_metadata": "{\"osmid\": 191953188, \"name\": NaN, \"highway\": \"residential\", \"maxspeed\": NaN, \"oneway\": false}", "source_type": "osm", "source_reference": "OpenStreetMap via OSMnx", "observed_or_estimated": "OBSERVED", "modelled_or_interpolated": "NOT_APPLICABLE", "timestamp": "2026-10-08T20:03:11.615510+00:00", "assumptions_version": "2026-10-09-prompt-1", "computation_mode": "FULL"}, "geometry": {"type": "LineString", "coordinates": [[75.856292, 22.718713199999996], [75.8564481, 22.71847779999999]]}}, {"id": "849", "type": "Feature", "properties": {"segment_id": "osm-8461150044-8461150038-0", "length_m": 85.48056768248003, "road_metadata": "{\"osmid\": 911228627, \"name\": NaN, \"highway\": \"residential\", \"maxspeed\": NaN, \"oneway\": false}", "source_type": "osm", "source_reference": "OpenStreetMap via OSMnx", "observed_or_estimated": "OBSERVED", "modelled_or_interpolated": "NOT_APPLICABLE", "timestamp": "2026-10-08T20:03:11.615831+00:00", "assumptions_version": "2026-10-09-prompt-1", "computation_mode": "FULL"}, "geometry": {"type": "LineString", "coordinates": [[75.856292, 22.718713199999996], [75.85652010000001, 22.7188244], [75.8565911, 22.7188612], [75.8566824, 22.7188982], [75.8568005, 22.718929300000003], [75.8569291, 22.7189528], [75.8570673, 22.718972599999997]]}}, {"id": "850", "type": "Feature", "properties": {"segment_id": "osm-8474349604-9790247256-0", "length_m": 148.04856489490788, "road_metadata": "{\"osmid\": 1066112077, \"name\": NaN, \"highway\": \"tertiary\", \"maxspeed\": NaN, \"oneway\": false}", "source_type": "osm", "source_reference": "OpenStreetMap via OSMnx", "observed_or_estimated": "OBSERVED", "modelled_or_interpolated": "NOT_APPLICABLE", "timestamp": "2026-10-08T20:03:11.616107+00:00", "assumptions_version": "2026-10-09-prompt-1", "computation_mode": "FULL"}, "geometry": {"type": "LineString", "coordinates": [[75.8595561, 22.7137388], [75.859683, 22.714065800000004], [75.8597551, 22.714333500000002], [75.8597765, 22.71458700000001], [75.8597841, 22.7150465]]}}, {"id": "851", "type": "Feature", "properties": {"segment_id": "osm-8474365287-9523322985-0", "length_m": 53.18288718260157, "road_metadata": "{\"osmid\": 1393746964, \"name\": NaN, \"highway\": \"tertiary\", \"maxspeed\": NaN, \"oneway\": false}", "source_type": "osm", "source_reference": "OpenStreetMap via OSMnx", "observed_or_estimated": "OBSERVED", "modelled_or_interpolated": "NOT_APPLICABLE", "timestamp": "2026-10-08T20:03:11.616393+00:00", "assumptions_version": "2026-10-09-prompt-1", "computation_mode": "FULL"}, "geometry": {"type": "LineString", "coordinates": [[75.8560907, 22.7168822], [75.8561842, 22.716409699999996]]}}, {"id": "852", "type": "Feature", "properties": {"segment_id": "osm-8474365287-8474365291-0", "length_m": 54.46158768016766, "road_metadata": "{\"osmid\": 912246057, \"name\": NaN, \"highway\": \"residential\", \"maxspeed\": NaN, \"oneway\": false}", "source_type": "osm", "source_reference": "OpenStreetMap via OSMnx", "observed_or_estimated": "OBSERVED", "modelled_or_interpolated": "NOT_APPLICABLE", "timestamp": "2026-10-08T20:03:11.616645+00:00", "assumptions_version": "2026-10-09-prompt-1", "computation_mode": "FULL"}, "geometry": {"type": "LineString", "coordinates": [[75.8560907, 22.7168822], [75.8558696, 22.716839899999997], [75.8557878, 22.7168381], [75.8557248, 22.716842299999996], [75.855567, 22.71686409999999]]}}, {"id": "853", "type": "Feature", "properties": {"segment_id": "osm-8474365287-2025111019-0", "length_m": 47.3140498726934, "road_metadata": "{\"osmid\": 1393746964, \"name\": NaN, \"highway\": \"tertiary\", \"maxspeed\": NaN, \"oneway\": false}", "source_type": "osm", "source_reference": "OpenStreetMap via OSMnx", "observed_or_estimated": "OBSERVED", "modelled_or_interpolated": "NOT_APPLICABLE", "timestamp": "2026-10-08T20:03:11.616909+00:00", "assumptions_version": "2026-10-09-prompt-1", "computation_mode": "FULL"}, "geometry": {"type": "LineString", "coordinates": [[75.8560907, 22.7168822], [75.8560755, 22.7169502], [75.8560344, 22.717306100000002]]}}, {"id": "854", "type": "Feature", "properties": {"segment_id": "osm-8474365291-9523322984-0", "length_m": 49.81571299160521, "road_metadata": "{\"osmid\": 1033702559, \"name\": \"Prince Yashwant Road\", \"highway\": \"secondary\", \"maxspeed\": \"20\", \"oneway\": false}", "source_type": "osm", "source_reference": "OpenStreetMap via OSMnx", "observed_or_estimated": "OBSERVED", "modelled_or_interpolated": "NOT_APPLICABLE", "timestamp": "2026-10-08T20:03:11.617153+00:00", "assumptions_version": "2026-10-09-prompt-1", "computation_mode": "FULL"}, "geometry": {"type": "LineString", "coordinates": [[75.855567, 22.71686409999999], [75.85548010000001, 22.7164214]]}}, {"id": "855", "type": "Feature", "properties": {"segment_id": "osm-8474365291-8474365287-0", "length_m": 54.46158768016765, "road_metadata": "{\"osmid\": 912246057, \"name\": NaN, \"highway\": \"residential\", \"maxspeed\": NaN, \"oneway\": false}", "source_type": "osm", "source_reference": "OpenStreetMap via OSMnx", "observed_or_estimated": "OBSERVED", "modelled_or_interpolated": "NOT_APPLICABLE", "timestamp": "2026-10-08T20:03:11.617386+00:00", "assumptions_version": "2026-10-09-prompt-1", "computation_mode": "FULL"}, "geometry": {"type": "LineString", "coordinates": [[75.855567, 22.71686409999999], [75.8557248, 22.716842299999996], [75.8557878, 22.7168381], [75.8558696, 22.716839899999997], [75.8560907, 22.7168822]]}}, {"id": "856", "type": "Feature", "properties": {"segment_id": "osm-8474365291-9523322983-0", "length_m": 119.42796887596074, "road_metadata": "{\"osmid\": 1033702559, \"name\": \"Prince Yashwant Road\", \"highway\": \"secondary\", \"maxspeed\": \"20\", \"oneway\": false}", "source_type": "osm", "source_reference": "OpenStreetMap via OSMnx", "observed_or_estimated": "OBSERVED", "modelled_or_interpolated": "NOT_APPLICABLE", "timestamp": "2026-10-08T20:03:11.617629+00:00", "assumptions_version": "2026-10-09-prompt-1", "computation_mode": "FULL"}, "geometry": {"type": "LineString", "coordinates": [[75.855567, 22.71686409999999], [75.8556105, 22.717296099999995], [75.8556241, 22.717625200000004], [75.8556124, 22.717859799999996], [75.8555792, 22.717934399999997]]}}, {"id": "857", "type": "Feature", "properties": {"segment_id": "osm-8474397649-2027156392-0", "length_m": 34.38712575565008, "road_metadata": "{\"osmid\": 192154599, \"name\": NaN, \"highway\": \"residential\", \"maxspeed\": NaN, \"oneway\": false}", "source_type": "osm", "source_reference": "OpenStreetMap via OSMnx", "observed_or_estimated": "OBSERVED", "modelled_or_interpolated": "NOT_APPLICABLE", "timestamp": "2026-10-08T20:03:11.617870+00:00", "assumptions_version": "2026-10-09-prompt-1", "computation_mode": "FULL"}, "geometry": {"type": "LineString", "coordinates": [[75.8513538, 22.715250299999997], [75.8513689, 22.714939999999995]]}}, {"id": "858", "type": "Feature", "properties": {"segment_id": "osm-8474397649-3734494537-0", "length_m": 33.10196306652559, "road_metadata": "{\"osmid\": 912247284, \"name\": NaN, \"highway\": \"residential\", \"maxspeed\": NaN, \"oneway\": false}", "source_type": "osm", "source_reference": "OpenStreetMap via OSMnx", "observed_or_estimated": "OBSERVED", "modelled_or_interpolated": "NOT_APPLICABLE", "timestamp": "2026-10-08T20:03:11.618088+00:00", "assumptions_version": "2026-10-09-prompt-1", "computation_mode": "FULL"}, "geometry": {"type": "LineString", "coordinates": [[75.8513538, 22.715250299999997], [75.8516716, 22.7153001]]}}, {"id": "859", "type": "Feature", "properties": {"segment_id": "osm-8474397649-2027156492-0", "length_m": 56.83075169479189, "road_metadata": "{\"osmid\": 192154599, \"name\": NaN, \"highway\": \"residential\", \"maxspeed\": NaN, \"oneway\": false}", "source_type": "osm", "source_reference": "OpenStreetMap via OSMnx", "observed_or_estimated": "OBSERVED", "modelled_or_interpolated": "NOT_APPLICABLE", "timestamp": "2026-10-08T20:03:11.618306+00:00", "assumptions_version": "2026-10-09-prompt-1", "computation_mode": "FULL"}, "geometry": {"type": "LineString", "coordinates": [[75.8513538, 22.715250299999997], [75.8513508, 22.715337499999993], [75.8513407, 22.715763499999998]]}}, {"id": "860", "type": "Feature", "properties": {"segment_id": "osm-8477820369-2025110993-0", "length_m": 96.10542893716539, "road_metadata": "{\"osmid\": 912624079, \"name\": NaN, \"highway\": \"residential\", \"maxspeed\": NaN, \"oneway\": false}", "source_type": "osm", "source_reference": "OpenStreetMap via OSMnx", "observed_or_estimated": "OBSERVED", "modelled_or_interpolated": "NOT_APPLICABLE", "timestamp": "2026-10-08T20:03:11.618526+00:00", "assumptions_version": "2026-10-09-prompt-1", "computation_mode": "FULL"}, "geometry": {"type": "LineString", "coordinates": [[75.8588174, 22.717275299999994], [75.8588563, 22.7170762], [75.8588482, 22.717048899999998], [75.8588268, 22.7170279], [75.8587906, 22.7170143], [75.8586659, 22.716992000000005], [75.8581831, 22.716914799999998]]}}, {"id": "861", "type": "Feature", "properties": {"segment_id": "osm-8477883142-6616739535-0", "length_m": 122.94584225268585, "road_metadata": "{\"osmid\": 191953196, \"name\": NaN, \"highway\": \"residential\", \"maxspeed\": NaN, \"oneway\": false}", "source_type": "osm", "source_reference": "OpenStreetMap via OSMnx", "observed_or_estimated": "OBSERVED", "modelled_or_interpolated": "NOT_APPLICABLE", "timestamp": "2026-10-08T20:03:11.618755+00:00", "assumptions_version": "2026-10-09-prompt-1", "computation_mode": "FULL"}, "geometry": {"type": "LineString", "coordinates": [[75.8533224, 22.7219118], [75.8533628, 22.721832199999998], [75.854146, 22.721784499999995], [75.8544584, 22.721836599999996]]}}, {"id": "862", "type": "Feature", "properties": {"segment_id": "osm-8477883142-10292786102-0", "length_m": 129.26651832180485, "road_metadata": "{\"osmid\": [191953196, 1125566783], \"name\": NaN, \"highway\": \"residential\", \"maxspeed\": NaN, \"oneway\": false}", "source_type": "osm", "source_reference": "OpenStreetMap via OSMnx", "observed_or_estimated": "OBSERVED", "modelled_or_interpolated": "NOT_APPLICABLE", "timestamp": "2026-10-08T20:03:11.618987+00:00", "assumptions_version": "2026-10-09-prompt-1", "computation_mode": "FULL"}, "geometry": {"type": "LineString", "coordinates": [[75.8533224, 22.7219118], [75.8529308, 22.721907199999993], [75.8528753, 22.7218877], [75.8528552, 22.721859399999992], [75.8528415, 22.721762600000005], [75.8528102, 22.721735499999998], [75.85246340000002, 22.721775899999997], [75.8524179, 22.721777], [75.8524225, 22.721711900000003], [75.8523885, 22.721569000000002]]}}, {"id": "863", "type": "Feature", "properties": {"segment_id": "osm-8477883142-3665539318-0", "length_m": 68.86210371295596, "road_metadata": "{\"osmid\": 912631443, \"name\": NaN, \"highway\": \"residential\", \"maxspeed\": NaN, \"oneway\": false}", "source_type": "osm", "source_reference": "OpenStreetMap via OSMnx", "observed_or_estimated": "OBSERVED", "modelled_or_interpolated": "NOT_APPLICABLE", "timestamp": "2026-10-08T20:03:11.619219+00:00", "assumptions_version": "2026-10-09-prompt-1", "computation_mode": "FULL"}, "geometry": {"type": "LineString", "coordinates": [[75.8533224, 22.7219118], [75.85331250000002, 22.7216344], [75.8532975, 22.721529799999995], [75.8532896, 22.7214702], [75.8532753, 22.721396699999996], [75.8532556, 22.721294099999994]]}}, {"id": "864", "type": "Feature", "properties": {"segment_id": "osm-8478005556-2027156401-0", "length_m": 13.845027769457978, "road_metadata": "{\"osmid\": 192154588, \"name\": NaN, \"highway\": \"residential\", \"maxspeed\": NaN, \"oneway\": false}", "source_type": "osm", "source_reference": "OpenStreetMap via OSMnx", "observed_or_estimated": "OBSERVED", "modelled_or_interpolated": "NOT_APPLICABLE", "timestamp": "2026-10-08T20:03:11.619444+00:00", "assumptions_version": "2026-10-09-prompt-1", "computation_mode": "FULL"}, "geometry": {"type": "LineString", "coordinates": [[75.8530257, 22.7151364], [75.8530487, 22.715096799999998], [75.8531104, 22.715040799999997]]}}, {"id": "865", "type": "Feature", "properties": {"segment_id": "osm-8478005556-3734494548-0", "length_m": 71.7212114006418, "road_metadata": "{\"osmid\": 192154588, \"name\": NaN, \"highway\": \"residential\", \"maxspeed\": NaN, \"oneway\": false}", "source_type": "osm", "source_reference": "OpenStreetMap via OSMnx", "observed_or_estimated": "OBSERVED", "modelled_or_interpolated": "NOT_APPLICABLE", "timestamp": "2026-10-08T20:03:11.619668+00:00", "assumptions_version": "2026-10-09-prompt-1", "computation_mode": "FULL"}, "geometry": {"type": "LineString", "coordinates": [[75.8530257, 22.7151364], [75.8530162, 22.7152081], [75.8529876, 22.715783099999996]]}}, {"id": "866", "type": "Feature", "properties": {"segment_id": "osm-8478005556-8478005563-0", "length_m": 116.56987703557921, "road_metadata": "{\"osmid\": 912642544, \"name\": NaN, \"highway\": \"residential\", \"maxspeed\": NaN, \"oneway\": false}", "source_type": "osm", "source_reference": "OpenStreetMap via OSMnx", "observed_or_estimated": "OBSERVED", "modelled_or_interpolated": "NOT_APPLICABLE", "timestamp": "2026-10-08T20:03:11.619891+00:00", "assumptions_version": "2026-10-09-prompt-1", "computation_mode": "FULL"}, "geometry": {"type": "LineString", "coordinates": [[75.8530257, 22.7151364], [75.8527449, 22.7151278], [75.8526054, 22.715132699999998], [75.8525088, 22.715152499999995], [75.85236130000001, 22.715196999999996], [75.8521977, 22.7152465], [75.8520716, 22.715281200000003], [75.8519159, 22.7152984]]}}, {"id": "867", "type": "Feature", "properties": {"segment_id": "osm-8478005563-3734494538-0", "length_m": 2.867364819490905, "road_metadata": "{\"osmid\": 192154578, \"name\": NaN, \"highway\": \"residential\", \"maxspeed\": NaN, \"oneway\": false}", "source_type": "osm", "source_reference": "OpenStreetMap via OSMnx", "observed_or_estimated": "OBSERVED", "modelled_or_interpolated": "NOT_APPLICABLE", "timestamp": "2026-10-08T20:03:11.620112+00:00", "assumptions_version": "2026-10-09-prompt-1", "computation_mode": "FULL"}, "geometry": {"type": "LineString", "coordinates": [[75.8519159, 22.7152984], [75.8519157, 22.715324299999995]]}}, {"id": "868", "type": "Feature", "properties": {"segment_id": "osm-8478005563-2027156364-0", "length_m": 70.24535255199491, "road_metadata": "{\"osmid\": 192154578, \"name\": NaN, \"highway\": \"residential\", \"maxspeed\": NaN, \"oneway\": false}", "source_type": "osm", "source_reference": "OpenStreetMap via OSMnx", "observed_or_estimated": "OBSERVED", "modelled_or_interpolated": "NOT_APPLICABLE", "timestamp": "2026-10-08T20:03:11.620332+00:00", "assumptions_version": "2026-10-09-prompt-1", "computation_mode": "FULL"}, "geometry": {"type": "LineString", "coordinates": [[75.8519159, 22.7152984], [75.8519181, 22.7150098], [75.8519493, 22.7146651]]}}, {"id": "869", "type": "Feature", "properties": {"segment_id": "osm-8478005563-8478005556-0", "length_m": 116.5698770355792, "road_metadata": "{\"osmid\": 912642544, \"name\": NaN, \"highway\": \"residential\", \"maxspeed\": NaN, \"oneway\": false}", "source_type": "osm", "source_reference": "OpenStreetMap via OSMnx", "observed_or_estimated": "OBSERVED", "modelled_or_interpolated": "NOT_APPLICABLE", "timestamp": "2026-10-08T20:03:11.620562+00:00", "assumptions_version": "2026-10-09-prompt-1", "computation_mode": "FULL"}, "geometry": {"type": "LineString", "coordinates": [[75.8519159, 22.7152984], [75.8520716, 22.715281200000003], [75.8521977, 22.7152465], [75.85236130000001, 22.715196999999996], [75.8525088, 22.715152499999995], [75.8526054, 22.715132699999998], [75.8527449, 22.7151278], [75.8530257, 22.7151364]]}}, {"id": "870", "type": "Feature", "properties": {"segment_id": "osm-8478005564-3734496625-0", "length_m": 71.39664021192212, "road_metadata": "{\"osmid\": 370006767, \"name\": NaN, \"highway\": \"residential\", \"maxspeed\": NaN, \"oneway\": false}", "source_type": "osm", "source_reference": "OpenStreetMap via OSMnx", "observed_or_estimated": "OBSERVED", "modelled_or_interpolated": "NOT_APPLICABLE", "timestamp": "2026-10-08T20:03:11.620789+00:00", "assumptions_version": "2026-10-09-prompt-1", "computation_mode": "FULL"}, "geometry": {"type": "LineString", "coordinates": [[75.853046, 22.716952800000005], [75.8528414, 22.716966100000004], [75.8527315, 22.716963599999996], [75.8525813, 22.716971], [75.85235450000002, 22.717004899999996]]}}, {"id": "871", "type": "Feature", "properties": {"segment_id": "osm-8478005564-6611316866-0", "length_m": 28.365849987418617, "road_metadata": "{\"osmid\": 370006828, \"name\": NaN, \"highway\": \"residential\", \"maxspeed\": NaN, \"oneway\": false}", "source_type": "osm", "source_reference": "OpenStreetMap via OSMnx", "observed_or_estimated": "OBSERVED", "modelled_or_interpolated": "NOT_APPLICABLE", "timestamp": "2026-10-08T20:03:11.621014+00:00", "assumptions_version": "2026-10-09-prompt-1", "computation_mode": "FULL"}, "geometry": {"type": "LineString", "coordinates": [[75.853046, 22.716952800000005], [75.8530311, 22.7168944], [75.8530144, 22.716698799999996]]}}, {"id": "872", "type": "Feature", "properties": {"segment_id": "osm-8478005564-3734496656-0", "length_m": 144.69895578901102, "road_metadata": "{\"osmid\": [370006828, 370006749], \"name\": NaN, \"highway\": \"residential\", \"maxspeed\": NaN, \"oneway\": false}", "source_type": "osm", "source_reference": "OpenStreetMap via OSMnx", "observed_or_estimated": "OBSERVED", "modelled_or_interpolated": "NOT_APPLICABLE", "timestamp": "2026-10-08T20:03:11.621248+00:00", "assumptions_version": "2026-10-09-prompt-1", "computation_mode": "FULL"}, "geometry": {"type": "LineString", "coordinates": [[75.853046, 22.716952800000005], [75.85306900000002, 22.7170427], [75.8530827, 22.717153799999995], [75.8531096, 22.7175445], [75.8530985, 22.717591], [75.8530493, 22.717622899999995], [75.8530126, 22.717628200000004], [75.8523965, 22.717580299999995]]}}, {"id": "873", "type": "Feature", "properties": {"segment_id": "osm-8478005576-8461125318-0", "length_m": 13.83097160030603, "road_metadata": "{\"osmid\": 912642546, \"name\": NaN, \"highway\": \"secondary_link\", \"maxspeed\": NaN, \"oneway\": false}", "source_type": "osm", "source_reference": "OpenStreetMap via OSMnx", "observed_or_estimated": "OBSERVED", "modelled_or_interpolated": "NOT_APPLICABLE", "timestamp": "2026-10-08T20:03:11.621468+00:00", "assumptions_version": "2026-10-09-prompt-1", "computation_mode": "FULL"}, "geometry": {"type": "LineString", "coordinates": [[75.8586502, 22.720870399999992], [75.8585224, 22.720909799999994]]}}, {"id": "874", "type": "Feature", "properties": {"segment_id": "osm-8478005576-8461125324-0", "length_m": 115.24169932687984, "road_metadata": "{\"osmid\": 191943397, \"name\": \"River Side Road\", \"highway\": \"secondary\", \"maxspeed\": NaN, \"oneway\": false}", "source_type": "osm", "source_reference": "OpenStreetMap via OSMnx", "observed_or_estimated": "OBSERVED", "modelled_or_interpolated": "NOT_APPLICABLE", "timestamp": "2026-10-08T20:03:11.621694+00:00", "assumptions_version": "2026-10-09-prompt-1", "computation_mode": "FULL"}, "geometry": {"type": "LineString", "coordinates": [[75.8586502, 22.720870399999992], [75.8585921, 22.720632599999995], [75.8585649, 22.7202277], [75.8585558, 22.7200798], [75.8585492, 22.719964699999995], [75.8586033, 22.719846899999993]]}}, {"id": "875", "type": "Feature", "properties": {"segment_id": "osm-8478005576-2025111319-0", "length_m": 95.28819925059555, "road_metadata": "{\"osmid\": 191943397, \"name\": \"River Side Road\", \"highway\": \"secondary\", \"maxspeed\": NaN, \"oneway\": false}", "source_type": "osm", "source_reference": "OpenStreetMap via OSMnx", "observed_or_estimated": "OBSERVED", "modelled_or_interpolated": "NOT_APPLICABLE", "timestamp": "2026-10-08T20:03:11.621920+00:00", "assumptions_version": "2026-10-09-prompt-1", "computation_mode": "FULL"}, "geometry": {"type": "LineString", "coordinates": [[75.8586502, 22.720870399999992], [75.8587176, 22.721146499999996], [75.8587705, 22.721315199999996], [75.858847, 22.721472099999996], [75.8589484, 22.721681700000005]]}}, {"id": "876", "type": "Feature", "properties": {"segment_id": "osm-8478005593-3732996655-0", "length_m": 19.570918173793373, "road_metadata": "{\"osmid\": 191953184, \"name\": NaN, \"highway\": \"residential\", \"maxspeed\": NaN, \"oneway\": false}", "source_type": "osm", "source_reference": "OpenStreetMap via OSMnx", "observed_or_estimated": "OBSERVED", "modelled_or_interpolated": "NOT_APPLICABLE", "timestamp": "2026-10-08T20:03:11.622140+00:00", "assumptions_version": "2026-10-09-prompt-1", "computation_mode": "FULL"}, "geometry": {"type": "LineString", "coordinates": [[75.855335, 22.7211802], [75.8555244, 22.721199700000003]]}}, {"id": "877", "type": "Feature", "properties": {"segment_id": "osm-8478005593-2025111254-0", "length_m": 43.14475376244302, "road_metadata": "{\"osmid\": 912642550, \"name\": NaN, \"highway\": \"residential\", \"maxspeed\": NaN, \"oneway\": false}", "source_type": "osm", "source_reference": "OpenStreetMap via OSMnx", "observed_or_estimated": "OBSERVED", "modelled_or_interpolated": "NOT_APPLICABLE", "timestamp": "2026-10-08T20:03:11.622379+00:00", "assumptions_version": "2026-10-09-prompt-1", "computation_mode": "FULL"}, "geometry": {"type": "LineString", "coordinates": [[75.855335, 22.7211802], [75.8553798, 22.720792699999997]]}}, {"id": "878", "type": "Feature", "properties": {"segment_id": "osm-8478005593-2025111260-0", "length_m": 63.14401007272864, "road_metadata": "{\"osmid\": 191953184, \"name\": NaN, \"highway\": \"residential\", \"maxspeed\": NaN, \"oneway\": false}", "source_type": "osm", "source_reference": "OpenStreetMap via OSMnx", "observed_or_estimated": "OBSERVED", "modelled_or_interpolated": "NOT_APPLICABLE", "timestamp": "2026-10-08T20:03:11.622622+00:00", "assumptions_version": "2026-10-09-prompt-1", "computation_mode": "FULL"}, "geometry": {"type": "LineString", "coordinates": [[75.855335, 22.7211802], [75.8552146, 22.721161199999997], [75.8547272, 22.7210943]]}}, {"id": "879", "type": "Feature", "properties": {"segment_id": "osm-8478005594-2025111077-0", "length_m": 11.532106337348383, "road_metadata": "{\"osmid\": 191953076, \"name\": NaN, \"highway\": \"secondary_link\", \"maxspeed\": NaN, \"oneway\": false}", "source_type": "osm", "source_reference": "OpenStreetMap via OSMnx", "observed_or_estimated": "OBSERVED", "modelled_or_interpolated": "NOT_APPLICABLE", "timestamp": "2026-10-08T20:03:11.622861+00:00", "assumptions_version": "2026-10-09-prompt-1", "computation_mode": "FULL"}, "geometry": {"type": "LineString", "coordinates": [[75.8595227, 22.718101499999992], [75.8594116, 22.718086399999997]]}}, {"id": "880", "type": "Feature", "properties": {"segment_id": "osm-8478005594-11153056521-0", "length_m": 168.97769878626738, "road_metadata": "{\"osmid\": 191943386, \"name\": \"River Side Road\", \"highway\": \"secondary\", \"maxspeed\": NaN, \"oneway\": false}", "source_type": "osm", "source_reference": "OpenStreetMap via OSMnx", "observed_or_estimated": "OBSERVED", "modelled_or_interpolated": "NOT_APPLICABLE", "timestamp": "2026-10-08T20:03:11.623098+00:00", "assumptions_version": "2026-10-09-prompt-1", "computation_mode": "FULL"}, "geometry": {"type": "LineString", "coordinates": [[75.8595227, 22.718101499999992], [75.8595206, 22.718028599999993], [75.8594708, 22.717635399999995], [75.85948580000002, 22.717407399999995], [75.8595704, 22.717096799999997], [75.8596671, 22.7166541], [75.8596493, 22.7165995]]}}, {"id": "881", "type": "Feature", "properties": {"segment_id": "osm-8478005594-2025111095-0", "length_m": 33.03911403159793, "road_metadata": "{\"osmid\": 191943386, \"name\": \"River Side Road\", \"highway\": \"secondary\", \"maxspeed\": NaN, \"oneway\": false}", "source_type": "osm", "source_reference": "OpenStreetMap via OSMnx", "observed_or_estimated": "OBSERVED", "modelled_or_interpolated": "NOT_APPLICABLE", "timestamp": "2026-10-08T20:03:11.623324+00:00", "assumptions_version": "2026-10-09-prompt-1", "computation_mode": "FULL"}, "geometry": {"type": "LineString", "coordinates": [[75.8595227, 22.718101499999992], [75.8595256, 22.7182], [75.8594424, 22.7183844]]}}, {"id": "882", "type": "Feature", "properties": {"segment_id": "osm-8478005611-6611316218-0", "length_m": 25.985236370730405, "road_metadata": "{\"osmid\": 369676961, \"name\": \"Bohara Bazar\", \"highway\": \"residential\", \"maxspeed\": \"20\", \"oneway\": false}", "source_type": "osm", "source_reference": "OpenStreetMap via OSMnx", "observed_or_estimated": "OBSERVED", "modelled_or_interpolated": "NOT_APPLICABLE", "timestamp": "2026-10-08T20:03:11.623604+00:00", "assumptions_version": "2026-10-09-prompt-1", "computation_mode": "FULL"}, "geometry": {"type": "LineString", "coordinates": [[75.8510156, 22.716431699999998], [75.8510191, 22.7166664]]}}, {"id": "883", "type": "Feature", "properties": {"segment_id": "osm-8478005611-3734494585-0", "length_m": 35.44522866694792, "road_metadata": "{\"osmid\": 912642554, \"name\": NaN, \"highway\": \"residential\", \"maxspeed\": NaN, \"oneway\": false}", "source_type": "osm", "source_reference": "OpenStreetMap via OSMnx", "observed_or_estimated": "OBSERVED", "modelled_or_interpolated": "NOT_APPLICABLE", "timestamp": "2026-10-08T20:03:11.623886+00:00", "assumptions_version": "2026-10-09-prompt-1", "computation_mode": "FULL"}, "geometry": {"type": "LineString", "coordinates": [[75.8510156, 22.716431699999998], [75.8513536, 22.716367000000005]]}}, {"id": "884", "type": "Feature", "properties": {"segment_id": "osm-8478005611-3734494584-0", "length_m": 8.500192340756088, "road_metadata": "{\"osmid\": 369676961, \"name\": \"Bohara Bazar\", \"highway\": \"residential\", \"maxspeed\": \"20\", \"oneway\": false}", "source_type": "osm", "source_reference": "OpenStreetMap via OSMnx", "observed_or_estimated": "OBSERVED", "modelled_or_interpolated": "NOT_APPLICABLE", "timestamp": "2026-10-08T20:03:11.624246+00:00", "assumptions_version": "2026-10-09-prompt-1", "computation_mode": "FULL"}, "geometry": {"type": "LineString", "coordinates": [[75.8510156, 22.716431699999998], [75.8510206, 22.716386399999998], [75.8510224, 22.7163552]]}}, {"id": "885", "type": "Feature", "properties": {"segment_id": "osm-9523322983-2025020019-0", "length_m": 23.35601934920124, "road_metadata": "{\"osmid\": 1033702558, \"name\": \"Prince Yashwant Road\", \"highway\": \"secondary\", \"maxspeed\": \"20\", \"oneway\": false}", "source_type": "osm", "source_reference": "OpenStreetMap via OSMnx", "observed_or_estimated": "OBSERVED", "modelled_or_interpolated": "NOT_APPLICABLE", "timestamp": "2026-10-08T20:03:11.624644+00:00", "assumptions_version": "2026-10-09-prompt-1", "computation_mode": "FULL"}, "geometry": {"type": "LineString", "coordinates": [[75.8555792, 22.717934399999997], [75.85557, 22.7181452]]}}, {"id": "886", "type": "Feature", "properties": {"segment_id": "osm-9523322983-8474365291-0", "length_m": 119.42796887596073, "road_metadata": "{\"osmid\": 1033702559, \"name\": \"Prince Yashwant Road\", \"highway\": \"secondary\", \"maxspeed\": \"20\", \"oneway\": false}", "source_type": "osm", "source_reference": "OpenStreetMap via OSMnx", "observed_or_estimated": "OBSERVED", "modelled_or_interpolated": "NOT_APPLICABLE", "timestamp": "2026-10-08T20:03:11.624984+00:00", "assumptions_version": "2026-10-09-prompt-1", "computation_mode": "FULL"}, "geometry": {"type": "LineString", "coordinates": [[75.8555792, 22.717934399999997], [75.8556124, 22.717859799999996], [75.8556241, 22.717625200000004], [75.8556105, 22.717296099999995], [75.855567, 22.71686409999999]]}}, {"id": "887", "type": "Feature", "properties": {"segment_id": "osm-9523322983-3734496670-0", "length_m": 33.46261874036313, "road_metadata": "{\"osmid\": 1033702568, \"name\": \"Prince Yashwant Road\", \"highway\": \"secondary\", \"maxspeed\": NaN, \"oneway\": false}", "source_type": "osm", "source_reference": "OpenStreetMap via OSMnx", "observed_or_estimated": "OBSERVED", "modelled_or_interpolated": "NOT_APPLICABLE", "timestamp": "2026-10-08T20:03:11.625319+00:00", "assumptions_version": "2026-10-09-prompt-1", "computation_mode": "FULL"}, "geometry": {"type": "LineString", "coordinates": [[75.8555792, 22.717934399999997], [75.8555608, 22.717850099999996], [75.855566, 22.717633899999996]]}}, {"id": "888", "type": "Feature", "properties": {"segment_id": "osm-9523322984-8474365291-0", "length_m": 49.81571299160521, "road_metadata": "{\"osmid\": 1033702559, \"name\": \"Prince Yashwant Road\", \"highway\": \"secondary\", \"maxspeed\": \"20\", \"oneway\": false}", "source_type": "osm", "source_reference": "OpenStreetMap via OSMnx", "observed_or_estimated": "OBSERVED", "modelled_or_interpolated": "NOT_APPLICABLE", "timestamp": "2026-10-08T20:03:11.625580+00:00", "assumptions_version": "2026-10-09-prompt-1", "computation_mode": "FULL"}, "geometry": {"type": "LineString", "coordinates": [[75.85548010000001, 22.7164214], [75.855567, 22.71686409999999]]}}, {"id": "889", "type": "Feature", "properties": {"segment_id": "osm-9523322984-9523322987-0", "length_m": 7.343696670535232, "road_metadata": "{\"osmid\": 1354908153, \"name\": NaN, \"highway\": \"secondary\", \"maxspeed\": NaN, \"oneway\": false}", "source_type": "osm", "source_reference": "OpenStreetMap via OSMnx", "observed_or_estimated": "OBSERVED", "modelled_or_interpolated": "NOT_APPLICABLE", "timestamp": "2026-10-08T20:03:11.625821+00:00", "assumptions_version": "2026-10-09-prompt-1", "computation_mode": "FULL"}, "geometry": {"type": "LineString", "coordinates": [[75.85548010000001, 22.7164214], [75.8554088, 22.71642639999999]]}}, {"id": "890", "type": "Feature", "properties": {"segment_id": "osm-9523322984-8461125223-0", "length_m": 5.018334377210825, "road_metadata": "{\"osmid\": 1354908154, \"name\": NaN, \"highway\": \"secondary\", \"maxspeed\": NaN, \"oneway\": false}", "source_type": "osm", "source_reference": "OpenStreetMap via OSMnx", "observed_or_estimated": "OBSERVED", "modelled_or_interpolated": "NOT_APPLICABLE", "timestamp": "2026-10-08T20:03:11.626052+00:00", "assumptions_version": "2026-10-09-prompt-1", "computation_mode": "FULL"}, "geometry": {"type": "LineString", "coordinates": [[75.85548010000001, 22.7164214], [75.8554764, 22.716376199999992]]}}, {"id": "891", "type": "Feature", "properties": {"segment_id": "osm-9523322984-9523322985-0", "length_m": 72.36960659711214, "road_metadata": "{\"osmid\": 1033702563, \"name\": NaN, \"highway\": \"secondary\", \"maxspeed\": NaN, \"oneway\": false}", "source_type": "osm", "source_reference": "OpenStreetMap via OSMnx", "observed_or_estimated": "OBSERVED", "modelled_or_interpolated": "NOT_APPLICABLE", "timestamp": "2026-10-08T20:03:11.626287+00:00", "assumptions_version": "2026-10-09-prompt-1", "computation_mode": "FULL"}, "geometry": {"type": "LineString", "coordinates": [[75.85548010000001, 22.7164214], [75.8557314, 22.716406299999996], [75.8561842, 22.716409699999996]]}}, {"id": "892", "type": "Feature", "properties": {"segment_id": "osm-9523322985-2025019941-0", "length_m": 33.07235873963121, "road_metadata": "{\"osmid\": 1033702560, \"name\": \"Jawahar Marg\", \"highway\": \"secondary\", \"maxspeed\": \"30\", \"oneway\": false}", "source_type": "osm", "source_reference": "OpenStreetMap via OSMnx", "observed_or_estimated": "OBSERVED", "modelled_or_interpolated": "NOT_APPLICABLE", "timestamp": "2026-10-08T20:03:11.626523+00:00", "assumptions_version": "2026-10-09-prompt-1", "computation_mode": "FULL"}, "geometry": {"type": "LineString", "coordinates": [[75.8561842, 22.716409699999996], [75.8565036, 22.716447699999996]]}}, {"id": "893", "type": "Feature", "properties": {"segment_id": "osm-9523322985-9523323008-0", "length_m": 4.246356789717415, "road_metadata": "{\"osmid\": 1393746964, \"name\": NaN, \"highway\": \"tertiary\", \"maxspeed\": NaN, \"oneway\": false}", "source_type": "osm", "source_reference": "OpenStreetMap via OSMnx", "observed_or_estimated": "OBSERVED", "modelled_or_interpolated": "NOT_APPLICABLE", "timestamp": "2026-10-08T20:03:11.626752+00:00", "assumptions_version": "2026-10-09-prompt-1", "computation_mode": "FULL"}, "geometry": {"type": "LineString", "coordinates": [[75.8561842, 22.716409699999996], [75.8561951, 22.7163727]]}}, {"id": "894", "type": "Feature", "properties": {"segment_id": "osm-9523322985-8474365287-0", "length_m": 53.18288718260157, "road_metadata": "{\"osmid\": 1393746964, \"name\": NaN, \"highway\": \"tertiary\", \"maxspeed\": NaN, \"oneway\": false}", "source_type": "osm", "source_reference": "OpenStreetMap via OSMnx", "observed_or_estimated": "OBSERVED", "modelled_or_interpolated": "NOT_APPLICABLE", "timestamp": "2026-10-08T20:03:11.626992+00:00", "assumptions_version": "2026-10-09-prompt-1", "computation_mode": "FULL"}, "geometry": {"type": "LineString", "coordinates": [[75.8561842, 22.716409699999996], [75.8560907, 22.7168822]]}}, {"id": "895", "type": "Feature", "properties": {"segment_id": "osm-9523322985-9523322984-0", "length_m": 72.36960659711214, "road_metadata": "{\"osmid\": 1033702563, \"name\": NaN, \"highway\": \"secondary\", \"maxspeed\": NaN, \"oneway\": false}", "source_type": "osm", "source_reference": "OpenStreetMap via OSMnx", "observed_or_estimated": "OBSERVED", "modelled_or_interpolated": "NOT_APPLICABLE", "timestamp": "2026-10-08T20:03:11.627241+00:00", "assumptions_version": "2026-10-09-prompt-1", "computation_mode": "FULL"}, "geometry": {"type": "LineString", "coordinates": [[75.8561842, 22.716409699999996], [75.8557314, 22.716406299999996], [75.85548010000001, 22.7164214]]}}, {"id": "896", "type": "Feature", "properties": {"segment_id": "osm-9523322987-9523322984-0", "length_m": 7.343696670535232, "road_metadata": "{\"osmid\": 1354908153, \"name\": NaN, \"highway\": \"secondary\", \"maxspeed\": NaN, \"oneway\": false}", "source_type": "osm", "source_reference": "OpenStreetMap via OSMnx", "observed_or_estimated": "OBSERVED", "modelled_or_interpolated": "NOT_APPLICABLE", "timestamp": "2026-10-08T20:03:11.627472+00:00", "assumptions_version": "2026-10-09-prompt-1", "computation_mode": "FULL"}, "geometry": {"type": "LineString", "coordinates": [[75.8554088, 22.71642639999999], [75.85548010000001, 22.7164214]]}}, {"id": "897", "type": "Feature", "properties": {"segment_id": "osm-9523322987-9523322989-0", "length_m": 5.119357582697233, "road_metadata": "{\"osmid\": 1354908155, \"name\": NaN, \"highway\": \"secondary\", \"maxspeed\": NaN, \"oneway\": false}", "source_type": "osm", "source_reference": "OpenStreetMap via OSMnx", "observed_or_estimated": "OBSERVED", "modelled_or_interpolated": "NOT_APPLICABLE", "timestamp": "2026-10-08T20:03:11.627703+00:00", "assumptions_version": "2026-10-09-prompt-1", "computation_mode": "FULL"}, "geometry": {"type": "LineString", "coordinates": [[75.8554088, 22.71642639999999], [75.8554037, 22.716380400000002]]}}, {"id": "898", "type": "Feature", "properties": {"segment_id": "osm-9523322987-2025019937-0", "length_m": 40.34589257984498, "road_metadata": "{\"osmid\": 1033702561, \"name\": NaN, \"highway\": \"secondary\", \"maxspeed\": NaN, \"oneway\": false}", "source_type": "osm", "source_reference": "OpenStreetMap via OSMnx", "observed_or_estimated": "OBSERVED", "modelled_or_interpolated": "NOT_APPLICABLE", "timestamp": "2026-10-08T20:03:11.627931+00:00", "assumptions_version": "2026-10-09-prompt-1", "computation_mode": "FULL"}, "geometry": {"type": "LineString", "coordinates": [[75.8554088, 22.71642639999999], [75.855117, 22.716401099999995], [75.85502400000001, 22.716367600000005]]}}, {"id": "899", "type": "Feature", "properties": {"segment_id": "osm-9523322987-3734496670-0", "length_m": 135.04408418625076, "road_metadata": "{\"osmid\": 1033702568, \"name\": \"Prince Yashwant Road\", \"highway\": \"secondary\", \"maxspeed\": NaN, \"oneway\": false}", "source_type": "osm", "source_reference": "OpenStreetMap via OSMnx", "observed_or_estimated": "OBSERVED", "modelled_or_interpolated": "NOT_APPLICABLE", "timestamp": "2026-10-08T20:03:11.628163+00:00", "assumptions_version": "2026-10-09-prompt-1", "computation_mode": "FULL"}, "geometry": {"type": "LineString", "coordinates": [[75.8554088, 22.71642639999999], [75.8555146, 22.716870399999998], [75.855532, 22.7170346], [75.855566, 22.717633899999996]]}}, {"id": "900", "type": "Feature", "properties": {"segment_id": "osm-9523322989-8461125223-0", "length_m": 7.481057390947528, "road_metadata": "{\"osmid\": 1033702569, \"name\": NaN, \"highway\": \"secondary\", \"maxspeed\": NaN, \"oneway\": false}", "source_type": "osm", "source_reference": "OpenStreetMap via OSMnx", "observed_or_estimated": "OBSERVED", "modelled_or_interpolated": "NOT_APPLICABLE", "timestamp": "2026-10-08T20:03:11.628440+00:00", "assumptions_version": "2026-10-09-prompt-1", "computation_mode": "FULL"}, "geometry": {"type": "LineString", "coordinates": [[75.8554037, 22.716380400000002], [75.8554764, 22.716376199999992]]}}, {"id": "901", "type": "Feature", "properties": {"segment_id": "osm-9523322989-9523322987-0", "length_m": 5.119357582697233, "road_metadata": "{\"osmid\": 1354908155, \"name\": NaN, \"highway\": \"secondary\", \"maxspeed\": NaN, \"oneway\": false}", "source_type": "osm", "source_reference": "OpenStreetMap via OSMnx", "observed_or_estimated": "OBSERVED", "modelled_or_interpolated": "NOT_APPLICABLE", "timestamp": "2026-10-08T20:03:11.628908+00:00", "assumptions_version": "2026-10-09-prompt-1", "computation_mode": "FULL"}, "geometry": {"type": "LineString", "coordinates": [[75.8554037, 22.716380400000002], [75.8554088, 22.71642639999999]]}}, {"id": "902", "type": "Feature", "properties": {"segment_id": "osm-9523322989-2025019937-0", "length_m": 39.09054266750189, "road_metadata": "{\"osmid\": 1033702562, \"name\": NaN, \"highway\": \"secondary\", \"maxspeed\": NaN, \"oneway\": false}", "source_type": "osm", "source_reference": "OpenStreetMap via OSMnx", "observed_or_estimated": "OBSERVED", "modelled_or_interpolated": "NOT_APPLICABLE", "timestamp": "2026-10-08T20:03:11.629197+00:00", "assumptions_version": "2026-10-09-prompt-1", "computation_mode": "FULL"}, "geometry": {"type": "LineString", "coordinates": [[75.8554037, 22.716380400000002], [75.8551241, 22.7163618], [75.85502400000001, 22.716367600000005]]}}, {"id": "903", "type": "Feature", "properties": {"segment_id": "osm-9523322989-2027131456-0", "length_m": 182.28229393591135, "road_metadata": "{\"osmid\": 1033702565, \"name\": NaN, \"highway\": \"secondary\", \"maxspeed\": NaN, \"oneway\": false}", "source_type": "osm", "source_reference": "OpenStreetMap via OSMnx", "observed_or_estimated": "OBSERVED", "modelled_or_interpolated": "NOT_APPLICABLE", "timestamp": "2026-10-08T20:03:11.629445+00:00", "assumptions_version": "2026-10-09-prompt-1", "computation_mode": "FULL"}, "geometry": {"type": "LineString", "coordinates": [[75.8554037, 22.716380400000002], [75.8552569, 22.7159376], [75.8551561, 22.715652899999995], [75.8550553, 22.715350999999995], [75.8548901, 22.714902399999993], [75.8548821, 22.714809200000005]]}}, {"id": "904", "type": "Feature", "properties": {"segment_id": "osm-9523323008-2027131540-0", "length_m": 33.10185147809247, "road_metadata": "{\"osmid\": 191953035, \"name\": NaN, \"highway\": \"tertiary\", \"maxspeed\": NaN, \"oneway\": false}", "source_type": "osm", "source_reference": "OpenStreetMap via OSMnx", "observed_or_estimated": "OBSERVED", "modelled_or_interpolated": "NOT_APPLICABLE", "timestamp": "2026-10-08T20:03:11.629684+00:00", "assumptions_version": "2026-10-09-prompt-1", "computation_mode": "FULL"}, "geometry": {"type": "LineString", "coordinates": [[75.8561951, 22.7163727], [75.8562678, 22.716081399999993]]}}, {"id": "905", "type": "Feature", "properties": {"segment_id": "osm-9523323008-9523322985-0", "length_m": 4.246356789717415, "road_metadata": "{\"osmid\": 1393746964, \"name\": NaN, \"highway\": \"tertiary\", \"maxspeed\": NaN, \"oneway\": false}", "source_type": "osm", "source_reference": "OpenStreetMap via OSMnx", "observed_or_estimated": "OBSERVED", "modelled_or_interpolated": "NOT_APPLICABLE", "timestamp": "2026-10-08T20:03:11.629915+00:00", "assumptions_version": "2026-10-09-prompt-1", "computation_mode": "FULL"}, "geometry": {"type": "LineString", "coordinates": [[75.8561951, 22.7163727], [75.8561842, 22.716409699999996]]}}, {"id": "906", "type": "Feature", "properties": {"segment_id": "osm-9523323008-8461125223-0", "length_m": 73.8321729917296, "road_metadata": "{\"osmid\": 1033702564, \"name\": NaN, \"highway\": \"secondary\", \"maxspeed\": NaN, \"oneway\": false}", "source_type": "osm", "source_reference": "OpenStreetMap via OSMnx", "observed_or_estimated": "OBSERVED", "modelled_or_interpolated": "NOT_APPLICABLE", "timestamp": "2026-10-08T20:03:11.630147+00:00", "assumptions_version": "2026-10-09-prompt-1", "computation_mode": "FULL"}, "geometry": {"type": "LineString", "coordinates": [[75.8561951, 22.7163727], [75.8557389, 22.716367900000005], [75.8554764, 22.716376199999992]]}}, {"id": "907", "type": "Feature", "properties": {"segment_id": "osm-9523323008-2027131582-0", "length_m": 93.5862831023537, "road_metadata": "{\"osmid\": 1033702571, \"name\": \"Jawahar Marg\", \"highway\": \"secondary\", \"maxspeed\": NaN, \"oneway\": false}", "source_type": "osm", "source_reference": "OpenStreetMap via OSMnx", "observed_or_estimated": "OBSERVED", "modelled_or_interpolated": "NOT_APPLICABLE", "timestamp": "2026-10-08T20:03:11.630390+00:00", "assumptions_version": "2026-10-09-prompt-1", "computation_mode": "FULL"}, "geometry": {"type": "LineString", "coordinates": [[75.8561951, 22.7163727], [75.856514, 22.7164111], [75.8571035, 22.716423299999995]]}}, {"id": "908", "type": "Feature", "properties": {"segment_id": "osm-9523323012-2025019935-0", "length_m": 5.289406819510502, "road_metadata": "{\"osmid\": 1033702570, \"name\": NaN, \"highway\": \"tertiary\", \"maxspeed\": NaN, \"oneway\": false}", "source_type": "osm", "source_reference": "OpenStreetMap via OSMnx", "observed_or_estimated": "OBSERVED", "modelled_or_interpolated": "NOT_APPLICABLE", "timestamp": "2026-10-08T20:03:11.630627+00:00", "assumptions_version": "2026-10-09-prompt-1", "computation_mode": "FULL"}, "geometry": {"type": "LineString", "coordinates": [[75.8580069, 22.716431299999996], [75.8580248, 22.7164761]]}}, {"id": "909", "type": "Feature", "properties": {"segment_id": "osm-9523323012-11153056522-0", "length_m": 166.98601772612835, "road_metadata": "{\"osmid\": [912624081, 1033702577, 191943291], \"name\": \"Jawahar Marg\", \"highway\": \"secondary\", \"maxspeed\": \"30\", \"oneway\": false}", "source_type": "osm", "source_reference": "OpenStreetMap via OSMnx", "observed_or_estimated": "OBSERVED", "modelled_or_interpolated": "NOT_APPLICABLE", "timestamp": "2026-10-08T20:03:11.630932+00:00", "assumptions_version": "2026-10-09-prompt-1", "computation_mode": "FULL"}, "geometry": {"type": "LineString", "coordinates": [[75.8580069, 22.716431299999996], [75.8585323, 22.716378599999995], [75.8588561, 22.716375199999995], [75.8590185, 22.716376000000004], [75.8595052, 22.7164022], [75.8595606, 22.716401], [75.8596157, 22.7164384]]}}, {"id": "910", "type": "Feature", "properties": {"segment_id": "osm-9523323012-2027131546-0", "length_m": 30.142700451357754, "road_metadata": "{\"osmid\": 1033702570, \"name\": NaN, \"highway\": \"tertiary\", \"maxspeed\": NaN, \"oneway\": false}", "source_type": "osm", "source_reference": "OpenStreetMap via OSMnx", "observed_or_estimated": "OBSERVED", "modelled_or_interpolated": "NOT_APPLICABLE", "timestamp": "2026-10-08T20:03:11.631284+00:00", "assumptions_version": "2026-10-09-prompt-1", "computation_mode": "FULL"}, "geometry": {"type": "LineString", "coordinates": [[75.8580069, 22.716431299999996], [75.8579627, 22.7163339], [75.8578977, 22.716178599999996]]}}, {"id": "911", "type": "Feature", "properties": {"segment_id": "osm-9523323012-2027131582-0", "length_m": 93.03245190892896, "road_metadata": "{\"osmid\": 1033702571, \"name\": \"Jawahar Marg\", \"highway\": \"secondary\", \"maxspeed\": NaN, \"oneway\": false}", "source_type": "osm", "source_reference": "OpenStreetMap via OSMnx", "observed_or_estimated": "OBSERVED", "modelled_or_interpolated": "NOT_APPLICABLE", "timestamp": "2026-10-08T20:03:11.631660+00:00", "assumptions_version": "2026-10-09-prompt-1", "computation_mode": "FULL"}, "geometry": {"type": "LineString", "coordinates": [[75.8580069, 22.716431299999996], [75.8579147, 22.716444200000005], [75.85755090000002, 22.716454099999993], [75.8571035, 22.716423299999995]]}}, {"id": "912", "type": "Feature", "properties": {"segment_id": "osm-9526164258-8461125292-0", "length_m": 21.053625949709144, "road_metadata": "{\"osmid\": 1034062075, \"name\": NaN, \"highway\": \"secondary\", \"maxspeed\": NaN, \"oneway\": false}", "source_type": "osm", "source_reference": "OpenStreetMap via OSMnx", "observed_or_estimated": "OBSERVED", "modelled_or_interpolated": "NOT_APPLICABLE", "timestamp": "2026-10-08T20:03:11.632007+00:00", "assumptions_version": "2026-10-09-prompt-1", "computation_mode": "FULL"}, "geometry": {"type": "LineString", "coordinates": [[75.8590843, 22.718873600000002], [75.8589669, 22.7190295]]}}, {"id": "913", "type": "Feature", "properties": {"segment_id": "osm-9526164258-2025020069-0", "length_m": 12.678551935726505, "road_metadata": "{\"osmid\": 1034062076, \"name\": NaN, \"highway\": \"secondary\", \"maxspeed\": NaN, \"oneway\": false}", "source_type": "osm", "source_reference": "OpenStreetMap via OSMnx", "observed_or_estimated": "OBSERVED", "modelled_or_interpolated": "NOT_APPLICABLE", "timestamp": "2026-10-08T20:03:11.632310+00:00", "assumptions_version": "2026-10-09-prompt-1", "computation_mode": "FULL"}, "geometry": {"type": "LineString", "coordinates": [[75.8590843, 22.718873600000002], [75.859207, 22.718886200000004]]}}, {"id": "914", "type": "Feature", "properties": {"segment_id": "osm-9526164258-2025111077-0", "length_m": 94.47853289819717, "road_metadata": "{\"osmid\": [911224179, 1034062075, 191943390], \"name\": \"River Side Road\", \"highway\": \"secondary\", \"maxspeed\": NaN, \"oneway\": false}", "source_type": "osm", "source_reference": "OpenStreetMap via OSMnx", "observed_or_estimated": "OBSERVED", "modelled_or_interpolated": "NOT_APPLICABLE", "timestamp": "2026-10-08T20:03:11.632595+00:00", "assumptions_version": "2026-10-09-prompt-1", "computation_mode": "FULL"}, "geometry": {"type": "LineString", "coordinates": [[75.8590843, 22.718873600000002], [75.8591833, 22.718719499999995], [75.859307, 22.718422600000004], [75.85941750000002, 22.7181602], [75.8594116, 22.718086399999997]]}}, {"id": "915", "type": "Feature", "properties": {"segment_id": "osm-9790247256-8474349604-0", "length_m": 148.04856489490788, "road_metadata": "{\"osmid\": 1066112077, \"name\": NaN, \"highway\": \"tertiary\", \"maxspeed\": NaN, \"oneway\": false}", "source_type": "osm", "source_reference": "OpenStreetMap via OSMnx", "observed_or_estimated": "OBSERVED", "modelled_or_interpolated": "NOT_APPLICABLE", "timestamp": "2026-10-08T20:03:11.632857+00:00", "assumptions_version": "2026-10-09-prompt-1", "computation_mode": "FULL"}, "geometry": {"type": "LineString", "coordinates": [[75.8597841, 22.7150465], [75.8597765, 22.71458700000001], [75.8597551, 22.714333500000002], [75.859683, 22.714065800000004], [75.8595561, 22.7137388]]}}, {"id": "916", "type": "Feature", "properties": {"segment_id": "osm-9790247256-13720039497-0", "length_m": 139.4055558563975, "road_metadata": "{\"osmid\": 1498122113, \"name\": NaN, \"highway\": \"tertiary\", \"maxspeed\": NaN, \"oneway\": false}", "source_type": "osm", "source_reference": "OpenStreetMap via OSMnx", "observed_or_estimated": "OBSERVED", "modelled_or_interpolated": "NOT_APPLICABLE", "timestamp": "2026-10-08T20:03:11.633111+00:00", "assumptions_version": "2026-10-09-prompt-1", "computation_mode": "FULL"}, "geometry": {"type": "LineString", "coordinates": [[75.8597841, 22.7150465], [75.8597357, 22.7151259], [75.8596137, 22.7161889], [75.8596452, 22.7162835]]}}, {"id": "917", "type": "Feature", "properties": {"segment_id": "osm-9790247256-13720039497-1", "length_m": 139.25207596942371, "road_metadata": "{\"osmid\": 1498122114, \"name\": NaN, \"highway\": \"tertiary\", \"maxspeed\": NaN, \"oneway\": false}", "source_type": "osm", "source_reference": "OpenStreetMap via OSMnx", "observed_or_estimated": "OBSERVED", "modelled_or_interpolated": "NOT_APPLICABLE", "timestamp": "2026-10-08T20:03:11.633381+00:00", "assumptions_version": "2026-10-09-prompt-1", "computation_mode": "FULL"}, "geometry": {"type": "LineString", "coordinates": [[75.8597841, 22.7150465], [75.8598118, 22.715134600000003], [75.8596922, 22.716206200000002], [75.8596452, 22.7162835]]}}, {"id": "918", "type": "Feature", "properties": {"segment_id": "osm-10292786102-3665594025-0", "length_m": 61.75692380482102, "road_metadata": "{\"osmid\": 362209628, \"name\": NaN, \"highway\": \"residential\", \"maxspeed\": NaN, \"oneway\": false}", "source_type": "osm", "source_reference": "OpenStreetMap via OSMnx", "observed_or_estimated": "OBSERVED", "modelled_or_interpolated": "NOT_APPLICABLE", "timestamp": "2026-10-08T20:03:11.633630+00:00", "assumptions_version": "2026-10-09-prompt-1", "computation_mode": "FULL"}, "geometry": {"type": "LineString", "coordinates": [[75.8523885, 22.721569000000002], [75.8517937, 22.721651]]}}, {"id": "919", "type": "Feature", "properties": {"segment_id": "osm-10292786102-3665539322-0", "length_m": 31.194032654081497, "road_metadata": "{\"osmid\": 362209628, \"name\": NaN, \"highway\": \"residential\", \"maxspeed\": NaN, \"oneway\": false}", "source_type": "osm", "source_reference": "OpenStreetMap via OSMnx", "observed_or_estimated": "OBSERVED", "modelled_or_interpolated": "NOT_APPLICABLE", "timestamp": "2026-10-08T20:03:11.633858+00:00", "assumptions_version": "2026-10-09-prompt-1", "computation_mode": "FULL"}, "geometry": {"type": "LineString", "coordinates": [[75.8523885, 22.721569000000002], [75.8525691, 22.7214777], [75.8526636, 22.7214534]]}}, {"id": "920", "type": "Feature", "properties": {"segment_id": "osm-10292786102-8477883142-0", "length_m": 129.26651832180485, "road_metadata": "{\"osmid\": [191953196, 1125566783], \"name\": NaN, \"highway\": \"residential\", \"maxspeed\": NaN, \"oneway\": false}", "source_type": "osm", "source_reference": "OpenStreetMap via OSMnx", "observed_or_estimated": "OBSERVED", "modelled_or_interpolated": "NOT_APPLICABLE", "timestamp": "2026-10-08T20:03:11.634108+00:00", "assumptions_version": "2026-10-09-prompt-1", "computation_mode": "FULL"}, "geometry": {"type": "LineString", "coordinates": [[75.8523885, 22.721569000000002], [75.8524225, 22.721711900000003], [75.8524179, 22.721777], [75.85246340000002, 22.721775899999997], [75.8528102, 22.721735499999998], [75.8528415, 22.721762600000005], [75.8528552, 22.721859399999992], [75.8528753, 22.7218877], [75.8529308, 22.721907199999993], [75.8533224, 22.7219118]]}}, {"id": "921", "type": "Feature", "properties": {"segment_id": "osm-11153056521-8461059612-0", "length_m": 17.129041907199486, "road_metadata": "{\"osmid\": 1203102435, \"name\": \"River Side Road\", \"highway\": \"secondary\", \"maxspeed\": NaN, \"oneway\": false}", "source_type": "osm", "source_reference": "OpenStreetMap via OSMnx", "observed_or_estimated": "OBSERVED", "modelled_or_interpolated": "NOT_APPLICABLE", "timestamp": "2026-10-08T20:03:11.634336+00:00", "assumptions_version": "2026-10-09-prompt-1", "computation_mode": "FULL"}, "geometry": {"type": "LineString", "coordinates": [[75.8596493, 22.7165995], [75.859656, 22.716444900000003]]}}, {"id": "922", "type": "Feature", "properties": {"segment_id": "osm-11153056521-8478005594-0", "length_m": 168.9776987862674, "road_metadata": "{\"osmid\": 191943386, \"name\": \"River Side Road\", \"highway\": \"secondary\", \"maxspeed\": NaN, \"oneway\": false}", "source_type": "osm", "source_reference": "OpenStreetMap via OSMnx", "observed_or_estimated": "OBSERVED", "modelled_or_interpolated": "NOT_APPLICABLE", "timestamp": "2026-10-08T20:03:11.634586+00:00", "assumptions_version": "2026-10-09-prompt-1", "computation_mode": "FULL"}, "geometry": {"type": "LineString", "coordinates": [[75.8596493, 22.7165995], [75.8596671, 22.7166541], [75.8595704, 22.717096799999997], [75.85948580000002, 22.717407399999995], [75.8594708, 22.717635399999995], [75.8595206, 22.718028599999993], [75.8595227, 22.718101499999992]]}}, {"id": "923", "type": "Feature", "properties": {"segment_id": "osm-11153056521-2025111077-0", "length_m": 169.86619012352253, "road_metadata": "{\"osmid\": 911224179, \"name\": \"River Side Road\", \"highway\": \"secondary\", \"maxspeed\": NaN, \"oneway\": false}", "source_type": "osm", "source_reference": "OpenStreetMap via OSMnx", "observed_or_estimated": "OBSERVED", "modelled_or_interpolated": "NOT_APPLICABLE", "timestamp": "2026-10-08T20:03:11.634838+00:00", "assumptions_version": "2026-10-09-prompt-1", "computation_mode": "FULL"}, "geometry": {"type": "LineString", "coordinates": [[75.8596493, 22.7165995], [75.85961, 22.716635099999998], [75.859394, 22.717312], [75.8593659, 22.717554299999996], [75.859394, 22.717868099999997], [75.8594116, 22.718086399999997]]}}, {"id": "924", "type": "Feature", "properties": {"segment_id": "osm-11153056522-8461059612-0", "length_m": 4.201067940404525, "road_metadata": "{\"osmid\": 1203102436, \"name\": \"Jawahar Marg\", \"highway\": \"secondary\", \"maxspeed\": NaN, \"oneway\": false}", "source_type": "osm", "source_reference": "OpenStreetMap via OSMnx", "observed_or_estimated": "OBSERVED", "modelled_or_interpolated": "NOT_APPLICABLE", "timestamp": "2026-10-08T20:03:11.635116+00:00", "assumptions_version": "2026-10-09-prompt-1", "computation_mode": "FULL"}, "geometry": {"type": "LineString", "coordinates": [[75.8596157, 22.7164384], [75.859656, 22.716444900000003]]}}, {"id": "925", "type": "Feature", "properties": {"segment_id": "osm-11153056522-9523323012-0", "length_m": 166.98601772612835, "road_metadata": "{\"osmid\": [1033702577, 191943291, 912624081], \"name\": \"Jawahar Marg\", \"highway\": \"secondary\", \"maxspeed\": \"30\", \"oneway\": false}", "source_type": "osm", "source_reference": "OpenStreetMap via OSMnx", "observed_or_estimated": "OBSERVED", "modelled_or_interpolated": "NOT_APPLICABLE", "timestamp": "2026-10-08T20:03:11.635369+00:00", "assumptions_version": "2026-10-09-prompt-1", "computation_mode": "FULL"}, "geometry": {"type": "LineString", "coordinates": [[75.8596157, 22.7164384], [75.8595606, 22.716401], [75.8595052, 22.7164022], [75.8590185, 22.716376000000004], [75.8588561, 22.716375199999995], [75.8585323, 22.716378599999995], [75.8580069, 22.716431299999996]]}}, {"id": "926", "type": "Feature", "properties": {"segment_id": "osm-11153056522-2025019935-0", "length_m": 164.70854001477247, "road_metadata": "{\"osmid\": [912624080, 911224177, 1033702578], \"name\": \"Jawahar Marg\", \"highway\": \"secondary\", \"maxspeed\": \"30\", \"oneway\": false}", "source_type": "osm", "source_reference": "OpenStreetMap via OSMnx", "observed_or_estimated": "OBSERVED", "modelled_or_interpolated": "NOT_APPLICABLE", "timestamp": "2026-10-08T20:03:11.635609+00:00", "assumptions_version": "2026-10-09-prompt-1", "computation_mode": "FULL"}, "geometry": {"type": "LineString", "coordinates": [[75.8596157, 22.7164384], [75.8595568, 22.716470099999995], [75.859503, 22.7164661], [75.8590176, 22.716445199999995], [75.8588469, 22.716435600000004], [75.8585682, 22.716427799999998], [75.8580248, 22.7164761]]}}, {"id": "927", "type": "Feature", "properties": {"segment_id": "osm-12504458052-2027156248-0", "length_m": 5.702118310404492, "road_metadata": "{\"osmid\": 192154601, \"name\": NaN, \"highway\": \"residential\", \"maxspeed\": NaN, \"oneway\": false}", "source_type": "osm", "source_reference": "OpenStreetMap via OSMnx", "observed_or_estimated": "OBSERVED", "modelled_or_interpolated": "NOT_APPLICABLE", "timestamp": "2026-10-08T20:03:11.635840+00:00", "assumptions_version": "2026-10-09-prompt-1", "computation_mode": "FULL"}, "geometry": {"type": "LineString", "coordinates": [[75.8515593, 22.713680699999998], [75.8515584, 22.713732199999995]]}}, {"id": "928", "type": "Feature", "properties": {"segment_id": "osm-12504458052-12504458055-0", "length_m": 51.66483817469956, "road_metadata": "{\"osmid\": 1351568250, \"name\": NaN, \"highway\": \"residential\", \"maxspeed\": NaN, \"oneway\": false}", "source_type": "osm", "source_reference": "OpenStreetMap via OSMnx", "observed_or_estimated": "OBSERVED", "modelled_or_interpolated": "NOT_APPLICABLE", "timestamp": "2026-10-08T20:03:11.636067+00:00", "assumptions_version": "2026-10-09-prompt-1", "computation_mode": "FULL"}, "geometry": {"type": "LineString", "coordinates": [[75.8515593, 22.713680699999998], [75.8518358, 22.713692599999998], [75.851971, 22.713703500000005], [75.8520606, 22.713715499999992]]}}, {"id": "929", "type": "Feature", "properties": {"segment_id": "osm-12504458055-2027156252-0", "length_m": 6.818056673101831, "road_metadata": "{\"osmid\": 192154549, \"name\": NaN, \"highway\": \"residential\", \"maxspeed\": NaN, \"oneway\": false}", "source_type": "osm", "source_reference": "OpenStreetMap via OSMnx", "observed_or_estimated": "OBSERVED", "modelled_or_interpolated": "NOT_APPLICABLE", "timestamp": "2026-10-08T20:03:11.636302+00:00", "assumptions_version": "2026-10-09-prompt-1", "computation_mode": "FULL"}, "geometry": {"type": "LineString", "coordinates": [[75.8520606, 22.713715499999992], [75.8520471, 22.713775800000004]]}}, {"id": "930", "type": "Feature", "properties": {"segment_id": "osm-12504458055-12504458052-0", "length_m": 51.66483817469956, "road_metadata": "{\"osmid\": 1351568250, \"name\": NaN, \"highway\": \"residential\", \"maxspeed\": NaN, \"oneway\": false}", "source_type": "osm", "source_reference": "OpenStreetMap via OSMnx", "observed_or_estimated": "OBSERVED", "modelled_or_interpolated": "NOT_APPLICABLE", "timestamp": "2026-10-08T20:03:11.636543+00:00", "assumptions_version": "2026-10-09-prompt-1", "computation_mode": "FULL"}, "geometry": {"type": "LineString", "coordinates": [[75.8520606, 22.713715499999992], [75.851971, 22.713703500000005], [75.8518358, 22.713692599999998], [75.8515593, 22.713680699999998]]}}, {"id": "931", "type": "Feature", "properties": {"segment_id": "osm-12504458055-12504458061-0", "length_m": 65.07414466897443, "road_metadata": "{\"osmid\": 1351568250, \"name\": NaN, \"highway\": \"residential\", \"maxspeed\": NaN, \"oneway\": false}", "source_type": "osm", "source_reference": "OpenStreetMap via OSMnx", "observed_or_estimated": "OBSERVED", "modelled_or_interpolated": "NOT_APPLICABLE", "timestamp": "2026-10-08T20:03:11.636781+00:00", "assumptions_version": "2026-10-09-prompt-1", "computation_mode": "FULL"}, "geometry": {"type": "LineString", "coordinates": [[75.8520606, 22.713715499999992], [75.8521126, 22.713724299999996], [75.8522102, 22.713745099999993], [75.85228, 22.713799499999993], [75.8524162, 22.7139321], [75.8524516, 22.713997499999998], [75.8525036, 22.7140907]]}}, {"id": "932", "type": "Feature", "properties": {"segment_id": "osm-12504458061-2027156304-0", "length_m": 7.761076270301147, "road_metadata": "{\"osmid\": 192154552, \"name\": \"Kadavghat road\", \"highway\": \"residential\", \"maxspeed\": \"30\", \"oneway\": false}", "source_type": "osm", "source_reference": "OpenStreetMap via OSMnx", "observed_or_estimated": "OBSERVED", "modelled_or_interpolated": "NOT_APPLICABLE", "timestamp": "2026-10-08T20:03:11.637009+00:00", "assumptions_version": "2026-10-09-prompt-1", "computation_mode": "FULL"}, "geometry": {"type": "LineString", "coordinates": [[75.8525036, 22.7140907], [75.8524326, 22.714066699999993]]}}, {"id": "933", "type": "Feature", "properties": {"segment_id": "osm-12504458061-2027156359-0", "length_m": 128.49761070538693, "road_metadata": "{\"osmid\": 192154552, \"name\": \"Kadavghat road\", \"highway\": \"residential\", \"maxspeed\": \"30\", \"oneway\": false}", "source_type": "osm", "source_reference": "OpenStreetMap via OSMnx", "observed_or_estimated": "OBSERVED", "modelled_or_interpolated": "NOT_APPLICABLE", "timestamp": "2026-10-08T20:03:11.637244+00:00", "assumptions_version": "2026-10-09-prompt-1", "computation_mode": "FULL"}, "geometry": {"type": "LineString", "coordinates": [[75.8525036, 22.7140907], [75.8528561, 22.714210299999998], [75.8533019, 22.7144308], [75.8536272, 22.7145955]]}}, {"id": "934", "type": "Feature", "properties": {"segment_id": "osm-12504458061-12504458055-0", "length_m": 65.07414466897444, "road_metadata": "{\"osmid\": 1351568250, \"name\": NaN, \"highway\": \"residential\", \"maxspeed\": NaN, \"oneway\": false}", "source_type": "osm", "source_reference": "OpenStreetMap via OSMnx", "observed_or_estimated": "OBSERVED", "modelled_or_interpolated": "NOT_APPLICABLE", "timestamp": "2026-10-08T20:03:11.637475+00:00", "assumptions_version": "2026-10-09-prompt-1", "computation_mode": "FULL"}, "geometry": {"type": "LineString", "coordinates": [[75.8525036, 22.7140907], [75.8524516, 22.713997499999998], [75.8524162, 22.7139321], [75.85228, 22.713799499999993], [75.8522102, 22.713745099999993], [75.8521126, 22.713724299999996], [75.8520606, 22.713715499999992]]}}, {"id": "935", "type": "Feature", "properties": {"segment_id": "osm-12778907738-8460772819-0", "length_m": 76.96356149342924, "road_metadata": "{\"osmid\": 192152697, \"name\": NaN, \"highway\": \"residential\", \"maxspeed\": NaN, \"oneway\": false}", "source_type": "osm", "source_reference": "OpenStreetMap via OSMnx", "observed_or_estimated": "OBSERVED", "modelled_or_interpolated": "NOT_APPLICABLE", "timestamp": "2026-10-08T20:03:11.637711+00:00", "assumptions_version": "2026-10-09-prompt-1", "computation_mode": "FULL"}, "geometry": {"type": "LineString", "coordinates": [[75.8561379, 22.714994799999996], [75.85601540000002, 22.7149636], [75.8557328, 22.714937699999997], [75.85564530000002, 22.714929099999992], [75.8555538, 22.714902399999993], [75.8553994, 22.714898900000005]]}}, {"id": "936", "type": "Feature", "properties": {"segment_id": "osm-13720039497-8461059612-0", "length_m": 17.902413385943067, "road_metadata": "{\"osmid\": 1498122112, \"name\": NaN, \"highway\": \"tertiary\", \"maxspeed\": NaN, \"oneway\": false}", "source_type": "osm", "source_reference": "OpenStreetMap via OSMnx", "observed_or_estimated": "OBSERVED", "modelled_or_interpolated": "NOT_APPLICABLE", "timestamp": "2026-10-08T20:03:11.637946+00:00", "assumptions_version": "2026-10-09-prompt-1", "computation_mode": "FULL"}, "geometry": {"type": "LineString", "coordinates": [[75.8596452, 22.7162835], [75.859656, 22.716444900000003]]}}, {"id": "937", "type": "Feature", "properties": {"segment_id": "osm-13720039497-9790247256-0", "length_m": 139.4055558563975, "road_metadata": "{\"osmid\": 1498122113, \"name\": NaN, \"highway\": \"tertiary\", \"maxspeed\": NaN, \"oneway\": false}", "source_type": "osm", "source_reference": "OpenStreetMap via OSMnx", "observed_or_estimated": "OBSERVED", "modelled_or_interpolated": "NOT_APPLICABLE", "timestamp": "2026-10-08T20:03:11.638180+00:00", "assumptions_version": "2026-10-09-prompt-1", "computation_mode": "FULL"}, "geometry": {"type": "LineString", "coordinates": [[75.8596452, 22.7162835], [75.8596137, 22.7161889], [75.8597357, 22.7151259], [75.8597841, 22.7150465]]}}, {"id": "938", "type": "Feature", "properties": {"segment_id": "osm-13720039497-9790247256-1", "length_m": 139.2520759694237, "road_metadata": "{\"osmid\": 1498122114, \"name\": NaN, \"highway\": \"tertiary\", \"maxspeed\": NaN, \"oneway\": false}", "source_type": "osm", "source_reference": "OpenStreetMap via OSMnx", "observed_or_estimated": "OBSERVED", "modelled_or_interpolated": "NOT_APPLICABLE", "timestamp": "2026-10-08T20:03:11.638406+00:00", "assumptions_version": "2026-10-09-prompt-1", "computation_mode": "FULL"}, "geometry": {"type": "LineString", "coordinates": [[75.8596452, 22.7162835], [75.8596922, 22.716206200000002], [75.8598118, 22.715134600000003], [75.8597841, 22.7150465]]}}, {"id": "939", "type": "Feature", "properties": {"segment_id": "osm-13720090021-1807247763-0", "length_m": 33.08773013371622, "road_metadata": "{\"osmid\": 1498123154, \"name\": NaN, \"highway\": \"footway\", \"maxspeed\": NaN, \"oneway\": false}", "source_type": "osm", "source_reference": "OpenStreetMap via OSMnx", "observed_or_estimated": "OBSERVED", "modelled_or_interpolated": "NOT_APPLICABLE", "timestamp": "2026-10-08T20:03:11.638637+00:00", "assumptions_version": "2026-10-09-prompt-1", "computation_mode": "FULL"}, "geometry": {"type": "LineString", "coordinates": [[75.8584669, 22.718254], [75.8585841, 22.717975599999995]]}}]}